  7        9   (12)   17 :  0.047 0.006 0.046 0.044 0.007 0.124 0.028 0.208 0.006 0.055 0.006 0.010 0.082 0.034 0.062 0.013 0.025 0.056 0.032 0.109     (0.000,0.356) (0.000,0.034) (0.000,0.349) (0.000,0.329) (0.000,0.036) (0.000,0.841) (0.000,0.173) (0.000,0.941) (0.000,0.031) (0.000,0.445) (0.000,0.033) (0.000,0.055) (0.000,0.694) (0.000,0.220) (0.000,0.527) (0.000,0.078) (0.000,0.146) (0.000,0.464) (0.000,0.198) (0.000,0.818) 
  8       11   (12)    9 :  0.009 0.154 0.008 0.005 0.312 0.030 0.009 0.009 0.020 0.008 0.014 0.015 0.012 0.014 0.008 0.331 0.008 0.013 0.012 0.009     (0.000,0.050) (0.000,0.690) (0.000,0.046) (0.000,0.029) (0.057,0.647) (0.000,0.211) (0.000,0.052) (0.000,0.051) (0.000,0.145) (0.000,0.044) (0.000,0.084) (0.000,0.093) (0.000,0.068) (0.000,0.087) (0.000,0.047) (0.000,0.755) (0.000,0.042) (0.000,0.075) (0.000,0.075) (0.000,0.048) 
  9       12   (12)    3 :  0.029 0.009 0.035 0.031 0.010 0.139 0.029 0.093 0.012 0.022 0.010 0.072 0.026 0.073 0.021 0.005 0.241 0.078 0.027 0.039     (0.000,0.182) (0.000,0.054) (0.000,0.239) (0.000,0.206) (0.000,0.054) (0.000,0.855) (0.000,0.186) (0.000,0.733) (0.000,0.072) (0.000,0.135) (0.000,0.055) (0.000,0.522) (0.000,0.167) (0.000,0.609) (0.000,0.129) (0.000,0.024) (0.000,0.940) (0.000,0.652) (0.000,0.175) (0.000,0.279) 
 10       13   (25)    3 :  0.029 0.024 0.025 0.017 0.236 0.020 0.029 0.025 0.048 0.029 0.046 0.034 0.022 0.048 0.019 0.005 0.020 0.129 0.130 0.063     (0.000,0.208) (0.000,0.165) (0.000,0.182) (0.000,0.112) (0.000,0.670) (0.000,0.140) (0.000,0.208) (0.000,0.182) (0.000,0.265) (0.000,0.210) (0.000,0.236) (0.000,0.217) (0.000,0.157) (0.000,0.318) (0.000,0.133) (0.000,0.024) (0.000,0.139) (0.000,0.605) (0.000,0.628) (0.000,0.401) 
 11       16   (12)   14 :  0.031 0.026 0.047 0.028 0.172 0.018 0.071 0.066 0.005 0.027 0.006 0.005 0.033 0.107 0.056 0.034 0.029 0.169 0.049 0.022     (0.000,0.214) (0.000,0.174) (0.000,0.361) (0.000,0.197) (0.000,0.636) (0.000,0.115) (0.000,0.519) (0.000,0.483) (0.000,0.024) (0.000,0.184) (0.000,0.032) (0.000,0.027) (0.000,0.238) (0.000,0.677) (0.000,0.422) (0.000,0.222) (0.000,0.206) (0.000,0.730) (0.000,0.366) (0.000,0.140) 
 16       33    (0)   13 :  0.080 0.012 0.060 0.037 0.007 0.048 0.039 0.087 0.010 0.043 0.008 0.008 0.035 0.094 0.057 0.020 0.073 0.091 0.078 0.114     (0.000,0.668) (0.000,0.073) (0.000,0.494) (0.000,0.257) (0.000,0.035) (0.000,0.365) (0.000,0.278) (0.000,0.699) (0.000,0.057) (0.000,0.317) (0.000,0.045) (0.000,0.044) (0.000,0.235) (0.000,0.752) (0.000,0.459) (0.000,0.129) (0.000,0.605) (0.000,0.734) (0.000,0.647) (0.000,0.819) 
 17       34   (12)   17 :  0.077 0.010 0.035 0.033 0.010 0.026 0.064 0.032 0.008 0.053 0.010 0.009 0.137 0.028 0.060 0.023 0.073 0.235 0.040 0.037     (0.000,0.589) (0.000,0.056) (0.000,0.243) (0.000,0.236) (0.000,0.057) (0.000,0.170) (0.000,0.496) (0.000,0.228) (0.000,0.042) (0.000,0.413) (0.000,0.055) (0.000,0.052) (0.000,0.746) (0.000,0.183) (0.000,0.462) (0.000,0.152) (0.000,0.556) (0.000,0.922) (0.000,0.293) (0.000,0.265) 
 18       35   (12)   20 :  0.113 0.040 0.031 0.072 0.014 0.075 0.061 0.039 0.023 0.081 0.023 0.044 0.044 0.055 0.028 0.024 0.027 0.050 0.063 0.095     (0.000,0.798) (0.000,0.303) (0.000,0.198) (0.000,0.584) (0.000,0.083) (0.000,0.598) (0.000,0.488) (0.000,0.287) (0.000,0.160) (0.000,0.648) (0.000,0.160) (0.000,0.330) (0.000,0.331) (0.000,0.437) (0.000,0.175) (0.000,0.160) (0.000,0.175) (0.000,0.395) (0.000,0.515) (0.000,0.730) 
 19       37   (12)   10 :  0.034 0.007 0.047 0.039 0.012 0.017 0.018 0.178 0.005 0.167 0.006 0.014 0.029 0.068 0.018 0.011 0.141 0.045 0.070 0.075     (0.000,0.229) (0.000,0.040) (0.000,0.359) (0.000,0.272) (0.000,0.061) (0.000,0.092) (0.000,0.098) (0.000,0.916) (0.000,0.028) (0.000,0.901) (0.000,0.031) (0.000,0.074) (0.000,0.183) (0.000,0.580) (0.000,0.104) (0.000,0.066) (0.000,0.870) (0.000,0.333) (0.000,0.579) (0.000,0.621) 
 24       49    (0)   12 :  0.055 0.034 0.030 0.037 0.025 0.046 0.027 0.037 0.027 0.033 0.014 0.024 0.067 0.117 0.022 0.023 0.033 0.208 0.100 0.043     (0.000,0.384) (0.000,0.243) (0.000,0.201) (0.000,0.264) (0.000,0.173) (0.000,0.325) (0.000,0.183) (0.000,0.266) (0.000,0.190) (0.000,0.225) (0.000,0.090) (0.000,0.160) (0.000,0.485) (0.000,0.668) (0.000,0.142) (0.000,0.160) (0.000,0.238) (0.000,0.829) (0.000,0.617) (0.000,0.297) 
 25       55    (0)   13 :  0.014 0.004 0.021 0.036 0.015 0.025 0.014 0.056 0.004 0.028 0.004 0.005 0.220 0.108 0.084 0.013 0.032 0.254 0.042 0.021     (0.000,0.079) (0.000,0.020) (0.000,0.128) (0.000,0.266) (0.000,0.097) (0.000,0.174) (0.000,0.082) (0.000,0.445) (0.000,0.019) (0.000,0.190) (0.000,0.020) (0.000,0.028) (0.000,0.930) (0.000,0.743) (0.000,0.601) (0.000,0.086) (0.000,0.217) (0.000,0.950) (0.000,0.305) (0.000,0.126) 
 26       57    (0)   13 :  0.022 0.008 0.024 0.093 0.012 0.020 0.018 0.250 0.008 0.029 0.008 0.010 0.064 0.099 0.074 0.008 0.024 0.152 0.033 0.043     (0.000,0.130) (0.000,0.048) (0.000,0.141) (0.000,0.729) (0.000,0.065) (0.000,0.124) (0.000,0.105) (0.000,0.949) (0.000,0.046) (0.000,0.188) (0.000,0.046) (0.000,0.057) (0.000,0.529) (0.000,0.749) (0.000,0.599) (0.000,0.043) (0.000,0.144) (0.000,0.892) (0.000,0.211) (0.000,0.313) 
 27       59    (0)   18 :  0.012 0.013 0.019 0.130 0.016 0.010 0.010 0.060 0.013 0.017 0.010 0.010 0.028 0.295 0.018 0.009 0.099 0.130 0.079 0.022     (0.000,0.064) (0.000,0.079) (0.000,0.105) (0.000,0.868) (0.000,0.094) (0.000,0.051) (0.000,0.052) (0.000,0.503) (0.000,0.084) (0.000,0.088) (0.000,0.061) (0.000,0.054) (0.000,0.164) (0.000,0.966) (0.000,0.096) (0.000,0.049) (0.000,0.742) (0.000,0.860) (0.000,0.668) (0.000,0.124) 
 28       64    (0)   13 :  0.015 0.010 0.012 0.012 0.019 0.016 0.012 0.086 0.010 0.013 0.008 0.029 0.124 0.305 0.009 0.007 0.110 0.139 0.042 0.023     (0.000,0.085) (0.000,0.061) (0.000,0.065) (0.000,0.063) (0.000,0.125) (0.000,0.088) (0.000,0.062) (0.000,0.694) (0.000,0.059) (0.000,0.067) (0.000,0.045) (0.000,0.208) (0.000,0.802) (0.000,0.966) (0.000,0.047) (0.000,0.039) (0.000,0.762) (0.000,0.865) (0.000,0.312) (0.000,0.134) 
 29       65    (0)   13 :  0.011 0.010 0.014 0.024 0.017 0.009 0.010 0.061 0.010 0.013 0.010 0.017 0.249 0.269 0.009 0.009 0.089 0.097 0.048 0.025     (0.000,0.058) (0.000,0.058) (0.000,0.074) (0.000,0.145) (0.000,0.108) (0.000,0.049) (0.000,0.053) (0.000,0.514) (0.000,0.065) (0.000,0.069) (0.000,0.058) (0.000,0.106) (0.000,0.953) (0.000,0.960) (0.000,0.045) (0.000,0.049) (0.000,0.697) (0.000,0.766) (0.000,0.373) (0.000,0.153) 
 30       66    (0)   13 :  0.013 0.005 0.027 0.041 0.045 0.030 0.014 0.145 0.009 0.017 0.008 0.032 0.276 0.093 0.020 0.004 0.088 0.095 0.017 0.022     (0.000,0.071) (0.000,0.030) (0.000,0.184) (0.000,0.310) (0.000,0.312) (0.000,0.210) (0.000,0.079) (0.000,0.817) (0.000,0.057) (0.000,0.096) (0.000,0.047) (0.000,0.230) (0.000,0.935) (0.000,0.667) (0.000,0.123) (0.000,0.022) (0.000,0.627) (0.000,0.708) (0.000,0.098) (0.000,0.131) 
 31       67   (12)   20 :  0.014 0.007 0.023 0.021 0.023 0.013 0.017 0.186 0.005 0.020 0.005 0.007 0.066 0.300 0.026 0.006 0.037 0.118 0.076 0.029     (0.000,0.077) (0.000,0.035) (0.000,0.132) (0.000,0.116) (0.000,0.143) (0.000,0.071) (0.000,0.095) (0.000,0.934) (0.000,0.028) (0.000,0.109) (0.000,0.026) (0.000,0.038) (0.000,0.576) (0.000,0.971) (0.000,0.154) (0.000,0.032) (0.000,0.257) (0.000,0.849) (0.000,0.656) (0.000,0.173) 
 32       69   (12)   14 :  0.016 0.005 0.018 0.040 0.016 0.034 0.010 0.125 0.005 0.015 0.005 0.012 0.078 0.300 0.014 0.008 0.070 0.168 0.039 0.024     (0.000,0.089) (0.000,0.025) (0.000,0.101) (0.000,0.284) (0.000,0.091) (0.000,0.235) (0.000,0.051) (0.000,0.858) (0.000,0.024) (0.000,0.084) (0.000,0.027) (0.000,0.068) (0.000,0.649) (0.000,0.970) (0.000,0.071) (0.000,0.043) (0.000,0.565) (0.000,0.920) (0.000,0.274) (0.000,0.135) 
 33       71   (12)   13 :  0.016 0.005 0.019 0.041 0.014 0.024 0.012 0.173 0.005 0.021 0.005 0.007 0.146 0.248 0.022 0.009 0.026 0.128 0.045 0.033     (0.000,0.090) (0.000,0.027) (0.000,0.106) (0.000,0.285) (0.000,0.080) (0.000,0.152) (0.000,0.061) (0.000,0.925) (0.000,0.025) (0.000,0.119) (0.000,0.027) (0.000,0.037) (0.000,0.901) (0.000,0.960) (0.000,0.123) (0.000,0.050) (0.000,0.155) (0.000,0.874) (0.000,0.328) (0.000,0.214) 
 34       74    (0)   17 :  0.076 0.009 0.053 0.050 0.013 0.066 0.047 0.058 0.008 0.052 0.008 0.021 0.046 0.066 0.021 0.007 0.114 0.144 0.051 0.089     (0.000,0.518) (0.000,0.050) (0.000,0.386) (0.000,0.367) (0.000,0.074) (0.000,0.477) (0.000,0.336) (0.000,0.428) (0.000,0.047) (0.000,0.373) (0.000,0.049) (0.000,0.143) (0.000,0.335) (0.000,0.456) (0.000,0.137) (0.000,0.035) (0.000,0.686) (0.000,0.757) (0.000,0.348) (0.000,0.591) 
 35       75    (0)   16 :  0.031 0.007 0.020 0.014 0.008 0.016 0.020 0.019 0.006 0.020 0.006 0.011 0.016 0.030 0.014 0.614 0.016 0.068 0.034 0.030     (0.000,0.186) (0.000,0.039) (0.000,0.129) (0.000,0.093) (0.000,0.043) (0.000,0.105) (0.000,0.127) (0.000,0.122) (0.000,0.036) (0.000,0.129) (0.000,0.034) (0.000,0.063) (0.000,0.107) (0.000,0.181) (0.000,0.093) (0.085,0.890) (0.000,0.104) (0.000,0.307) (0.000,0.201) (0.000,0.181) 
 36       77    (0)    1 :  0.070 0.009 0.017 0.369 0.009 0.035 0.030 0.027 0.005 0.061 0.008 0.024 0.020 0.028 0.065 0.017 0.020 0.078 0.027 0.079     (0.000,0.570) (0.000,0.052) (0.000,0.096) (0.000,0.972) (0.000,0.051) (0.000,0.251) (0.000,0.202) (0.000,0.184) (0.000,0.029) (0.000,0.501) (0.000,0.044) (0.000,0.172) (0.000,0.123) (0.000,0.189) (0.000,0.526) (0.000,0.113) (0.000,0.127) (0.000,0.623) (0.000,0.175) (0.000,0.655) 
 37       78    (0)   19 :  0.062 0.006 0.048 0.046 0.010 0.011 0.045 0.033 0.005 0.031 0.005 0.009 0.022 0.057 0.027 0.011 0.043 0.064 0.439 0.028     (0.000,0.477) (0.000,0.033) (0.000,0.364) (0.000,0.348) (0.000,0.060) (0.000,0.057) (0.000,0.346) (0.000,0.235) (0.000,0.029) (0.000,0.210) (0.000,0.028) (0.000,0.050) (0.000,0.135) (0.000,0.440) (0.000,0.184) (0.000,0.068) (0.000,0.325) (0.000,0.505) (0.000,0.971) (0.000,0.180) 
 38       79   (12)    1 :  0.034 0.060 0.040 0.067 0.070 0.021 0.040 0.039 0.017 0.021 0.011 0.015 0.037 0.105 0.055 0.176 0.022 0.065 0.072 0.033     (0.000,0.247) (0.000,0.378) (0.000,0.304) (0.000,0.487) (0.000,0.441) (0.000,0.131) (0.000,0.306) (0.000,0.298) (0.000,0.115) (0.000,0.132) (0.000,0.069) (0.000,0.092) (0.000,0.277) (0.000,0.637) (0.000,0.423) (0.000,0.566) (0.000,0.149) (0.000,0.488) (0.000,0.537) (0.000,0.239) 
 39       82    (0)    7 :  0.057 0.017 0.063 0.060 0.058 0.054 0.044 0.042 0.027 0.035 0.019 0.032 0.054 0.053 0.151 0.036 0.027 0.076 0.051 0.041     (0.000,0.456) (0.000,0.121) (0.000,0.493) (0.000,0.470) (0.000,0.361) (0.000,0.412) (0.000,0.344) (0.000,0.323) (0.000,0.194) (0.000,0.259) (0.000,0.137) (0.000,0.234) (0.000,0.418) (0.000,0.415) (0.000,0.776) (0.000,0.247) (0.000,0.187) (0.000,0.585) (0.000,0.398) (0.000,0.310) 
 40       86    (0)   10 :  0.066 0.036 0.046 0.201 0.017 0.028 0.047 0.034 0.012 0.101 0.018 0.031 0.023 0.050 0.081 0.008 0.026 0.064 0.052 0.058     (0.000,0.529) (0.000,0.273) (0.000,0.354) (0.000,0.907) (0.000,0.106) (0.000,0.178) (0.000,0.364) (0.000,0.253) (0.000,0.075) (0.000,0.738) (0.000,0.126) (0.000,0.225) (0.000,0.145) (0.000,0.383) (0.000,0.634) (0.000,0.044) (0.000,0.173) (0.000,0.512) (0.000,0.415) (0.000,0.477) 
 41       91    (0)   13 :  0.049 0.007 0.034 0.094 0.008 0.041 0.041 0.087 0.008 0.031 0.007 0.008 0.051 0.059 0.164 0.007 0.031 0.150 0.037 0.089     (0.000,0.378) (0.000,0.036) (0.000,0.228) (0.000,0.721) (0.000,0.042) (0.000,0.304) (0.000,0.299) (0.000,0.682) (0.000,0.044) (0.000,0.201) (0.000,0.036) (0.000,0.042) (0.000,0.395) (0.000,0.468) (0.000,0.882) (0.000,0.039) (0.000,0.201) (0.000,0.890) (0.000,0.256) (0.000,0.716) 
 42       92    (0)   13 :  0.046 0.007 0.035 0.071 0.008 0.024 0.056 0.088 0.008 0.029 0.007 0.008 0.035 0.039 0.257 0.008 0.043 0.139 0.031 0.063     (0.000,0.350) (0.000,0.036) (0.000,0.231) (0.000,0.569) (0.000,0.043) (0.000,0.146) (0.000,0.453) (0.000,0.688) (0.000,0.045) (0.000,0.174) (0.000,0.037) (0.000,0.041) (0.000,0.242) (0.000,0.280) (0.000,0.946) (0.000,0.042) (0.000,0.320) (0.000,0.876) (0.000,0.203) (0.000,0.518) 
 43       93    (0)   13 :  0.017 0.005 0.094 0.067 0.011 0.011 0.019 0.290 0.004 0.031 0.006 0.007 0.101 0.045 0.042 0.010 0.115 0.067 0.030 0.028     (0.000,0.092) (0.000,0.029) (0.000,0.729) (0.000,0.554) (0.000,0.060) (0.000,0.060) (0.000,0.109) (0.000,0.966) (0.000,0.024) (0.000,0.199) (0.000,0.029) (0.000,0.036) (0.000,0.753) (0.000,0.337) (0.000,0.313) (0.000,0.055) (0.000,0.810) (0.000,0.560) (0.000,0.192) (0.000,0.165) 
 44       97    (0)   13 :  0.018 0.005 0.044 0.049 0.029 0.040 0.019 0.112 0.009 0.020 0.008 0.031 0.233 0.060 0.023 0.005 0.166 0.078 0.019 0.031     (0.000,0.105) (0.000,0.030) (0.000,0.334) (0.000,0.376) (0.000,0.202) (0.000,0.291) (0.000,0.110) (0.000,0.741) (0.000,0.060) (0.000,0.122) (0.000,0.048) (0.000,0.227) (0.000,0.908) (0.000,0.473) (0.000,0.153) (0.000,0.028) (0.000,0.865) (0.000,0.622) (0.000,0.108) (0.000,0.203) 
 45       98    (0)   13 :  0.032 0.006 0.033 0.045 0.012 0.020 0.021 0.050 0.006 0.028 0.006 0.007 0.105 0.178 0.017 0.007 0.161 0.119 0.095 0.053     (0.000,0.210) (0.000,0.032) (0.000,0.216) (0.000,0.337) (0.000,0.065) (0.000,0.116) (0.000,0.120) (0.000,0.384) (0.000,0.031) (0.000,0.175) (0.000,0.030) (0.000,0.037) (0.000,0.791) (0.000,0.923) (0.000,0.097) (0.000,0.037) (0.000,0.898) (0.000,0.846) (0.000,0.760) (0.000,0.431) 
 46      102   (12)    7 :  0.071 0.012 0.045 0.056 0.023 0.049 0.037 0.060 0.019 0.061 0.014 0.017 0.036 0.053 0.152 0.014 0.040 0.123 0.062 0.056     (0.000,0.577) (0.000,0.075) (0.000,0.343) (0.000,0.448) (0.000,0.156) (0.000,0.371) (0.000,0.263) (0.000,0.472) (0.000,0.133) (0.000,0.497) (0.000,0.088) (0.000,0.105) (0.000,0.250) (0.000,0.414) (0.000,0.859) (0.000,0.088) (0.000,0.292) (0.000,0.812) (0.000,0.509) (0.000,0.453) 
 47      104   (25)   14 :  0.024 0.009 0.084 0.101 0.009 0.013 0.027 0.019 0.011 0.047 0.010 0.015 0.044 0.026 0.013 0.026 0.448 0.027 0.029 0.018     (0.000,0.138) (0.000,0.057) (0.000,0.656) (0.000,0.742) (0.000,0.048) (0.000,0.069) (0.000,0.159) (0.000,0.100) (0.000,0.066) (0.000,0.367) (0.000,0.058) (0.000,0.094) (0.000,0.325) (0.000,0.152) (0.000,0.071) (0.000,0.183) (0.000,0.983) (0.000,0.161) (0.000,0.177) (0.000,0.099) 
 48      106   (12)    7 :  0.046 0.005 0.192 0.116 0.015 0.016 0.113 0.034 0.004 0.041 0.005 0.009 0.043 0.088 0.032 0.027 0.061 0.040 0.075 0.039     (0.000,0.344) (0.000,0.029) (0.000,0.918) (0.000,0.800) (0.000,0.094) (0.000,0.096) (0.000,0.800) (0.000,0.233) (0.000,0.024) (0.000,0.299) (0.000,0.025) (0.000,0.049) (0.000,0.317) (0.000,0.702) (0.000,0.214) (0.000,0.192) (0.000,0.489) (0.000,0.289) (0.000,0.615) (0.000,0.278) 
 49      111    (0)   20 :  0.095 0.005 0.143 0.202 0.006 0.021 0.129 0.018 0.004 0.046 0.005 0.011 0.034 0.027 0.028 0.007 0.105 0.044 0.027 0.043     (0.000,0.741) (0.000,0.026) (0.000,0.854) (0.000,0.920) (0.000,0.031) (0.000,0.131) (0.000,0.829) (0.000,0.102) (0.000,0.023) (0.000,0.350) (0.000,0.029) (0.000,0.068) (0.000,0.236) (0.000,0.176) (0.000,0.187) (0.000,0.040) (0.000,0.720) (0.000,0.324) (0.000,0.169) (0.000,0.316) 
 50      113    (0)    3 :  0.037 0.006 0.381 0.098 0.020 0.015 0.029 0.036 0.006 0.073 0.005 0.006 0.025 0.038 0.032 0.008 0.046 0.057 0.047 0.036     (0.000,0.253) (0.000,0.036) (0.000,0.965) (0.000,0.714) (0.000,0.135) (0.000,0.083) (0.000,0.192) (0.000,0.258) (0.000,0.035) (0.000,0.579) (0.000,0.028) (0.000,0.032) (0.000,0.150) (0.000,0.272) (0.000,0.224) (0.000,0.046) (0.000,0.352) (0.000,0.454) (0.000,0.353) (0.000,0.248) 
 51      115    (0)   18 :  0.046 0.010 0.113 0.286 0.006 0.031 0.034 0.037 0.010 0.066 0.010 0.011 0.033 0.047 0.028 0.012 0.067 0.054 0.036 0.064     (0.000,0.348) (0.000,0.060) (0.000,0.798) (0.000,0.963) (0.000,0.029) (0.000,0.211) (0.000,0.224) (0.000,0.255) (0.000,0.058) (0.000,0.545) (0.000,0.061) (0.000,0.065) (0.000,0.215) (0.000,0.367) (0.000,0.183) (0.000,0.067) (0.000,0.547) (0.000,0.444) (0.000,0.243) (0.000,0.531) 
 52      116    (0)    1 :  0.102 0.006 0.105 0.159 0.007 0.044 0.101 0.035 0.006 0.111 0.006 0.006 0.029 0.024 0.046 0.006 0.105 0.035 0.016 0.051     (0.000,0.781) (0.000,0.034) (0.000,0.778) (0.000,0.891) (0.000,0.039) (0.000,0.332) (0.000,0.754) (0.000,0.242) (0.000,0.034) (0.000,0.808) (0.000,0.033) (0.000,0.029) (0.000,0.191) (0.000,0.141) (0.000,0.352) (0.000,0.030) (0.000,0.771) (0.000,0.235) (0.000,0.088) (0.000,0.397) 
 53      127    (0)    3 :  0.061 0.010 0.138 0.017 0.010 0.032 0.148 0.031 0.009 0.033 0.008 0.016 0.031 0.060 0.017 0.088 0.043 0.117 0.053 0.078     (0.000,0.493) (0.000,0.066) (0.000,0.818) (0.000,0.103) (0.000,0.053) (0.000,0.223) (0.000,0.764) (0.000,0.218) (0.000,0.056) (0.000,0.236) (0.000,0.049) (0.000,0.108) (0.000,0.215) (0.000,0.472) (0.000,0.103) (0.000,0.465) (0.000,0.332) (0.000,0.755) (0.000,0.417) (0.000,0.607) 
 54      130   (12)   14 :  0.038 0.004 0.087 0.069 0.007 0.080 0.023 0.034 0.004 0.041 0.005 0.007 0.149 0.062 0.031 0.014 0.192 0.064 0.041 0.049     (0.000,0.271) (0.000,0.023) (0.000,0.666) (0.000,0.540) (0.000,0.035) (0.000,0.590) (0.000,0.136) (0.000,0.231) (0.000,0.023) (0.000,0.298) (0.000,0.025) (0.000,0.036) (0.000,0.870) (0.000,0.507) (0.000,0.214) (0.000,0.079) (0.000,0.922) (0.000,0.528) (0.000,0.301) (0.000,0.381) 
 55      132    (0)   15 :  0.063 0.009 0.109 0.032 0.015 0.014 0.194 0.057 0.006 0.061 0.008 0.007 0.021 0.033 0.154 0.021 0.045 0.069 0.049 0.034     (0.000,0.523) (0.000,0.049) (0.000,0.754) (0.000,0.221) (0.000,0.100) (0.000,0.075) (0.000,0.921) (0.000,0.456) (0.000,0.033) (0.000,0.488) (0.000,0.046) (0.000,0.036) (0.000,0.124) (0.000,0.220) (0.000,0.829) (0.000,0.146) (0.000,0.340) (0.000,0.584) (0.000,0.375) (0.000,0.229) 
 56      135   (12)   14 :  0.035 0.006 0.096 0.103 0.008 0.052 0.021 0.028 0.006 0.045 0.007 0.010 0.095 0.052 0.030 0.012 0.237 0.057 0.054 0.045     (0.000,0.233) (0.000,0.033) (0.000,0.723) (0.000,0.715) (0.000,0.040) (0.000,0.389) (0.000,0.125) (0.000,0.178) (0.000,0.035) (0.000,0.346) (0.000,0.038) (0.000,0.054) (0.000,0.698) (0.000,0.412) (0.000,0.203) (0.000,0.072) (0.000,0.945) (0.000,0.466) (0.000,0.436) (0.000,0.335) 
 57      138    (0)   18 :  0.056 0.009 0.061 0.213 0.009 0.037 0.025 0.048 0.009 0.030 0.008 0.007 0.036 0.104 0.067 0.050 0.077 0.060 0.048 0.045     (0.000,0.452) (0.000,0.053) (0.000,0.503) (0.000,0.935) (0.000,0.052) (0.000,0.260) (0.000,0.149) (0.000,0.374) (0.000,0.052) (0.000,0.193) (0.000,0.046) (0.000,0.037) (0.000,0.249) (0.000,0.775) (0.000,0.550) (0.000,0.384) (0.000,0.633) (0.000,0.502) (0.000,0.370) (0.000,0.344) 
 58      146    (0)   13 :  0.023 0.004 0.179 0.062 0.009 0.020 0.027 0.016 0.004 0.044 0.004 0.005 0.037 0.071 0.047 0.014 0.135 0.123 0.152 0.024     (0.000,0.140) (0.000,0.022) (0.000,0.900) (0.000,0.475) (0.000,0.055) (0.000,0.124) (0.000,0.181) (0.000,0.094) (0.000,0.021) (0.000,0.325) (0.000,0.022) (0.000,0.028) (0.000,0.267) (0.000,0.552) (0.000,0.357) (0.000,0.087) (0.000,0.818) (0.000,0.808) (0.000,0.854) (0.000,0.149) 
 59      150   (12)   13 :  0.048 0.006 0.104 0.199 0.015 0.032 0.083 0.075 0.006 0.029 0.006 0.009 0.050 0.057 0.097 0.017 0.024 0.039 0.034 0.069     (0.000,0.370) (0.000,0.032) (0.000,0.783) (0.000,0.932) (0.000,0.091) (0.000,0.223) (0.000,0.667) (0.000,0.613) (0.000,0.031) (0.000,0.182) (0.000,0.030) (0.000,0.047) (0.000,0.393) (0.000,0.467) (0.000,0.740) (0.000,0.109) (0.000,0.146) (0.000,0.278) (0.000,0.227) (0.000,0.567) 
 60      151    (0)   15 :  0.046 0.012 0.208 0.127 0.011 0.018 0.101 0.015 0.009 0.034 0.011 0.006 0.015 0.042 0.212 0.009 0.052 0.025 0.024 0.022     (0.000,0.347) (0.000,0.075) (0.000,0.937) (0.000,0.852) (0.000,0.062) (0.000,0.101) (0.000,0.762) (0.000,0.084) (0.000,0.050) (0.000,0.228) (0.000,0.069) (0.000,0.033) (0.000,0.080) (0.000,0.311) (0.000,0.935) (0.000,0.050) (0.000,0.413) (0.000,0.149) (0.000,0.142) (0.000,0.128) 
 61      152    (0)    4 :  0.090 0.008 0.298 0.084 0.013 0.015 0.108 0.018 0.007 0.031 0.007 0.018 0.023 0.050 0.023 0.026 0.048 0.044 0.062 0.030     (0.000,0.706) (0.000,0.042) (0.000,0.952) (0.000,0.622) (0.000,0.080) (0.000,0.085) (0.000,0.758) (0.000,0.107) (0.000,0.037) (0.000,0.200) (0.000,0.037) (0.000,0.124) (0.000,0.140) (0.000,0.388) (0.000,0.140) (0.000,0.186) (0.000,0.377) (0.000,0.324) (0.000,0.491) (0.000,0.199) 
 62      154    (0)   19 :  0.020 0.006 0.122 0.107 0.011 0.011 0.050 0.066 0.006 0.019 0.006 0.008 0.039 0.069 0.044 0.012 0.261 0.051 0.050 0.043     (0.000,0.112) (0.000,0.031) (0.000,0.845) (0.000,0.790) (0.000,0.061) (0.000,0.059) (0.000,0.385) (0.000,0.545) (0.000,0.032) (0.000,0.104) (0.000,0.032) (0.000,0.043) (0.000,0.272) (0.000,0.574) (0.000,0.330) (0.000,0.073) (0.000,0.958) (0.000,0.404) (0.000,0.389) (0.000,0.322) 
 63      156    (0)    1 :  0.040 0.003 0.165 0.115 0.007 0.016 0.226 0.019 0.004 0.011 0.004 0.006 0.021 0.020 0.226 0.009 0.036 0.030 0.019 0.023     (0.000,0.281) (0.000,0.018) (0.000,0.920) (0.000,0.840) (0.000,0.035) (0.000,0.092) (0.000,0.941) (0.000,0.106) (0.000,0.020) (0.000,0.060) (0.000,0.020) (0.000,0.031) (0.000,0.123) (0.000,0.119) (0.000,0.950) (0.000,0.051) (0.000,0.248) (0.000,0.191) (0.000,0.109) (0.000,0.139) 
 64      160   (12)   16 :  0.009 0.006 0.009 0.008 0.005 0.008 0.008 0.010 0.006 0.008 0.006 0.006 0.008 0.008 0.011 0.844 0.014 0.010 0.008 0.008     (0.000,0.051) (0.000,0.032) (0.000,0.052) (0.000,0.046) (0.000,0.027) (0.000,0.041) (0.000,0.044) (0.000,0.058) (0.000,0.033) (0.000,0.043) (0.000,0.030) (0.000,0.030) (0.000,0.041) (0.000,0.044) (0.000,0.063) (0.536,0.995) (0.000,0.083) (0.000,0.053) (0.000,0.044) (0.000,0.045) 
 65      161    (0)   16 :  0.010 0.005 0.009 0.009 0.005 0.008 0.008 0.010 0.005 0.008 0.005 0.006 0.008 0.009 0.010 0.846 0.011 0.010 0.009 0.009     (0.000,0.055) (0.000,0.029) (0.000,0.049) (0.000,0.050) (0.000,0.025) (0.000,0.044) (0.000,0.043) (0.000,0.055) (0.000,0.027) (0.000,0.046) (0.000,0.026) (0.000,0.032) (0.000,0.044) (0.000,0.047) (0.000,0.054) (0.540,0.995) (0.000,0.064) (0.000,0.052) (0.000,0.051) (0.000,0.050) 
 66      162    (0)   16 :  0.010 0.005 0.009 0.009 0.006 0.010 0.007 0.010 0.005 0.009 0.005 0.006 0.009 0.009 0.008 0.845 0.009 0.009 0.009 0.010     (0.000,0.057) (0.000,0.030) (0.000,0.048) (0.000,0.051) (0.000,0.029) (0.000,0.057) (0.000,0.040) (0.000,0.058) (0.000,0.027) (0.000,0.048) (0.000,0.026) (0.000,0.031) (0.000,0.047) (0.000,0.051) (0.000,0.047) (0.542,0.995) (0.000,0.051) (0.000,0.051) (0.000,0.052) (0.000,0.057) 
 67      169   (12)   16 :  0.009 0.005 0.009 0.008 0.005 0.010 0.007 0.011 0.005 0.009 0.005 0.006 0.009 0.008 0.009 0.847 0.010 0.009 0.008 0.009     (0.000,0.050) (0.000,0.026) (0.000,0.050) (0.000,0.045) (0.000,0.026) (0.000,0.057) (0.000,0.039) (0.000,0.061) (0.000,0.025) (0.000,0.047) (0.000,0.027) (0.000,0.034) (0.000,0.052) (0.000,0.045) (0.000,0.051) (0.541,0.995) (0.000,0.054) (0.000,0.052) (0.000,0.045) (0.000,0.051) 
 68      170   (12)   16 :  0.013 0.006 0.010 0.009 0.006 0.015 0.009 0.013 0.006 0.011 0.005 0.006 0.010 0.012 0.011 0.809 0.010 0.013 0.012 0.013     (0.000,0.079) (0.000,0.034) (0.000,0.056) (0.000,0.050) (0.000,0.034) (0.000,0.094) (0.000,0.049) (0.000,0.078) (0.000,0.030) (0.000,0.062) (0.000,0.027) (0.000,0.032) (0.000,0.057) (0.000,0.070) (0.000,0.065) (0.456,0.993) (0.000,0.056) (0.000,0.074) (0.000,0.071) (0.000,0.078) 
 69      171   (12)   14 :  0.035 0.005 0.044 0.053 0.006 0.107 0.023 0.102 0.006 0.019 0.006 0.025 0.023 0.063 0.030 0.204 0.088 0.080 0.023 0.059     (0.000,0.257) (0.000,0.029) (0.000,0.336) (0.000,0.421) (0.000,0.031) (0.000,0.660) (0.000,0.142) (0.000,0.713) (0.000,0.032) (0.000,0.113) (0.000,0.033) (0.000,0.177) (0.000,0.142) (0.000,0.492) (0.000,0.212) (0.000,0.620) (0.000,0.600) (0.000,0.606) (0.000,0.146) (0.000,0.475) 
 70      175    (0)    1 :  0.070 0.009 0.041 0.457 0.006 0.053 0.032 0.018 0.007 0.055 0.010 0.008 0.026 0.015 0.075 0.007 0.016 0.028 0.013 0.054     (0.000,0.600) (0.000,0.049) (0.000,0.299) (0.000,0.984) (0.000,0.032) (0.000,0.424) (0.000,0.205) (0.000,0.102) (0.000,0.037) (0.000,0.445) (0.000,0.059) (0.000,0.047) (0.000,0.166) (0.000,0.079) (0.000,0.628) (0.000,0.037) (0.000,0.091) (0.000,0.170) (0.000,0.066) (0.000,0.438) 
 71      177   (12)   10 :  0.083 0.050 0.057 0.302 0.007 0.043 0.050 0.011 0.032 0.056 0.061 0.018 0.013 0.014 0.092 0.009 0.014 0.023 0.017 0.048     (0.000,0.678) (0.000,0.380) (0.000,0.453) (0.000,0.963) (0.000,0.035) (0.000,0.325) (0.000,0.394) (0.000,0.060) (0.000,0.241) (0.000,0.461) (0.000,0.442) (0.000,0.112) (0.000,0.068) (0.000,0.077) (0.000,0.698) (0.000,0.048) (0.000,0.080) (0.000,0.134) (0.000,0.095) (0.000,0.372) 
 72      180    (0)    1 :  0.079 0.008 0.035 0.236 0.005 0.049 0.031 0.030 0.007 0.046 0.008 0.015 0.025 0.029 0.073 0.032 0.041 0.086 0.038 0.128     (0.000,0.651) (0.000,0.044) (0.000,0.236) (0.000,0.942) (0.000,0.027) (0.000,0.382) (0.000,0.203) (0.000,0.197) (0.000,0.039) (0.000,0.346) (0.000,0.046) (0.000,0.092) (0.000,0.153) (0.000,0.181) (0.000,0.585) (0.000,0.233) (0.000,0.305) (0.000,0.707) (0.000,0.273) (0.000,0.853) 
 73      186    (0)   17 :  0.061 0.048 0.067 0.066 0.009 0.035 0.058 0.031 0.029 0.061 0.031 0.046 0.071 0.047 0.089 0.016 0.044 0.059 0.060 0.073     (0.000,0.496) (0.000,0.346) (0.000,0.524) (0.000,0.515) (0.000,0.047) (0.000,0.247) (0.000,0.465) (0.000,0.211) (0.000,0.209) (0.000,0.497) (0.000,0.230) (0.000,0.339) (0.000,0.546) (0.000,0.362) (0.000,0.631) (0.000,0.107) (0.000,0.332) (0.000,0.478) (0.000,0.486) (0.000,0.586) 
 74      187    (0)    1 :  0.077 0.008 0.049 0.169 0.007 0.086 0.066 0.029 0.007 0.076 0.008 0.009 0.031 0.031 0.139 0.007 0.025 0.050 0.025 0.100     (0.000,0.647) (0.000,0.048) (0.000,0.379) (0.000,0.913) (0.000,0.038) (0.000,0.683) (0.000,0.542) (0.000,0.186) (0.000,0.038) (0.000,0.642) (0.000,0.045) (0.000,0.052) (0.000,0.201) (0.000,0.199) (0.000,0.856) (0.000,0.037) (0.000,0.152) (0.000,0.392) (0.000,0.146) (0.000,0.778) 
 75      188    (0)   17 :  0.035 0.010 0.063 0.298 0.008 0.027 0.029 0.025 0.009 0.051 0.010 0.016 0.041 0.048 0.038 0.008 0.074 0.058 0.080 0.073     (0.000,0.232) (0.000,0.057) (0.000,0.532) (0.000,0.967) (0.000,0.038) (0.000,0.163) (0.000,0.177) (0.000,0.147) (0.000,0.051) (0.000,0.409) (0.000,0.056) (0.000,0.093) (0.000,0.290) (0.000,0.367) (0.000,0.270) (0.000,0.043) (0.000,0.610) (0.000,0.491) (0.000,0.677) (0.000,0.624) 
 76      189    (0)    4 :  0.036 0.026 0.023 0.061 0.008 0.028 0.022 0.020 0.022 0.032 0.020 0.064 0.132 0.054 0.042 0.113 0.114 0.068 0.068 0.046     (0.000,0.256) (0.000,0.191) (0.000,0.147) (0.000,0.467) (0.000,0.045) (0.000,0.190) (0.000,0.139) (0.000,0.112) (0.000,0.161) (0.000,0.223) (0.000,0.140) (0.000,0.433) (0.000,0.809) (0.000,0.435) (0.000,0.325) (0.000,0.615) (0.000,0.765) (0.000,0.544) (0.000,0.539) (0.000,0.354) 
 77      190   (25)   18 :  0.067 0.007 0.046 0.118 0.008 0.125 0.028 0.043 0.006 0.063 0.007 0.010 0.062 0.049 0.101 0.019 0.032 0.075 0.044 0.093     (0.000,0.571) (0.000,0.037) (0.000,0.347) (0.000,0.832) (0.000,0.040) (0.000,0.842) (0.000,0.167) (0.000,0.315) (0.000,0.031) (0.000,0.528) (0.000,0.035) (0.000,0.054) (0.000,0.520) (0.000,0.377) (0.000,0.775) (0.000,0.120) (0.000,0.204) (0.000,0.644) (0.000,0.325) (0.000,0.752) 
 78      191    (0)   20 :  0.062 0.011 0.032 0.041 0.008 0.032 0.032 0.035 0.012 0.045 0.011 0.013 0.221 0.064 0.021 0.010 0.192 0.057 0.032 0.068     (0.000,0.517) (0.000,0.072) (0.000,0.220) (0.000,0.311) (0.000,0.045) (0.000,0.211) (0.000,0.208) (0.000,0.238) (0.000,0.078) (0.000,0.340) (0.000,0.071) (0.000,0.079) (0.000,0.927) (0.000,0.544) (0.000,0.131) (0.000,0.059) (0.000,0.918) (0.000,0.466) (0.000,0.214) (0.000,0.570) 
 79      198   (12)   14 :  0.062 0.008 0.061 0.116 0.007 0.080 0.030 0.075 0.007 0.063 0.007 0.008 0.051 0.061 0.108 0.017 0.046 0.069 0.041 0.082     (0.000,0.517) (0.000,0.044) (0.000,0.504) (0.000,0.822) (0.000,0.037) (0.000,0.646) (0.000,0.192) (0.000,0.619) (0.000,0.037) (0.000,0.527) (0.000,0.039) (0.000,0.043) (0.000,0.404) (0.000,0.512) (0.000,0.799) (0.000,0.103) (0.000,0.345) (0.000,0.590) (0.000,0.294) (0.000,0.686) 
 80      206   (12)    3 :  0.160 0.009 0.185 0.056 0.008 0.021 0.141 0.021 0.007 0.055 0.007 0.019 0.016 0.025 0.062 0.036 0.035 0.062 0.040 0.037     (0.000,0.896) (0.000,0.051) (0.000,0.892) (0.000,0.445) (0.000,0.041) (0.000,0.124) (0.000,0.853) (0.000,0.125) (0.000,0.041) (0.000,0.443) (0.000,0.039) (0.000,0.128) (0.000,0.089) (0.000,0.158) (0.000,0.486) (0.000,0.267) (0.000,0.248) (0.000,0.505) (0.000,0.290) (0.000,0.263) 
 81      210    (0)    3 :  0.080 0.010 0.062 0.026 0.006 0.067 0.044 0.041 0.010 0.032 0.009 0.005 0.042 0.050 0.290 0.008 0.092 0.059 0.019 0.050     (0.000,0.643) (0.000,0.058) (0.000,0.501) (0.000,0.164) (0.000,0.030) (0.000,0.514) (0.000,0.335) (0.000,0.299) (0.000,0.059) (0.000,0.215) (0.000,0.050) (0.000,0.026) (0.000,0.300) (0.000,0.385) (0.000,0.943) (0.000,0.042) (0.000,0.705) (0.000,0.487) (0.000,0.110) (0.000,0.383) 
 82      212    (0)    8 :  0.051 0.006 0.047 0.045 0.005 0.071 0.021 0.149 0.006 0.027 0.006 0.010 0.020 0.042 0.058 0.045 0.220 0.099 0.024 0.046     (0.000,0.408) (0.000,0.034) (0.000,0.360) (0.000,0.343) (0.000,0.028) (0.000,0.558) (0.000,0.124) (0.000,0.878) (0.000,0.033) (0.000,0.167) (0.000,0.030) (0.000,0.060) (0.000,0.112) (0.000,0.307) (0.000,0.463) (0.000,0.346) (0.000,0.934) (0.000,0.772) (0.000,0.142) (0.000,0.350) 
 83      215    (0)   18 :  0.077 0.014 0.047 0.076 0.033 0.045 0.024 0.060 0.011 0.087 0.013 0.008 0.045 0.060 0.092 0.017 0.110 0.058 0.065 0.059     (0.000,0.625) (0.000,0.090) (0.000,0.362) (0.000,0.597) (0.000,0.211) (0.000,0.344) (0.000,0.141) (0.000,0.485) (0.000,0.064) (0.000,0.672) (0.000,0.085) (0.000,0.040) (0.000,0.347) (0.000,0.489) (0.000,0.683) (0.000,0.105) (0.000,0.778) (0.000,0.472) (0.000,0.516) (0.000,0.483) 
 84      217    (0)    1 :  0.058 0.061 0.075 0.096 0.010 0.028 0.072 0.031 0.055 0.046 0.049 0.018 0.031 0.042 0.093 0.015 0.104 0.043 0.027 0.048     (0.000,0.471) (0.000,0.401) (0.000,0.567) (0.000,0.665) (0.000,0.057) (0.000,0.179) (0.000,0.561) (0.000,0.217) (0.000,0.362) (0.000,0.354) (0.000,0.345) (0.000,0.119) (0.000,0.212) (0.000,0.314) (0.000,0.635) (0.000,0.096) (0.000,0.697) (0.000,0.328) (0.000,0.180) (0.000,0.378) 
 85      228    (0)   13 :  0.088 0.007 0.212 0.079 0.007 0.039 0.022 0.031 0.008 0.079 0.007 0.008 0.047 0.037 0.026 0.013 0.038 0.091 0.058 0.103     (0.000,0.716) (0.000,0.038) (0.000,0.922) (0.000,0.633) (0.000,0.034) (0.000,0.285) (0.000,0.131) (0.000,0.214) (0.000,0.048) (0.000,0.635) (0.000,0.036) (0.000,0.043) (0.000,0.362) (0.000,0.259) (0.000,0.167) (0.000,0.075) (0.000,0.282) (0.000,0.729) (0.000,0.464) (0.000,0.773) 
 86      229    (0)   13 :  0.048 0.004 0.116 0.093 0.006 0.018 0.014 0.064 0.004 0.089 0.005 0.005 0.202 0.027 0.013 0.007 0.083 0.045 0.019 0.138     (0.000,0.361) (0.000,0.021) (0.000,0.797) (0.000,0.671) (0.000,0.032) (0.000,0.105) (0.000,0.077) (0.000,0.511) (0.000,0.019) (0.000,0.667) (0.000,0.024) (0.000,0.027) (0.000,0.866) (0.000,0.177) (0.000,0.074) (0.000,0.036) (0.000,0.656) (0.000,0.331) (0.000,0.112) (0.000,0.851) 
 87      231    (0)   13 :  0.091 0.006 0.036 0.061 0.006 0.025 0.017 0.038 0.006 0.081 0.006 0.007 0.050 0.062 0.011 0.008 0.092 0.061 0.034 0.301     (0.000,0.737) (0.000,0.034) (0.000,0.244) (0.000,0.485) (0.000,0.031) (0.000,0.152) (0.000,0.094) (0.000,0.270) (0.000,0.036) (0.000,0.655) (0.000,0.035) (0.000,0.040) (0.000,0.389) (0.000,0.520) (0.000,0.061) (0.000,0.044) (0.000,0.715) (0.000,0.510) (0.000,0.228) (0.000,0.968) 
 88      234    (0)   17 :  0.115 0.018 0.023 0.026 0.008 0.034 0.071 0.034 0.013 0.034 0.007 0.014 0.165 0.065 0.037 0.022 0.070 0.148 0.047 0.048     (0.000,0.802) (0.000,0.125) (0.000,0.140) (0.000,0.176) (0.000,0.044) (0.000,0.239) (0.000,0.576) (0.000,0.238) (0.000,0.087) (0.000,0.231) (0.000,0.043) (0.000,0.094) (0.000,0.866) (0.000,0.530) (0.000,0.277) (0.000,0.155) (0.000,0.543) (0.000,0.866) (0.000,0.361) (0.000,0.376) 
 89      240    (0)    7 :  0.102 0.006 0.039 0.043 0.006 0.108 0.057 0.035 0.005 0.040 0.005 0.005 0.030 0.050 0.227 0.008 0.031 0.074 0.038 0.089     (0.000,0.804) (0.000,0.030) (0.000,0.273) (0.000,0.311) (0.000,0.029) (0.000,0.806) (0.000,0.470) (0.000,0.236) (0.000,0.029) (0.000,0.282) (0.000,0.026) (0.000,0.029) (0.000,0.185) (0.000,0.388) (0.000,0.949) (0.000,0.045) (0.000,0.202) (0.000,0.638) (0.000,0.263) (0.000,0.739) 
 90      245    (0)   14 :  0.029 0.008 0.068 0.069 0.008 0.019 0.031 0.073 0.006 0.032 0.006 0.011 0.027 0.123 0.037 0.089 0.092 0.079 0.105 0.090     (0.000,0.188) (0.000,0.044) (0.000,0.556) (0.000,0.566) (0.000,0.043) (0.000,0.107) (0.000,0.205) (0.000,0.573) (0.000,0.032) (0.000,0.212) (0.000,0.031) (0.000,0.062) (0.000,0.166) (0.000,0.834) (0.000,0.264) (0.000,0.548) (0.000,0.673) (0.000,0.655) (0.000,0.782) (0.000,0.719) 
 91      248    (0)   20 :  0.071 0.012 0.034 0.040 0.008 0.045 0.028 0.049 0.013 0.035 0.013 0.011 0.185 0.081 0.023 0.021 0.169 0.063 0.033 0.068     (0.000,0.596) (0.000,0.077) (0.000,0.236) (0.000,0.299) (0.000,0.040) (0.000,0.339) (0.000,0.170) (0.000,0.381) (0.000,0.088) (0.000,0.232) (0.000,0.083) (0.000,0.070) (0.000,0.903) (0.000,0.668) (0.000,0.146) (0.000,0.136) (0.000,0.905) (0.000,0.531) (0.000,0.216) (0.000,0.567) 
 92      254    (0)   13 :  0.066 0.020 0.042 0.047 0.017 0.024 0.064 0.040 0.010 0.058 0.011 0.034 0.054 0.056 0.034 0.149 0.097 0.049 0.068 0.060     (0.000,0.518) (0.000,0.145) (0.000,0.321) (0.000,0.361) (0.000,0.109) (0.000,0.147) (0.000,0.486) (0.000,0.296) (0.000,0.063) (0.000,0.452) (0.000,0.073) (0.000,0.246) (0.000,0.413) (0.000,0.451) (0.000,0.246) (0.000,0.682) (0.000,0.671) (0.000,0.380) (0.000,0.546) (0.000,0.477) 
 93      255    (0)   13 :  0.062 0.007 0.074 0.045 0.008 0.043 0.031 0.107 0.005 0.060 0.005 0.008 0.048 0.066 0.052 0.023 0.122 0.072 0.085 0.076     (0.000,0.512) (0.000,0.038) (0.000,0.626) (0.000,0.343) (0.000,0.039) (0.000,0.321) (0.000,0.196) (0.000,0.795) (0.000,0.029) (0.000,0.499) (0.000,0.029) (0.000,0.042) (0.000,0.370) (0.000,0.553) (0.000,0.408) (0.000,0.156) (0.000,0.837) (0.000,0.615) (0.000,0.697) (0.000,0.638) 
 94      269    (0)   13 :  0.061 0.023 0.133 0.079 0.008 0.032 0.047 0.042 0.026 0.038 0.030 0.013 0.139 0.033 0.080 0.013 0.076 0.050 0.027 0.051     (0.000,0.494) (0.000,0.164) (0.000,0.772) (0.000,0.596) (0.000,0.045) (0.000,0.221) (0.000,0.362) (0.000,0.311) (0.000,0.193) (0.000,0.275) (0.000,0.222) (0.000,0.085) (0.000,0.793) (0.000,0.223) (0.000,0.606) (0.000,0.077) (0.000,0.599) (0.000,0.390) (0.000,0.173) (0.000,0.404) 
 95      271    (0)   14 :  0.096 0.009 0.052 0.071 0.006 0.096 0.030 0.071 0.010 0.042 0.008 0.008 0.045 0.057 0.052 0.023 0.049 0.087 0.052 0.136     (0.000,0.763) (0.000,0.054) (0.000,0.410) (0.000,0.585) (0.000,0.031) (0.000,0.741) (0.000,0.186) (0.000,0.587) (0.000,0.059) (0.000,0.301) (0.000,0.047) (0.000,0.045) (0.000,0.335) (0.000,0.462) (0.000,0.417) (0.000,0.146) (0.000,0.385) (0.000,0.717) (0.000,0.414) (0.000,0.871) 
 96      273    (0)    1 :  0.113 0.015 0.349 0.037 0.007 0.022 0.066 0.018 0.013 0.041 0.012 0.017 0.016 0.031 0.025 0.013 0.064 0.055 0.051 0.035     (0.000,0.816) (0.000,0.096) (0.000,0.965) (0.000,0.273) (0.000,0.035) (0.000,0.128) (0.000,0.536) (0.000,0.106) (0.000,0.087) (0.000,0.297) (0.000,0.076) (0.000,0.103) (0.000,0.092) (0.000,0.208) (0.000,0.164) (0.000,0.073) (0.000,0.516) (0.000,0.447) (0.000,0.401) (0.000,0.248) 
 97      274    (0)   14 :  0.093 0.011 0.063 0.119 0.009 0.031 0.058 0.028 0.010 0.041 0.008 0.011 0.028 0.086 0.045 0.024 0.071 0.069 0.115 0.080     (0.000,0.741) (0.000,0.066) (0.000,0.530) (0.000,0.816) (0.000,0.047) (0.000,0.199) (0.000,0.474) (0.000,0.172) (0.000,0.057) (0.000,0.292) (0.000,0.047) (0.000,0.061) (0.000,0.175) (0.000,0.700) (0.000,0.342) (0.000,0.165) (0.000,0.560) (0.000,0.582) (0.000,0.809) (0.000,0.668) 
 98      277   (12)    4 :  0.103 0.016 0.096 0.075 0.007 0.070 0.037 0.037 0.014 0.051 0.014 0.008 0.034 0.061 0.088 0.024 0.056 0.070 0.062 0.078     (0.000,0.781) (0.000,0.101) (0.000,0.738) (0.000,0.620) (0.000,0.036) (0.000,0.582) (0.000,0.259) (0.000,0.259) (0.000,0.091) (0.000,0.400) (0.000,0.086) (0.000,0.044) (0.000,0.228) (0.000,0.508) (0.000,0.704) (0.000,0.151) (0.000,0.451) (0.000,0.592) (0.000,0.511) (0.000,0.655) 
 99      279   (25)   14 :  0.039 0.007 0.056 0.138 0.009 0.035 0.020 0.037 0.007 0.036 0.007 0.007 0.037 0.058 0.039 0.021 0.244 0.068 0.083 0.051     (0.000,0.275) (0.000,0.038) (0.000,0.463) (0.000,0.879) (0.000,0.048) (0.000,0.229) (0.000,0.112) (0.000,0.244) (0.000,0.039) (0.000,0.244) (0.000,0.035) (0.000,0.038) (0.000,0.255) (0.000,0.478) (0.000,0.278) (0.000,0.132) (0.000,0.955) (0.000,0.593) (0.000,0.696) (0.000,0.406) 
100      280    (0)   18 :  0.046 0.013 0.041 0.022 0.009 0.037 0.032 0.043 0.018 0.021 0.015 0.019 0.152 0.040 0.025 0.127 0.183 0.061 0.030 0.067     (0.000,0.355) (0.000,0.089) (0.000,0.311) (0.000,0.141) (0.000,0.053) (0.000,0.266) (0.000,0.222) (0.000,0.332) (0.000,0.131) (0.000,0.125) (0.000,0.106) (0.000,0.135) (0.000,0.832) (0.000,0.296) (0.000,0.169) (0.000,0.571) (0.000,0.835) (0.000,0.495) (0.000,0.193) (0.000,0.531) 
101      281    (0)   16 :  0.008 0.006 0.007 0.006 0.007 0.007 0.007 0.008 0.005 0.007 0.005 0.008 0.010 0.008 0.006 0.860 0.010 0.008 0.009 0.008     (0.000,0.042) (0.000,0.030) (0.000,0.039) (0.000,0.034) (0.000,0.035) (0.000,0.041) (0.000,0.036) (0.000,0.044) (0.000,0.029) (0.000,0.037) (0.000,0.026) (0.000,0.045) (0.000,0.058) (0.000,0.046) (0.000,0.034) (0.585,0.996) (0.000,0.055) (0.000,0.044) (0.000,0.050) (0.000,0.045) 
102      283    (0)   13 :  0.052 0.012 0.028 0.023 0.010 0.031 0.053 0.050 0.010 0.026 0.006 0.013 0.290 0.083 0.019 0.011 0.079 0.105 0.047 0.053     (0.000,0.411) (0.000,0.077) (0.000,0.189) (0.000,0.144) (0.000,0.056) (0.000,0.202) (0.000,0.425) (0.000,0.390) (0.000,0.063) (0.000,0.161) (0.000,0.034) (0.000,0.081) (0.000,0.957) (0.000,0.672) (0.000,0.115) (0.000,0.063) (0.000,0.614) (0.000,0.775) (0.000,0.359) (0.000,0.422) 
103      285    (0)   17 :  0.047 0.009 0.037 0.021 0.008 0.028 0.038 0.061 0.009 0.028 0.008 0.011 0.198 0.098 0.021 0.014 0.182 0.064 0.041 0.075     (0.000,0.365) (0.000,0.056) (0.000,0.265) (0.000,0.121) (0.000,0.044) (0.000,0.177) (0.000,0.265) (0.000,0.507) (0.000,0.056) (0.000,0.171) (0.000,0.050) (0.000,0.069) (0.000,0.920) (0.000,0.768) (0.000,0.131) (0.000,0.085) (0.000,0.920) (0.000,0.536) (0.000,0.300) (0.000,0.626) 
104      286    (0)   13 :  0.022 0.004 0.170 0.061 0.007 0.021 0.021 0.135 0.004 0.038 0.005 0.007 0.160 0.038 0.025 0.012 0.131 0.048 0.037 0.053     (0.000,0.126) (0.000,0.023) (0.000,0.915) (0.000,0.503) (0.000,0.038) (0.000,0.125) (0.000,0.120) (0.000,0.870) (0.000,0.019) (0.000,0.259) (0.000,0.024) (0.000,0.035) (0.000,0.902) (0.000,0.271) (0.000,0.153) (0.000,0.073) (0.000,0.864) (0.000,0.368) (0.000,0.260) (0.000,0.430) 
105      294    (0)    7 :  0.058 0.006 0.158 0.054 0.006 0.029 0.069 0.049 0.005 0.045 0.006 0.006 0.034 0.043 0.165 0.012 0.121 0.055 0.034 0.045     (0.000,0.482) (0.000,0.032) (0.000,0.904) (0.000,0.433) (0.000,0.031) (0.000,0.186) (0.000,0.583) (0.000,0.373) (0.000,0.029) (0.000,0.327) (0.000,0.035) (0.000,0.033) (0.000,0.225) (0.000,0.315) (0.000,0.898) (0.000,0.071) (0.000,0.825) (0.000,0.450) (0.000,0.220) (0.000,0.336) 
106      298    (0)    7 :  0.064 0.007 0.456 0.035 0.006 0.030 0.076 0.026 0.007 0.032 0.007 0.010 0.023 0.028 0.031 0.008 0.038 0.048 0.024 0.044     (0.000,0.544) (0.000,0.037) (0.000,0.981) (0.000,0.250) (0.000,0.028) (0.000,0.198) (0.000,0.630) (0.000,0.166) (0.000,0.038) (0.000,0.206) (0.000,0.041) (0.000,0.058) (0.000,0.142) (0.000,0.179) (0.000,0.210) (0.000,0.042) (0.000,0.272) (0.000,0.366) (0.000,0.146) (0.000,0.332) 
107      300   (25)   14 :  0.036 0.005 0.063 0.036 0.007 0.018 0.042 0.089 0.005 0.027 0.005 0.006 0.030 0.034 0.105 0.049 0.276 0.078 0.041 0.048     (0.000,0.243) (0.000,0.027) (0.000,0.525) (0.000,0.248) (0.000,0.037) (0.000,0.100) (0.000,0.303) (0.000,0.717) (0.000,0.026) (0.000,0.164) (0.000,0.026) (0.000,0.034) (0.000,0.195) (0.000,0.223) (0.000,0.782) (0.000,0.379) (0.000,0.965) (0.000,0.668) (0.000,0.293) (0.000,0.366) 
108      301    (0)   17 :  0.036 0.008 0.070 0.050 0.010 0.036 0.032 0.030 0.009 0.085 0.011 0.011 0.326 0.020 0.025 0.019 0.072 0.073 0.030 0.048     (0.000,0.262) (0.000,0.050) (0.000,0.542) (0.000,0.384) (0.000,0.056) (0.000,0.259) (0.000,0.218) (0.000,0.204) (0.000,0.052) (0.000,0.629) (0.000,0.065) (0.000,0.068) (0.000,0.958) (0.000,0.113) (0.000,0.166) (0.000,0.125) (0.000,0.573) (0.000,0.584) (0.000,0.204) (0.000,0.374) 
109      303    (0)    1 :  0.086 0.005 0.047 0.038 0.006 0.121 0.028 0.087 0.005 0.044 0.005 0.007 0.070 0.049 0.047 0.036 0.049 0.084 0.062 0.126     (0.000,0.717) (0.000,0.028) (0.000,0.360) (0.000,0.259) (0.000,0.030) (0.000,0.838) (0.000,0.169) (0.000,0.708) (0.000,0.025) (0.000,0.322) (0.000,0.025) (0.000,0.036) (0.000,0.589) (0.000,0.378) (0.000,0.361) (0.000,0.255) (0.000,0.378) (0.000,0.706) (0.000,0.510) (0.000,0.861) 
110      306    (0)   20 :  0.069 0.006 0.092 0.064 0.005 0.088 0.052 0.038 0.006 0.033 0.006 0.005 0.031 0.048 0.186 0.010 0.050 0.076 0.038 0.098     (0.000,0.588) (0.000,0.031) (0.000,0.736) (0.000,0.523) (0.000,0.028) (0.000,0.710) (0.000,0.415) (0.000,0.262) (0.000,0.035) (0.000,0.209) (0.000,0.032) (0.000,0.028) (0.000,0.196) (0.000,0.365) (0.000,0.923) (0.000,0.058) (0.000,0.387) (0.000,0.643) (0.000,0.266) (0.000,0.774) 
111      310   (12)   13 :  0.092 0.007 0.054 0.026 0.007 0.024 0.089 0.064 0.007 0.032 0.006 0.007 0.025 0.030 0.168 0.028 0.131 0.090 0.050 0.065     (0.000,0.749) (0.000,0.037) (0.000,0.436) (0.000,0.159) (0.000,0.034) (0.000,0.147) (0.000,0.728) (0.000,0.537) (0.000,0.037) (0.000,0.203) (0.000,0.031) (0.000,0.035) (0.000,0.145) (0.000,0.189) (0.000,0.906) (0.000,0.186) (0.000,0.859) (0.000,0.742) (0.000,0.390) (0.000,0.544) 
112      311   (25)   17 :  0.032 0.005 0.037 0.029 0.007 0.248 0.017 0.070 0.005 0.020 0.005 0.006 0.175 0.053 0.057 0.015 0.045 0.062 0.023 0.088     (0.000,0.210) (0.000,0.025) (0.000,0.251) (0.000,0.194) (0.000,0.036) (0.000,0.956) (0.000,0.091) (0.000,0.590) (0.000,0.026) (0.000,0.114) (0.000,0.026) (0.000,0.033) (0.000,0.918) (0.000,0.422) (0.000,0.462) (0.000,0.089) (0.000,0.340) (0.000,0.524) (0.000,0.136) (0.000,0.734) 
113      315    (0)   16 :  0.011 0.008 0.010 0.009 0.006 0.009 0.009 0.011 0.007 0.009 0.007 0.007 0.009 0.009 0.011 0.827 0.010 0.010 0.010 0.010     (0.000,0.061) (0.000,0.043) (0.000,0.057) (0.000,0.050) (0.000,0.029) (0.000,0.052) (0.000,0.049) (0.000,0.066) (0.000,0.038) (0.000,0.052) (0.000,0.040) (0.000,0.037) (0.000,0.050) (0.000,0.047) (0.000,0.061) (0.498,0.994) (0.000,0.060) (0.000,0.056) (0.000,0.054) (0.000,0.055) 
114      318    (0)    4 :  0.108 0.016 0.052 0.083 0.018 0.101 0.071 0.035 0.022 0.089 0.024 0.009 0.026 0.046 0.087 0.013 0.041 0.056 0.030 0.073     (0.000,0.779) (0.000,0.102) (0.000,0.417) (0.000,0.646) (0.000,0.118) (0.000,0.710) (0.000,0.566) (0.000,0.253) (0.000,0.161) (0.000,0.694) (0.000,0.178) (0.000,0.055) (0.000,0.164) (0.000,0.356) (0.000,0.655) (0.000,0.079) (0.000,0.305) (0.000,0.453) (0.000,0.198) (0.000,0.592) 
115      321    (0)    1 :  0.121 0.016 0.067 0.098 0.010 0.065 0.099 0.032 0.018 0.063 0.020 0.007 0.024 0.034 0.092 0.011 0.041 0.057 0.036 0.090     (0.000,0.830) (0.000,0.110) (0.000,0.558) (0.000,0.719) (0.000,0.052) (0.000,0.533) (0.000,0.741) (0.000,0.214) (0.000,0.120) (0.000,0.521) (0.000,0.139) (0.000,0.038) (0.000,0.144) (0.000,0.232) (0.000,0.694) (0.000,0.065) (0.000,0.299) (0.000,0.465) (0.000,0.250) (0.000,0.709) 
116      325    (0)   19 :  0.057 0.008 0.208 0.074 0.008 0.023 0.046 0.029 0.006 0.046 0.011 0.007 0.088 0.053 0.035 0.046 0.048 0.070 0.060 0.077     (0.000,0.457) (0.000,0.045) (0.000,0.921) (0.000,0.578) (0.000,0.042) (0.000,0.142) (0.000,0.346) (0.000,0.185) (0.000,0.035) (0.000,0.347) (0.000,0.072) (0.000,0.038) (0.000,0.641) (0.000,0.421) (0.000,0.253) (0.000,0.326) (0.000,0.373) (0.000,0.577) (0.000,0.474) (0.000,0.625) 
117      334    (0)   19 :  0.051 0.012 0.094 0.066 0.008 0.036 0.048 0.060 0.014 0.040 0.016 0.009 0.052 0.076 0.035 0.018 0.067 0.089 0.087 0.122     (0.000,0.403) (0.000,0.076) (0.000,0.733) (0.000,0.537) (0.000,0.043) (0.000,0.254) (0.000,0.370) (0.000,0.489) (0.000,0.089) (0.000,0.287) (0.000,0.113) (0.000,0.050) (0.000,0.411) (0.000,0.633) (0.000,0.239) (0.000,0.120) (0.000,0.550) (0.000,0.720) (0.000,0.701) (0.000,0.832) 
118      335   (12)   13 :  0.052 0.014 0.056 0.029 0.012 0.049 0.062 0.102 0.016 0.039 0.019 0.013 0.152 0.050 0.062 0.031 0.046 0.067 0.039 0.090     (0.000,0.415) (0.000,0.093) (0.000,0.455) (0.000,0.196) (0.000,0.064) (0.000,0.386) (0.000,0.510) (0.000,0.747) (0.000,0.110) (0.000,0.276) (0.000,0.130) (0.000,0.080) (0.000,0.865) (0.000,0.397) (0.000,0.501) (0.000,0.228) (0.000,0.354) (0.000,0.558) (0.000,0.280) (0.000,0.698) 
119      340   (12)   20 :  0.116 0.006 0.035 0.015 0.007 0.064 0.031 0.084 0.005 0.054 0.005 0.006 0.088 0.075 0.024 0.021 0.067 0.097 0.057 0.143     (0.000,0.838) (0.000,0.033) (0.000,0.235) (0.000,0.082) (0.000,0.037) (0.000,0.531) (0.000,0.193) (0.000,0.695) (0.000,0.027) (0.000,0.437) (0.000,0.026) (0.000,0.034) (0.000,0.708) (0.000,0.639) (0.000,0.147) (0.000,0.137) (0.000,0.564) (0.000,0.776) (0.000,0.467) (0.000,0.889) 
120      341   (12)    7 :  0.078 0.020 0.058 0.017 0.010 0.072 0.047 0.073 0.018 0.032 0.015 0.043 0.067 0.062 0.029 0.017 0.141 0.089 0.037 0.074     (0.000,0.622) (0.000,0.145) (0.000,0.461) (0.000,0.099) (0.000,0.053) (0.000,0.565) (0.000,0.368) (0.000,0.589) (0.000,0.126) (0.000,0.220) (0.000,0.103) (0.000,0.307) (0.000,0.513) (0.000,0.507) (0.000,0.200) (0.000,0.113) (0.000,0.819) (0.000,0.690) (0.000,0.268) (0.000,0.589) 
121      342   (12)   13 :  0.035 0.028 0.111 0.039 0.018 0.017 0.082 0.028 0.015 0.042 0.026 0.156 0.101 0.023 0.039 0.014 0.080 0.040 0.028 0.076     (0.000,0.257) (0.000,0.205) (0.000,0.648) (0.000,0.297) (0.000,0.117) (0.000,0.103) (0.000,0.610) (0.000,0.194) (0.000,0.098) (0.000,0.327) (0.000,0.192) (0.000,0.611) (0.000,0.664) (0.000,0.144) (0.000,0.299) (0.000,0.087) (0.000,0.602) (0.000,0.300) (0.000,0.192) (0.000,0.576) 
122      343   (12)   18 :  0.056 0.008 0.065 0.100 0.009 0.015 0.019 0.051 0.008 0.088 0.008 0.009 0.030 0.064 0.013 0.008 0.185 0.052 0.048 0.163     (0.000,0.450) (0.000,0.046) (0.000,0.551) (0.000,0.745) (0.000,0.046) (0.000,0.084) (0.000,0.109) (0.000,0.395) (0.000,0.046) (0.000,0.694) (0.000,0.047) (0.000,0.051) (0.000,0.204) (0.000,0.536) (0.000,0.069) (0.000,0.045) (0.000,0.920) (0.000,0.413) (0.000,0.371) (0.000,0.900) 
123      344   (25)   17 :  0.105 0.007 0.056 0.038 0.007 0.025 0.071 0.078 0.008 0.049 0.008 0.008 0.035 0.028 0.065 0.031 0.158 0.096 0.037 0.092     (0.000,0.796) (0.000,0.041) (0.000,0.453) (0.000,0.264) (0.000,0.037) (0.000,0.150) (0.000,0.598) (0.000,0.637) (0.000,0.045) (0.000,0.382) (0.000,0.042) (0.000,0.045) (0.000,0.242) (0.000,0.173) (0.000,0.514) (0.000,0.220) (0.000,0.896) (0.000,0.761) (0.000,0.255) (0.000,0.732) 
124      345   (12)   16 :  0.032 0.010 0.023 0.016 0.008 0.019 0.020 0.020 0.008 0.018 0.008 0.012 0.016 0.017 0.025 0.648 0.020 0.024 0.030 0.025     (0.000,0.209) (0.000,0.059) (0.000,0.133) (0.000,0.086) (0.000,0.043) (0.000,0.111) (0.000,0.116) (0.000,0.121) (0.000,0.047) (0.000,0.103) (0.000,0.043) (0.000,0.069) (0.000,0.093) (0.000,0.097) (0.000,0.167) (0.000,0.987) (0.000,0.128) (0.000,0.150) (0.000,0.198) (0.000,0.154) 
125      346   (12)    3 :  0.068 0.008 0.051 0.046 0.007 0.140 0.027 0.057 0.008 0.026 0.007 0.012 0.028 0.114 0.039 0.015 0.132 0.111 0.038 0.065     (0.000,0.573) (0.000,0.044) (0.000,0.396) (0.000,0.349) (0.000,0.035) (0.000,0.858) (0.000,0.165) (0.000,0.468) (0.000,0.045) (0.000,0.162) (0.000,0.041) (0.000,0.075) (0.000,0.175) (0.000,0.821) (0.000,0.284) (0.000,0.086) (0.000,0.845) (0.000,0.817) (0.000,0.266) (0.000,0.546) 
126      348   (12)   14 :  0.051 0.006 0.089 0.062 0.010 0.030 0.042 0.056 0.005 0.060 0.006 0.008 0.041 0.064 0.064 0.012 0.182 0.063 0.100 0.051     (0.000,0.398) (0.000,0.034) (0.000,0.726) (0.000,0.508) (0.000,0.052) (0.000,0.186) (0.000,0.305) (0.000,0.453) (0.000,0.029) (0.000,0.496) (0.000,0.030) (0.000,0.041) (0.000,0.292) (0.000,0.543) (0.000,0.530) (0.000,0.069) (0.000,0.924) (0.000,0.535) (0.000,0.779) (0.000,0.400) 
127      349   (12)   18 :  0.040 0.005 0.031 0.045 0.006 0.053 0.014 0.041 0.005 0.033 0.005 0.007 0.032 0.057 0.041 0.300 0.075 0.082 0.072 0.056     (0.000,0.291) (0.000,0.029) (0.000,0.190) (0.000,0.333) (0.000,0.032) (0.000,0.412) (0.000,0.075) (0.000,0.297) (0.000,0.025) (0.000,0.212) (0.000,0.026) (0.000,0.036) (0.000,0.208) (0.000,0.464) (0.000,0.291) (0.000,0.958) (0.000,0.628) (0.000,0.689) (0.000,0.615) (0.000,0.451) 
128      350   (25)   14 :  0.044 0.031 0.029 0.034 0.014 0.030 0.032 0.034 0.043 0.026 0.028 0.036 0.147 0.050 0.045 0.102 0.124 0.058 0.049 0.045     (0.000,0.334) (0.000,0.233) (0.000,0.204) (0.000,0.251) (0.000,0.079) (0.000,0.200) (0.000,0.222) (0.000,0.232) (0.000,0.315) (0.000,0.167) (0.000,0.205) (0.000,0.268) (0.000,0.847) (0.000,0.398) (0.000,0.349) (0.000,0.658) (0.000,0.810) (0.000,0.467) (0.000,0.382) (0.000,0.350) 
129      351   (25)   17 :  0.127 0.008 0.056 0.053 0.008 0.026 0.031 0.102 0.008 0.086 0.007 0.008 0.019 0.035 0.044 0.022 0.062 0.065 0.032 0.200     (0.000,0.852) (0.000,0.047) (0.000,0.455) (0.000,0.417) (0.000,0.040) (0.000,0.163) (0.000,0.209) (0.000,0.766) (0.000,0.048) (0.000,0.672) (0.000,0.041) (0.000,0.047) (0.000,0.106) (0.000,0.235) (0.000,0.338) (0.000,0.146) (0.000,0.505) (0.000,0.547) (0.000,0.207) (0.000,0.928) 
130      357   (12)    7 :  0.064 0.015 0.126 0.051 0.019 0.026 0.097 0.047 0.011 0.075 0.011 0.019 0.040 0.071 0.046 0.008 0.047 0.092 0.085 0.050     (0.000,0.425) (0.000,0.093) (0.000,0.703) (0.000,0.369) (0.000,0.124) (0.000,0.168) (0.000,0.615) (0.000,0.332) (0.000,0.066) (0.000,0.505) (0.000,0.065) (0.000,0.118) (0.000,0.278) (0.000,0.462) (0.000,0.336) (0.000,0.046) (0.000,0.337) (0.000,0.526) (0.000,0.543) (0.000,0.330) 
131      363    (0)   12 :  0.032 0.030 0.066 0.083 0.018 0.013 0.060 0.031 0.019 0.024 0.020 0.368 0.025 0.039 0.018 0.024 0.021 0.040 0.040 0.028     (0.000,0.215) (0.000,0.229) (0.000,0.496) (0.000,0.586) (0.000,0.123) (0.000,0.075) (0.000,0.453) (0.000,0.224) (0.000,0.133) (0.000,0.157) (0.000,0.140) (0.000,0.942) (0.000,0.165) (0.000,0.286) (0.000,0.118) (0.000,0.175) (0.000,0.143) (0.000,0.297) (0.000,0.298) (0.000,0.184) 
132      364    (0)    3 :  0.025 0.011 0.121 0.195 0.010 0.022 0.034 0.061 0.010 0.081 0.011 0.029 0.074 0.062 0.028 0.006 0.045 0.072 0.059 0.046     (0.000,0.149) (0.000,0.063) (0.000,0.798) (0.000,0.919) (0.000,0.060) (0.000,0.135) (0.000,0.231) (0.000,0.482) (0.000,0.058) (0.000,0.635) (0.000,0.069) (0.000,0.190) (0.000,0.598) (0.000,0.495) (0.000,0.184) (0.000,0.031) (0.000,0.340) (0.000,0.588) (0.000,0.477) (0.000,0.351) 
133      365    (0)    1 :  0.030 0.010 0.033 0.058 0.011 0.027 0.020 0.112 0.010 0.054 0.009 0.025 0.195 0.086 0.020 0.026 0.097 0.091 0.048 0.035     (0.000,0.198) (0.000,0.061) (0.000,0.237) (0.000,0.463) (0.000,0.065) (0.000,0.183) (0.000,0.121) (0.000,0.772) (0.000,0.063) (0.000,0.422) (0.000,0.056) (0.000,0.175) (0.000,0.912) (0.000,0.670) (0.000,0.122) (0.000,0.183) (0.000,0.712) (0.000,0.705) (0.000,0.377) (0.000,0.240) 
134      366    (0)   18 :  0.011 0.004 0.053 0.033 0.009 0.017 0.015 0.064 0.004 0.023 0.004 0.006 0.532 0.042 0.015 0.004 0.089 0.038 0.016 0.022     (0.000,0.057) (0.000,0.019) (0.000,0.407) (0.000,0.228) (0.000,0.050) (0.000,0.103) (0.000,0.085) (0.000,0.532) (0.000,0.019) (0.000,0.146) (0.000,0.021) (0.000,0.031) (0.000,0.988) (0.000,0.309) (0.000,0.085) (0.000,0.020) (0.000,0.698) (0.000,0.261) (0.000,0.089) (0.000,0.123) 
135      367    (0)   18 :  0.074 0.011 0.058 0.042 0.016 0.025 0.072 0.070 0.007 0.136 0.011 0.011 0.052 0.065 0.036 0.028 0.066 0.110 0.075 0.037     (0.000,0.591) (0.000,0.066) (0.000,0.456) (0.000,0.307) (0.000,0.102) (0.000,0.160) (0.000,0.555) (0.000,0.541) (0.000,0.040) (0.000,0.829) (0.000,0.067) (0.000,0.062) (0.000,0.405) (0.000,0.507) (0.000,0.255) (0.000,0.206) (0.000,0.521) (0.000,0.767) (0.000,0.601) (0.000,0.259) 
136      369    (0)   13 :  0.024 0.008 0.031 0.028 0.021 0.054 0.023 0.087 0.009 0.017 0.008 0.016 0.174 0.057 0.188 0.069 0.039 0.084 0.030 0.032     (0.000,0.151) (0.000,0.053) (0.000,0.209) (0.000,0.197) (0.000,0.145) (0.000,0.394) (0.000,0.146) (0.000,0.635) (0.000,0.057) (0.000,0.100) (0.000,0.054) (0.000,0.108) (0.000,0.865) (0.000,0.446) (0.000,0.833) (0.000,0.385) (0.000,0.288) (0.000,0.646) (0.000,0.204) (0.000,0.213) 
137      370    (0)   18 :  0.021 0.006 0.037 0.073 0.018 0.019 0.025 0.123 0.006 0.023 0.006 0.007 0.117 0.253 0.029 0.006 0.080 0.076 0.038 0.037     (0.000,0.119) (0.000,0.034) (0.000,0.253) (0.000,0.595) (0.000,0.112) (0.000,0.111) (0.000,0.158) (0.000,0.834) (0.000,0.036) (0.000,0.135) (0.000,0.033) (0.000,0.038) (0.000,0.820) (0.000,0.956) (0.000,0.196) (0.000,0.034) (0.000,0.643) (0.000,0.638) (0.000,0.266) (0.000,0.262) 
138      371    (0)    4 :  0.051 0.008 0.034 0.181 0.018 0.018 0.016 0.099 0.008 0.062 0.008 0.009 0.046 0.191 0.021 0.009 0.050 0.065 0.049 0.058     (0.000,0.395) (0.000,0.046) (0.000,0.232) (0.000,0.909) (0.000,0.121) (0.000,0.110) (0.000,0.093) (0.000,0.737) (0.000,0.044) (0.000,0.479) (0.000,0.045) (0.000,0.049) (0.000,0.353) (0.000,0.919) (0.000,0.127) (0.000,0.049) (0.000,0.389) (0.000,0.534) (0.000,0.379) (0.000,0.452) 
139      372    (0)   18 :  0.051 0.006 0.064 0.056 0.016 0.023 0.080 0.089 0.007 0.019 0.006 0.012 0.155 0.118 0.038 0.007 0.039 0.105 0.054 0.054     (0.000,0.397) (0.000,0.035) (0.000,0.506) (0.000,0.430) (0.000,0.104) (0.000,0.145) (0.000,0.573) (0.000,0.677) (0.000,0.037) (0.000,0.112) (0.000,0.034) (0.000,0.075) (0.000,0.865) (0.000,0.775) (0.000,0.273) (0.000,0.039) (0.000,0.278) (0.000,0.766) (0.000,0.429) (0.000,0.429) 
140      374   (12)   13 :  0.016 0.008 0.035 0.058 0.030 0.028 0.017 0.070 0.007 0.021 0.008 0.011 0.241 0.203 0.042 0.007 0.063 0.059 0.051 0.027     (0.000,0.090) (0.000,0.041) (0.000,0.241) (0.000,0.461) (0.000,0.211) (0.000,0.191) (0.000,0.097) (0.000,0.573) (0.000,0.038) (0.000,0.125) (0.000,0.043) (0.000,0.065) (0.000,0.947) (0.000,0.931) (0.000,0.309) (0.000,0.035) (0.000,0.513) (0.000,0.485) (0.000,0.399) (0.000,0.165) 
141      376    (0)   13 :  0.026 0.006 0.022 0.024 0.033 0.032 0.021 0.134 0.005 0.044 0.005 0.123 0.100 0.073 0.026 0.006 0.026 0.119 0.118 0.058     (0.000,0.171) (0.000,0.031) (0.000,0.131) (0.000,0.150) (0.000,0.230) (0.000,0.224) (0.000,0.127) (0.000,0.769) (0.000,0.026) (0.000,0.341) (0.000,0.026) (0.000,0.488) (0.000,0.685) (0.000,0.569) (0.000,0.171) (0.000,0.033) (0.000,0.169) (0.000,0.782) (0.000,0.792) (0.000,0.470) 
142      377    (0)    7 :  0.062 0.011 0.158 0.101 0.014 0.034 0.037 0.030 0.010 0.171 0.010 0.009 0.044 0.056 0.084 0.005 0.018 0.079 0.028 0.040     (0.000,0.495) (0.000,0.068) (0.000,0.843) (0.000,0.739) (0.000,0.085) (0.000,0.244) (0.000,0.273) (0.000,0.209) (0.000,0.056) (0.000,0.887) (0.000,0.061) (0.000,0.049) (0.000,0.324) (0.000,0.428) (0.000,0.617) (0.000,0.026) (0.000,0.103) (0.000,0.623) (0.000,0.184) (0.000,0.287) 
143      378    (0)   13 :  0.035 0.008 0.029 0.029 0.011 0.022 0.033 0.288 0.006 0.057 0.006 0.011 0.078 0.064 0.054 0.007 0.053 0.109 0.044 0.058     (0.000,0.240) (0.000,0.042) (0.000,0.181) (0.000,0.190) (0.000,0.061) (0.000,0.131) (0.000,0.222) (0.000,0.963) (0.000,0.034) (0.000,0.470) (0.000,0.031) (0.000,0.058) (0.000,0.627) (0.000,0.522) (0.000,0.421) (0.000,0.039) (0.000,0.417) (0.000,0.799) (0.000,0.321) (0.000,0.475) 
144      379    (0)   18 :  0.033 0.007 0.024 0.064 0.017 0.044 0.031 0.064 0.006 0.048 0.007 0.064 0.115 0.092 0.048 0.008 0.056 0.121 0.051 0.101     (0.000,0.228) (0.000,0.041) (0.000,0.148) (0.000,0.508) (0.000,0.105) (0.000,0.342) (0.000,0.208) (0.000,0.506) (0.000,0.035) (0.000,0.375) (0.000,0.037) (0.000,0.366) (0.000,0.786) (0.000,0.670) (0.000,0.374) (0.000,0.042) (0.000,0.438) (0.000,0.801) (0.000,0.398) (0.000,0.720) 
145      380    (0)   18 :  0.031 0.010 0.025 0.085 0.016 0.038 0.030 0.050 0.010 0.038 0.010 0.077 0.099 0.103 0.039 0.007 0.057 0.123 0.049 0.104     (0.000,0.211) (0.000,0.058) (0.000,0.152) (0.000,0.626) (0.000,0.100) (0.000,0.284) (0.000,0.205) (0.000,0.395) (0.000,0.056) (0.000,0.282) (0.000,0.056) (0.000,0.415) (0.000,0.717) (0.000,0.706) (0.000,0.294) (0.000,0.035) (0.000,0.443) (0.000,0.805) (0.000,0.384) (0.000,0.731) 
146      382   (12)   14 :  0.018 0.009 0.019 0.024 0.012 0.109 0.014 0.075 0.008 0.021 0.007 0.008 0.219 0.140 0.139 0.005 0.028 0.078 0.028 0.038     (0.000,0.104) (0.000,0.054) (0.000,0.106) (0.000,0.156) (0.000,0.071) (0.000,0.720) (0.000,0.078) (0.000,0.594) (0.000,0.047) (0.000,0.124) (0.000,0.038) (0.000,0.043) (0.000,0.934) (0.000,0.869) (0.000,0.855) (0.000,0.027) (0.000,0.179) (0.000,0.648) (0.000,0.178) (0.000,0.267) 
147      389    (0)   18 :  0.068 0.012 0.024 0.075 0.018 0.050 0.045 0.051 0.008 0.066 0.009 0.024 0.111 0.091 0.023 0.010 0.020 0.101 0.061 0.133     (0.000,0.548) (0.000,0.070) (0.000,0.140) (0.000,0.592) (0.000,0.114) (0.000,0.389) (0.000,0.337) (0.000,0.403) (0.000,0.046) (0.000,0.531) (0.000,0.053) (0.000,0.166) (0.000,0.763) (0.000,0.685) (0.000,0.146) (0.000,0.057) (0.000,0.120) (0.000,0.746) (0.000,0.496) (0.000,0.846) 
148      394    (0)   18 :  0.016 0.011 0.024 0.075 0.010 0.017 0.013 0.065 0.011 0.021 0.010 0.012 0.043 0.260 0.018 0.013 0.115 0.123 0.101 0.042     (0.000,0.089) (0.000,0.070) (0.000,0.137) (0.000,0.639) (0.000,0.053) (0.000,0.094) (0.000,0.067) (0.000,0.543) (0.000,0.071) (0.000,0.120) (0.000,0.058) (0.000,0.065) (0.000,0.315) (0.000,0.959) (0.000,0.099) (0.000,0.076) (0.000,0.807) (0.000,0.846) (0.000,0.778) (0.000,0.299) 
149      395    (0)   18 :  0.044 0.007 0.029 0.097 0.031 0.077 0.021 0.098 0.013 0.067 0.009 0.022 0.092 0.067 0.039 0.007 0.060 0.098 0.065 0.057     (0.000,0.330) (0.000,0.041) (0.000,0.184) (0.000,0.731) (0.000,0.215) (0.000,0.594) (0.000,0.123) (0.000,0.704) (0.000,0.083) (0.000,0.547) (0.000,0.049) (0.000,0.143) (0.000,0.705) (0.000,0.539) (0.000,0.277) (0.000,0.039) (0.000,0.483) (0.000,0.741) (0.000,0.532) (0.000,0.469) 
150      396    (0)   16 :  0.056 0.011 0.055 0.076 0.010 0.034 0.039 0.077 0.011 0.050 0.012 0.008 0.048 0.097 0.169 0.009 0.060 0.103 0.041 0.035     (0.000,0.455) (0.000,0.066) (0.000,0.438) (0.000,0.623) (0.000,0.054) (0.000,0.241) (0.000,0.284) (0.000,0.615) (0.000,0.065) (0.000,0.397) (0.000,0.075) (0.000,0.043) (0.000,0.368) (0.000,0.727) (0.000,0.894) (0.000,0.048) (0.000,0.490) (0.000,0.769) (0.000,0.292) (0.000,0.233) 
151      397    (0)   13 :  0.014 0.012 0.017 0.022 0.013 0.012 0.013 0.056 0.013 0.018 0.012 0.023 0.261 0.176 0.009 0.010 0.153 0.074 0.056 0.035     (0.000,0.073) (0.000,0.078) (0.000,0.094) (0.000,0.131) (0.000,0.078) (0.000,0.063) (0.000,0.066) (0.000,0.465) (0.000,0.085) (0.000,0.098) (0.000,0.078) (0.000,0.160) (0.000,0.953) (0.000,0.913) (0.000,0.048) (0.000,0.057) (0.000,0.882) (0.000,0.619) (0.000,0.466) (0.000,0.241) 
152      398    (0)   20 :  0.021 0.007 0.030 0.016 0.013 0.019 0.022 0.260 0.005 0.033 0.005 0.010 0.074 0.159 0.026 0.008 0.053 0.088 0.108 0.044     (0.000,0.121) (0.000,0.037) (0.000,0.182) (0.000,0.084) (0.000,0.072) (0.000,0.109) (0.000,0.126) (0.000,0.962) (0.000,0.026) (0.000,0.216) (0.000,0.026) (0.000,0.053) (0.000,0.636) (0.000,0.909) (0.000,0.150) (0.000,0.045) (0.000,0.424) (0.000,0.731) (0.000,0.819) (0.000,0.324) 
153      402    (0)   14 :  0.036 0.007 0.030 0.031 0.014 0.029 0.033 0.113 0.005 0.036 0.005 0.011 0.080 0.220 0.037 0.015 0.028 0.101 0.106 0.062     (0.000,0.248) (0.000,0.037) (0.000,0.191) (0.000,0.202) (0.000,0.082) (0.000,0.192) (0.000,0.230) (0.000,0.800) (0.000,0.027) (0.000,0.245) (0.000,0.028) (0.000,0.063) (0.000,0.662) (0.000,0.944) (0.000,0.252) (0.000,0.093) (0.000,0.180) (0.000,0.782) (0.000,0.794) (0.000,0.514) 
154      404   (12)   13 :  0.027 0.006 0.033 0.035 0.011 0.026 0.023 0.214 0.006 0.035 0.006 0.009 0.111 0.118 0.043 0.014 0.067 0.118 0.054 0.043     (0.000,0.170) (0.000,0.034) (0.000,0.214) (0.000,0.239) (0.000,0.061) (0.000,0.163) (0.000,0.136) (0.000,0.942) (0.000,0.030) (0.000,0.231) (0.000,0.034) (0.000,0.047) (0.000,0.808) (0.000,0.826) (0.000,0.311) (0.000,0.079) (0.000,0.553) (0.000,0.837) (0.000,0.441) (0.000,0.315) 
155      406    (0)   14 :  0.046 0.010 0.023 0.065 0.013 0.053 0.021 0.056 0.008 0.045 0.009 0.013 0.083 0.160 0.023 0.017 0.059 0.138 0.088 0.069     (0.000,0.350) (0.000,0.061) (0.000,0.131) (0.000,0.532) (0.000,0.078) (0.000,0.420) (0.000,0.131) (0.000,0.452) (0.000,0.044) (0.000,0.342) (0.000,0.052) (0.000,0.074) (0.000,0.673) (0.000,0.883) (0.000,0.133) (0.000,0.108) (0.000,0.476) (0.000,0.862) (0.000,0.701) (0.000,0.578) 
156      407    (0)   14 :  0.033 0.007 0.030 0.090 0.010 0.051 0.020 0.089 0.007 0.033 0.007 0.010 0.143 0.137 0.028 0.007 0.054 0.117 0.064 0.063     (0.000,0.214) (0.000,0.035) (0.000,0.188) (0.000,0.718) (0.000,0.055) (0.000,0.408) (0.000,0.114) (0.000,0.716) (0.000,0.041) (0.000,0.214) (0.000,0.042) (0.000,0.052) (0.000,0.881) (0.000,0.867) (0.000,0.180) (0.000,0.038) (0.000,0.436) (0.000,0.832) (0.000,0.533) (0.000,0.522) 
157      408    (0)   12 :  0.019 0.161 0.014 0.023 0.021 0.015 0.017 0.028 0.199 0.016 0.096 0.087 0.079 0.065 0.013 0.008 0.031 0.046 0.037 0.024     (0.000,0.121) (0.000,0.702) (0.000,0.087) (0.000,0.161) (0.000,0.150) (0.000,0.090) (0.000,0.104) (0.000,0.211) (0.000,0.713) (0.000,0.102) (0.000,0.589) (0.000,0.659) (0.000,0.500) (0.000,0.428) (0.000,0.080) (0.000,0.047) (0.000,0.226) (0.000,0.338) (0.000,0.280) (0.000,0.167) 
158      409   (12)   14 :  0.026 0.006 0.021 0.040 0.009 0.024 0.016 0.081 0.005 0.026 0.005 0.007 0.058 0.157 0.040 0.044 0.117 0.185 0.093 0.039     (0.000,0.156) (0.000,0.030) (0.000,0.120) (0.000,0.287) (0.000,0.052) (0.000,0.149) (0.000,0.088) (0.000,0.668) (0.000,0.029) (0.000,0.153) (0.000,0.029) (0.000,0.040) (0.000,0.467) (0.000,0.895) (0.000,0.284) (0.000,0.335) (0.000,0.812) (0.000,0.928) (0.000,0.743) (0.000,0.277) 
159      412    (0)   13 :  0.024 0.010 0.020 0.019 0.012 0.075 0.016 0.234 0.010 0.022 0.013 0.035 0.195 0.079 0.018 0.019 0.037 0.099 0.025 0.037     (0.000,0.143) (0.000,0.057) (0.000,0.117) (0.000,0.108) (0.000,0.074) (0.000,0.571) (0.000,0.091) (0.000,0.939) (0.000,0.062) (0.000,0.127) (0.000,0.088) (0.000,0.256) (0.000,0.901) (0.000,0.628) (0.000,0.101) (0.000,0.130) (0.000,0.268) (0.000,0.744) (0.000,0.149) (0.000,0.267) 
160      416    (0)   18 :  0.051 0.011 0.036 0.034 0.011 0.021 0.060 0.122 0.013 0.036 0.015 0.008 0.047 0.073 0.120 0.017 0.055 0.170 0.054 0.046     (0.000,0.409) (0.000,0.069) (0.000,0.246) (0.000,0.232) (0.000,0.059) (0.000,0.127) (0.000,0.484) (0.000,0.812) (0.000,0.080) (0.000,0.245) (0.000,0.103) (0.000,0.043) (0.000,0.363) (0.000,0.577) (0.000,0.776) (0.000,0.109) (0.000,0.442) (0.000,0.902) (0.000,0.433) (0.000,0.345) 
161      421    (0)    4 :  0.064 0.009 0.286 0.046 0.006 0.030 0.151 0.027 0.010 0.117 0.011 0.008 0.023 0.023 0.036 0.010 0.034 0.038 0.033 0.038     (0.000,0.541) (0.000,0.055) (0.000,0.959) (0.000,0.349) (0.000,0.030) (0.000,0.201) (0.000,0.888) (0.000,0.173) (0.000,0.056) (0.000,0.820) (0.000,0.071) (0.000,0.042) (0.000,0.136) (0.000,0.136) (0.000,0.259) (0.000,0.062) (0.000,0.236) (0.000,0.261) (0.000,0.216) (0.000,0.266) 
162      422   (12)   18 :  0.049 0.011 0.262 0.086 0.007 0.019 0.052 0.021 0.008 0.161 0.010 0.018 0.024 0.023 0.019 0.014 0.101 0.032 0.059 0.026     (0.000,0.376) (0.000,0.063) (0.000,0.954) (0.000,0.696) (0.000,0.037) (0.000,0.109) (0.000,0.418) (0.000,0.120) (0.000,0.048) (0.000,0.902) (0.000,0.059) (0.000,0.101) (0.000,0.139) (0.000,0.137) (0.000,0.108) (0.000,0.084) (0.000,0.751) (0.000,0.200) (0.000,0.482) (0.000,0.153) 
163      426    (0)   16 :  0.008 0.007 0.007 0.006 0.005 0.007 0.007 0.008 0.006 0.007 0.005 0.007 0.007 0.008 0.007 0.871 0.007 0.007 0.008 0.007     (0.000,0.041) (0.000,0.037) (0.000,0.036) (0.000,0.032) (0.000,0.025) (0.000,0.041) (0.000,0.035) (0.000,0.043) (0.000,0.034) (0.000,0.037) (0.000,0.029) (0.000,0.035) (0.000,0.035) (0.000,0.042) (0.000,0.036) (0.616,0.996) (0.000,0.039) (0.000,0.039) (0.000,0.044) (0.000,0.041) 
164      428    (0)    1 :  0.253 0.010 0.059 0.160 0.006 0.017 0.101 0.015 0.009 0.087 0.010 0.056 0.009 0.013 0.027 0.007 0.013 0.031 0.014 0.105     (0.000,0.951) (0.000,0.057) (0.000,0.421) (0.000,0.810) (0.000,0.030) (0.000,0.095) (0.000,0.674) (0.000,0.087) (0.000,0.049) (0.000,0.657) (0.000,0.057) (0.000,0.373) (0.000,0.046) (0.000,0.072) (0.000,0.187) (0.000,0.041) (0.000,0.075) (0.000,0.202) (0.000,0.079) (0.000,0.719) 
165      429   (12)   18 :  0.037 0.010 0.096 0.030 0.026 0.063 0.022 0.027 0.015 0.030 0.009 0.023 0.033 0.032 0.040 0.327 0.034 0.056 0.050 0.039     (0.000,0.271) (0.000,0.057) (0.000,0.648) (0.000,0.215) (0.000,0.188) (0.000,0.469) (0.000,0.146) (0.000,0.189) (0.000,0.099) (0.000,0.212) (0.000,0.055) (0.000,0.162) (0.000,0.233) (0.000,0.227) (0.000,0.294) (0.000,0.874) (0.000,0.247) (0.000,0.433) (0.000,0.382) (0.000,0.289) 
166      430    (0)   17 :  0.027 0.008 0.018 0.024 0.056 0.124 0.034 0.023 0.016 0.022 0.015 0.109 0.144 0.028 0.021 0.008 0.037 0.054 0.042 0.191     (0.000,0.186) (0.000,0.044) (0.000,0.106) (0.000,0.156) (0.000,0.343) (0.000,0.698) (0.000,0.242) (0.000,0.149) (0.000,0.115) (0.000,0.137) (0.000,0.097) (0.000,0.486) (0.000,0.808) (0.000,0.186) (0.000,0.140) (0.000,0.045) (0.000,0.279) (0.000,0.427) (0.000,0.313) (0.000,0.864) 
167      431    (0)   14 :  0.045 0.007 0.060 0.115 0.006 0.115 0.027 0.029 0.007 0.077 0.007 0.015 0.134 0.052 0.052 0.008 0.064 0.067 0.047 0.064     (0.000,0.342) (0.000,0.041) (0.000,0.463) (0.000,0.733) (0.000,0.033) (0.000,0.729) (0.000,0.171) (0.000,0.191) (0.000,0.037) (0.000,0.589) (0.000,0.041) (0.000,0.093) (0.000,0.826) (0.000,0.412) (0.000,0.399) (0.000,0.047) (0.000,0.493) (0.000,0.552) (0.000,0.364) (0.000,0.522) 
168      433    (0)   18 :  0.061 0.013 0.101 0.136 0.008 0.033 0.112 0.056 0.011 0.095 0.009 0.026 0.030 0.035 0.044 0.011 0.024 0.049 0.044 0.104     (0.000,0.503) (0.000,0.077) (0.000,0.742) (0.000,0.843) (0.000,0.040) (0.000,0.231) (0.000,0.789) (0.000,0.444) (0.000,0.065) (0.000,0.723) (0.000,0.051) (0.000,0.175) (0.000,0.197) (0.000,0.240) (0.000,0.336) (0.000,0.063) (0.000,0.152) (0.000,0.375) (0.000,0.329) (0.000,0.766) 
169      435    (0)    1 :  0.057 0.012 0.108 0.062 0.007 0.027 0.052 0.104 0.011 0.100 0.009 0.011 0.049 0.051 0.021 0.008 0.147 0.055 0.037 0.072     (0.000,0.467) (0.000,0.071) (0.000,0.775) (0.000,0.499) (0.000,0.038) (0.000,0.176) (0.000,0.411) (0.000,0.757) (0.000,0.071) (0.000,0.758) (0.000,0.055) (0.000,0.061) (0.000,0.385) (0.000,0.405) (0.000,0.130) (0.000,0.042) (0.000,0.868) (0.000,0.442) (0.000,0.253) (0.000,0.586) 
170      437    (0)    7 :  0.080 0.011 0.113 0.094 0.008 0.031 0.118 0.074 0.009 0.104 0.008 0.013 0.025 0.051 0.056 0.015 0.043 0.046 0.043 0.060     (0.000,0.658) (0.000,0.065) (0.000,0.788) (0.000,0.713) (0.000,0.044) (0.000,0.211) (0.000,0.808) (0.000,0.597) (0.000,0.049) (0.000,0.772) (0.000,0.041) (0.000,0.074) (0.000,0.157) (0.000,0.399) (0.000,0.442) (0.000,0.094) (0.000,0.325) (0.000,0.345) (0.000,0.316) (0.000,0.487) 
171      446    (0)   18 :  0.038 0.008 0.099 0.151 0.006 0.023 0.054 0.053 0.009 0.062 0.008 0.015 0.039 0.043 0.037 0.013 0.138 0.082 0.048 0.074     (0.000,0.265) (0.000,0.046) (0.000,0.742) (0.000,0.877) (0.000,0.029) (0.000,0.139) (0.000,0.426) (0.000,0.422) (0.000,0.051) (0.000,0.502) (0.000,0.049) (0.000,0.087) (0.000,0.279) (0.000,0.317) (0.000,0.274) (0.000,0.082) (0.000,0.841) (0.000,0.674) (0.000,0.368) (0.000,0.610) 
172      449    (0)    3 :  0.062 0.010 0.178 0.090 0.008 0.016 0.093 0.054 0.010 0.065 0.010 0.013 0.071 0.031 0.022 0.015 0.086 0.057 0.037 0.072     (0.000,0.505) (0.000,0.059) (0.000,0.892) (0.000,0.666) (0.000,0.042) (0.000,0.089) (0.000,0.697) (0.000,0.425) (0.000,0.059) (0.000,0.530) (0.000,0.058) (0.000,0.081) (0.000,0.544) (0.000,0.207) (0.000,0.143) (0.000,0.099) (0.000,0.631) (0.000,0.458) (0.000,0.266) (0.000,0.576) 
173      451    (0)    7 :  0.038 0.008 0.327 0.150 0.007 0.034 0.049 0.039 0.008 0.039 0.010 0.025 0.035 0.033 0.023 0.010 0.068 0.041 0.022 0.034     (0.000,0.269) (0.000,0.047) (0.000,0.964) (0.000,0.863) (0.000,0.037) (0.000,0.246) (0.000,0.383) (0.000,0.279) (0.000,0.044) (0.000,0.283) (0.000,0.057) (0.000,0.179) (0.000,0.252) (0.000,0.224) (0.000,0.147) (0.000,0.056) (0.000,0.516) (0.000,0.300) (0.000,0.131) (0.000,0.233) 
174      456    (0)    7 :  0.050 0.008 0.385 0.076 0.006 0.020 0.103 0.043 0.007 0.047 0.009 0.018 0.027 0.018 0.043 0.010 0.043 0.030 0.026 0.033     (0.000,0.391) (0.000,0.048) (0.000,0.976) (0.000,0.633) (0.000,0.030) (0.000,0.123) (0.000,0.760) (0.000,0.318) (0.000,0.042) (0.000,0.358) (0.000,0.049) (0.000,0.103) (0.000,0.168) (0.000,0.101) (0.000,0.322) (0.000,0.060) (0.000,0.321) (0.000,0.185) (0.000,0.153) (0.000,0.218) 
175      457    (0)    8 :  0.021 0.010 0.334 0.024 0.006 0.014 0.030 0.019 0.009 0.027 0.009 0.009 0.016 0.089 0.018 0.007 0.182 0.053 0.104 0.020     (0.000,0.123) (0.000,0.057) (0.000,0.969) (0.000,0.153) (0.000,0.033) (0.000,0.077) (0.000,0.199) (0.000,0.109) (0.000,0.053) (0.000,0.168) (0.000,0.049) (0.000,0.047) (0.000,0.087) (0.000,0.700) (0.000,0.109) (0.000,0.039) (0.000,0.917) (0.000,0.424) (0.000,0.761) (0.000,0.114) 
176      462    (0)   13 :  0.047 0.005 0.059 0.030 0.006 0.028 0.032 0.039 0.004 0.064 0.004 0.007 0.059 0.073 0.016 0.013 0.325 0.067 0.075 0.047     (0.000,0.359) (0.000,0.025) (0.000,0.477) (0.000,0.193) (0.000,0.032) (0.000,0.178) (0.000,0.212) (0.000,0.271) (0.000,0.022) (0.000,0.529) (0.000,0.022) (0.000,0.035) (0.000,0.486) (0.000,0.616) (0.000,0.093) (0.000,0.078) (0.000,0.972) (0.000,0.572) (0.000,0.635) (0.000,0.363) 
177      463    (0)   13 :  0.051 0.008 0.085 0.034 0.021 0.024 0.057 0.065 0.006 0.063 0.006 0.009 0.057 0.129 0.027 0.011 0.091 0.070 0.146 0.043     (0.000,0.397) (0.000,0.043) (0.000,0.654) (0.000,0.236) (0.000,0.144) (0.000,0.146) (0.000,0.453) (0.000,0.532) (0.000,0.030) (0.000,0.504) (0.000,0.031) (0.000,0.048) (0.000,0.461) (0.000,0.831) (0.000,0.172) (0.000,0.061) (0.000,0.664) (0.000,0.584) (0.000,0.873) (0.000,0.319) 
178      464    (0)    3 :  0.054 0.005 0.278 0.025 0.008 0.014 0.287 0.019 0.004 0.064 0.005 0.009 0.015 0.015 0.026 0.006 0.110 0.025 0.016 0.016     (0.000,0.439) (0.000,0.026) (0.000,0.960) (0.000,0.156) (0.000,0.041) (0.000,0.077) (0.000,0.967) (0.000,0.113) (0.000,0.022) (0.000,0.537) (0.000,0.024) (0.000,0.048) (0.000,0.083) (0.000,0.083) (0.000,0.171) (0.000,0.030) (0.000,0.795) (0.000,0.147) (0.000,0.091) (0.000,0.091) 
179      467    (0)    4 :  0.036 0.007 0.336 0.109 0.006 0.026 0.042 0.039 0.008 0.064 0.009 0.011 0.078 0.019 0.025 0.007 0.057 0.038 0.033 0.049     (0.000,0.247) (0.000,0.040) (0.000,0.971) (0.000,0.790) (0.000,0.032) (0.000,0.167) (0.000,0.309) (0.000,0.282) (0.000,0.043) (0.000,0.532) (0.000,0.049) (0.000,0.059) (0.000,0.627) (0.000,0.106) (0.000,0.157) (0.000,0.038) (0.000,0.461) (0.000,0.266) (0.000,0.218) (0.000,0.387) 
180      472    (0)    3 :  0.076 0.010 0.173 0.093 0.006 0.050 0.075 0.031 0.012 0.071 0.012 0.011 0.042 0.049 0.035 0.008 0.067 0.058 0.050 0.069     (0.000,0.641) (0.000,0.064) (0.000,0.900) (0.000,0.717) (0.000,0.031) (0.000,0.387) (0.000,0.615) (0.000,0.205) (0.000,0.076) (0.000,0.588) (0.000,0.072) (0.000,0.063) (0.000,0.315) (0.000,0.379) (0.000,0.248) (0.000,0.046) (0.000,0.546) (0.000,0.481) (0.000,0.386) (0.000,0.577) 
181      474    (0)   18 :  0.046 0.007 0.076 0.150 0.006 0.046 0.028 0.040 0.009 0.048 0.008 0.012 0.060 0.069 0.016 0.018 0.122 0.086 0.062 0.090     (0.000,0.345) (0.000,0.041) (0.000,0.610) (0.000,0.880) (0.000,0.029) (0.000,0.358) (0.000,0.176) (0.000,0.287) (0.000,0.053) (0.000,0.365) (0.000,0.048) (0.000,0.071) (0.000,0.492) (0.000,0.576) (0.000,0.092) (0.000,0.115) (0.000,0.818) (0.000,0.704) (0.000,0.513) (0.000,0.715) 
182      475    (0)   15 :  0.064 0.008 0.116 0.040 0.007 0.029 0.102 0.094 0.006 0.142 0.008 0.010 0.039 0.028 0.071 0.024 0.046 0.064 0.046 0.055     (0.000,0.530) (0.000,0.044) (0.000,0.797) (0.000,0.290) (0.000,0.035) (0.000,0.194) (0.000,0.753) (0.000,0.714) (0.000,0.033) (0.000,0.865) (0.000,0.047) (0.000,0.054) (0.000,0.280) (0.000,0.178) (0.000,0.559) (0.000,0.171) (0.000,0.352) (0.000,0.535) (0.000,0.344) (0.000,0.440) 
183      484   (12)    4 :  0.053 0.017 0.235 0.061 0.008 0.025 0.237 0.017 0.015 0.088 0.018 0.010 0.014 0.016 0.094 0.004 0.023 0.020 0.016 0.030     (0.000,0.422) (0.000,0.114) (0.000,0.945) (0.000,0.502) (0.000,0.041) (0.000,0.150) (0.000,0.950) (0.000,0.096) (0.000,0.096) (0.000,0.715) (0.000,0.122) (0.000,0.054) (0.000,0.072) (0.000,0.083) (0.000,0.692) (0.000,0.023) (0.000,0.143) (0.000,0.111) (0.000,0.083) (0.000,0.189) 
184      485    (0)   13 :  0.055 0.012 0.041 0.283 0.009 0.055 0.036 0.026 0.011 0.038 0.013 0.014 0.066 0.080 0.060 0.010 0.024 0.055 0.051 0.059     (0.000,0.451) (0.000,0.070) (0.000,0.296) (0.000,0.961) (0.000,0.053) (0.000,0.438) (0.000,0.244) (0.000,0.159) (0.000,0.071) (0.000,0.271) (0.000,0.078) (0.000,0.085) (0.000,0.557) (0.000,0.660) (0.000,0.485) (0.000,0.057) (0.000,0.146) (0.000,0.449) (0.000,0.400) (0.000,0.482) 
185      486    (0)   18 :  0.109 0.012 0.035 0.068 0.010 0.025 0.025 0.031 0.012 0.026 0.011 0.009 0.027 0.299 0.037 0.024 0.041 0.122 0.046 0.030     (0.000,0.750) (0.000,0.074) (0.000,0.246) (0.000,0.530) (0.000,0.057) (0.000,0.165) (0.000,0.156) (0.000,0.212) (0.000,0.073) (0.000,0.167) (0.000,0.066) (0.000,0.049) (0.000,0.181) (0.000,0.953) (0.000,0.271) (0.000,0.168) (0.000,0.311) (0.000,0.792) (0.000,0.353) (0.000,0.203) 
186      489    (0)    1 :  0.084 0.020 0.039 0.055 0.030 0.030 0.095 0.028 0.011 0.067 0.013 0.034 0.127 0.061 0.049 0.017 0.089 0.041 0.075 0.036     (0.000,0.660) (0.000,0.138) (0.000,0.289) (0.000,0.433) (0.000,0.214) (0.000,0.206) (0.000,0.700) (0.000,0.183) (0.000,0.073) (0.000,0.531) (0.000,0.084) (0.000,0.248) (0.000,0.800) (0.000,0.487) (0.000,0.379) (0.000,0.115) (0.000,0.669) (0.000,0.306) (0.000,0.600) (0.000,0.251) 
187      490    (0)    7 :  0.087 0.018 0.038 0.060 0.029 0.031 0.129 0.024 0.011 0.060 0.013 0.022 0.107 0.066 0.067 0.011 0.097 0.040 0.059 0.031     (0.000,0.682) (0.000,0.122) (0.000,0.281) (0.000,0.472) (0.000,0.204) (0.000,0.210) (0.000,0.813) (0.000,0.147) (0.000,0.074) (0.000,0.484) (0.000,0.083) (0.000,0.158) (0.000,0.741) (0.000,0.531) (0.000,0.521) (0.000,0.068) (0.000,0.715) (0.000,0.294) (0.000,0.476) (0.000,0.203) 
188      494    (0)    7 :  0.092 0.035 0.102 0.120 0.022 0.031 0.149 0.027 0.016 0.075 0.025 0.015 0.028 0.049 0.057 0.009 0.044 0.030 0.033 0.039     (0.000,0.710) (0.000,0.264) (0.000,0.744) (0.000,0.806) (0.000,0.151) (0.000,0.213) (0.000,0.857) (0.000,0.179) (0.000,0.107) (0.000,0.600) (0.000,0.185) (0.000,0.091) (0.000,0.186) (0.000,0.380) (0.000,0.456) (0.000,0.053) (0.000,0.335) (0.000,0.198) (0.000,0.225) (0.000,0.288) 
189      500   (12)   13 :  0.045 0.005 0.049 0.068 0.015 0.029 0.043 0.046 0.005 0.026 0.004 0.008 0.094 0.173 0.031 0.046 0.067 0.078 0.092 0.078     (0.000,0.340) (0.000,0.026) (0.000,0.374) (0.000,0.541) (0.000,0.094) (0.000,0.190) (0.000,0.322) (0.000,0.350) (0.000,0.024) (0.000,0.162) (0.000,0.024) (0.000,0.046) (0.000,0.707) (0.000,0.910) (0.000,0.208) (0.000,0.342) (0.000,0.530) (0.000,0.639) (0.000,0.719) (0.000,0.620) 
190      502    (0)   13 :  0.036 0.006 0.083 0.048 0.017 0.021 0.045 0.076 0.005 0.041 0.005 0.009 0.088 0.096 0.034 0.013 0.164 0.047 0.130 0.036     (0.000,0.242) (0.000,0.030) (0.000,0.692) (0.000,0.365) (0.000,0.105) (0.000,0.120) (0.000,0.338) (0.000,0.631) (0.000,0.024) (0.000,0.298) (0.000,0.025) (0.000,0.051) (0.000,0.716) (0.000,0.761) (0.000,0.226) (0.000,0.075) (0.000,0.907) (0.000,0.364) (0.000,0.861) (0.000,0.246) 
191      507   (12)   18 :  0.044 0.008 0.077 0.043 0.016 0.083 0.067 0.119 0.007 0.031 0.009 0.014 0.050 0.130 0.080 0.012 0.043 0.082 0.035 0.048     (0.000,0.329) (0.000,0.047) (0.000,0.622) (0.000,0.318) (0.000,0.100) (0.000,0.601) (0.000,0.530) (0.000,0.800) (0.000,0.040) (0.000,0.213) (0.000,0.055) (0.000,0.089) (0.000,0.395) (0.000,0.832) (0.000,0.602) (0.000,0.074) (0.000,0.321) (0.000,0.658) (0.000,0.239) (0.000,0.377) 
192      509    (0)   14 :  0.042 0.008 0.081 0.061 0.014 0.027 0.084 0.063 0.007 0.038 0.008 0.005 0.036 0.114 0.199 0.013 0.065 0.054 0.048 0.033     (0.000,0.308) (0.000,0.045) (0.000,0.667) (0.000,0.490) (0.000,0.084) (0.000,0.178) (0.000,0.663) (0.000,0.516) (0.000,0.041) (0.000,0.270) (0.000,0.050) (0.000,0.028) (0.000,0.243) (0.000,0.813) (0.000,0.920) (0.000,0.081) (0.000,0.522) (0.000,0.432) (0.000,0.366) (0.000,0.221) 
193      512    (0)   20 :  0.113 0.029 0.088 0.096 0.022 0.044 0.170 0.021 0.018 0.067 0.043 0.012 0.034 0.037 0.054 0.014 0.024 0.033 0.035 0.046     (0.000,0.792) (0.000,0.221) (0.000,0.676) (0.000,0.702) (0.000,0.149) (0.000,0.334) (0.000,0.886) (0.000,0.129) (0.000,0.122) (0.000,0.548) (0.000,0.311) (0.000,0.068) (0.000,0.239) (0.000,0.266) (0.000,0.425) (0.000,0.092) (0.000,0.152) (0.000,0.228) (0.000,0.251) (0.000,0.347) 
194      513   (12)   14 :  0.026 0.007 0.086 0.190 0.016 0.020 0.045 0.045 0.007 0.031 0.007 0.009 0.050 0.094 0.057 0.009 0.150 0.047 0.068 0.035     (0.000,0.155) (0.000,0.038) (0.000,0.706) (0.000,0.925) (0.000,0.099) (0.000,0.115) (0.000,0.344) (0.000,0.335) (0.000,0.039) (0.000,0.203) (0.000,0.040) (0.000,0.052) (0.000,0.391) (0.000,0.751) (0.000,0.455) (0.000,0.048) (0.000,0.882) (0.000,0.365) (0.000,0.575) (0.000,0.239) 
195      514   (12)    1 :  0.076 0.032 0.075 0.094 0.032 0.076 0.080 0.018 0.018 0.052 0.030 0.017 0.065 0.055 0.096 0.008 0.059 0.038 0.039 0.040     (0.000,0.601) (0.000,0.242) (0.000,0.584) (0.000,0.659) (0.000,0.233) (0.000,0.540) (0.000,0.597) (0.000,0.108) (0.000,0.125) (0.000,0.411) (0.000,0.224) (0.000,0.105) (0.000,0.480) (0.000,0.427) (0.000,0.663) (0.000,0.043) (0.000,0.461) (0.000,0.273) (0.000,0.284) (0.000,0.292) 
196      515    (0)   16 :  0.010 0.009 0.008 0.009 0.006 0.011 0.008 0.011 0.008 0.009 0.008 0.009 0.013 0.011 0.008 0.821 0.012 0.010 0.010 0.010     (0.000,0.055) (0.000,0.050) (0.000,0.046) (0.000,0.050) (0.000,0.029) (0.000,0.064) (0.000,0.041) (0.000,0.064) (0.000,0.050) (0.000,0.052) (0.000,0.045) (0.000,0.051) (0.000,0.080) (0.000,0.062) (0.000,0.046) (0.493,0.994) (0.000,0.070) (0.000,0.057) (0.000,0.053) (0.000,0.054) 
197      518    (0)   16 :  0.011 0.018 0.009 0.008 0.007 0.009 0.010 0.011 0.015 0.010 0.014 0.014 0.011 0.010 0.009 0.792 0.010 0.010 0.011 0.010     (0.000,0.064) (0.000,0.124) (0.000,0.049) (0.000,0.044) (0.000,0.035) (0.000,0.052) (0.000,0.054) (0.000,0.060) (0.000,0.098) (0.000,0.057) (0.000,0.091) (0.000,0.084) (0.000,0.065) (0.000,0.057) (0.000,0.053) (0.431,0.992) (0.000,0.055) (0.000,0.054) (0.000,0.065) (0.000,0.056) 
198      519    (0)   16 :  0.009 0.007 0.007 0.007 0.006 0.010 0.007 0.010 0.006 0.008 0.007 0.008 0.012 0.009 0.007 0.844 0.009 0.009 0.009 0.009     (0.000,0.048) (0.000,0.037) (0.000,0.041) (0.000,0.038) (0.000,0.034) (0.000,0.057) (0.000,0.037) (0.000,0.055) (0.000,0.035) (0.000,0.045) (0.000,0.040) (0.000,0.046) (0.000,0.073) (0.000,0.048) (0.000,0.037) (0.543,0.995) (0.000,0.048) (0.000,0.048) (0.000,0.050) (0.000,0.047) 
199      520    (0)   16 :  0.030 0.011 0.025 0.020 0.011 0.026 0.026 0.028 0.010 0.027 0.012 0.020 0.048 0.034 0.024 0.510 0.049 0.029 0.037 0.023     (0.000,0.218) (0.000,0.069) (0.000,0.179) (0.000,0.135) (0.000,0.067) (0.000,0.190) (0.000,0.182) (0.000,0.198) (0.000,0.063) (0.000,0.197) (0.000,0.074) (0.000,0.128) (0.000,0.362) (0.000,0.258) (0.000,0.169) (0.094,0.869) (0.000,0.362) (0.000,0.217) (0.000,0.281) (0.000,0.161) 
200      521    (0)   16 :  0.052 0.016 0.019 0.040 0.007 0.054 0.042 0.031 0.014 0.022 0.008 0.018 0.055 0.046 0.020 0.401 0.012 0.072 0.036 0.036     (0.000,0.400) (0.000,0.109) (0.000,0.118) (0.000,0.302) (0.000,0.039) (0.000,0.398) (0.000,0.312) (0.000,0.215) (0.000,0.090) (0.000,0.140) (0.000,0.042) (0.000,0.119) (0.000,0.402) (0.000,0.347) (0.000,0.127) (0.000,0.829) (0.000,0.067) (0.000,0.500) (0.000,0.264) (0.000,0.267) 
201      523   (12)   16 :  0.024 0.029 0.030 0.022 0.008 0.031 0.018 0.025 0.035 0.023 0.042 0.094 0.033 0.015 0.023 0.471 0.016 0.019 0.018 0.025     (0.000,0.165) (0.000,0.215) (0.000,0.220) (0.000,0.149) (0.000,0.041) (0.000,0.228) (0.000,0.114) (0.000,0.167) (0.000,0.255) (0.000,0.162) (0.000,0.299) (0.000,0.648) (0.000,0.244) (0.000,0.090) (0.000,0.160) (0.000,0.879) (0.000,0.094) (0.000,0.123) (0.000,0.109) (0.000,0.176) 
202      524    (0)   16 :  0.013 0.007 0.011 0.013 0.006 0.014 0.009 0.013 0.007 0.011 0.007 0.012 0.014 0.016 0.008 0.777 0.014 0.014 0.017 0.016     (0.000,0.073) (0.000,0.040) (0.000,0.063) (0.000,0.075) (0.000,0.029) (0.000,0.083) (0.000,0.052) (0.000,0.074) (0.000,0.040) (0.000,0.061) (0.000,0.039) (0.000,0.066) (0.000,0.088) (0.000,0.096) (0.000,0.045) (0.380,0.992) (0.000,0.086) (0.000,0.085) (0.000,0.106) (0.000,0.100) 
203      526    (0)   19 :  0.025 0.021 0.011 0.018 0.007 0.009 0.019 0.009 0.010 0.014 0.011 0.030 0.008 0.014 0.011 0.013 0.008 0.019 0.721 0.022     (0.000,0.157) (0.000,0.143) (0.000,0.057) (0.000,0.113) (0.000,0.038) (0.000,0.052) (0.000,0.120) (0.000,0.050) (0.000,0.064) (0.000,0.079) (0.000,0.071) (0.000,0.222) (0.000,0.042) (0.000,0.079) (0.000,0.064) (0.000,0.077) (0.000,0.044) (0.000,0.102) (0.226,0.989) (0.000,0.142) 
204      531    (0)    1 :  0.097 0.009 0.024 0.205 0.006 0.162 0.033 0.028 0.008 0.062 0.010 0.010 0.026 0.030 0.136 0.007 0.017 0.042 0.019 0.071     (0.000,0.777) (0.000,0.052) (0.000,0.142) (0.000,0.937) (0.000,0.028) (0.000,0.906) (0.000,0.216) (0.000,0.180) (0.000,0.045) (0.000,0.529) (0.000,0.054) (0.000,0.061) (0.000,0.156) (0.000,0.190) (0.000,0.861) (0.000,0.038) (0.000,0.092) (0.000,0.297) (0.000,0.101) (0.000,0.602) 
205      532    (0)   19 :  0.054 0.012 0.025 0.041 0.007 0.039 0.040 0.033 0.009 0.024 0.010 0.073 0.016 0.036 0.024 0.018 0.035 0.190 0.253 0.061     (0.000,0.423) (0.000,0.072) (0.000,0.163) (0.000,0.306) (0.000,0.038) (0.000,0.289) (0.000,0.301) (0.000,0.237) (0.000,0.055) (0.000,0.159) (0.000,0.061) (0.000,0.447) (0.000,0.093) (0.000,0.263) (0.000,0.160) (0.000,0.119) (0.000,0.256) (0.000,0.891) (0.000,0.863) (0.000,0.476) 
206      533    (0)   18 :  0.109 0.011 0.024 0.065 0.006 0.115 0.033 0.039 0.010 0.060 0.010 0.019 0.057 0.043 0.026 0.009 0.021 0.073 0.036 0.234     (0.000,0.805) (0.000,0.068) (0.000,0.140) (0.000,0.512) (0.000,0.030) (0.000,0.803) (0.000,0.219) (0.000,0.282) (0.000,0.058) (0.000,0.495) (0.000,0.062) (0.000,0.126) (0.000,0.466) (0.000,0.322) (0.000,0.167) (0.000,0.052) (0.000,0.126) (0.000,0.621) (0.000,0.244) (0.000,0.948) 
207      534    (0)    1 :  0.087 0.016 0.060 0.091 0.011 0.232 0.032 0.024 0.008 0.142 0.012 0.016 0.013 0.033 0.028 0.010 0.014 0.039 0.020 0.112     (0.000,0.634) (0.000,0.110) (0.000,0.460) (0.000,0.629) (0.000,0.063) (0.000,0.827) (0.000,0.221) (0.000,0.163) (0.000,0.046) (0.000,0.777) (0.000,0.072) (0.000,0.105) (0.000,0.076) (0.000,0.232) (0.000,0.190) (0.000,0.065) (0.000,0.079) (0.000,0.277) (0.000,0.118) (0.000,0.716) 
208      541    (0)    7 :  0.075 0.019 0.046 0.129 0.008 0.056 0.042 0.066 0.014 0.065 0.015 0.026 0.036 0.052 0.040 0.010 0.044 0.065 0.052 0.140     (0.000,0.622) (0.000,0.134) (0.000,0.354) (0.000,0.813) (0.000,0.041) (0.000,0.448) (0.000,0.309) (0.000,0.527) (0.000,0.095) (0.000,0.542) (0.000,0.099) (0.000,0.180) (0.000,0.257) (0.000,0.409) (0.000,0.289) (0.000,0.054) (0.000,0.334) (0.000,0.544) (0.000,0.416) (0.000,0.865) 
209      542    (0)    1 :  0.126 0.017 0.052 0.090 0.006 0.056 0.084 0.039 0.016 0.059 0.017 0.015 0.019 0.020 0.195 0.009 0.025 0.048 0.023 0.084     (0.000,0.844) (0.000,0.116) (0.000,0.413) (0.000,0.687) (0.000,0.030) (0.000,0.451) (0.000,0.687) (0.000,0.292) (0.000,0.110) (0.000,0.488) (0.000,0.118) (0.000,0.093) (0.000,0.111) (0.000,0.114) (0.000,0.915) (0.000,0.051) (0.000,0.162) (0.000,0.372) (0.000,0.131) (0.000,0.689) 
210      544    (0)   18 :  0.071 0.015 0.033 0.032 0.010 0.032 0.122 0.039 0.010 0.039 0.015 0.062 0.081 0.081 0.019 0.029 0.038 0.129 0.041 0.101     (0.000,0.564) (0.000,0.102) (0.000,0.240) (0.000,0.230) (0.000,0.052) (0.000,0.218) (0.000,0.733) (0.000,0.292) (0.000,0.064) (0.000,0.291) (0.000,0.100) (0.000,0.419) (0.000,0.578) (0.000,0.621) (0.000,0.112) (0.000,0.211) (0.000,0.288) (0.000,0.789) (0.000,0.304) (0.000,0.718) 
211      545    (0)   19 :  0.093 0.014 0.045 0.065 0.007 0.039 0.057 0.068 0.010 0.061 0.012 0.024 0.040 0.056 0.047 0.022 0.065 0.090 0.063 0.122     (0.000,0.722) (0.000,0.090) (0.000,0.339) (0.000,0.503) (0.000,0.036) (0.000,0.284) (0.000,0.461) (0.000,0.542) (0.000,0.058) (0.000,0.499) (0.000,0.077) (0.000,0.167) (0.000,0.293) (0.000,0.454) (0.000,0.364) (0.000,0.142) (0.000,0.523) (0.000,0.713) (0.000,0.519) (0.000,0.827) 
212      546    (0)    7 :  0.122 0.011 0.035 0.058 0.009 0.102 0.066 0.054 0.007 0.100 0.009 0.020 0.038 0.037 0.043 0.012 0.027 0.056 0.039 0.155     (0.000,0.833) (0.000,0.070) (0.000,0.237) (0.000,0.459) (0.000,0.046) (0.000,0.748) (0.000,0.536) (0.000,0.434) (0.000,0.038) (0.000,0.762) (0.000,0.051) (0.000,0.137) (0.000,0.274) (0.000,0.258) (0.000,0.317) (0.000,0.069) (0.000,0.177) (0.000,0.457) (0.000,0.281) (0.000,0.893) 
213      548   (12)    7 :  0.184 0.009 0.030 0.081 0.007 0.034 0.034 0.052 0.008 0.106 0.008 0.012 0.019 0.033 0.036 0.013 0.034 0.058 0.029 0.214     (0.000,0.924) (0.000,0.053) (0.000,0.187) (0.000,0.638) (0.000,0.033) (0.000,0.238) (0.000,0.233) (0.000,0.417) (0.000,0.046) (0.000,0.774) (0.000,0.047) (0.000,0.070) (0.000,0.112) (0.000,0.215) (0.000,0.262) (0.000,0.073) (0.000,0.240) (0.000,0.478) (0.000,0.185) (0.000,0.937) 
214      552   (25)   18 :  0.073 0.036 0.048 0.078 0.009 0.043 0.127 0.039 0.036 0.046 0.029 0.029 0.024 0.035 0.113 0.007 0.025 0.050 0.035 0.118     (0.000,0.601) (0.000,0.269) (0.000,0.373) (0.000,0.609) (0.000,0.046) (0.000,0.329) (0.000,0.831) (0.000,0.291) (0.000,0.271) (0.000,0.353) (0.000,0.213) (0.000,0.208) (0.000,0.143) (0.000,0.240) (0.000,0.758) (0.000,0.036) (0.000,0.159) (0.000,0.399) (0.000,0.237) (0.000,0.818) 
215      554    (0)   13 :  0.052 0.006 0.247 0.148 0.007 0.033 0.018 0.026 0.006 0.115 0.007 0.007 0.099 0.026 0.036 0.008 0.029 0.057 0.031 0.043     (0.000,0.404) (0.000,0.031) (0.000,0.940) (0.000,0.876) (0.000,0.035) (0.000,0.238) (0.000,0.101) (0.000,0.162) (0.000,0.033) (0.000,0.809) (0.000,0.036) (0.000,0.039) (0.000,0.743) (0.000,0.165) (0.000,0.256) (0.000,0.041) (0.000,0.195) (0.000,0.466) (0.000,0.203) (0.000,0.319) 
216      555    (0)    7 :  0.140 0.008 0.121 0.063 0.008 0.044 0.037 0.023 0.007 0.142 0.006 0.011 0.037 0.043 0.050 0.018 0.017 0.078 0.066 0.081     (0.000,0.872) (0.000,0.045) (0.000,0.775) (0.000,0.505) (0.000,0.041) (0.000,0.337) (0.000,0.262) (0.000,0.144) (0.000,0.041) (0.000,0.860) (0.000,0.033) (0.000,0.064) (0.000,0.259) (0.000,0.318) (0.000,0.384) (0.000,0.117) (0.000,0.098) (0.000,0.647) (0.000,0.533) (0.000,0.656) 
217      556   (12)   18 :  0.089 0.006 0.037 0.067 0.007 0.093 0.020 0.087 0.005 0.100 0.005 0.017 0.034 0.059 0.022 0.006 0.070 0.077 0.024 0.175     (0.000,0.700) (0.000,0.030) (0.000,0.258) (0.000,0.524) (0.000,0.039) (0.000,0.659) (0.000,0.117) (0.000,0.680) (0.000,0.028) (0.000,0.703) (0.000,0.028) (0.000,0.111) (0.000,0.242) (0.000,0.477) (0.000,0.139) (0.000,0.031) (0.000,0.530) (0.000,0.635) (0.000,0.142) (0.000,0.902) 
218      559    (0)    1 :  0.077 0.021 0.077 0.070 0.006 0.078 0.060 0.018 0.016 0.070 0.018 0.013 0.023 0.024 0.274 0.007 0.015 0.039 0.035 0.060     (0.000,0.657) (0.000,0.141) (0.000,0.642) (0.000,0.585) (0.000,0.029) (0.000,0.654) (0.000,0.505) (0.000,0.103) (0.000,0.104) (0.000,0.598) (0.000,0.118) (0.000,0.075) (0.000,0.133) (0.000,0.135) (0.000,0.960) (0.000,0.036) (0.000,0.081) (0.000,0.273) (0.000,0.229) (0.000,0.506) 
219      560    (0)    4 :  0.065 0.007 0.412 0.073 0.007 0.019 0.055 0.027 0.007 0.055 0.006 0.008 0.027 0.026 0.063 0.006 0.041 0.042 0.026 0.028     (0.000,0.541) (0.000,0.036) (0.000,0.977) (0.000,0.612) (0.000,0.037) (0.000,0.111) (0.000,0.427) (0.000,0.177) (0.000,0.038) (0.000,0.434) (0.000,0.034) (0.000,0.042) (0.000,0.173) (0.000,0.166) (0.000,0.499) (0.000,0.035) (0.000,0.306) (0.000,0.307) (0.000,0.158) (0.000,0.169) 
220      564    (0)   18 :  0.081 0.007 0.031 0.024 0.006 0.193 0.027 0.098 0.006 0.041 0.006 0.012 0.044 0.097 0.035 0.009 0.086 0.100 0.027 0.068     (0.000,0.668) (0.000,0.040) (0.000,0.199) (0.000,0.150) (0.000,0.032) (0.000,0.921) (0.000,0.172) (0.000,0.756) (0.000,0.033) (0.000,0.305) (0.000,0.031) (0.000,0.072) (0.000,0.331) (0.000,0.762) (0.000,0.250) (0.000,0.050) (0.000,0.664) (0.000,0.776) (0.000,0.165) (0.000,0.567) 
221      568    (0)    3 :  0.197 0.007 0.131 0.027 0.007 0.024 0.176 0.029 0.006 0.075 0.006 0.017 0.024 0.031 0.041 0.017 0.040 0.067 0.034 0.042     (0.000,0.929) (0.000,0.040) (0.000,0.809) (0.000,0.178) (0.000,0.039) (0.000,0.150) (0.000,0.902) (0.000,0.200) (0.000,0.032) (0.000,0.620) (0.000,0.032) (0.000,0.113) (0.000,0.157) (0.000,0.203) (0.000,0.313) (0.000,0.114) (0.000,0.303) (0.000,0.562) (0.000,0.235) (0.000,0.315) 
222      569    (0)   14 :  0.082 0.018 0.039 0.078 0.007 0.062 0.037 0.048 0.022 0.056 0.016 0.014 0.067 0.067 0.029 0.007 0.056 0.087 0.054 0.152     (0.000,0.670) (0.000,0.124) (0.000,0.275) (0.000,0.619) (0.000,0.036) (0.000,0.501) (0.000,0.261) (0.000,0.369) (0.000,0.160) (0.000,0.460) (0.000,0.108) (0.000,0.081) (0.000,0.542) (0.000,0.560) (0.000,0.198) (0.000,0.039) (0.000,0.454) (0.000,0.702) (0.000,0.438) (0.000,0.882) 
223      570    (0)    1 :  0.102 0.066 0.057 0.029 0.009 0.132 0.041 0.028 0.043 0.048 0.033 0.020 0.027 0.039 0.114 0.033 0.023 0.048 0.047 0.059     (0.000,0.736) (0.000,0.431) (0.000,0.459) (0.000,0.201) (0.000,0.047) (0.000,0.817) (0.000,0.311) (0.000,0.187) (0.000,0.304) (0.000,0.387) (0.000,0.240) (0.000,0.134) (0.000,0.177) (0.000,0.296) (0.000,0.718) (0.000,0.233) (0.000,0.149) (0.000,0.383) (0.000,0.370) (0.000,0.477) 
224      571    (0)   18 :  0.064 0.007 0.036 0.056 0.006 0.262 0.027 0.066 0.006 0.037 0.006 0.011 0.033 0.086 0.068 0.008 0.076 0.079 0.023 0.043     (0.000,0.537) (0.000,0.036) (0.000,0.247) (0.000,0.448) (0.000,0.031) (0.000,0.957) (0.000,0.166) (0.000,0.547) (0.000,0.033) (0.000,0.262) (0.000,0.035) (0.000,0.066) (0.000,0.216) (0.000,0.704) (0.000,0.540) (0.000,0.045) (0.000,0.603) (0.000,0.667) (0.000,0.132) (0.000,0.318) 
225      575    (0)   18 :  0.079 0.009 0.032 0.053 0.006 0.124 0.026 0.075 0.007 0.062 0.007 0.010 0.040 0.052 0.103 0.024 0.036 0.092 0.062 0.103     (0.000,0.656) (0.000,0.050) (0.000,0.203) (0.000,0.413) (0.000,0.031) (0.000,0.833) (0.000,0.160) (0.000,0.619) (0.000,0.041) (0.000,0.517) (0.000,0.035) (0.000,0.054) (0.000,0.279) (0.000,0.410) (0.000,0.775) (0.000,0.167) (0.000,0.249) (0.000,0.743) (0.000,0.506) (0.000,0.783) 
226      576    (0)    7 :  0.130 0.029 0.057 0.112 0.010 0.061 0.085 0.023 0.014 0.110 0.018 0.033 0.024 0.024 0.076 0.019 0.017 0.037 0.044 0.079     (0.000,0.850) (0.000,0.211) (0.000,0.459) (0.000,0.794) (0.000,0.052) (0.000,0.504) (0.000,0.683) (0.000,0.147) (0.000,0.086) (0.000,0.795) (0.000,0.115) (0.000,0.239) (0.000,0.141) (0.000,0.145) (0.000,0.612) (0.000,0.125) (0.000,0.094) (0.000,0.252) (0.000,0.329) (0.000,0.649) 
227      580    (0)   18 :  0.081 0.015 0.045 0.243 0.010 0.054 0.058 0.023 0.013 0.089 0.014 0.013 0.030 0.032 0.057 0.006 0.070 0.046 0.042 0.057     (0.000,0.668) (0.000,0.096) (0.000,0.342) (0.000,0.949) (0.000,0.056) (0.000,0.435) (0.000,0.474) (0.000,0.136) (0.000,0.082) (0.000,0.717) (0.000,0.090) (0.000,0.077) (0.000,0.192) (0.000,0.212) (0.000,0.460) (0.000,0.032) (0.000,0.573) (0.000,0.348) (0.000,0.312) (0.000,0.465) 
228      582    (0)    6 :  0.060 0.010 0.023 0.027 0.013 0.167 0.019 0.039 0.017 0.042 0.011 0.009 0.142 0.100 0.029 0.006 0.131 0.065 0.023 0.069     (0.000,0.484) (0.000,0.058) (0.000,0.137) (0.000,0.179) (0.000,0.076) (0.000,0.876) (0.000,0.112) (0.000,0.284) (0.000,0.124) (0.000,0.309) (0.000,0.067) (0.000,0.049) (0.000,0.824) (0.000,0.755) (0.000,0.200) (0.000,0.032) (0.000,0.837) (0.000,0.539) (0.000,0.139) (0.000,0.564) 
229      583    (0)   16 :  0.022 0.019 0.016 0.016 0.008 0.031 0.012 0.023 0.015 0.018 0.013 0.018 0.017 0.017 0.015 0.672 0.015 0.016 0.017 0.020     (0.000,0.136) (0.000,0.122) (0.000,0.092) (0.000,0.094) (0.000,0.041) (0.000,0.209) (0.000,0.065) (0.000,0.158) (0.000,0.097) (0.000,0.108) (0.000,0.081) (0.000,0.102) (0.000,0.101) (0.000,0.104) (0.000,0.090) (0.001,0.986) (0.000,0.089) (0.000,0.098) (0.000,0.098) (0.000,0.121) 
230      584    (0)   16 :  0.040 0.072 0.029 0.024 0.010 0.028 0.031 0.036 0.079 0.023 0.038 0.037 0.018 0.019 0.035 0.367 0.023 0.029 0.025 0.037     (0.000,0.303) (0.000,0.485) (0.000,0.198) (0.000,0.162) (0.000,0.053) (0.000,0.193) (0.000,0.226) (0.000,0.271) (0.000,0.474) (0.000,0.155) (0.000,0.292) (0.000,0.285) (0.000,0.107) (0.000,0.122) (0.000,0.266) (0.000,0.896) (0.000,0.159) (0.000,0.205) (0.000,0.164) (0.000,0.282) 
231      592    (0)    7 :  0.072 0.011 0.059 0.058 0.008 0.048 0.051 0.087 0.009 0.067 0.008 0.007 0.032 0.086 0.136 0.008 0.108 0.057 0.043 0.045     (0.000,0.606) (0.000,0.066) (0.000,0.494) (0.000,0.473) (0.000,0.042) (0.000,0.371) (0.000,0.408) (0.000,0.701) (0.000,0.052) (0.000,0.563) (0.000,0.046) (0.000,0.037) (0.000,0.201) (0.000,0.709) (0.000,0.857) (0.000,0.042) (0.000,0.797) (0.000,0.471) (0.000,0.319) (0.000,0.342) 
232      593    (0)   18 :  0.042 0.014 0.038 0.039 0.007 0.160 0.019 0.114 0.013 0.034 0.012 0.009 0.101 0.089 0.076 0.013 0.054 0.063 0.028 0.075     (0.000,0.311) (0.000,0.090) (0.000,0.271) (0.000,0.289) (0.000,0.035) (0.000,0.866) (0.000,0.108) (0.000,0.794) (0.000,0.081) (0.000,0.236) (0.000,0.070) (0.000,0.053) (0.000,0.738) (0.000,0.707) (0.000,0.602) (0.000,0.076) (0.000,0.432) (0.000,0.524) (0.000,0.181) (0.000,0.623) 
233      599    (0)    4 :  0.088 0.021 0.049 0.089 0.008 0.073 0.033 0.078 0.023 0.059 0.016 0.012 0.039 0.059 0.051 0.013 0.068 0.073 0.060 0.089     (0.000,0.710) (0.000,0.143) (0.000,0.377) (0.000,0.689) (0.000,0.039) (0.000,0.593) (0.000,0.219) (0.000,0.635) (0.000,0.164) (0.000,0.488) (0.000,0.103) (0.000,0.070) (0.000,0.276) (0.000,0.485) (0.000,0.406) (0.000,0.072) (0.000,0.563) (0.000,0.610) (0.000,0.488) (0.000,0.709) 
234      604    (0)   18 :  0.054 0.008 0.034 0.047 0.007 0.056 0.026 0.049 0.009 0.046 0.009 0.012 0.188 0.064 0.014 0.007 0.069 0.077 0.042 0.185     (0.000,0.434) (0.000,0.044) (0.000,0.225) (0.000,0.356) (0.000,0.035) (0.000,0.457) (0.000,0.154) (0.000,0.377) (0.000,0.052) (0.000,0.346) (0.000,0.050) (0.000,0.068) (0.000,0.923) (0.000,0.541) (0.000,0.080) (0.000,0.036) (0.000,0.573) (0.000,0.657) (0.000,0.303) (0.000,0.928) 
235      612    (0)   18 :  0.027 0.005 0.021 0.015 0.007 0.174 0.015 0.037 0.005 0.025 0.004 0.007 0.339 0.058 0.040 0.007 0.065 0.055 0.036 0.057     (0.000,0.167) (0.000,0.027) (0.000,0.119) (0.000,0.088) (0.000,0.037) (0.000,0.908) (0.000,0.083) (0.000,0.256) (0.000,0.024) (0.000,0.161) (0.000,0.023) (0.000,0.039) (0.000,0.973) (0.000,0.480) (0.000,0.296) (0.000,0.037) (0.000,0.535) (0.000,0.440) (0.000,0.259) (0.000,0.471) 
236      613    (0)   18 :  0.027 0.005 0.018 0.014 0.006 0.251 0.014 0.040 0.005 0.023 0.004 0.007 0.310 0.053 0.041 0.007 0.037 0.051 0.027 0.061     (0.000,0.165) (0.000,0.027) (0.000,0.097) (0.000,0.078) (0.000,0.032) (0.000,0.955) (0.000,0.075) (0.000,0.285) (0.000,0.024) (0.000,0.140) (0.000,0.023) (0.000,0.036) (0.000,0.970) (0.000,0.427) (0.000,0.302) (0.000,0.041) (0.000,0.259) (0.000,0.401) (0.000,0.172) (0.000,0.513) 
237      615    (0)   15 :  0.088 0.007 0.034 0.017 0.007 0.035 0.157 0.034 0.006 0.040 0.005 0.010 0.041 0.066 0.025 0.008 0.032 0.185 0.059 0.143     (0.000,0.721) (0.000,0.038) (0.000,0.223) (0.000,0.098) (0.000,0.037) (0.000,0.248) (0.000,0.877) (0.000,0.240) (0.000,0.032) (0.000,0.297) (0.000,0.028) (0.000,0.053) (0.000,0.305) (0.000,0.547) (0.000,0.158) (0.000,0.044) (0.000,0.224) (0.000,0.920) (0.000,0.473) (0.000,0.881) 
238      616    (0)   17 :  0.065 0.011 0.024 0.017 0.008 0.028 0.036 0.063 0.009 0.050 0.008 0.019 0.136 0.054 0.034 0.050 0.178 0.088 0.065 0.059     (0.000,0.535) (0.000,0.066) (0.000,0.141) (0.000,0.101) (0.000,0.042) (0.000,0.176) (0.000,0.251) (0.000,0.514) (0.000,0.051) (0.000,0.390) (0.000,0.046) (0.000,0.126) (0.000,0.827) (0.000,0.437) (0.000,0.241) (0.000,0.374) (0.000,0.902) (0.000,0.700) (0.000,0.538) (0.000,0.481) 
239      620    (0)   13 :  0.098 0.008 0.037 0.033 0.006 0.057 0.051 0.083 0.008 0.059 0.007 0.010 0.076 0.045 0.047 0.012 0.060 0.103 0.048 0.151     (0.000,0.763) (0.000,0.046) (0.000,0.254) (0.000,0.222) (0.000,0.031) (0.000,0.463) (0.000,0.398) (0.000,0.667) (0.000,0.045) (0.000,0.488) (0.000,0.042) (0.000,0.059) (0.000,0.623) (0.000,0.336) (0.000,0.361) (0.000,0.071) (0.000,0.486) (0.000,0.787) (0.000,0.372) (0.000,0.890) 
240      623    (0)   18 :  0.064 0.010 0.047 0.038 0.008 0.134 0.032 0.053 0.010 0.041 0.010 0.016 0.062 0.033 0.101 0.106 0.049 0.073 0.041 0.072     (0.000,0.519) (0.000,0.060) (0.000,0.364) (0.000,0.285) (0.000,0.042) (0.000,0.808) (0.000,0.227) (0.000,0.421) (0.000,0.064) (0.000,0.307) (0.000,0.060) (0.000,0.106) (0.000,0.501) (0.000,0.229) (0.000,0.678) (0.000,0.522) (0.000,0.386) (0.000,0.591) (0.000,0.300) (0.000,0.586) 
241      624    (0)    3 :  0.073 0.008 0.041 0.037 0.006 0.086 0.044 0.066 0.008 0.033 0.007 0.017 0.030 0.082 0.056 0.011 0.166 0.131 0.040 0.058     (0.000,0.604) (0.000,0.047) (0.000,0.297) (0.000,0.264) (0.000,0.032) (0.000,0.654) (0.000,0.328) (0.000,0.539) (0.000,0.045) (0.000,0.222) (0.000,0.042) (0.000,0.110) (0.000,0.197) (0.000,0.665) (0.000,0.440) (0.000,0.061) (0.000,0.881) (0.000,0.856) (0.000,0.288) (0.000,0.473) 
242      625    (0)   18 :  0.041 0.006 0.099 0.071 0.006 0.032 0.032 0.125 0.005 0.065 0.007 0.009 0.145 0.032 0.074 0.015 0.072 0.069 0.036 0.060     (0.000,0.298) (0.000,0.032) (0.000,0.742) (0.000,0.575) (0.000,0.033) (0.000,0.223) (0.000,0.217) (0.000,0.829) (0.000,0.026) (0.000,0.541) (0.000,0.035) (0.000,0.050) (0.000,0.863) (0.000,0.208) (0.000,0.587) (0.000,0.094) (0.000,0.588) (0.000,0.578) (0.000,0.247) (0.000,0.492) 
243      626    (0)   18 :  0.061 0.006 0.053 0.042 0.007 0.050 0.040 0.138 0.005 0.081 0.006 0.011 0.072 0.044 0.085 0.025 0.069 0.078 0.056 0.073     (0.000,0.503) (0.000,0.033) (0.000,0.421) (0.000,0.304) (0.000,0.034) (0.000,0.387) (0.000,0.286) (0.000,0.861) (0.000,0.025) (0.000,0.675) (0.000,0.030) (0.000,0.061) (0.000,0.597) (0.000,0.322) (0.000,0.670) (0.000,0.175) (0.000,0.566) (0.000,0.657) (0.000,0.457) (0.000,0.609) 
244      627    (0)   10 :  0.069 0.007 0.046 0.037 0.007 0.093 0.042 0.086 0.005 0.071 0.006 0.009 0.065 0.079 0.100 0.011 0.043 0.080 0.060 0.084     (0.000,0.588) (0.000,0.037) (0.000,0.352) (0.000,0.254) (0.000,0.034) (0.000,0.720) (0.000,0.301) (0.000,0.695) (0.000,0.028) (0.000,0.596) (0.000,0.030) (0.000,0.046) (0.000,0.545) (0.000,0.663) (0.000,0.758) (0.000,0.064) (0.000,0.318) (0.000,0.674) (0.000,0.502) (0.000,0.701) 
245      630    (0)   18 :  0.038 0.008 0.048 0.081 0.007 0.045 0.024 0.062 0.006 0.055 0.007 0.014 0.067 0.090 0.035 0.017 0.108 0.091 0.115 0.084     (0.000,0.262) (0.000,0.043) (0.000,0.368) (0.000,0.656) (0.000,0.038) (0.000,0.337) (0.000,0.143) (0.000,0.510) (0.000,0.034) (0.000,0.450) (0.000,0.037) (0.000,0.079) (0.000,0.565) (0.000,0.728) (0.000,0.236) (0.000,0.109) (0.000,0.782) (0.000,0.737) (0.000,0.824) (0.000,0.697) 
246      634    (0)   18 :  0.056 0.032 0.090 0.169 0.010 0.039 0.071 0.025 0.024 0.072 0.031 0.031 0.036 0.036 0.040 0.006 0.046 0.046 0.048 0.091     (0.000,0.456) (0.000,0.237) (0.000,0.695) (0.000,0.893) (0.000,0.052) (0.000,0.279) (0.000,0.577) (0.000,0.164) (0.000,0.176) (0.000,0.591) (0.000,0.233) (0.000,0.218) (0.000,0.250) (0.000,0.252) (0.000,0.296) (0.000,0.034) (0.000,0.354) (0.000,0.351) (0.000,0.376) (0.000,0.709) 
247      635   (12)    4 :  0.074 0.010 0.037 0.078 0.023 0.082 0.049 0.035 0.011 0.087 0.009 0.032 0.052 0.080 0.054 0.019 0.032 0.065 0.086 0.086     (0.000,0.617) (0.000,0.054) (0.000,0.268) (0.000,0.630) (0.000,0.156) (0.000,0.628) (0.000,0.377) (0.000,0.246) (0.000,0.063) (0.000,0.690) (0.000,0.052) (0.000,0.231) (0.000,0.414) (0.000,0.652) (0.000,0.431) (0.000,0.125) (0.000,0.221) (0.000,0.538) (0.000,0.682) (0.000,0.683) 
248      639    (0)   17 :  0.087 0.007 0.037 0.050 0.007 0.030 0.095 0.029 0.005 0.048 0.005 0.009 0.024 0.069 0.181 0.027 0.057 0.085 0.090 0.057     (0.000,0.705) (0.000,0.038) (0.000,0.255) (0.000,0.388) (0.000,0.039) (0.000,0.192) (0.000,0.729) (0.000,0.183) (0.000,0.029) (0.000,0.365) (0.000,0.028) (0.000,0.052) (0.000,0.144) (0.000,0.566) (0.000,0.901) (0.000,0.194) (0.000,0.459) (0.000,0.693) (0.000,0.711) (0.000,0.462) 
249      640    (0)   13 :  0.058 0.019 0.034 0.053 0.010 0.060 0.046 0.051 0.024 0.047 0.018 0.047 0.160 0.041 0.040 0.011 0.057 0.065 0.059 0.099     (0.000,0.471) (0.000,0.130) (0.000,0.235) (0.000,0.422) (0.000,0.051) (0.000,0.491) (0.000,0.350) (0.000,0.403) (0.000,0.175) (0.000,0.365) (0.000,0.121) (0.000,0.346) (0.000,0.878) (0.000,0.303) (0.000,0.300) (0.000,0.065) (0.000,0.456) (0.000,0.540) (0.000,0.479) (0.000,0.734) 
250      641    (0)    7 :  0.128 0.012 0.034 0.071 0.008 0.136 0.073 0.028 0.011 0.071 0.010 0.011 0.037 0.046 0.075 0.007 0.031 0.063 0.039 0.109     (0.000,0.856) (0.000,0.077) (0.000,0.226) (0.000,0.580) (0.000,0.041) (0.000,0.855) (0.000,0.604) (0.000,0.181) (0.000,0.064) (0.000,0.595) (0.000,0.061) (0.000,0.061) (0.000,0.255) (0.000,0.348) (0.000,0.607) (0.000,0.040) (0.000,0.198) (0.000,0.527) (0.000,0.280) (0.000,0.802) 
251      642    (0)    1 :  0.068 0.006 0.023 0.048 0.009 0.345 0.022 0.044 0.008 0.065 0.006 0.014 0.055 0.026 0.054 0.010 0.020 0.053 0.030 0.093     (0.000,0.589) (0.000,0.030) (0.000,0.130) (0.000,0.374) (0.000,0.051) (0.000,0.975) (0.000,0.127) (0.000,0.332) (0.000,0.045) (0.000,0.558) (0.000,0.035) (0.000,0.080) (0.000,0.451) (0.000,0.149) (0.000,0.433) (0.000,0.057) (0.000,0.112) (0.000,0.434) (0.000,0.187) (0.000,0.752) 
252      647    (0)    7 :  0.090 0.013 0.081 0.021 0.007 0.057 0.077 0.105 0.011 0.063 0.009 0.008 0.047 0.067 0.072 0.007 0.048 0.068 0.040 0.109     (0.000,0.720) (0.000,0.084) (0.000,0.656) (0.000,0.120) (0.000,0.037) (0.000,0.462) (0.000,0.638) (0.000,0.768) (0.000,0.066) (0.000,0.528) (0.000,0.052) (0.000,0.042) (0.000,0.358) (0.000,0.559) (0.000,0.567) (0.000,0.039) (0.000,0.374) (0.000,0.572) (0.000,0.290) (0.000,0.800) 
253      651    (0)   13 :  0.038 0.007 0.082 0.062 0.011 0.032 0.059 0.224 0.006 0.060 0.006 0.018 0.057 0.042 0.046 0.014 0.036 0.045 0.053 0.103     (0.000,0.258) (0.000,0.038) (0.000,0.681) (0.000,0.505) (0.000,0.060) (0.000,0.212) (0.000,0.483) (0.000,0.940) (0.000,0.030) (0.000,0.501) (0.000,0.030) (0.000,0.107) (0.000,0.469) (0.000,0.303) (0.000,0.354) (0.000,0.089) (0.000,0.255) (0.000,0.330) (0.000,0.422) (0.000,0.785) 
254      660    (0)    7 :  0.145 0.025 0.072 0.046 0.008 0.036 0.075 0.040 0.018 0.090 0.023 0.013 0.040 0.036 0.036 0.015 0.107 0.059 0.038 0.076     (0.000,0.870) (0.000,0.180) (0.000,0.585) (0.000,0.351) (0.000,0.044) (0.000,0.253) (0.000,0.607) (0.000,0.299) (0.000,0.123) (0.000,0.705) (0.000,0.168) (0.000,0.080) (0.000,0.298) (0.000,0.252) (0.000,0.260) (0.000,0.091) (0.000,0.751) (0.000,0.488) (0.000,0.272) (0.000,0.623) 
255      662   (12)   13 :  0.055 0.008 0.046 0.055 0.010 0.043 0.024 0.056 0.007 0.060 0.008 0.009 0.103 0.071 0.019 0.011 0.222 0.062 0.070 0.059     (0.000,0.448) (0.000,0.043) (0.000,0.353) (0.000,0.439) (0.000,0.051) (0.000,0.318) (0.000,0.140) (0.000,0.459) (0.000,0.041) (0.000,0.508) (0.000,0.043) (0.000,0.050) (0.000,0.778) (0.000,0.612) (0.000,0.109) (0.000,0.060) (0.000,0.946) (0.000,0.528) (0.000,0.594) (0.000,0.491) 
256      663   (12)   13 :  0.094 0.010 0.036 0.028 0.007 0.094 0.029 0.083 0.009 0.054 0.008 0.008 0.090 0.097 0.030 0.016 0.070 0.086 0.051 0.101     (0.000,0.753) (0.000,0.055) (0.000,0.241) (0.000,0.175) (0.000,0.038) (0.000,0.739) (0.000,0.182) (0.000,0.687) (0.000,0.050) (0.000,0.434) (0.000,0.045) (0.000,0.042) (0.000,0.714) (0.000,0.765) (0.000,0.193) (0.000,0.092) (0.000,0.589) (0.000,0.713) (0.000,0.400) (0.000,0.779) 
257      664    (0)   16 :  0.015 0.012 0.012 0.012 0.007 0.018 0.010 0.017 0.012 0.013 0.010 0.011 0.023 0.017 0.012 0.734 0.020 0.016 0.015 0.015     (0.000,0.091) (0.000,0.072) (0.000,0.067) (0.000,0.069) (0.000,0.035) (0.000,0.115) (0.000,0.055) (0.000,0.108) (0.000,0.072) (0.000,0.078) (0.000,0.060) (0.000,0.067) (0.000,0.157) (0.000,0.109) (0.000,0.068) (0.310,0.988) (0.000,0.128) (0.000,0.096) (0.000,0.089) (0.000,0.089) 
258      668    (0)    7 :  0.073 0.016 0.093 0.091 0.008 0.096 0.054 0.049 0.016 0.033 0.016 0.042 0.028 0.086 0.038 0.013 0.060 0.075 0.038 0.076     (0.000,0.600) (0.000,0.109) (0.000,0.708) (0.000,0.688) (0.000,0.043) (0.000,0.696) (0.000,0.425) (0.000,0.376) (0.000,0.111) (0.000,0.227) (0.000,0.107) (0.000,0.312) (0.000,0.181) (0.000,0.675) (0.000,0.281) (0.000,0.078) (0.000,0.457) (0.000,0.615) (0.000,0.270) (0.000,0.608) 
259      675    (0)    7 :  0.052 0.007 0.066 0.069 0.007 0.070 0.036 0.146 0.006 0.065 0.006 0.008 0.070 0.059 0.065 0.010 0.083 0.061 0.042 0.072     (0.000,0.417) (0.000,0.036) (0.000,0.559) (0.000,0.577) (0.000,0.039) (0.000,0.579) (0.000,0.250) (0.000,0.884) (0.000,0.032) (0.000,0.556) (0.000,0.033) (0.000,0.044) (0.000,0.591) (0.000,0.488) (0.000,0.533) (0.000,0.054) (0.000,0.678) (0.000,0.508) (0.000,0.301) (0.000,0.607) 
260      676    (0)   14 :  0.050 0.008 0.066 0.047 0.009 0.033 0.040 0.079 0.007 0.065 0.006 0.009 0.046 0.078 0.049 0.009 0.205 0.058 0.088 0.047     (0.000,0.398) (0.000,0.047) (0.000,0.565) (0.000,0.362) (0.000,0.048) (0.000,0.217) (0.000,0.281) (0.000,0.656) (0.000,0.036) (0.000,0.557) (0.000,0.035) (0.000,0.047) (0.000,0.348) (0.000,0.663) (0.000,0.375) (0.000,0.052) (0.000,0.937) (0.000,0.477) (0.000,0.715) (0.000,0.355) 
261      681    (0)   18 :  0.071 0.032 0.035 0.061 0.009 0.046 0.049 0.046 0.022 0.036 0.010 0.012 0.062 0.151 0.030 0.009 0.056 0.136 0.079 0.051     (0.000,0.584) (0.000,0.236) (0.000,0.247) (0.000,0.480) (0.000,0.047) (0.000,0.352) (0.000,0.375) (0.000,0.351) (0.000,0.155) (0.000,0.251) (0.000,0.056) (0.000,0.069) (0.000,0.496) (0.000,0.881) (0.000,0.204) (0.000,0.048) (0.000,0.446) (0.000,0.850) (0.000,0.629) (0.000,0.402) 
262      682    (0)   14 :  0.057 0.016 0.046 0.037 0.011 0.127 0.044 0.065 0.012 0.047 0.011 0.012 0.083 0.064 0.077 0.007 0.077 0.066 0.039 0.101     (0.000,0.459) (0.000,0.103) (0.000,0.350) (0.000,0.273) (0.000,0.060) (0.000,0.791) (0.000,0.336) (0.000,0.516) (0.000,0.074) (0.000,0.360) (0.000,0.068) (0.000,0.070) (0.000,0.627) (0.000,0.520) (0.000,0.596) (0.000,0.037) (0.000,0.618) (0.000,0.541) (0.000,0.284) (0.000,0.756) 
263      686    (0)   14 :  0.037 0.009 0.052 0.068 0.007 0.036 0.022 0.086 0.008 0.046 0.008 0.011 0.051 0.097 0.028 0.022 0.174 0.079 0.089 0.068     (0.000,0.258) (0.000,0.054) (0.000,0.418) (0.000,0.572) (0.000,0.039) (0.000,0.248) (0.000,0.125) (0.000,0.693) (0.000,0.046) (0.000,0.348) (0.000,0.046) (0.000,0.062) (0.000,0.406) (0.000,0.761) (0.000,0.173) (0.000,0.147) (0.000,0.911) (0.000,0.665) (0.000,0.722) (0.000,0.579) 
264      687    (0)   13 :  0.074 0.017 0.045 0.029 0.007 0.054 0.039 0.105 0.013 0.049 0.010 0.011 0.042 0.107 0.047 0.016 0.061 0.086 0.084 0.102     (0.000,0.627) (0.000,0.113) (0.000,0.337) (0.000,0.182) (0.000,0.036) (0.000,0.435) (0.000,0.276) (0.000,0.773) (0.000,0.082) (0.000,0.387) (0.000,0.061) (0.000,0.059) (0.000,0.306) (0.000,0.798) (0.000,0.366) (0.000,0.093) (0.000,0.506) (0.000,0.708) (0.000,0.685) (0.000,0.777) 
265      692   (12)   17 :  0.061 0.017 0.082 0.091 0.020 0.076 0.043 0.046 0.031 0.084 0.022 0.023 0.043 0.050 0.066 0.008 0.073 0.053 0.050 0.062     (0.000,0.502) (0.000,0.110) (0.000,0.634) (0.000,0.698) (0.000,0.125) (0.000,0.604) (0.000,0.326) (0.000,0.357) (0.000,0.231) (0.000,0.673) (0.000,0.154) (0.000,0.147) (0.000,0.324) (0.000,0.389) (0.000,0.533) (0.000,0.043) (0.000,0.576) (0.000,0.419) (0.000,0.391) (0.000,0.511) 
266      693    (0)    3 :  0.047 0.008 0.506 0.034 0.008 0.012 0.117 0.025 0.006 0.024 0.007 0.024 0.026 0.018 0.022 0.015 0.024 0.030 0.025 0.023     (0.000,0.357) (0.000,0.043) (0.000,0.983) (0.000,0.240) (0.000,0.041) (0.000,0.067) (0.000,0.793) (0.000,0.165) (0.000,0.031) (0.000,0.145) (0.000,0.037) (0.000,0.159) (0.000,0.179) (0.000,0.105) (0.000,0.135) (0.000,0.098) (0.000,0.150) (0.000,0.183) (0.000,0.160) (0.000,0.144) 
267      694    (0)   19 :  0.056 0.012 0.022 0.040 0.007 0.191 0.021 0.037 0.010 0.026 0.006 0.008 0.167 0.108 0.041 0.010 0.040 0.117 0.041 0.040     (0.000,0.445) (0.000,0.072) (0.000,0.131) (0.000,0.293) (0.000,0.037) (0.000,0.910) (0.000,0.126) (0.000,0.266) (0.000,0.060) (0.000,0.166) (0.000,0.034) (0.000,0.044) (0.000,0.891) (0.000,0.788) (0.000,0.300) (0.000,0.058) (0.000,0.294) (0.000,0.819) (0.000,0.299) (0.000,0.294) 
268      697    (0)   14 :  0.048 0.007 0.050 0.081 0.008 0.052 0.022 0.074 0.006 0.059 0.006 0.011 0.056 0.052 0.035 0.021 0.177 0.074 0.099 0.064     (0.000,0.374) (0.000,0.036) (0.000,0.387) (0.000,0.663) (0.000,0.040) (0.000,0.408) (0.000,0.123) (0.000,0.624) (0.000,0.034) (0.000,0.481) (0.000,0.033) (0.000,0.057) (0.000,0.457) (0.000,0.417) (0.000,0.231) (0.000,0.141) (0.000,0.913) (0.000,0.631) (0.000,0.764) (0.000,0.537) 
269      703    (0)    1 :  0.086 0.022 0.035 0.027 0.011 0.047 0.060 0.065 0.022 0.050 0.014 0.019 0.091 0.065 0.058 0.013 0.126 0.065 0.066 0.058     (0.000,0.689) (0.000,0.159) (0.000,0.247) (0.000,0.176) (0.000,0.059) (0.000,0.366) (0.000,0.494) (0.000,0.533) (0.000,0.160) (0.000,0.391) (0.000,0.094) (0.000,0.123) (0.000,0.681) (0.000,0.537) (0.000,0.463) (0.000,0.079) (0.000,0.825) (0.000,0.547) (0.000,0.543) (0.000,0.477) 
270      704    (0)    1 :  0.122 0.009 0.044 0.055 0.008 0.078 0.064 0.062 0.008 0.055 0.007 0.011 0.041 0.065 0.074 0.023 0.030 0.067 0.067 0.108     (0.000,0.843) (0.000,0.053) (0.000,0.323) (0.000,0.439) (0.000,0.043) (0.000,0.635) (0.000,0.534) (0.000,0.510) (0.000,0.045) (0.000,0.451) (0.000,0.039) (0.000,0.062) (0.000,0.300) (0.000,0.545) (0.000,0.606) (0.000,0.160) (0.000,0.194) (0.000,0.565) (0.000,0.550) (0.000,0.801) 
271      705    (0)   13 :  0.093 0.036 0.055 0.037 0.009 0.064 0.059 0.052 0.037 0.053 0.031 0.023 0.088 0.050 0.079 0.016 0.062 0.054 0.043 0.059     (0.000,0.706) (0.000,0.262) (0.000,0.442) (0.000,0.273) (0.000,0.046) (0.000,0.522) (0.000,0.478) (0.000,0.411) (0.000,0.269) (0.000,0.427) (0.000,0.225) (0.000,0.160) (0.000,0.644) (0.000,0.396) (0.000,0.600) (0.000,0.098) (0.000,0.496) (0.000,0.442) (0.000,0.325) (0.000,0.482) 
272      708    (0)    1 :  0.146 0.008 0.044 0.119 0.010 0.029 0.036 0.029 0.006 0.194 0.007 0.007 0.018 0.043 0.031 0.006 0.138 0.034 0.033 0.062     (0.000,0.887) (0.000,0.045) (0.000,0.320) (0.000,0.829) (0.000,0.054) (0.000,0.182) (0.000,0.255) (0.000,0.189) (0.000,0.034) (0.000,0.927) (0.000,0.038) (0.000,0.035) (0.000,0.102) (0.000,0.314) (0.000,0.215) (0.000,0.033) (0.000,0.866) (0.000,0.219) (0.000,0.222) (0.000,0.511) 
273      709    (0)   10 :  0.084 0.015 0.044 0.111 0.011 0.039 0.057 0.039 0.013 0.044 0.012 0.038 0.038 0.055 0.030 0.080 0.022 0.053 0.092 0.124     (0.000,0.687) (0.000,0.091) (0.000,0.325) (0.000,0.793) (0.000,0.055) (0.000,0.280) (0.000,0.462) (0.000,0.282) (0.000,0.077) (0.000,0.330) (0.000,0.069) (0.000,0.283) (0.000,0.276) (0.000,0.452) (0.000,0.195) (0.000,0.567) (0.000,0.139) (0.000,0.422) (0.000,0.724) (0.000,0.833) 
274      710    (0)   13 :  0.062 0.011 0.046 0.055 0.007 0.029 0.038 0.068 0.012 0.041 0.009 0.011 0.030 0.051 0.059 0.023 0.194 0.099 0.083 0.072     (0.000,0.515) (0.000,0.066) (0.000,0.344) (0.000,0.444) (0.000,0.035) (0.000,0.182) (0.000,0.271) (0.000,0.564) (0.000,0.071) (0.000,0.301) (0.000,0.053) (0.000,0.061) (0.000,0.192) (0.000,0.401) (0.000,0.474) (0.000,0.158) (0.000,0.921) (0.000,0.766) (0.000,0.675) (0.000,0.604) 
275      712    (0)   18 :  0.077 0.017 0.038 0.091 0.011 0.030 0.044 0.030 0.012 0.042 0.012 0.035 0.035 0.067 0.023 0.160 0.026 0.048 0.116 0.086     (0.000,0.641) (0.000,0.108) (0.000,0.270) (0.000,0.713) (0.000,0.055) (0.000,0.197) (0.000,0.326) (0.000,0.192) (0.000,0.074) (0.000,0.304) (0.000,0.074) (0.000,0.259) (0.000,0.241) (0.000,0.561) (0.000,0.141) (0.000,0.835) (0.000,0.174) (0.000,0.367) (0.000,0.811) (0.000,0.699) 
276      713    (0)   18 :  0.051 0.010 0.040 0.084 0.007 0.050 0.019 0.051 0.009 0.046 0.009 0.011 0.050 0.092 0.027 0.034 0.151 0.087 0.103 0.068     (0.000,0.407) (0.000,0.056) (0.000,0.284) (0.000,0.687) (0.000,0.036) (0.000,0.396) (0.000,0.106) (0.000,0.401) (0.000,0.054) (0.000,0.345) (0.000,0.053) (0.000,0.061) (0.000,0.397) (0.000,0.736) (0.000,0.162) (0.000,0.243) (0.000,0.885) (0.000,0.716) (0.000,0.782) (0.000,0.575) 
277      716    (0)    7 :  0.085 0.010 0.090 0.067 0.006 0.063 0.062 0.078 0.011 0.055 0.011 0.009 0.036 0.024 0.195 0.011 0.043 0.054 0.025 0.067     (0.000,0.699) (0.000,0.055) (0.000,0.725) (0.000,0.558) (0.000,0.030) (0.000,0.524) (0.000,0.517) (0.000,0.634) (0.000,0.065) (0.000,0.449) (0.000,0.063) (0.000,0.047) (0.000,0.248) (0.000,0.143) (0.000,0.923) (0.000,0.060) (0.000,0.316) (0.000,0.435) (0.000,0.152) (0.000,0.565) 
278      717    (0)   14 :  0.090 0.012 0.040 0.054 0.006 0.116 0.029 0.084 0.013 0.048 0.011 0.011 0.056 0.063 0.044 0.017 0.043 0.083 0.054 0.125     (0.000,0.733) (0.000,0.074) (0.000,0.283) (0.000,0.429) (0.000,0.032) (0.000,0.810) (0.000,0.184) (0.000,0.683) (0.000,0.085) (0.000,0.367) (0.000,0.064) (0.000,0.059) (0.000,0.462) (0.000,0.526) (0.000,0.326) (0.000,0.098) (0.000,0.312) (0.000,0.694) (0.000,0.435) (0.000,0.845) 
279      718    (0)   18 :  0.077 0.035 0.061 0.065 0.008 0.030 0.042 0.026 0.024 0.042 0.020 0.023 0.024 0.081 0.039 0.067 0.042 0.069 0.144 0.083     (0.000,0.624) (0.000,0.265) (0.000,0.490) (0.000,0.529) (0.000,0.041) (0.000,0.199) (0.000,0.313) (0.000,0.166) (0.000,0.175) (0.000,0.312) (0.000,0.140) (0.000,0.149) (0.000,0.142) (0.000,0.651) (0.000,0.285) (0.000,0.479) (0.000,0.316) (0.000,0.574) (0.000,0.855) (0.000,0.664) 
280      724   (12)   13 :  0.029 0.006 0.075 0.041 0.010 0.036 0.030 0.148 0.005 0.051 0.006 0.010 0.106 0.090 0.030 0.011 0.127 0.058 0.066 0.063     (0.000,0.181) (0.000,0.033) (0.000,0.638) (0.000,0.297) (0.000,0.053) (0.000,0.247) (0.000,0.191) (0.000,0.891) (0.000,0.026) (0.000,0.405) (0.000,0.031) (0.000,0.052) (0.000,0.803) (0.000,0.741) (0.000,0.184) (0.000,0.065) (0.000,0.858) (0.000,0.485) (0.000,0.567) (0.000,0.535) 
281      726    (0)    8 :  0.062 0.004 0.036 0.034 0.006 0.118 0.029 0.076 0.004 0.041 0.004 0.005 0.110 0.092 0.041 0.011 0.095 0.094 0.037 0.100     (0.000,0.520) (0.000,0.022) (0.000,0.242) (0.000,0.230) (0.000,0.029) (0.000,0.825) (0.000,0.180) (0.000,0.641) (0.000,0.022) (0.000,0.295) (0.000,0.023) (0.000,0.029) (0.000,0.810) (0.000,0.745) (0.000,0.299) (0.000,0.064) (0.000,0.744) (0.000,0.757) (0.000,0.254) (0.000,0.782) 
282      727    (0)   20 :  0.081 0.019 0.047 0.065 0.008 0.065 0.049 0.030 0.020 0.035 0.011 0.013 0.134 0.087 0.020 0.007 0.047 0.130 0.057 0.076     (0.000,0.660) (0.000,0.135) (0.000,0.364) (0.000,0.513) (0.000,0.040) (0.000,0.524) (0.000,0.377) (0.000,0.198) (0.000,0.145) (0.000,0.245) (0.000,0.071) (0.000,0.075) (0.000,0.823) (0.000,0.691) (0.000,0.119) (0.000,0.037) (0.000,0.363) (0.000,0.842) (0.000,0.462) (0.000,0.605) 
283      729    (0)   14 :  0.052 0.015 0.026 0.029 0.029 0.087 0.034 0.026 0.027 0.032 0.016 0.091 0.085 0.047 0.031 0.165 0.053 0.047 0.056 0.052     (0.000,0.407) (0.000,0.098) (0.000,0.179) (0.000,0.206) (0.000,0.206) (0.000,0.599) (0.000,0.247) (0.000,0.179) (0.000,0.196) (0.000,0.227) (0.000,0.110) (0.000,0.534) (0.000,0.622) (0.000,0.370) (0.000,0.226) (0.000,0.648) (0.000,0.407) (0.000,0.364) (0.000,0.442) (0.000,0.408) 
284      730    (0)   14 :  0.020 0.022 0.033 0.019 0.010 0.023 0.016 0.032 0.027 0.016 0.027 0.055 0.407 0.022 0.016 0.112 0.058 0.031 0.025 0.029     (0.000,0.118) (0.000,0.160) (0.000,0.244) (0.000,0.116) (0.000,0.056) (0.000,0.144) (0.000,0.090) (0.000,0.228) (0.000,0.201) (0.000,0.091) (0.000,0.201) (0.000,0.409) (0.000,0.968) (0.000,0.134) (0.000,0.094) (0.000,0.594) (0.000,0.471) (0.000,0.213) (0.000,0.166) (0.000,0.202) 
285      731    (0)   14 :  0.037 0.005 0.034 0.033 0.007 0.083 0.021 0.078 0.004 0.024 0.004 0.023 0.035 0.109 0.020 0.102 0.106 0.123 0.073 0.079     (0.000,0.262) (0.000,0.025) (0.000,0.229) (0.000,0.225) (0.000,0.038) (0.000,0.619) (0.000,0.126) (0.000,0.616) (0.000,0.022) (0.000,0.142) (0.000,0.022) (0.000,0.164) (0.000,0.239) (0.000,0.788) (0.000,0.119) (0.000,0.603) (0.000,0.695) (0.000,0.835) (0.000,0.585) (0.000,0.636) 
286      733    (0)   14 :  0.035 0.006 0.035 0.044 0.007 0.068 0.021 0.057 0.006 0.020 0.005 0.029 0.031 0.132 0.018 0.068 0.118 0.131 0.078 0.090     (0.000,0.244) (0.000,0.034) (0.000,0.236) (0.000,0.327) (0.000,0.038) (0.000,0.529) (0.000,0.129) (0.000,0.456) (0.000,0.031) (0.000,0.118) (0.000,0.029) (0.000,0.208) (0.000,0.209) (0.000,0.847) (0.000,0.104) (0.000,0.471) (0.000,0.733) (0.000,0.852) (0.000,0.616) (0.000,0.701) 
287      734    (0)   14 :  0.052 0.007 0.050 0.081 0.010 0.067 0.060 0.051 0.006 0.023 0.006 0.044 0.031 0.110 0.027 0.028 0.057 0.098 0.063 0.129     (0.000,0.413) (0.000,0.035) (0.000,0.392) (0.000,0.635) (0.000,0.052) (0.000,0.525) (0.000,0.476) (0.000,0.404) (0.000,0.035) (0.000,0.140) (0.000,0.031) (0.000,0.324) (0.000,0.210) (0.000,0.780) (0.000,0.182) (0.000,0.206) (0.000,0.429) (0.000,0.746) (0.000,0.505) (0.000,0.834) 
288      736   (12)   14 :  0.037 0.006 0.037 0.050 0.011 0.048 0.033 0.042 0.005 0.020 0.005 0.045 0.026 0.133 0.021 0.124 0.080 0.102 0.097 0.077     (0.000,0.262) (0.000,0.032) (0.000,0.259) (0.000,0.390) (0.000,0.060) (0.000,0.362) (0.000,0.230) (0.000,0.313) (0.000,0.028) (0.000,0.118) (0.000,0.027) (0.000,0.330) (0.000,0.166) (0.000,0.846) (0.000,0.122) (0.000,0.653) (0.000,0.550) (0.000,0.757) (0.000,0.718) (0.000,0.620) 
289      737    (0)   13 :  0.042 0.005 0.057 0.038 0.008 0.055 0.024 0.130 0.004 0.060 0.005 0.010 0.117 0.066 0.025 0.021 0.109 0.067 0.087 0.069     (0.000,0.305) (0.000,0.029) (0.000,0.462) (0.000,0.264) (0.000,0.039) (0.000,0.445) (0.000,0.135) (0.000,0.859) (0.000,0.024) (0.000,0.500) (0.000,0.027) (0.000,0.054) (0.000,0.838) (0.000,0.565) (0.000,0.150) (0.000,0.133) (0.000,0.807) (0.000,0.580) (0.000,0.720) (0.000,0.590) 
290      738    (0)   16 :  0.054 0.006 0.060 0.026 0.008 0.026 0.057 0.099 0.005 0.051 0.005 0.008 0.049 0.057 0.063 0.013 0.221 0.070 0.074 0.048     (0.000,0.434) (0.000,0.032) (0.000,0.498) (0.000,0.159) (0.000,0.039) (0.000,0.157) (0.000,0.463) (0.000,0.768) (0.000,0.027) (0.000,0.407) (0.000,0.027) (0.000,0.042) (0.000,0.377) (0.000,0.466) (0.000,0.512) (0.000,0.077) (0.000,0.947) (0.000,0.605) (0.000,0.625) (0.000,0.367) 
291      740    (0)    1 :  0.058 0.013 0.038 0.043 0.010 0.019 0.020 0.088 0.011 0.090 0.012 0.025 0.082 0.073 0.013 0.016 0.185 0.047 0.051 0.105     (0.000,0.468) (0.000,0.080) (0.000,0.275) (0.000,0.319) (0.000,0.056) (0.000,0.109) (0.000,0.118) (0.000,0.685) (0.000,0.074) (0.000,0.669) (0.000,0.074) (0.000,0.178) (0.000,0.604) (0.000,0.603) (0.000,0.073) (0.000,0.103) (0.000,0.911) (0.000,0.362) (0.000,0.408) (0.000,0.742) 
292      743    (0)    4 :  0.040 0.012 0.036 0.032 0.009 0.041 0.032 0.068 0.012 0.035 0.013 0.018 0.231 0.096 0.025 0.017 0.128 0.057 0.045 0.055     (0.000,0.285) (0.000,0.076) (0.000,0.255) (0.000,0.219) (0.000,0.046) (0.000,0.301) (0.000,0.207) (0.000,0.566) (0.000,0.075) (0.000,0.235) (0.000,0.082) (0.000,0.121) (0.000,0.941) (0.000,0.753) (0.000,0.155) (0.000,0.103) (0.000,0.846) (0.000,0.472) (0.000,0.341) (0.000,0.448) 
293      753    (0)   18 :  0.081 0.006 0.056 0.042 0.007 0.046 0.077 0.062 0.006 0.047 0.005 0.007 0.046 0.048 0.120 0.009 0.151 0.075 0.052 0.057     (0.000,0.683) (0.000,0.030) (0.000,0.455) (0.000,0.304) (0.000,0.036) (0.000,0.350) (0.000,0.649) (0.000,0.519) (0.000,0.031) (0.000,0.359) (0.000,0.029) (0.000,0.035) (0.000,0.352) (0.000,0.369) (0.000,0.813) (0.000,0.049) (0.000,0.891) (0.000,0.646) (0.000,0.405) (0.000,0.466) 
294      754    (0)    7 :  0.077 0.008 0.040 0.041 0.006 0.116 0.028 0.077 0.009 0.042 0.008 0.010 0.079 0.067 0.032 0.018 0.045 0.089 0.068 0.139     (0.000,0.655) (0.000,0.047) (0.000,0.280) (0.000,0.300) (0.000,0.032) (0.000,0.816) (0.000,0.176) (0.000,0.644) (0.000,0.050) (0.000,0.299) (0.000,0.044) (0.000,0.057) (0.000,0.669) (0.000,0.565) (0.000,0.208) (0.000,0.104) (0.000,0.337) (0.000,0.734) (0.000,0.578) (0.000,0.882) 
295      755    (0)   17 :  0.054 0.011 0.032 0.047 0.008 0.087 0.037 0.063 0.016 0.032 0.014 0.018 0.244 0.049 0.034 0.012 0.062 0.058 0.031 0.089     (0.000,0.439) (0.000,0.067) (0.000,0.218) (0.000,0.364) (0.000,0.041) (0.000,0.685) (0.000,0.258) (0.000,0.528) (0.000,0.108) (0.000,0.209) (0.000,0.092) (0.000,0.123) (0.000,0.946) (0.000,0.382) (0.000,0.237) (0.000,0.072) (0.000,0.511) (0.000,0.485) (0.000,0.199) (0.000,0.704) 
296      756    (0)   18 :  0.118 0.038 0.033 0.103 0.021 0.026 0.142 0.013 0.016 0.053 0.021 0.068 0.022 0.044 0.016 0.036 0.026 0.035 0.085 0.085     (0.000,0.807) (0.000,0.291) (0.000,0.222) (0.000,0.758) (0.000,0.129) (0.000,0.163) (0.000,0.854) (0.000,0.071) (0.000,0.108) (0.000,0.425) (0.000,0.143) (0.000,0.515) (0.000,0.133) (0.000,0.332) (0.000,0.089) (0.000,0.270) (0.000,0.177) (0.000,0.242) (0.000,0.655) (0.000,0.676) 
297      758   (12)    3 :  0.059 0.007 0.042 0.074 0.009 0.065 0.034 0.049 0.006 0.039 0.006 0.013 0.063 0.082 0.036 0.069 0.043 0.085 0.103 0.117     (0.000,0.483) (0.000,0.035) (0.000,0.303) (0.000,0.606) (0.000,0.047) (0.000,0.530) (0.000,0.234) (0.000,0.384) (0.000,0.033) (0.000,0.275) (0.000,0.033) (0.000,0.072) (0.000,0.515) (0.000,0.672) (0.000,0.245) (0.000,0.509) (0.000,0.327) (0.000,0.696) (0.000,0.779) (0.000,0.826) 
298      760    (0)    3 :  0.078 0.008 0.048 0.023 0.007 0.047 0.091 0.064 0.007 0.037 0.009 0.011 0.020 0.049 0.170 0.017 0.145 0.109 0.029 0.031     (0.000,0.647) (0.000,0.044) (0.000,0.364) (0.000,0.141) (0.000,0.036) (0.000,0.351) (0.000,0.708) (0.000,0.522) (0.000,0.038) (0.000,0.267) (0.000,0.054) (0.000,0.068) (0.000,0.117) (0.000,0.370) (0.000,0.845) (0.000,0.116) (0.000,0.833) (0.000,0.798) (0.000,0.183) (0.000,0.197) 
299      761    (0)    1 :  0.058 0.010 0.086 0.147 0.011 0.035 0.071 0.041 0.008 0.060 0.014 0.021 0.087 0.026 0.052 0.046 0.012 0.049 0.053 0.112     (0.000,0.468) (0.000,0.058) (0.000,0.660) (0.000,0.843) (0.000,0.060) (0.000,0.246) (0.000,0.571) (0.000,0.300) (0.000,0.044) (0.000,0.493) (0.000,0.090) (0.000,0.141) (0.000,0.647) (0.000,0.158) (0.000,0.413) (0.000,0.328) (0.000,0.069) (0.000,0.381) (0.000,0.420) (0.000,0.791) 
300      764    (0)    4 :  0.098 0.022 0.037 0.041 0.009 0.062 0.089 0.038 0.019 0.051 0.018 0.017 0.031 0.043 0.071 0.025 0.013 0.074 0.081 0.163     (0.000,0.754) (0.000,0.152) (0.000,0.261) (0.000,0.305) (0.000,0.045) (0.000,0.500) (0.000,0.705) (0.000,0.269) (0.000,0.126) (0.000,0.401) (0.000,0.118) (0.000,0.103) (0.000,0.204) (0.000,0.320) (0.000,0.566) (0.000,0.178) (0.000,0.071) (0.000,0.613) (0.000,0.651) (0.000,0.893) 
301      765    (0)   18 :  0.070 0.008 0.045 0.049 0.008 0.077 0.044 0.046 0.007 0.071 0.009 0.008 0.044 0.065 0.112 0.021 0.045 0.101 0.094 0.076     (0.000,0.586) (0.000,0.046) (0.000,0.343) (0.000,0.383) (0.000,0.040) (0.000,0.622) (0.000,0.330) (0.000,0.349) (0.000,0.039) (0.000,0.591) (0.000,0.051) (0.000,0.041) (0.000,0.325) (0.000,0.536) (0.000,0.785) (0.000,0.151) (0.000,0.345) (0.000,0.773) (0.000,0.730) (0.000,0.637) 
302      767    (0)   18 :  0.045 0.031 0.088 0.039 0.013 0.041 0.040 0.101 0.031 0.047 0.046 0.022 0.050 0.033 0.047 0.106 0.064 0.053 0.044 0.056     (0.000,0.346) (0.000,0.230) (0.000,0.664) (0.000,0.300) (0.000,0.076) (0.000,0.303) (0.000,0.301) (0.000,0.665) (0.000,0.229) (0.000,0.371) (0.000,0.321) (0.000,0.153) (0.000,0.392) (0.000,0.238) (0.000,0.372) (0.000,0.526) (0.000,0.495) (0.000,0.424) (0.000,0.334) (0.000,0.453) 
303      768    (0)   13 :  0.057 0.044 0.055 0.039 0.014 0.094 0.039 0.060 0.030 0.053 0.045 0.020 0.040 0.043 0.040 0.117 0.034 0.055 0.038 0.081     (0.000,0.452) (0.000,0.314) (0.000,0.436) (0.000,0.299) (0.000,0.084) (0.000,0.656) (0.000,0.290) (0.000,0.469) (0.000,0.222) (0.000,0.420) (0.000,0.311) (0.000,0.137) (0.000,0.299) (0.000,0.336) (0.000,0.308) (0.000,0.550) (0.000,0.253) (0.000,0.444) (0.000,0.281) (0.000,0.610) 
304      770    (0)   18 :  0.052 0.018 0.032 0.021 0.009 0.092 0.033 0.096 0.018 0.029 0.019 0.023 0.054 0.103 0.041 0.041 0.138 0.102 0.035 0.043     (0.000,0.417) (0.000,0.123) (0.000,0.221) (0.000,0.126) (0.000,0.050) (0.000,0.663) (0.000,0.232) (0.000,0.712) (0.000,0.123) (0.000,0.193) (0.000,0.138) (0.000,0.166) (0.000,0.414) (0.000,0.748) (0.000,0.311) (0.000,0.300) (0.000,0.809) (0.000,0.743) (0.000,0.245) (0.000,0.323) 
305      771    (0)    7 :  0.063 0.016 0.084 0.040 0.008 0.030 0.179 0.037 0.014 0.062 0.023 0.007 0.016 0.018 0.291 0.008 0.026 0.030 0.015 0.034     (0.000,0.531) (0.000,0.106) (0.000,0.697) (0.000,0.287) (0.000,0.043) (0.000,0.188) (0.000,0.919) (0.000,0.268) (0.000,0.089) (0.000,0.521) (0.000,0.169) (0.000,0.036) (0.000,0.090) (0.000,0.094) (0.000,0.960) (0.000,0.044) (0.000,0.156) (0.000,0.183) (0.000,0.079) (0.000,0.226) 
306      774    (0)    7 :  0.139 0.014 0.045 0.057 0.009 0.119 0.067 0.036 0.010 0.097 0.017 0.006 0.035 0.055 0.103 0.017 0.039 0.054 0.033 0.048     (0.000,0.873) (0.000,0.085) (0.000,0.337) (0.000,0.461) (0.000,0.050) (0.000,0.809) (0.000,0.545) (0.000,0.250) (0.000,0.058) (0.000,0.757) (0.000,0.112) (0.000,0.034) (0.000,0.237) (0.000,0.449) (0.000,0.761) (0.000,0.109) (0.000,0.275) (0.000,0.438) (0.000,0.218) (0.000,0.371) 
307      775    (0)    7 :  0.110 0.021 0.060 0.085 0.010 0.036 0.110 0.037 0.020 0.085 0.032 0.009 0.027 0.032 0.087 0.015 0.079 0.058 0.037 0.051     (0.000,0.791) (0.000,0.143) (0.000,0.495) (0.000,0.659) (0.000,0.056) (0.000,0.255) (0.000,0.781) (0.000,0.265) (0.000,0.136) (0.000,0.674) (0.000,0.234) (0.000,0.050) (0.000,0.167) (0.000,0.212) (0.000,0.657) (0.000,0.094) (0.000,0.616) (0.000,0.471) (0.000,0.266) (0.000,0.400) 
308      776    (0)   16 :  0.010 0.007 0.009 0.009 0.006 0.013 0.008 0.011 0.006 0.010 0.007 0.008 0.013 0.011 0.008 0.823 0.009 0.011 0.011 0.011     (0.000,0.057) (0.000,0.036) (0.000,0.052) (0.000,0.048) (0.000,0.032) (0.000,0.077) (0.000,0.044) (0.000,0.065) (0.000,0.033) (0.000,0.053) (0.000,0.037) (0.000,0.044) (0.000,0.076) (0.000,0.062) (0.000,0.045) (0.497,0.994) (0.000,0.053) (0.000,0.061) (0.000,0.065) (0.000,0.066) 
309      777   (12)   13 :  0.023 0.023 0.030 0.015 0.019 0.022 0.063 0.048 0.028 0.023 0.032 0.205 0.219 0.028 0.027 0.021 0.041 0.038 0.025 0.070     (0.000,0.149) (0.000,0.163) (0.000,0.222) (0.000,0.089) (0.000,0.116) (0.000,0.138) (0.000,0.484) (0.000,0.377) (0.000,0.211) (0.000,0.148) (0.000,0.239) (0.000,0.710) (0.000,0.917) (0.000,0.188) (0.000,0.196) (0.000,0.146) (0.000,0.303) (0.000,0.280) (0.000,0.167) (0.000,0.523) 
310      778    (0)   10 :  0.056 0.013 0.057 0.025 0.013 0.022 0.062 0.058 0.008 0.055 0.011 0.014 0.073 0.106 0.017 0.032 0.052 0.072 0.152 0.103     (0.000,0.459) (0.000,0.076) (0.000,0.461) (0.000,0.156) (0.000,0.070) (0.000,0.125) (0.000,0.505) (0.000,0.468) (0.000,0.049) (0.000,0.453) (0.000,0.069) (0.000,0.084) (0.000,0.592) (0.000,0.784) (0.000,0.095) (0.000,0.240) (0.000,0.417) (0.000,0.604) (0.000,0.882) (0.000,0.768) 
311      787    (0)   14 :  0.044 0.007 0.043 0.038 0.006 0.155 0.024 0.078 0.008 0.026 0.010 0.011 0.041 0.119 0.029 0.024 0.097 0.134 0.037 0.069     (0.000,0.331) (0.000,0.041) (0.000,0.317) (0.000,0.269) (0.000,0.034) (0.000,0.868) (0.000,0.145) (0.000,0.634) (0.000,0.044) (0.000,0.160) (0.000,0.063) (0.000,0.068) (0.000,0.300) (0.000,0.822) (0.000,0.191) (0.000,0.174) (0.000,0.708) (0.000,0.863) (0.000,0.260) (0.000,0.570) 
312      790    (0)   13 :  0.045 0.023 0.042 0.024 0.010 0.049 0.052 0.115 0.026 0.040 0.030 0.022 0.170 0.051 0.035 0.024 0.038 0.064 0.044 0.096     (0.000,0.345) (0.000,0.162) (0.000,0.318) (0.000,0.155) (0.000,0.054) (0.000,0.385) (0.000,0.412) (0.000,0.777) (0.000,0.189) (0.000,0.296) (0.000,0.221) (0.000,0.147) (0.000,0.887) (0.000,0.407) (0.000,0.254) (0.000,0.171) (0.000,0.271) (0.000,0.534) (0.000,0.336) (0.000,0.712) 
313      793    (0)    7 :  0.057 0.020 0.137 0.055 0.010 0.019 0.120 0.037 0.018 0.029 0.025 0.020 0.038 0.055 0.036 0.015 0.072 0.073 0.106 0.058     (0.000,0.461) (0.000,0.137) (0.000,0.841) (0.000,0.433) (0.000,0.050) (0.000,0.107) (0.000,0.780) (0.000,0.262) (0.000,0.122) (0.000,0.186) (0.000,0.180) (0.000,0.130) (0.000,0.273) (0.000,0.446) (0.000,0.261) (0.000,0.094) (0.000,0.577) (0.000,0.612) (0.000,0.767) (0.000,0.476) 
314      802   (12)    7 :  0.138 0.019 0.132 0.012 0.010 0.031 0.105 0.039 0.017 0.063 0.015 0.047 0.107 0.033 0.016 0.012 0.057 0.062 0.030 0.056     (0.000,0.836) (0.000,0.130) (0.000,0.728) (0.000,0.065) (0.000,0.053) (0.000,0.213) (0.000,0.731) (0.000,0.294) (0.000,0.119) (0.000,0.505) (0.000,0.104) (0.000,0.332) (0.000,0.665) (0.000,0.226) (0.000,0.097) (0.000,0.072) (0.000,0.449) (0.000,0.502) (0.000,0.199) (0.000,0.446) 
315      803   (12)   18 :  0.054 0.006 0.042 0.052 0.008 0.090 0.016 0.115 0.007 0.040 0.006 0.024 0.017 0.087 0.015 0.006 0.239 0.078 0.019 0.079     (0.000,0.425) (0.000,0.034) (0.000,0.302) (0.000,0.403) (0.000,0.039) (0.000,0.654) (0.000,0.091) (0.000,0.809) (0.000,0.037) (0.000,0.295) (0.000,0.036) (0.000,0.172) (0.000,0.097) (0.000,0.700) (0.000,0.088) (0.000,0.034) (0.000,0.938) (0.000,0.649) (0.000,0.107) (0.000,0.607) 
316      804   (12)   20 :  0.071 0.008 0.037 0.045 0.015 0.136 0.037 0.065 0.014 0.069 0.010 0.013 0.086 0.075 0.038 0.007 0.058 0.073 0.034 0.111     (0.000,0.588) (0.000,0.046) (0.000,0.265) (0.000,0.337) (0.000,0.093) (0.000,0.832) (0.000,0.256) (0.000,0.526) (0.000,0.092) (0.000,0.577) (0.000,0.063) (0.000,0.078) (0.000,0.677) (0.000,0.621) (0.000,0.275) (0.000,0.039) (0.000,0.468) (0.000,0.615) (0.000,0.224) (0.000,0.793) 
317      805   (12)    7 :  0.030 0.006 0.097 0.069 0.011 0.038 0.050 0.187 0.005 0.064 0.006 0.010 0.070 0.040 0.072 0.006 0.083 0.047 0.042 0.067     (0.000,0.181) (0.000,0.030) (0.000,0.767) (0.000,0.576) (0.000,0.058) (0.000,0.267) (0.000,0.395) (0.000,0.928) (0.000,0.028) (0.000,0.544) (0.000,0.030) (0.000,0.056) (0.000,0.596) (0.000,0.284) (0.000,0.595) (0.000,0.035) (0.000,0.681) (0.000,0.358) (0.000,0.304) (0.000,0.566) 
318      806    (0)    7 :  0.062 0.011 0.102 0.025 0.010 0.015 0.294 0.057 0.007 0.028 0.006 0.016 0.020 0.047 0.102 0.012 0.035 0.043 0.062 0.046     (0.000,0.516) (0.000,0.064) (0.000,0.772) (0.000,0.149) (0.000,0.051) (0.000,0.085) (0.000,0.962) (0.000,0.461) (0.000,0.038) (0.000,0.179) (0.000,0.033) (0.000,0.094) (0.000,0.113) (0.000,0.361) (0.000,0.756) (0.000,0.076) (0.000,0.244) (0.000,0.310) (0.000,0.506) (0.000,0.349) 
319      807   (12)   18 :  0.034 0.007 0.061 0.031 0.010 0.029 0.038 0.121 0.005 0.054 0.005 0.008 0.041 0.108 0.074 0.013 0.141 0.071 0.091 0.054     (0.000,0.227) (0.000,0.039) (0.000,0.514) (0.000,0.200) (0.000,0.051) (0.000,0.187) (0.000,0.267) (0.000,0.834) (0.000,0.028) (0.000,0.436) (0.000,0.029) (0.000,0.045) (0.000,0.294) (0.000,0.806) (0.000,0.618) (0.000,0.080) (0.000,0.877) (0.000,0.604) (0.000,0.735) (0.000,0.441) 
320      810   (12)   14 :  0.030 0.008 0.056 0.091 0.010 0.024 0.027 0.043 0.008 0.043 0.008 0.011 0.041 0.091 0.034 0.011 0.249 0.066 0.104 0.044     (0.000,0.187) (0.000,0.047) (0.000,0.458) (0.000,0.737) (0.000,0.050) (0.000,0.142) (0.000,0.163) (0.000,0.315) (0.000,0.044) (0.000,0.319) (0.000,0.047) (0.000,0.058) (0.000,0.291) (0.000,0.746) (0.000,0.229) (0.000,0.064) (0.000,0.955) (0.000,0.565) (0.000,0.795) (0.000,0.328) 
321      811   (12)    1 :  0.173 0.011 0.066 0.067 0.007 0.052 0.040 0.045 0.011 0.128 0.010 0.007 0.018 0.045 0.086 0.007 0.029 0.046 0.027 0.127     (0.000,0.913) (0.000,0.064) (0.000,0.548) (0.000,0.547) (0.000,0.035) (0.000,0.414) (0.000,0.293) (0.000,0.336) (0.000,0.063) (0.000,0.834) (0.000,0.059) (0.000,0.036) (0.000,0.103) (0.000,0.339) (0.000,0.645) (0.000,0.036) (0.000,0.180) (0.000,0.350) (0.000,0.169) (0.000,0.836) 
322      812   (25)    9 :  0.055 0.102 0.038 0.035 0.008 0.040 0.056 0.029 0.195 0.030 0.068 0.020 0.025 0.042 0.079 0.009 0.033 0.046 0.039 0.051     (0.000,0.432) (0.000,0.569) (0.000,0.287) (0.000,0.260) (0.000,0.042) (0.000,0.307) (0.000,0.433) (0.000,0.201) (0.000,0.707) (0.000,0.214) (0.000,0.463) (0.000,0.125) (0.000,0.164) (0.000,0.313) (0.000,0.543) (0.000,0.049) (0.000,0.238) (0.000,0.355) (0.000,0.298) (0.000,0.402) 
323      813   (25)   18 :  0.098 0.014 0.037 0.035 0.009 0.119 0.042 0.064 0.014 0.049 0.010 0.010 0.044 0.063 0.089 0.015 0.033 0.086 0.065 0.104     (0.000,0.774) (0.000,0.080) (0.000,0.253) (0.000,0.241) (0.000,0.045) (0.000,0.822) (0.000,0.308) (0.000,0.533) (0.000,0.082) (0.000,0.383) (0.000,0.058) (0.000,0.054) (0.000,0.332) (0.000,0.532) (0.000,0.723) (0.000,0.082) (0.000,0.214) (0.000,0.708) (0.000,0.551) (0.000,0.791) 
324      814   (25)   13 :  0.047 0.028 0.039 0.028 0.052 0.040 0.080 0.043 0.023 0.047 0.037 0.226 0.046 0.029 0.051 0.021 0.022 0.044 0.046 0.051     (0.000,0.366) (0.000,0.201) (0.000,0.297) (0.000,0.199) (0.000,0.370) (0.000,0.305) (0.000,0.572) (0.000,0.330) (0.000,0.167) (0.000,0.371) (0.000,0.273) (0.000,0.649) (0.000,0.361) (0.000,0.205) (0.000,0.394) (0.000,0.153) (0.000,0.137) (0.000,0.340) (0.000,0.349) (0.000,0.397) 
325      815   (25)   19 :  0.026 0.006 0.029 0.029 0.010 0.213 0.014 0.040 0.005 0.027 0.006 0.010 0.255 0.055 0.062 0.014 0.074 0.049 0.036 0.042     (0.000,0.156) (0.000,0.031) (0.000,0.180) (0.000,0.199) (0.000,0.050) (0.000,0.935) (0.000,0.076) (0.000,0.286) (0.000,0.029) (0.000,0.178) (0.000,0.033) (0.000,0.052) (0.000,0.954) (0.000,0.447) (0.000,0.506) (0.000,0.081) (0.000,0.608) (0.000,0.387) (0.000,0.255) (0.000,0.301) 
326      816   (25)   20 :  0.047 0.023 0.126 0.068 0.019 0.019 0.137 0.020 0.033 0.219 0.028 0.033 0.016 0.017 0.025 0.007 0.103 0.022 0.020 0.018     (0.000,0.365) (0.000,0.163) (0.000,0.776) (0.000,0.558) (0.000,0.129) (0.000,0.116) (0.000,0.833) (0.000,0.121) (0.000,0.247) (0.000,0.932) (0.000,0.205) (0.000,0.238) (0.000,0.088) (0.000,0.093) (0.000,0.167) (0.000,0.036) (0.000,0.713) (0.000,0.127) (0.000,0.114) (0.000,0.103) 
327      818    (0)   17 :  0.060 0.006 0.101 0.031 0.006 0.012 0.055 0.062 0.006 0.227 0.006 0.008 0.025 0.040 0.012 0.006 0.224 0.035 0.024 0.054     (0.000,0.488) (0.000,0.034) (0.000,0.758) (0.000,0.207) (0.000,0.031) (0.000,0.067) (0.000,0.439) (0.000,0.492) (0.000,0.031) (0.000,0.941) (0.000,0.031) (0.000,0.045) (0.000,0.156) (0.000,0.289) (0.000,0.067) (0.000,0.035) (0.000,0.944) (0.000,0.238) (0.000,0.143) (0.000,0.421) 
328      822   (25)    7 :  0.028 0.012 0.105 0.023 0.014 0.009 0.393 0.025 0.007 0.168 0.013 0.011 0.014 0.012 0.021 0.010 0.089 0.017 0.014 0.014     (0.000,0.164) (0.000,0.074) (0.000,0.784) (0.000,0.130) (0.000,0.079) (0.000,0.047) (0.000,0.980) (0.000,0.158) (0.000,0.041) (0.000,0.917) (0.000,0.086) (0.000,0.059) (0.000,0.072) (0.000,0.064) (0.000,0.130) (0.000,0.059) (0.000,0.705) (0.000,0.091) (0.000,0.076) (0.000,0.071) 
329      824   (12)   17 :  0.067 0.006 0.097 0.029 0.007 0.013 0.065 0.057 0.005 0.332 0.005 0.007 0.019 0.033 0.020 0.006 0.146 0.030 0.018 0.038     (0.000,0.560) (0.000,0.031) (0.000,0.745) (0.000,0.187) (0.000,0.035) (0.000,0.074) (0.000,0.528) (0.000,0.457) (0.000,0.027) (0.000,0.972) (0.000,0.027) (0.000,0.036) (0.000,0.113) (0.000,0.215) (0.000,0.125) (0.000,0.032) (0.000,0.884) (0.000,0.189) (0.000,0.101) (0.000,0.270) 
330      825    (0)    7 :  0.055 0.031 0.112 0.103 0.015 0.024 0.164 0.037 0.021 0.052 0.011 0.019 0.059 0.081 0.036 0.006 0.042 0.059 0.049 0.024     (0.000,0.440) (0.000,0.231) (0.000,0.728) (0.000,0.707) (0.000,0.089) (0.000,0.157) (0.000,0.876) (0.000,0.275) (0.000,0.155) (0.000,0.405) (0.000,0.064) (0.000,0.113) (0.000,0.461) (0.000,0.629) (0.000,0.260) (0.000,0.031) (0.000,0.319) (0.000,0.469) (0.000,0.382) (0.000,0.155) 
331      826    (0)    7 :  0.040 0.026 0.209 0.068 0.014 0.017 0.136 0.043 0.022 0.061 0.018 0.021 0.033 0.059 0.036 0.006 0.067 0.033 0.059 0.032     (0.000,0.288) (0.000,0.194) (0.000,0.921) (0.000,0.545) (0.000,0.084) (0.000,0.095) (0.000,0.841) (0.000,0.321) (0.000,0.162) (0.000,0.495) (0.000,0.123) (0.000,0.133) (0.000,0.226) (0.000,0.479) (0.000,0.258) (0.000,0.033) (0.000,0.531) (0.000,0.221) (0.000,0.479) (0.000,0.213) 
332      834   (12)    5 :  0.080 0.012 0.052 0.068 0.011 0.021 0.132 0.034 0.007 0.260 0.011 0.026 0.031 0.025 0.023 0.007 0.102 0.033 0.026 0.038     (0.000,0.649) (0.000,0.078) (0.000,0.414) (0.000,0.536) (0.000,0.060) (0.000,0.123) (0.000,0.844) (0.000,0.238) (0.000,0.039) (0.000,0.955) (0.000,0.070) (0.000,0.188) (0.000,0.210) (0.000,0.154) (0.000,0.149) (0.000,0.040) (0.000,0.702) (0.000,0.222) (0.000,0.160) (0.000,0.272) 
333      842    (0)    2 :  0.007 0.348 0.010 0.007 0.010 0.061 0.007 0.005 0.284 0.007 0.176 0.017 0.005 0.010 0.006 0.012 0.005 0.009 0.006 0.007     (0.000,0.041) (0.000,0.964) (0.000,0.060) (0.000,0.040) (0.000,0.063) (0.000,0.280) (0.000,0.040) (0.000,0.029) (0.000,0.922) (0.000,0.037) (0.000,0.883) (0.000,0.092) (0.000,0.029) (0.000,0.067) (0.000,0.034) (0.000,0.082) (0.000,0.025) (0.000,0.059) (0.000,0.034) (0.000,0.038) 
334      846    (0)    2 :  0.009 0.561 0.005 0.009 0.005 0.007 0.007 0.006 0.266 0.007 0.039 0.025 0.007 0.008 0.006 0.006 0.006 0.008 0.007 0.007     (0.000,0.047) (0.000,0.992) (0.000,0.028) (0.000,0.049) (0.000,0.025) (0.000,0.037) (0.000,0.038) (0.000,0.029) (0.000,0.973) (0.000,0.036) (0.000,0.279) (0.000,0.149) (0.000,0.039) (0.000,0.041) (0.000,0.033) (0.000,0.030) (0.000,0.032) (0.000,0.041) (0.000,0.038) (0.000,0.035) 
335      849    (0)    9 :  0.007 0.279 0.006 0.009 0.004 0.006 0.006 0.005 0.301 0.007 0.310 0.012 0.005 0.006 0.006 0.005 0.005 0.006 0.006 0.007     (0.000,0.038) (0.000,0.978) (0.000,0.033) (0.000,0.051) (0.000,0.021) (0.000,0.034) (0.000,0.032) (0.000,0.028) (0.000,0.980) (0.000,0.036) (0.000,0.983) (0.000,0.067) (0.000,0.029) (0.000,0.033) (0.000,0.033) (0.000,0.025) (0.000,0.029) (0.000,0.032) (0.000,0.033) (0.000,0.036) 
336      855    (0)    9 :  0.007 0.341 0.005 0.007 0.019 0.006 0.007 0.006 0.204 0.006 0.327 0.013 0.007 0.007 0.006 0.006 0.005 0.006 0.007 0.006     (0.000,0.038) (0.000,0.982) (0.000,0.028) (0.000,0.037) (0.000,0.138) (0.000,0.033) (0.000,0.035) (0.000,0.030) (0.000,0.954) (0.000,0.033) (0.000,0.980) (0.000,0.072) (0.000,0.037) (0.000,0.041) (0.000,0.034) (0.000,0.033) (0.000,0.028) (0.000,0.035) (0.000,0.038) (0.000,0.034) 
337      860    (0)    3 :  0.043 0.009 0.246 0.085 0.007 0.024 0.037 0.028 0.010 0.174 0.008 0.012 0.034 0.041 0.029 0.006 0.043 0.068 0.046 0.050     (0.000,0.313) (0.000,0.050) (0.000,0.934) (0.000,0.660) (0.000,0.038) (0.000,0.159) (0.000,0.267) (0.000,0.191) (0.000,0.061) (0.000,0.897) (0.000,0.043) (0.000,0.073) (0.000,0.231) (0.000,0.305) (0.000,0.200) (0.000,0.034) (0.000,0.326) (0.000,0.556) (0.000,0.351) (0.000,0.385) 
338      864    (0)   18 :  0.036 0.009 0.077 0.133 0.007 0.023 0.063 0.054 0.008 0.134 0.008 0.029 0.041 0.034 0.051 0.010 0.107 0.066 0.058 0.051     (0.000,0.243) (0.000,0.051) (0.000,0.625) (0.000,0.841) (0.000,0.036) (0.000,0.144) (0.000,0.513) (0.000,0.424) (0.000,0.044) (0.000,0.848) (0.000,0.045) (0.000,0.203) (0.000,0.299) (0.000,0.233) (0.000,0.392) (0.000,0.058) (0.000,0.740) (0.000,0.551) (0.000,0.476) (0.000,0.405) 
339      866    (0)    3 :  0.084 0.031 0.078 0.056 0.009 0.046 0.056 0.042 0.032 0.085 0.029 0.025 0.037 0.058 0.034 0.010 0.038 0.110 0.070 0.071     (0.000,0.571) (0.000,0.229) (0.000,0.533) (0.000,0.416) (0.000,0.046) (0.000,0.337) (0.000,0.400) (0.000,0.299) (0.000,0.235) (0.000,0.570) (0.000,0.213) (0.000,0.170) (0.000,0.264) (0.000,0.405) (0.000,0.235) (0.000,0.057) (0.000,0.268) (0.000,0.641) (0.000,0.477) (0.000,0.489) 
340      868    (0)   12 :  0.016 0.008 0.036 0.021 0.008 0.011 0.017 0.013 0.007 0.020 0.007 0.685 0.011 0.019 0.009 0.013 0.043 0.020 0.025 0.012     (0.000,0.097) (0.000,0.044) (0.000,0.266) (0.000,0.139) (0.000,0.042) (0.000,0.061) (0.000,0.104) (0.000,0.073) (0.000,0.040) (0.000,0.130) (0.000,0.037) (0.196,0.985) (0.000,0.060) (0.000,0.124) (0.000,0.049) (0.000,0.084) (0.000,0.320) (0.000,0.125) (0.000,0.172) (0.000,0.070) 
341      869    (0)    3 :  0.072 0.010 0.249 0.055 0.009 0.036 0.054 0.041 0.014 0.096 0.008 0.035 0.034 0.046 0.014 0.006 0.058 0.072 0.028 0.062     (0.000,0.580) (0.000,0.057) (0.000,0.924) (0.000,0.425) (0.000,0.051) (0.000,0.270) (0.000,0.425) (0.000,0.306) (0.000,0.088) (0.000,0.669) (0.000,0.047) (0.000,0.258) (0.000,0.240) (0.000,0.352) (0.000,0.083) (0.000,0.033) (0.000,0.431) (0.000,0.582) (0.000,0.183) (0.000,0.486) 
342      872    (0)    3 :  0.050 0.020 0.362 0.053 0.020 0.012 0.076 0.027 0.021 0.049 0.012 0.015 0.020 0.045 0.031 0.006 0.033 0.059 0.059 0.029     (0.000,0.385) (0.000,0.139) (0.000,0.950) (0.000,0.419) (0.000,0.141) (0.000,0.068) (0.000,0.559) (0.000,0.178) (0.000,0.152) (0.000,0.381) (0.000,0.076) (0.000,0.091) (0.000,0.120) (0.000,0.337) (0.000,0.223) (0.000,0.035) (0.000,0.240) (0.000,0.471) (0.000,0.451) (0.000,0.184) 
343      873    (0)    3 :  0.037 0.017 0.432 0.083 0.007 0.012 0.053 0.021 0.026 0.049 0.014 0.025 0.018 0.024 0.019 0.007 0.047 0.044 0.036 0.030     (0.000,0.257) (0.000,0.119) (0.000,0.972) (0.000,0.651) (0.000,0.037) (0.000,0.066) (0.000,0.411) (0.000,0.126) (0.000,0.191) (0.000,0.377) (0.000,0.094) (0.000,0.164) (0.000,0.102) (0.000,0.151) (0.000,0.115) (0.000,0.037) (0.000,0.359) (0.000,0.332) (0.000,0.253) (0.000,0.197) 
344      878    (0)   18 :  0.047 0.019 0.053 0.085 0.009 0.037 0.048 0.071 0.024 0.090 0.018 0.030 0.087 0.042 0.035 0.012 0.178 0.046 0.033 0.036     (0.000,0.360) (0.000,0.130) (0.000,0.420) (0.000,0.633) (0.000,0.050) (0.000,0.269) (0.000,0.371) (0.000,0.574) (0.000,0.177) (0.000,0.680) (0.000,0.127) (0.000,0.215) (0.000,0.646) (0.000,0.309) (0.000,0.256) (0.000,0.075) (0.000,0.889) (0.000,0.358) (0.000,0.224) (0.000,0.251) 
345      880    (0)    1 :  0.103 0.009 0.114 0.082 0.007 0.079 0.037 0.036 0.012 0.116 0.006 0.011 0.108 0.038 0.019 0.007 0.018 0.117 0.030 0.052     (0.000,0.761) (0.000,0.055) (0.000,0.691) (0.000,0.616) (0.000,0.034) (0.000,0.571) (0.000,0.266) (0.000,0.260) (0.000,0.074) (0.000,0.752) (0.000,0.032) (0.000,0.065) (0.000,0.759) (0.000,0.276) (0.000,0.112) (0.000,0.037) (0.000,0.108) (0.000,0.798) (0.000,0.198) (0.000,0.407) 
346      887    (0)   14 :  0.040 0.006 0.048 0.043 0.007 0.133 0.024 0.047 0.005 0.082 0.006 0.015 0.223 0.054 0.032 0.009 0.072 0.057 0.048 0.048     (0.000,0.286) (0.000,0.032) (0.000,0.363) (0.000,0.328) (0.000,0.034) (0.000,0.796) (0.000,0.145) (0.000,0.359) (0.000,0.027) (0.000,0.622) (0.000,0.031) (0.000,0.089) (0.000,0.939) (0.000,0.434) (0.000,0.220) (0.000,0.052) (0.000,0.568) (0.000,0.467) (0.000,0.372) (0.000,0.370) 
347      888    (0)    3 :  0.068 0.015 0.081 0.041 0.008 0.089 0.058 0.031 0.010 0.086 0.010 0.043 0.092 0.062 0.056 0.014 0.033 0.059 0.076 0.069     (0.000,0.547) (0.000,0.094) (0.000,0.610) (0.000,0.308) (0.000,0.044) (0.000,0.617) (0.000,0.457) (0.000,0.209) (0.000,0.056) (0.000,0.635) (0.000,0.060) (0.000,0.324) (0.000,0.650) (0.000,0.491) (0.000,0.426) (0.000,0.091) (0.000,0.233) (0.000,0.474) (0.000,0.600) (0.000,0.556) 
348      891    (0)    7 :  0.078 0.024 0.095 0.074 0.006 0.051 0.054 0.030 0.018 0.133 0.020 0.036 0.047 0.051 0.029 0.010 0.044 0.059 0.080 0.060     (0.000,0.646) (0.000,0.170) (0.000,0.704) (0.000,0.589) (0.000,0.034) (0.000,0.401) (0.000,0.432) (0.000,0.200) (0.000,0.121) (0.000,0.836) (0.000,0.140) (0.000,0.257) (0.000,0.367) (0.000,0.403) (0.000,0.190) (0.000,0.058) (0.000,0.337) (0.000,0.487) (0.000,0.645) (0.000,0.489) 
349      895   (12)   13 :  0.034 0.009 0.058 0.022 0.011 0.015 0.178 0.085 0.009 0.053 0.008 0.076 0.034 0.023 0.045 0.010 0.187 0.055 0.025 0.063     (0.000,0.233) (0.000,0.051) (0.000,0.468) (0.000,0.137) (0.000,0.059) (0.000,0.082) (0.000,0.902) (0.000,0.632) (0.000,0.048) (0.000,0.421) (0.000,0.044) (0.000,0.428) (0.000,0.238) (0.000,0.136) (0.000,0.346) (0.000,0.055) (0.000,0.898) (0.000,0.443) (0.000,0.158) (0.000,0.497) 
350      896    (0)   17 :  0.016 0.007 0.085 0.022 0.009 0.016 0.027 0.042 0.006 0.268 0.006 0.009 0.051 0.037 0.018 0.013 0.134 0.118 0.091 0.025     (0.000,0.089) (0.000,0.039) (0.000,0.666) (0.000,0.134) (0.000,0.044) (0.000,0.095) (0.000,0.177) (0.000,0.319) (0.000,0.034) (0.000,0.952) (0.000,0.031) (0.000,0.048) (0.000,0.400) (0.000,0.263) (0.000,0.108) (0.000,0.085) (0.000,0.837) (0.000,0.813) (0.000,0.698) (0.000,0.153) 
351      901    (0)    1 :  0.087 0.030 0.089 0.043 0.016 0.138 0.065 0.025 0.076 0.087 0.039 0.031 0.032 0.036 0.045 0.013 0.045 0.037 0.030 0.036     (0.000,0.663) (0.000,0.222) (0.000,0.621) (0.000,0.330) (0.000,0.097) (0.000,0.785) (0.000,0.503) (0.000,0.168) (0.000,0.426) (0.000,0.621) (0.000,0.285) (0.000,0.226) (0.000,0.227) (0.000,0.261) (0.000,0.343) (0.000,0.085) (0.000,0.349) (0.000,0.266) (0.000,0.198) (0.000,0.259) 
352      904    (0)    3 :  0.039 0.011 0.212 0.140 0.006 0.035 0.028 0.055 0.011 0.088 0.014 0.014 0.084 0.030 0.028 0.013 0.067 0.049 0.033 0.044     (0.000,0.274) (0.000,0.068) (0.000,0.923) (0.000,0.857) (0.000,0.031) (0.000,0.255) (0.000,0.177) (0.000,0.438) (0.000,0.066) (0.000,0.694) (0.000,0.090) (0.000,0.078) (0.000,0.646) (0.000,0.196) (0.000,0.188) (0.000,0.076) (0.000,0.532) (0.000,0.376) (0.000,0.227) (0.000,0.331) 
353      905    (0)    1 :  0.075 0.009 0.068 0.084 0.013 0.095 0.111 0.028 0.008 0.090 0.008 0.015 0.073 0.056 0.066 0.007 0.066 0.044 0.034 0.049     (0.000,0.603) (0.000,0.054) (0.000,0.534) (0.000,0.619) (0.000,0.076) (0.000,0.639) (0.000,0.727) (0.000,0.185) (0.000,0.042) (0.000,0.656) (0.000,0.045) (0.000,0.089) (0.000,0.541) (0.000,0.440) (0.000,0.494) (0.000,0.038) (0.000,0.508) (0.000,0.325) (0.000,0.236) (0.000,0.376) 
354      910    (0)   12 :  0.029 0.115 0.057 0.084 0.007 0.015 0.032 0.017 0.135 0.041 0.081 0.112 0.022 0.045 0.013 0.024 0.044 0.034 0.060 0.032     (0.000,0.204) (0.000,0.582) (0.000,0.419) (0.000,0.563) (0.000,0.038) (0.000,0.092) (0.000,0.236) (0.000,0.102) (0.000,0.580) (0.000,0.314) (0.000,0.491) (0.000,0.730) (0.000,0.148) (0.000,0.347) (0.000,0.075) (0.000,0.174) (0.000,0.330) (0.000,0.252) (0.000,0.449) (0.000,0.230) 
355      912    (0)   17 :  0.047 0.014 0.033 0.019 0.008 0.027 0.033 0.046 0.014 0.059 0.014 0.034 0.273 0.065 0.010 0.015 0.148 0.048 0.048 0.045     (0.000,0.365) (0.000,0.094) (0.000,0.225) (0.000,0.109) (0.000,0.042) (0.000,0.176) (0.000,0.221) (0.000,0.347) (0.000,0.094) (0.000,0.479) (0.000,0.087) (0.000,0.250) (0.000,0.953) (0.000,0.542) (0.000,0.054) (0.000,0.088) (0.000,0.871) (0.000,0.377) (0.000,0.379) (0.000,0.340) 
356      913    (0)   13 :  0.031 0.010 0.029 0.020 0.007 0.015 0.034 0.032 0.010 0.038 0.011 0.017 0.117 0.045 0.013 0.015 0.454 0.045 0.032 0.025     (0.000,0.196) (0.000,0.058) (0.000,0.192) (0.000,0.117) (0.000,0.037) (0.000,0.080) (0.000,0.232) (0.000,0.206) (0.000,0.066) (0.000,0.264) (0.000,0.066) (0.000,0.108) (0.000,0.803) (0.000,0.345) (0.000,0.069) (0.000,0.096) (0.000,0.982) (0.000,0.339) (0.000,0.203) (0.000,0.148) 
357      917    (0)    8 :  0.037 0.005 0.078 0.038 0.006 0.024 0.058 0.072 0.004 0.073 0.005 0.007 0.045 0.063 0.044 0.012 0.295 0.061 0.040 0.032     (0.000,0.258) (0.000,0.026) (0.000,0.639) (0.000,0.268) (0.000,0.032) (0.000,0.153) (0.000,0.467) (0.000,0.593) (0.000,0.024) (0.000,0.614) (0.000,0.026) (0.000,0.040) (0.000,0.340) (0.000,0.521) (0.000,0.331) (0.000,0.071) (0.000,0.966) (0.000,0.511) (0.000,0.288) (0.000,0.202) 
358      925    (0)   14 :  0.095 0.018 0.070 0.080 0.011 0.026 0.049 0.056 0.013 0.120 0.017 0.097 0.016 0.065 0.012 0.034 0.038 0.047 0.040 0.095     (0.000,0.693) (0.000,0.118) (0.000,0.542) (0.000,0.594) (0.000,0.064) (0.000,0.180) (0.000,0.375) (0.000,0.429) (0.000,0.085) (0.000,0.718) (0.000,0.119) (0.000,0.569) (0.000,0.092) (0.000,0.518) (0.000,0.065) (0.000,0.251) (0.000,0.281) (0.000,0.360) (0.000,0.297) (0.000,0.675) 
359      930    (0)   14 :  0.079 0.009 0.079 0.056 0.009 0.043 0.074 0.042 0.007 0.133 0.010 0.015 0.067 0.069 0.023 0.053 0.039 0.056 0.087 0.048     (0.000,0.650) (0.000,0.049) (0.000,0.623) (0.000,0.445) (0.000,0.049) (0.000,0.326) (0.000,0.599) (0.000,0.313) (0.000,0.037) (0.000,0.847) (0.000,0.062) (0.000,0.088) (0.000,0.545) (0.000,0.569) (0.000,0.144) (0.000,0.387) (0.000,0.293) (0.000,0.451) (0.000,0.692) (0.000,0.373) 
360      934   (12)    3 :  0.029 0.006 0.101 0.088 0.010 0.031 0.038 0.102 0.006 0.118 0.006 0.023 0.064 0.035 0.025 0.010 0.141 0.053 0.066 0.048     (0.000,0.179) (0.000,0.035) (0.000,0.763) (0.000,0.700) (0.000,0.049) (0.000,0.204) (0.000,0.267) (0.000,0.764) (0.000,0.032) (0.000,0.824) (0.000,0.033) (0.000,0.136) (0.000,0.533) (0.000,0.239) (0.000,0.156) (0.000,0.057) (0.000,0.859) (0.000,0.421) (0.000,0.552) (0.000,0.378) 
361      935   (12)   15 :  0.059 0.017 0.059 0.059 0.020 0.019 0.138 0.027 0.007 0.150 0.009 0.152 0.026 0.034 0.018 0.035 0.026 0.027 0.075 0.042     (0.000,0.488) (0.000,0.102) (0.000,0.474) (0.000,0.474) (0.000,0.123) (0.000,0.111) (0.000,0.855) (0.000,0.171) (0.000,0.037) (0.000,0.874) (0.000,0.053) (0.000,0.873) (0.000,0.164) (0.000,0.233) (0.000,0.098) (0.000,0.266) (0.000,0.175) (0.000,0.164) (0.000,0.616) (0.000,0.305) 
362      936   (12)   14 :  0.076 0.008 0.067 0.074 0.007 0.084 0.039 0.063 0.007 0.147 0.008 0.013 0.079 0.059 0.030 0.015 0.069 0.060 0.050 0.045     (0.000,0.637) (0.000,0.042) (0.000,0.540) (0.000,0.612) (0.000,0.038) (0.000,0.648) (0.000,0.276) (0.000,0.517) (0.000,0.036) (0.000,0.881) (0.000,0.045) (0.000,0.072) (0.000,0.660) (0.000,0.486) (0.000,0.200) (0.000,0.087) (0.000,0.566) (0.000,0.497) (0.000,0.396) (0.000,0.342) 
363      937   (25)   18 :  0.042 0.012 0.063 0.059 0.015 0.043 0.082 0.065 0.016 0.087 0.016 0.035 0.168 0.038 0.035 0.007 0.120 0.038 0.025 0.034     (0.000,0.310) (0.000,0.075) (0.000,0.501) (0.000,0.478) (0.000,0.084) (0.000,0.329) (0.000,0.643) (0.000,0.536) (0.000,0.107) (0.000,0.676) (0.000,0.103) (0.000,0.254) (0.000,0.891) (0.000,0.265) (0.000,0.257) (0.000,0.041) (0.000,0.804) (0.000,0.266) (0.000,0.149) (0.000,0.235) 
364      938    (0)   10 :  0.052 0.008 0.053 0.062 0.011 0.037 0.067 0.175 0.007 0.061 0.008 0.012 0.066 0.044 0.176 0.011 0.035 0.045 0.032 0.039     (0.000,0.410) (0.000,0.046) (0.000,0.420) (0.000,0.499) (0.000,0.063) (0.000,0.265) (0.000,0.558) (0.000,0.905) (0.000,0.038) (0.000,0.498) (0.000,0.041) (0.000,0.069) (0.000,0.549) (0.000,0.322) (0.000,0.905) (0.000,0.066) (0.000,0.237) (0.000,0.341) (0.000,0.205) (0.000,0.280) 
365      939    (0)   13 :  0.039 0.043 0.082 0.176 0.012 0.037 0.058 0.048 0.046 0.040 0.051 0.024 0.053 0.067 0.074 0.006 0.022 0.038 0.033 0.051     (0.000,0.281) (0.000,0.324) (0.000,0.642) (0.000,0.895) (0.000,0.074) (0.000,0.267) (0.000,0.455) (0.000,0.367) (0.000,0.342) (0.000,0.294) (0.000,0.379) (0.000,0.159) (0.000,0.417) (0.000,0.533) (0.000,0.560) (0.000,0.033) (0.000,0.131) (0.000,0.270) (0.000,0.225) (0.000,0.400) 
366      941    (0)   19 :  0.029 0.014 0.026 0.041 0.019 0.025 0.037 0.030 0.019 0.026 0.018 0.023 0.119 0.060 0.026 0.008 0.048 0.160 0.246 0.026     (0.000,0.196) (0.000,0.092) (0.000,0.175) (0.000,0.316) (0.000,0.126) (0.000,0.162) (0.000,0.269) (0.000,0.208) (0.000,0.132) (0.000,0.165) (0.000,0.128) (0.000,0.161) (0.000,0.713) (0.000,0.473) (0.000,0.178) (0.000,0.046) (0.000,0.370) (0.000,0.821) (0.000,0.892) (0.000,0.166) 
367      943    (0)    7 :  0.115 0.007 0.063 0.091 0.089 0.016 0.126 0.030 0.005 0.135 0.007 0.011 0.024 0.028 0.097 0.004 0.048 0.025 0.035 0.044     (0.000,0.755) (0.000,0.040) (0.000,0.486) (0.000,0.636) (0.000,0.441) (0.000,0.091) (0.000,0.707) (0.000,0.213) (0.000,0.028) (0.000,0.739) (0.000,0.037) (0.000,0.066) (0.000,0.151) (0.000,0.186) (0.000,0.639) (0.000,0.022) (0.000,0.365) (0.000,0.155) (0.000,0.251) (0.000,0.329) 
368      946    (0)    1 :  0.050 0.021 0.104 0.045 0.016 0.023 0.089 0.056 0.017 0.046 0.018 0.012 0.073 0.150 0.040 0.006 0.093 0.046 0.053 0.042     (0.000,0.392) (0.000,0.147) (0.000,0.762) (0.000,0.341) (0.000,0.099) (0.000,0.140) (0.000,0.690) (0.000,0.448) (0.000,0.122) (0.000,0.354) (0.000,0.123) (0.000,0.069) (0.000,0.578) (0.000,0.874) (0.000,0.294) (0.000,0.030) (0.000,0.701) (0.000,0.352) (0.000,0.428) (0.000,0.313) 
369      947    (0)   20 :  0.047 0.032 0.063 0.037 0.023 0.081 0.043 0.114 0.032 0.031 0.026 0.030 0.106 0.086 0.043 0.033 0.029 0.043 0.042 0.059     (0.000,0.365) (0.000,0.234) (0.000,0.510) (0.000,0.270) (0.000,0.151) (0.000,0.592) (0.000,0.328) (0.000,0.723) (0.000,0.230) (0.000,0.215) (0.000,0.189) (0.000,0.221) (0.000,0.740) (0.000,0.634) (0.000,0.329) (0.000,0.232) (0.000,0.196) (0.000,0.326) (0.000,0.316) (0.000,0.471) 
370      948    (0)   14 :  0.040 0.007 0.079 0.067 0.012 0.028 0.042 0.084 0.007 0.036 0.007 0.007 0.201 0.084 0.043 0.007 0.109 0.058 0.038 0.044     (0.000,0.291) (0.000,0.038) (0.000,0.628) (0.000,0.526) (0.000,0.072) (0.000,0.188) (0.000,0.313) (0.000,0.674) (0.000,0.038) (0.000,0.250) (0.000,0.039) (0.000,0.036) (0.000,0.919) (0.000,0.657) (0.000,0.318) (0.000,0.039) (0.000,0.781) (0.000,0.477) (0.000,0.277) (0.000,0.324) 
371      950    (0)   13 :  0.040 0.010 0.071 0.121 0.015 0.039 0.059 0.101 0.010 0.042 0.010 0.011 0.092 0.113 0.059 0.007 0.070 0.045 0.042 0.044     (0.000,0.289) (0.000,0.058) (0.000,0.593) (0.000,0.823) (0.000,0.087) (0.000,0.290) (0.000,0.481) (0.000,0.753) (0.000,0.061) (0.000,0.307) (0.000,0.061) (0.000,0.062) (0.000,0.723) (0.000,0.808) (0.000,0.473) (0.000,0.036) (0.000,0.574) (0.000,0.342) (0.000,0.305) (0.000,0.328) 
372      955    (0)   14 :  0.031 0.007 0.079 0.046 0.012 0.023 0.096 0.192 0.006 0.034 0.007 0.010 0.091 0.083 0.076 0.007 0.076 0.047 0.032 0.044     (0.000,0.197) (0.000,0.037) (0.000,0.655) (0.000,0.352) (0.000,0.070) (0.000,0.145) (0.000,0.738) (0.000,0.922) (0.000,0.036) (0.000,0.228) (0.000,0.039) (0.000,0.056) (0.000,0.719) (0.000,0.674) (0.000,0.601) (0.000,0.041) (0.000,0.629) (0.000,0.356) (0.000,0.203) (0.000,0.326) 
373      956   (25)    4 :  0.033 0.014 0.051 0.026 0.060 0.015 0.224 0.055 0.008 0.027 0.007 0.030 0.039 0.135 0.042 0.015 0.020 0.033 0.117 0.047     (0.000,0.219) (0.000,0.086) (0.000,0.408) (0.000,0.158) (0.000,0.456) (0.000,0.080) (0.000,0.944) (0.000,0.441) (0.000,0.045) (0.000,0.164) (0.000,0.038) (0.000,0.214) (0.000,0.280) (0.000,0.866) (0.000,0.316) (0.000,0.096) (0.000,0.124) (0.000,0.213) (0.000,0.820) (0.000,0.364) 
374      958    (0)    1 :  0.057 0.006 0.038 0.024 0.014 0.040 0.037 0.083 0.005 0.046 0.005 0.010 0.206 0.121 0.021 0.012 0.085 0.055 0.086 0.048     (0.000,0.469) (0.000,0.033) (0.000,0.260) (0.000,0.146) (0.000,0.083) (0.000,0.289) (0.000,0.255) (0.000,0.687) (0.000,0.027) (0.000,0.354) (0.000,0.029) (0.000,0.053) (0.000,0.938) (0.000,0.843) (0.000,0.126) (0.000,0.071) (0.000,0.695) (0.000,0.455) (0.000,0.704) (0.000,0.375) 
375      961    (0)   13 :  0.039 0.005 0.042 0.041 0.012 0.050 0.031 0.125 0.005 0.037 0.005 0.009 0.237 0.077 0.025 0.011 0.071 0.059 0.053 0.068     (0.000,0.278) (0.000,0.024) (0.000,0.299) (0.000,0.300) (0.000,0.069) (0.000,0.396) (0.000,0.203) (0.000,0.850) (0.000,0.024) (0.000,0.258) (0.000,0.025) (0.000,0.047) (0.000,0.952) (0.000,0.633) (0.000,0.157) (0.000,0.064) (0.000,0.582) (0.000,0.496) (0.000,0.421) (0.000,0.562) 
376      962   (12)   18 :  0.048 0.036 0.059 0.032 0.028 0.046 0.048 0.038 0.034 0.026 0.032 0.064 0.117 0.082 0.027 0.074 0.049 0.042 0.081 0.038     (0.000,0.372) (0.000,0.269) (0.000,0.467) (0.000,0.228) (0.000,0.190) (0.000,0.353) (0.000,0.374) (0.000,0.281) (0.000,0.245) (0.000,0.166) (0.000,0.237) (0.000,0.468) (0.000,0.769) (0.000,0.611) (0.000,0.184) (0.000,0.478) (0.000,0.391) (0.000,0.313) (0.000,0.628) (0.000,0.273) 
377      967    (0)   14 :  0.061 0.006 0.060 0.115 0.019 0.041 0.107 0.043 0.006 0.043 0.006 0.011 0.094 0.114 0.063 0.010 0.043 0.045 0.071 0.044     (0.000,0.506) (0.000,0.032) (0.000,0.494) (0.000,0.810) (0.000,0.117) (0.000,0.302) (0.000,0.776) (0.000,0.316) (0.000,0.030) (0.000,0.318) (0.000,0.032) (0.000,0.066) (0.000,0.732) (0.000,0.814) (0.000,0.504) (0.000,0.059) (0.000,0.325) (0.000,0.339) (0.000,0.588) (0.000,0.330) 
378      969    (0)   14 :  0.034 0.006 0.066 0.068 0.010 0.040 0.023 0.075 0.005 0.034 0.007 0.009 0.363 0.058 0.028 0.014 0.043 0.043 0.038 0.035     (0.000,0.228) (0.000,0.032) (0.000,0.546) (0.000,0.556) (0.000,0.058) (0.000,0.303) (0.000,0.134) (0.000,0.635) (0.000,0.028) (0.000,0.228) (0.000,0.038) (0.000,0.047) (0.000,0.976) (0.000,0.475) (0.000,0.172) (0.000,0.079) (0.000,0.314) (0.000,0.321) (0.000,0.263) (0.000,0.237) 
379      971    (0)   13 :  0.029 0.018 0.032 0.027 0.020 0.074 0.029 0.069 0.015 0.021 0.027 0.157 0.083 0.148 0.021 0.020 0.099 0.062 0.027 0.023     (0.000,0.194) (0.000,0.124) (0.000,0.231) (0.000,0.184) (0.000,0.135) (0.000,0.549) (0.000,0.197) (0.000,0.537) (0.000,0.103) (0.000,0.134) (0.000,0.194) (0.000,0.678) (0.000,0.589) (0.000,0.840) (0.000,0.140) (0.000,0.138) (0.000,0.683) (0.000,0.494) (0.000,0.178) (0.000,0.139) 
380      973    (0)    1 :  0.079 0.039 0.064 0.075 0.016 0.024 0.180 0.019 0.026 0.061 0.071 0.012 0.027 0.038 0.138 0.011 0.028 0.035 0.033 0.025     (0.000,0.641) (0.000,0.299) (0.000,0.516) (0.000,0.586) (0.000,0.099) (0.000,0.148) (0.000,0.892) (0.000,0.115) (0.000,0.191) (0.000,0.491) (0.000,0.459) (0.000,0.072) (0.000,0.176) (0.000,0.274) (0.000,0.783) (0.000,0.066) (0.000,0.183) (0.000,0.241) (0.000,0.222) (0.000,0.150) 
381      975   (12)   13 :  0.027 0.009 0.086 0.040 0.029 0.023 0.055 0.127 0.007 0.049 0.012 0.010 0.133 0.141 0.041 0.014 0.056 0.043 0.066 0.032     (0.000,0.159) (0.000,0.051) (0.000,0.704) (0.000,0.292) (0.000,0.193) (0.000,0.146) (0.000,0.442) (0.000,0.836) (0.000,0.039) (0.000,0.379) (0.000,0.073) (0.000,0.053) (0.000,0.861) (0.000,0.875) (0.000,0.295) (0.000,0.087) (0.000,0.457) (0.000,0.317) (0.000,0.555) (0.000,0.207) 
382      980    (0)   13 :  0.031 0.024 0.041 0.039 0.030 0.016 0.078 0.038 0.017 0.028 0.027 0.030 0.123 0.186 0.034 0.053 0.050 0.043 0.082 0.030     (0.000,0.208) (0.000,0.172) (0.000,0.315) (0.000,0.295) (0.000,0.211) (0.000,0.090) (0.000,0.596) (0.000,0.279) (0.000,0.120) (0.000,0.182) (0.000,0.198) (0.000,0.217) (0.000,0.785) (0.000,0.899) (0.000,0.245) (0.000,0.372) (0.000,0.387) (0.000,0.324) (0.000,0.638) (0.000,0.200) 
383      981    (0)    7 :  0.085 0.009 0.065 0.029 0.014 0.035 0.285 0.036 0.009 0.034 0.008 0.010 0.053 0.079 0.072 0.006 0.020 0.041 0.044 0.065     (0.000,0.701) (0.000,0.055) (0.000,0.542) (0.000,0.190) (0.000,0.083) (0.000,0.239) (0.000,0.964) (0.000,0.244) (0.000,0.056) (0.000,0.227) (0.000,0.046) (0.000,0.055) (0.000,0.418) (0.000,0.653) (0.000,0.564) (0.000,0.032) (0.000,0.121) (0.000,0.299) (0.000,0.329) (0.000,0.530) 
384      982    (0)   12 :  0.009 0.031 0.009 0.007 0.007 0.009 0.009 0.008 0.042 0.007 0.024 0.741 0.008 0.008 0.007 0.039 0.007 0.008 0.011 0.010     (0.000,0.048) (0.000,0.231) (0.000,0.049) (0.000,0.037) (0.000,0.036) (0.000,0.048) (0.000,0.053) (0.000,0.043) (0.000,0.316) (0.000,0.039) (0.000,0.168) (0.256,0.991) (0.000,0.041) (0.000,0.045) (0.000,0.039) (0.000,0.279) (0.000,0.036) (0.000,0.046) (0.000,0.059) (0.000,0.057) 
385      987    (0)   16 :  0.013 0.019 0.010 0.009 0.007 0.011 0.012 0.012 0.014 0.012 0.014 0.018 0.010 0.012 0.010 0.774 0.009 0.011 0.014 0.012     (0.000,0.077) (0.000,0.128) (0.000,0.053) (0.000,0.048) (0.000,0.036) (0.000,0.062) (0.000,0.066) (0.000,0.069) (0.000,0.088) (0.000,0.067) (0.000,0.086) (0.000,0.103) (0.000,0.058) (0.000,0.068) (0.000,0.057) (0.389,0.991) (0.000,0.050) (0.000,0.062) (0.000,0.085) (0.000,0.066) 
386      988    (0)   16 :  0.021 0.074 0.023 0.020 0.007 0.021 0.021 0.020 0.090 0.021 0.147 0.035 0.021 0.024 0.023 0.353 0.022 0.020 0.019 0.017     (0.000,0.146) (0.000,0.488) (0.000,0.163) (0.000,0.139) (0.000,0.040) (0.000,0.146) (0.000,0.140) (0.000,0.130) (0.000,0.520) (0.000,0.140) (0.000,0.657) (0.000,0.262) (0.000,0.142) (0.000,0.170) (0.000,0.164) (0.000,0.750) (0.000,0.154) (0.000,0.133) (0.000,0.123) (0.000,0.111) 
387      990    (0)   16 :  0.020 0.086 0.011 0.012 0.012 0.014 0.017 0.014 0.040 0.021 0.071 0.068 0.023 0.013 0.012 0.507 0.019 0.013 0.015 0.012     (0.000,0.132) (0.000,0.504) (0.000,0.061) (0.000,0.073) (0.000,0.073) (0.000,0.085) (0.000,0.114) (0.000,0.079) (0.000,0.299) (0.000,0.144) (0.000,0.452) (0.000,0.484) (0.000,0.146) (0.000,0.076) (0.000,0.068) (0.001,0.894) (0.000,0.117) (0.000,0.075) (0.000,0.087) (0.000,0.070) 
388      992   (12)   12 :  0.012 0.075 0.010 0.010 0.009 0.011 0.015 0.011 0.092 0.010 0.038 0.323 0.009 0.013 0.009 0.302 0.008 0.012 0.016 0.016     (0.000,0.070) (0.000,0.535) (0.000,0.054) (0.000,0.052) (0.000,0.048) (0.000,0.061) (0.000,0.090) (0.000,0.062) (0.000,0.561) (0.000,0.051) (0.000,0.296) (0.000,0.972) (0.000,0.052) (0.000,0.071) (0.000,0.052) (0.000,0.851) (0.000,0.042) (0.000,0.065) (0.000,0.092) (0.000,0.099) 
389      994    (0)   12 :  0.008 0.031 0.006 0.008 0.005 0.010 0.007 0.006 0.036 0.006 0.015 0.806 0.009 0.008 0.006 0.005 0.006 0.009 0.006 0.007     (0.000,0.041) (0.000,0.234) (0.000,0.034) (0.000,0.048) (0.000,0.028) (0.000,0.056) (0.000,0.039) (0.000,0.034) (0.000,0.265) (0.000,0.032) (0.000,0.098) (0.436,0.994) (0.000,0.050) (0.000,0.045) (0.000,0.033) (0.000,0.027) (0.000,0.031) (0.000,0.050) (0.000,0.034) (0.000,0.035) 
390      996   (12)   12 :  0.009 0.008 0.007 0.009 0.007 0.011 0.009 0.009 0.007 0.008 0.007 0.841 0.007 0.010 0.008 0.007 0.008 0.009 0.009 0.010     (0.000,0.049) (0.000,0.044) (0.000,0.039) (0.000,0.048) (0.000,0.035) (0.000,0.061) (0.000,0.052) (0.000,0.048) (0.000,0.037) (0.000,0.045) (0.000,0.036) (0.524,0.995) (0.000,0.040) (0.000,0.052) (0.000,0.045) (0.000,0.036) (0.000,0.041) (0.000,0.049) (0.000,0.050) (0.000,0.055) 
391      998    (0)   12 :  0.007 0.009 0.006 0.007 0.005 0.009 0.007 0.008 0.008 0.007 0.007 0.862 0.007 0.008 0.007 0.006 0.007 0.008 0.007 0.008     (0.000,0.039) (0.000,0.047) (0.000,0.033) (0.000,0.038) (0.000,0.027) (0.000,0.050) (0.000,0.040) (0.000,0.043) (0.000,0.043) (0.000,0.037) (0.000,0.041) (0.581,0.996) (0.000,0.040) (0.000,0.040) (0.000,0.037) (0.000,0.030) (0.000,0.038) (0.000,0.041) (0.000,0.039) (0.000,0.044) 
392     1000    (0)   10 :  0.088 0.021 0.087 0.063 0.009 0.048 0.052 0.027 0.019 0.094 0.014 0.030 0.050 0.050 0.103 0.008 0.020 0.080 0.037 0.098     (0.000,0.659) (0.000,0.147) (0.000,0.580) (0.000,0.476) (0.000,0.048) (0.000,0.354) (0.000,0.408) (0.000,0.183) (0.000,0.128) (0.000,0.655) (0.000,0.091) (0.000,0.226) (0.000,0.371) (0.000,0.383) (0.000,0.641) (0.000,0.049) (0.000,0.131) (0.000,0.622) (0.000,0.272) (0.000,0.715) 
393     1001    (0)   18 :  0.111 0.018 0.160 0.119 0.007 0.033 0.088 0.024 0.020 0.078 0.016 0.035 0.026 0.024 0.066 0.005 0.014 0.058 0.027 0.075     (0.000,0.779) (0.000,0.119) (0.000,0.809) (0.000,0.770) (0.000,0.034) (0.000,0.233) (0.000,0.624) (0.000,0.154) (0.000,0.137) (0.000,0.579) (0.000,0.104) (0.000,0.260) (0.000,0.168) (0.000,0.150) (0.000,0.503) (0.000,0.027) (0.000,0.078) (0.000,0.463) (0.000,0.171) (0.000,0.595) 
394     1002    (0)   11 :  0.013 0.095 0.009 0.017 0.008 0.011 0.014 0.007 0.038 0.013 0.597 0.089 0.009 0.011 0.012 0.011 0.006 0.011 0.015 0.016     (0.000,0.083) (0.000,0.646) (0.000,0.051) (0.000,0.114) (0.000,0.045) (0.000,0.065) (0.000,0.091) (0.000,0.038) (0.000,0.286) (0.000,0.080) (0.067,0.961) (0.000,0.553) (0.000,0.049) (0.000,0.069) (0.000,0.071) (0.000,0.071) (0.000,0.029) (0.000,0.065) (0.000,0.098) (0.000,0.101) 
395     1003    (0)   11 :  0.012 0.225 0.012 0.016 0.007 0.010 0.017 0.015 0.045 0.017 0.074 0.431 0.025 0.016 0.016 0.005 0.012 0.014 0.014 0.017     (0.000,0.062) (0.000,0.944) (0.000,0.070) (0.000,0.094) (0.000,0.037) (0.000,0.056) (0.000,0.105) (0.000,0.090) (0.000,0.358) (0.000,0.099) (0.000,0.617) (0.000,0.982) (0.000,0.155) (0.000,0.091) (0.000,0.098) (0.000,0.027) (0.000,0.067) (0.000,0.078) (0.000,0.082) (0.000,0.096) 
396     1006    (0)   12 :  0.007 0.014 0.006 0.007 0.007 0.008 0.006 0.007 0.016 0.007 0.014 0.845 0.007 0.007 0.006 0.010 0.007 0.007 0.007 0.007     (0.000,0.039) (0.000,0.087) (0.000,0.031) (0.000,0.037) (0.000,0.038) (0.000,0.044) (0.000,0.032) (0.000,0.036) (0.000,0.108) (0.000,0.036) (0.000,0.082) (0.533,0.995) (0.000,0.036) (0.000,0.038) (0.000,0.031) (0.000,0.060) (0.000,0.039) (0.000,0.035) (0.000,0.036) (0.000,0.036) 
397     1008    (0)   11 :  0.007 0.169 0.006 0.008 0.005 0.008 0.006 0.006 0.528 0.006 0.175 0.027 0.007 0.006 0.007 0.005 0.005 0.006 0.006 0.007     (0.000,0.036) (0.000,0.946) (0.000,0.032) (0.000,0.043) (0.000,0.024) (0.000,0.044) (0.000,0.034) (0.000,0.033) (0.000,0.991) (0.000,0.035) (0.000,0.951) (0.000,0.164) (0.000,0.037) (0.000,0.030) (0.000,0.041) (0.000,0.028) (0.000,0.027) (0.000,0.033) (0.000,0.030) (0.000,0.040) 
398     1009    (0)    2 :  0.013 0.454 0.009 0.009 0.043 0.011 0.011 0.012 0.068 0.022 0.130 0.109 0.019 0.011 0.018 0.009 0.014 0.010 0.016 0.011     (0.000,0.080) (0.000,0.974) (0.000,0.050) (0.000,0.054) (0.000,0.251) (0.000,0.062) (0.000,0.062) (0.000,0.075) (0.000,0.525) (0.000,0.157) (0.000,0.799) (0.000,0.733) (0.000,0.125) (0.000,0.060) (0.000,0.125) (0.000,0.051) (0.000,0.086) (0.000,0.059) (0.000,0.107) (0.000,0.063) 
399     1012   (25)    2 :  0.011 0.338 0.010 0.013 0.011 0.012 0.013 0.011 0.103 0.014 0.170 0.209 0.016 0.010 0.012 0.008 0.010 0.009 0.009 0.011     (0.000,0.062) (0.000,0.975) (0.000,0.056) (0.000,0.076) (0.000,0.057) (0.000,0.065) (0.000,0.079) (0.000,0.067) (0.000,0.765) (0.000,0.080) (0.000,0.913) (0.000,0.942) (0.000,0.096) (0.000,0.054) (0.000,0.074) (0.000,0.041) (0.000,0.054) (0.000,0.052) (0.000,0.049) (0.000,0.062) 
400     1013    (0)    2 :  0.006 0.538 0.005 0.006 0.007 0.006 0.006 0.004 0.245 0.006 0.120 0.009 0.005 0.006 0.007 0.004 0.004 0.005 0.006 0.006     (0.000,0.033) (0.000,0.993) (0.000,0.027) (0.000,0.033) (0.000,0.040) (0.000,0.031) (0.000,0.033) (0.000,0.023) (0.000,0.972) (0.000,0.031) (0.000,0.909) (0.000,0.049) (0.000,0.025) (0.000,0.030) (0.000,0.035) (0.000,0.020) (0.000,0.022) (0.000,0.028) (0.000,0.030) (0.000,0.029) 
401     1024   (25)   11 :  0.021 0.356 0.015 0.026 0.010 0.018 0.024 0.014 0.090 0.028 0.196 0.089 0.017 0.013 0.022 0.006 0.012 0.013 0.012 0.017     (0.000,0.118) (0.000,0.972) (0.000,0.090) (0.000,0.174) (0.000,0.052) (0.000,0.103) (0.000,0.149) (0.000,0.087) (0.000,0.692) (0.000,0.178) (0.000,0.917) (0.000,0.692) (0.000,0.106) (0.000,0.075) (0.000,0.143) (0.000,0.030) (0.000,0.065) (0.000,0.075) (0.000,0.069) (0.000,0.101) 
402     1025    (0)    1 :  0.198 0.019 0.019 0.105 0.007 0.040 0.035 0.031 0.012 0.164 0.011 0.023 0.014 0.031 0.039 0.009 0.012 0.033 0.027 0.172     (0.000,0.933) (0.000,0.124) (0.000,0.104) (0.000,0.758) (0.000,0.038) (0.000,0.296) (0.000,0.246) (0.000,0.212) (0.000,0.069) (0.000,0.891) (0.000,0.067) (0.000,0.162) (0.000,0.079) (0.000,0.206) (0.000,0.290) (0.000,0.051) (0.000,0.063) (0.000,0.213) (0.000,0.168) (0.000,0.904) 
403     1026    (0)    2 :  0.007 0.438 0.005 0.008 0.004 0.007 0.007 0.005 0.432 0.006 0.023 0.012 0.006 0.006 0.007 0.004 0.005 0.007 0.006 0.006     (0.000,0.038) (0.000,0.990) (0.000,0.027) (0.000,0.042) (0.000,0.022) (0.000,0.037) (0.000,0.035) (0.000,0.026) (0.000,0.989) (0.000,0.033) (0.000,0.133) (0.000,0.063) (0.000,0.034) (0.000,0.033) (0.000,0.037) (0.000,0.020) (0.000,0.025) (0.000,0.036) (0.000,0.033) (0.000,0.032) 
404     1033    (0)   12 :  0.020 0.034 0.014 0.028 0.008 0.029 0.015 0.022 0.033 0.014 0.023 0.607 0.010 0.031 0.011 0.007 0.031 0.025 0.016 0.022     (0.000,0.109) (0.000,0.260) (0.000,0.079) (0.000,0.187) (0.000,0.041) (0.000,0.188) (0.000,0.085) (0.000,0.136) (0.000,0.245) (0.000,0.079) (0.000,0.160) (0.000,0.985) (0.000,0.057) (0.000,0.207) (0.000,0.060) (0.000,0.035) (0.000,0.229) (0.000,0.150) (0.000,0.090) (0.000,0.127) 
405     1034    (0)    9 :  0.011 0.067 0.008 0.009 0.012 0.010 0.008 0.010 0.040 0.010 0.726 0.015 0.010 0.009 0.009 0.008 0.009 0.009 0.010 0.010     (0.000,0.063) (0.000,0.523) (0.000,0.047) (0.000,0.049) (0.000,0.078) (0.000,0.056) (0.000,0.047) (0.000,0.059) (0.000,0.307) (0.000,0.060) (0.176,0.990) (0.000,0.098) (0.000,0.057) (0.000,0.052) (0.000,0.049) (0.000,0.050) (0.000,0.049) (0.000,0.052) (0.000,0.057) (0.000,0.056) 
406     1037    (0)    9 :  0.007 0.109 0.007 0.010 0.004 0.008 0.006 0.007 0.473 0.007 0.297 0.013 0.007 0.006 0.007 0.005 0.006 0.007 0.006 0.008     (0.000,0.039) (0.000,0.870) (0.000,0.040) (0.000,0.054) (0.000,0.023) (0.000,0.046) (0.000,0.035) (0.000,0.038) (0.000,0.989) (0.000,0.038) (0.000,0.980) (0.000,0.070) (0.000,0.037) (0.000,0.033) (0.000,0.039) (0.000,0.028) (0.000,0.031) (0.000,0.035) (0.000,0.032) (0.000,0.041) 
407     1038    (0)    2 :  0.008 0.278 0.006 0.008 0.005 0.007 0.008 0.006 0.370 0.007 0.228 0.018 0.006 0.006 0.007 0.005 0.006 0.006 0.006 0.007     (0.000,0.043) (0.000,0.976) (0.000,0.034) (0.000,0.042) (0.000,0.028) (0.000,0.039) (0.000,0.042) (0.000,0.033) (0.000,0.985) (0.000,0.039) (0.000,0.967) (0.000,0.099) (0.000,0.033) (0.000,0.032) (0.000,0.037) (0.000,0.028) (0.000,0.032) (0.000,0.034) (0.000,0.032) (0.000,0.039) 
408     1040    (0)   11 :  0.008 0.375 0.007 0.007 0.005 0.007 0.007 0.006 0.329 0.007 0.180 0.011 0.006 0.007 0.007 0.006 0.006 0.007 0.007 0.007     (0.000,0.041) (0.000,0.987) (0.000,0.036) (0.000,0.038) (0.000,0.024) (0.000,0.035) (0.000,0.036) (0.000,0.031) (0.000,0.982) (0.000,0.035) (0.000,0.954) (0.000,0.059) (0.000,0.029) (0.000,0.037) (0.000,0.036) (0.000,0.032) (0.000,0.033) (0.000,0.035) (0.000,0.038) (0.000,0.037) 
409     1047    (0)    9 :  0.011 0.290 0.007 0.009 0.015 0.009 0.009 0.006 0.305 0.009 0.254 0.017 0.007 0.009 0.008 0.005 0.007 0.008 0.009 0.007     (0.000,0.057) (0.000,0.972) (0.000,0.035) (0.000,0.050) (0.000,0.104) (0.000,0.046) (0.000,0.047) (0.000,0.032) (0.000,0.972) (0.000,0.050) (0.000,0.968) (0.000,0.095) (0.000,0.037) (0.000,0.050) (0.000,0.044) (0.000,0.028) (0.000,0.037) (0.000,0.040) (0.000,0.046) (0.000,0.038) 
410     1052    (0)    9 :  0.006 0.085 0.005 0.006 0.004 0.005 0.005 0.004 0.739 0.005 0.092 0.007 0.004 0.005 0.005 0.004 0.005 0.005 0.005 0.005     (0.000,0.030) (0.000,0.822) (0.000,0.025) (0.000,0.030) (0.000,0.022) (0.000,0.028) (0.000,0.026) (0.000,0.023) (0.000,0.996) (0.000,0.027) (0.000,0.866) (0.000,0.039) (0.000,0.023) (0.000,0.025) (0.000,0.027) (0.000,0.019) (0.000,0.024) (0.000,0.025) (0.000,0.026) (0.000,0.027) 
411     1053    (0)    2 :  0.006 0.322 0.005 0.006 0.004 0.005 0.006 0.004 0.426 0.006 0.164 0.008 0.004 0.005 0.005 0.004 0.005 0.005 0.005 0.005     (0.000,0.032) (0.000,0.986) (0.000,0.027) (0.000,0.032) (0.000,0.022) (0.000,0.028) (0.000,0.030) (0.000,0.023) (0.000,0.990) (0.000,0.030) (0.000,0.956) (0.000,0.040) (0.000,0.023) (0.000,0.026) (0.000,0.028) (0.000,0.019) (0.000,0.024) (0.000,0.026) (0.000,0.027) (0.000,0.029) 
412     1054    (0)    9 :  0.007 0.306 0.006 0.007 0.004 0.006 0.006 0.005 0.470 0.006 0.117 0.010 0.006 0.006 0.006 0.005 0.006 0.006 0.007 0.006     (0.000,0.038) (0.000,0.983) (0.000,0.030) (0.000,0.035) (0.000,0.023) (0.000,0.032) (0.000,0.034) (0.000,0.029) (0.000,0.991) (0.000,0.033) (0.000,0.905) (0.000,0.055) (0.000,0.030) (0.000,0.034) (0.000,0.033) (0.000,0.025) (0.000,0.031) (0.000,0.033) (0.000,0.035) (0.000,0.034) 
413     1060    (0)    9 :  0.010 0.186 0.006 0.010 0.007 0.008 0.008 0.006 0.376 0.009 0.297 0.024 0.007 0.007 0.007 0.005 0.007 0.007 0.007 0.007     (0.000,0.052) (0.000,0.947) (0.000,0.034) (0.000,0.052) (0.000,0.038) (0.000,0.043) (0.000,0.040) (0.000,0.030) (0.000,0.983) (0.000,0.049) (0.000,0.978) (0.000,0.135) (0.000,0.035) (0.000,0.038) (0.000,0.036) (0.000,0.028) (0.000,0.039) (0.000,0.037) (0.000,0.039) (0.000,0.038) 
414     1065   (12)   13 :  0.102 0.012 0.118 0.062 0.009 0.057 0.036 0.047 0.016 0.090 0.012 0.057 0.030 0.039 0.027 0.008 0.063 0.116 0.033 0.066     (0.000,0.733) (0.000,0.074) (0.000,0.717) (0.000,0.475) (0.000,0.048) (0.000,0.437) (0.000,0.256) (0.000,0.362) (0.000,0.102) (0.000,0.636) (0.000,0.073) (0.000,0.397) (0.000,0.209) (0.000,0.287) (0.000,0.183) (0.000,0.045) (0.000,0.464) (0.000,0.785) (0.000,0.229) (0.000,0.529) 
415     1066    (0)   12 :  0.016 0.018 0.008 0.015 0.010 0.029 0.014 0.009 0.015 0.010 0.007 0.751 0.013 0.015 0.008 0.012 0.007 0.017 0.012 0.013     (0.000,0.091) (0.000,0.117) (0.000,0.040) (0.000,0.085) (0.000,0.055) (0.000,0.189) (0.000,0.085) (0.000,0.048) (0.000,0.101) (0.000,0.054) (0.000,0.040) (0.158,0.992) (0.000,0.075) (0.000,0.086) (0.000,0.046) (0.000,0.071) (0.000,0.041) (0.000,0.102) (0.000,0.069) (0.000,0.071) 
416     1071    (0)    2 :  0.063 0.101 0.028 0.072 0.012 0.060 0.061 0.014 0.051 0.043 0.081 0.208 0.022 0.022 0.032 0.015 0.013 0.024 0.026 0.053     (0.000,0.485) (0.000,0.599) (0.000,0.191) (0.000,0.534) (0.000,0.067) (0.000,0.453) (0.000,0.456) (0.000,0.085) (0.000,0.372) (0.000,0.331) (0.000,0.515) (0.000,0.837) (0.000,0.146) (0.000,0.143) (0.000,0.234) (0.000,0.103) (0.000,0.081) (0.000,0.157) (0.000,0.179) (0.000,0.410) 
417     1074    (0)   12 :  0.028 0.021 0.019 0.017 0.007 0.046 0.017 0.025 0.012 0.018 0.013 0.612 0.012 0.032 0.012 0.013 0.026 0.028 0.019 0.023     (0.000,0.169) (0.000,0.142) (0.000,0.112) (0.000,0.093) (0.000,0.035) (0.000,0.355) (0.000,0.096) (0.000,0.159) (0.000,0.073) (0.000,0.103) (0.000,0.086) (0.000,0.987) (0.000,0.068) (0.000,0.202) (0.000,0.067) (0.000,0.080) (0.000,0.176) (0.000,0.171) (0.000,0.116) (0.000,0.132) 
418     1084    (0)   12 :  0.112 0.021 0.031 0.068 0.009 0.029 0.230 0.017 0.015 0.029 0.016 0.193 0.019 0.018 0.029 0.009 0.014 0.030 0.032 0.080     (0.000,0.804) (0.000,0.144) (0.000,0.205) (0.000,0.559) (0.000,0.047) (0.000,0.192) (0.000,0.935) (0.000,0.103) (0.000,0.096) (0.000,0.187) (0.000,0.102) (0.000,0.901) (0.000,0.113) (0.000,0.101) (0.000,0.188) (0.000,0.050) (0.000,0.079) (0.000,0.195) (0.000,0.222) (0.000,0.644) 
419     1091    (0)    9 :  0.009 0.216 0.007 0.010 0.006 0.009 0.008 0.006 0.093 0.010 0.533 0.030 0.009 0.007 0.008 0.008 0.007 0.008 0.008 0.008     (0.000,0.050) (0.000,0.959) (0.000,0.038) (0.000,0.059) (0.000,0.031) (0.000,0.050) (0.000,0.046) (0.000,0.033) (0.000,0.794) (0.000,0.054) (0.000,0.990) (0.000,0.200) (0.000,0.047) (0.000,0.040) (0.000,0.043) (0.000,0.045) (0.000,0.035) (0.000,0.041) (0.000,0.044) (0.000,0.046) 
420     1098    (0)    9 :  0.010 0.336 0.009 0.007 0.006 0.011 0.010 0.010 0.207 0.010 0.276 0.030 0.009 0.008 0.009 0.017 0.007 0.009 0.009 0.010     (0.000,0.060) (0.000,0.978) (0.000,0.050) (0.000,0.041) (0.000,0.032) (0.000,0.062) (0.000,0.057) (0.000,0.059) (0.000,0.894) (0.000,0.056) (0.000,0.961) (0.000,0.206) (0.000,0.054) (0.000,0.045) (0.000,0.052) (0.000,0.118) (0.000,0.041) (0.000,0.052) (0.000,0.054) (0.000,0.060) 
421     1102    (0)    9 :  0.010 0.045 0.008 0.008 0.012 0.009 0.008 0.009 0.027 0.009 0.771 0.013 0.009 0.008 0.008 0.009 0.008 0.009 0.009 0.009     (0.000,0.057) (0.000,0.348) (0.000,0.045) (0.000,0.044) (0.000,0.080) (0.000,0.052) (0.000,0.046) (0.000,0.054) (0.000,0.191) (0.000,0.055) (0.313,0.991) (0.000,0.082) (0.000,0.054) (0.000,0.047) (0.000,0.045) (0.000,0.056) (0.000,0.044) (0.000,0.051) (0.000,0.054) (0.000,0.051) 
422     1105    (0)    9 :  0.008 0.139 0.007 0.009 0.005 0.008 0.008 0.006 0.181 0.008 0.550 0.016 0.007 0.006 0.007 0.007 0.006 0.007 0.006 0.008     (0.000,0.044) (0.000,0.916) (0.000,0.038) (0.000,0.046) (0.000,0.028) (0.000,0.043) (0.000,0.042) (0.000,0.035) (0.000,0.946) (0.000,0.042) (0.000,0.992) (0.000,0.093) (0.000,0.041) (0.000,0.034) (0.000,0.036) (0.000,0.038) (0.000,0.032) (0.000,0.036) (0.000,0.034) (0.000,0.041) 
423     1108    (0)    2 :  0.011 0.185 0.012 0.014 0.006 0.009 0.011 0.012 0.091 0.013 0.522 0.024 0.013 0.013 0.010 0.008 0.011 0.011 0.011 0.012     (0.000,0.059) (0.000,0.934) (0.000,0.071) (0.000,0.081) (0.000,0.033) (0.000,0.051) (0.000,0.063) (0.000,0.071) (0.000,0.732) (0.000,0.071) (0.000,0.987) (0.000,0.152) (0.000,0.077) (0.000,0.074) (0.000,0.057) (0.000,0.045) (0.000,0.061) (0.000,0.060) (0.000,0.062) (0.000,0.065) 
424     1112    (0)    7 :  0.054 0.040 0.031 0.134 0.010 0.037 0.024 0.030 0.025 0.076 0.053 0.037 0.035 0.064 0.022 0.030 0.068 0.066 0.107 0.056     (0.000,0.430) (0.000,0.300) (0.000,0.207) (0.000,0.800) (0.000,0.055) (0.000,0.265) (0.000,0.147) (0.000,0.204) (0.000,0.187) (0.000,0.607) (0.000,0.369) (0.000,0.272) (0.000,0.248) (0.000,0.520) (0.000,0.133) (0.000,0.219) (0.000,0.512) (0.000,0.540) (0.000,0.734) (0.000,0.451) 
425     1115    (0)    4 :  0.075 0.086 0.033 0.030 0.074 0.026 0.052 0.021 0.019 0.182 0.074 0.030 0.027 0.030 0.042 0.010 0.037 0.031 0.083 0.036     (0.000,0.601) (0.000,0.546) (0.000,0.237) (0.000,0.210) (0.000,0.425) (0.000,0.172) (0.000,0.412) (0.000,0.138) (0.000,0.126) (0.000,0.894) (0.000,0.469) (0.000,0.218) (0.000,0.186) (0.000,0.212) (0.000,0.309) (0.000,0.060) (0.000,0.283) (0.000,0.214) (0.000,0.604) (0.000,0.258) 
426     1119   (25)    2 :  0.010 0.395 0.011 0.008 0.013 0.008 0.020 0.014 0.053 0.014 0.338 0.026 0.015 0.012 0.012 0.008 0.010 0.010 0.011 0.011     (0.000,0.054) (0.000,0.982) (0.000,0.066) (0.000,0.046) (0.000,0.075) (0.000,0.043) (0.000,0.120) (0.000,0.089) (0.000,0.449) (0.000,0.081) (0.000,0.968) (0.000,0.175) (0.000,0.087) (0.000,0.066) (0.000,0.069) (0.000,0.042) (0.000,0.057) (0.000,0.054) (0.000,0.058) (0.000,0.059) 
427     1120    (0)   11 :  0.017 0.261 0.010 0.013 0.010 0.012 0.015 0.011 0.061 0.015 0.249 0.075 0.015 0.015 0.009 0.154 0.008 0.013 0.020 0.016     (0.000,0.105) (0.000,0.946) (0.000,0.058) (0.000,0.076) (0.000,0.056) (0.000,0.070) (0.000,0.092) (0.000,0.061) (0.000,0.471) (0.000,0.091) (0.000,0.861) (0.000,0.504) (0.000,0.087) (0.000,0.090) (0.000,0.052) (0.000,0.685) (0.000,0.046) (0.000,0.078) (0.000,0.136) (0.000,0.097) 
428     1121   (12)   12 :  0.019 0.020 0.016 0.028 0.010 0.035 0.013 0.020 0.017 0.016 0.019 0.533 0.014 0.045 0.009 0.006 0.096 0.036 0.025 0.022     (0.000,0.107) (0.000,0.135) (0.000,0.090) (0.000,0.188) (0.000,0.053) (0.000,0.236) (0.000,0.070) (0.000,0.119) (0.000,0.112) (0.000,0.096) (0.000,0.128) (0.000,0.983) (0.000,0.083) (0.000,0.340) (0.000,0.049) (0.000,0.031) (0.000,0.657) (0.000,0.247) (0.000,0.162) (0.000,0.126) 
429     1122    (0)    7 :  0.036 0.158 0.030 0.031 0.008 0.028 0.035 0.040 0.086 0.036 0.108 0.170 0.042 0.029 0.026 0.010 0.025 0.029 0.028 0.046     (0.000,0.260) (0.000,0.760) (0.000,0.214) (0.000,0.221) (0.000,0.043) (0.000,0.191) (0.000,0.255) (0.000,0.306) (0.000,0.552) (0.000,0.264) (0.000,0.640) (0.000,0.862) (0.000,0.313) (0.000,0.205) (0.000,0.175) (0.000,0.057) (0.000,0.177) (0.000,0.198) (0.000,0.191) (0.000,0.345) 
430     1123   (12)   11 :  0.009 0.184 0.007 0.008 0.005 0.008 0.008 0.007 0.534 0.007 0.147 0.018 0.007 0.007 0.008 0.005 0.006 0.008 0.008 0.009     (0.000,0.047) (0.000,0.949) (0.000,0.037) (0.000,0.043) (0.000,0.026) (0.000,0.042) (0.000,0.045) (0.000,0.036) (0.000,0.991) (0.000,0.039) (0.000,0.927) (0.000,0.096) (0.000,0.040) (0.000,0.038) (0.000,0.042) (0.000,0.024) (0.000,0.033) (0.000,0.041) (0.000,0.041) (0.000,0.047) 
431     1124   (12)   11 :  0.009 0.145 0.008 0.011 0.005 0.010 0.009 0.008 0.463 0.009 0.232 0.027 0.009 0.008 0.009 0.005 0.007 0.009 0.008 0.010     (0.000,0.051) (0.000,0.911) (0.000,0.044) (0.000,0.059) (0.000,0.028) (0.000,0.054) (0.000,0.046) (0.000,0.044) (0.000,0.988) (0.000,0.047) (0.000,0.964) (0.000,0.153) (0.000,0.052) (0.000,0.042) (0.000,0.047) (0.000,0.028) (0.000,0.038) (0.000,0.047) (0.000,0.044) (0.000,0.057) 
432     1125   (12)   11 :  0.012 0.235 0.008 0.012 0.008 0.010 0.012 0.007 0.175 0.011 0.344 0.099 0.010 0.008 0.008 0.006 0.008 0.008 0.008 0.010     (0.000,0.067) (0.000,0.960) (0.000,0.041) (0.000,0.066) (0.000,0.043) (0.000,0.053) (0.000,0.069) (0.000,0.038) (0.000,0.934) (0.000,0.062) (0.000,0.980) (0.000,0.811) (0.000,0.056) (0.000,0.040) (0.000,0.044) (0.000,0.030) (0.000,0.044) (0.000,0.045) (0.000,0.044) (0.000,0.054) 
433     1131    (0)   12 :  0.012 0.026 0.010 0.011 0.007 0.035 0.010 0.010 0.044 0.012 0.031 0.706 0.013 0.011 0.011 0.007 0.011 0.012 0.009 0.012     (0.000,0.062) (0.000,0.174) (0.000,0.056) (0.000,0.062) (0.000,0.039) (0.000,0.247) (0.000,0.051) (0.000,0.055) (0.000,0.343) (0.000,0.064) (0.000,0.221) (0.000,0.992) (0.000,0.072) (0.000,0.056) (0.000,0.066) (0.000,0.037) (0.000,0.056) (0.000,0.066) (0.000,0.051) (0.000,0.067) 
434     1132    (0)   14 :  0.042 0.014 0.048 0.056 0.006 0.061 0.034 0.058 0.011 0.074 0.011 0.022 0.067 0.075 0.053 0.010 0.043 0.100 0.066 0.146     (0.000,0.306) (0.000,0.088) (0.000,0.370) (0.000,0.444) (0.000,0.033) (0.000,0.492) (0.000,0.231) (0.000,0.464) (0.000,0.068) (0.000,0.608) (0.000,0.070) (0.000,0.143) (0.000,0.546) (0.000,0.613) (0.000,0.419) (0.000,0.062) (0.000,0.326) (0.000,0.753) (0.000,0.545) (0.000,0.875) 
435     1133    (0)    7 :  0.095 0.008 0.025 0.021 0.006 0.071 0.163 0.033 0.007 0.052 0.007 0.011 0.049 0.065 0.042 0.006 0.017 0.160 0.031 0.133     (0.000,0.747) (0.000,0.043) (0.000,0.147) (0.000,0.125) (0.000,0.033) (0.000,0.562) (0.000,0.876) (0.000,0.229) (0.000,0.036) (0.000,0.412) (0.000,0.035) (0.000,0.060) (0.000,0.385) (0.000,0.524) (0.000,0.313) (0.000,0.031) (0.000,0.094) (0.000,0.890) (0.000,0.203) (0.000,0.857) 
436     1134   (12)   13 :  0.041 0.069 0.015 0.017 0.011 0.033 0.030 0.025 0.048 0.041 0.041 0.101 0.320 0.040 0.022 0.010 0.034 0.037 0.032 0.036     (0.000,0.305) (0.000,0.517) (0.000,0.084) (0.000,0.101) (0.000,0.059) (0.000,0.230) (0.000,0.199) (0.000,0.160) (0.000,0.363) (0.000,0.308) (0.000,0.316) (0.000,0.657) (0.000,0.963) (0.000,0.288) (0.000,0.140) (0.000,0.053) (0.000,0.231) (0.000,0.264) (0.000,0.218) (0.000,0.266) 
437     1137    (0)    2 :  0.033 0.191 0.028 0.027 0.008 0.030 0.038 0.028 0.050 0.052 0.067 0.165 0.057 0.035 0.043 0.009 0.022 0.035 0.042 0.039     (0.000,0.229) (0.000,0.886) (0.000,0.185) (0.000,0.186) (0.000,0.044) (0.000,0.208) (0.000,0.271) (0.000,0.193) (0.000,0.375) (0.000,0.404) (0.000,0.494) (0.000,0.875) (0.000,0.450) (0.000,0.247) (0.000,0.325) (0.000,0.048) (0.000,0.134) (0.000,0.243) (0.000,0.319) (0.000,0.280) 
438     1138    (0)    1 :  0.053 0.012 0.031 0.057 0.007 0.130 0.058 0.071 0.013 0.066 0.011 0.015 0.054 0.043 0.138 0.005 0.017 0.062 0.031 0.125     (0.000,0.422) (0.000,0.075) (0.000,0.200) (0.000,0.464) (0.000,0.033) (0.000,0.835) (0.000,0.471) (0.000,0.586) (0.000,0.077) (0.000,0.557) (0.000,0.062) (0.000,0.091) (0.000,0.439) (0.000,0.320) (0.000,0.852) (0.000,0.026) (0.000,0.090) (0.000,0.523) (0.000,0.202) (0.000,0.850) 
439     1139    (0)   18 :  0.051 0.011 0.034 0.086 0.007 0.134 0.042 0.068 0.010 0.077 0.011 0.016 0.077 0.055 0.097 0.006 0.021 0.062 0.035 0.101     (0.000,0.400) (0.000,0.066) (0.000,0.227) (0.000,0.688) (0.000,0.034) (0.000,0.846) (0.000,0.305) (0.000,0.557) (0.000,0.059) (0.000,0.650) (0.000,0.063) (0.000,0.095) (0.000,0.646) (0.000,0.449) (0.000,0.728) (0.000,0.032) (0.000,0.121) (0.000,0.519) (0.000,0.235) (0.000,0.775) 
440     1143    (0)   19 :  0.080 0.021 0.040 0.041 0.006 0.047 0.048 0.037 0.012 0.096 0.013 0.024 0.030 0.037 0.183 0.021 0.037 0.081 0.089 0.058     (0.000,0.662) (0.000,0.137) (0.000,0.290) (0.000,0.299) (0.000,0.033) (0.000,0.361) (0.000,0.371) (0.000,0.261) (0.000,0.071) (0.000,0.743) (0.000,0.075) (0.000,0.150) (0.000,0.191) (0.000,0.259) (0.000,0.907) (0.000,0.141) (0.000,0.265) (0.000,0.669) (0.000,0.702) (0.000,0.482) 
441     1146    (0)   19 :  0.084 0.020 0.033 0.061 0.008 0.044 0.053 0.044 0.014 0.099 0.014 0.030 0.046 0.046 0.082 0.011 0.057 0.086 0.100 0.068     (0.000,0.683) (0.000,0.131) (0.000,0.214) (0.000,0.491) (0.000,0.040) (0.000,0.334) (0.000,0.421) (0.000,0.326) (0.000,0.089) (0.000,0.755) (0.000,0.084) (0.000,0.211) (0.000,0.352) (0.000,0.346) (0.000,0.630) (0.000,0.064) (0.000,0.456) (0.000,0.696) (0.000,0.758) (0.000,0.573) 
442     1147    (0)    1 :  0.077 0.041 0.044 0.131 0.008 0.060 0.063 0.019 0.023 0.079 0.031 0.050 0.037 0.050 0.074 0.010 0.017 0.047 0.069 0.069     (0.000,0.632) (0.000,0.307) (0.000,0.328) (0.000,0.838) (0.000,0.043) (0.000,0.486) (0.000,0.517) (0.000,0.111) (0.000,0.162) (0.000,0.640) (0.000,0.222) (0.000,0.390) (0.000,0.260) (0.000,0.396) (0.000,0.573) (0.000,0.061) (0.000,0.095) (0.000,0.366) (0.000,0.567) (0.000,0.574) 
443     1156    (0)    8 :  0.058 0.026 0.036 0.065 0.009 0.047 0.052 0.073 0.022 0.060 0.020 0.039 0.078 0.079 0.024 0.009 0.024 0.060 0.048 0.171     (0.000,0.470) (0.000,0.188) (0.000,0.250) (0.000,0.526) (0.000,0.049) (0.000,0.359) (0.000,0.408) (0.000,0.575) (0.000,0.156) (0.000,0.489) (0.000,0.135) (0.000,0.294) (0.000,0.613) (0.000,0.641) (0.000,0.153) (0.000,0.054) (0.000,0.149) (0.000,0.497) (0.000,0.374) (0.000,0.899) 
444     1157    (0)   18 :  0.075 0.011 0.034 0.017 0.007 0.024 0.071 0.203 0.008 0.093 0.008 0.012 0.047 0.035 0.083 0.014 0.095 0.072 0.039 0.054     (0.000,0.628) (0.000,0.065) (0.000,0.225) (0.000,0.093) (0.000,0.037) (0.000,0.149) (0.000,0.600) (0.000,0.932) (0.000,0.042) (0.000,0.738) (0.000,0.041) (0.000,0.070) (0.000,0.354) (0.000,0.240) (0.000,0.629) (0.000,0.082) (0.000,0.735) (0.000,0.609) (0.000,0.271) (0.000,0.429) 
445     1162   (12)   13 :  0.039 0.028 0.036 0.037 0.011 0.256 0.025 0.099 0.032 0.041 0.026 0.033 0.079 0.029 0.056 0.018 0.015 0.038 0.022 0.079     (0.000,0.281) (0.000,0.198) (0.000,0.254) (0.000,0.272) (0.000,0.060) (0.000,0.944) (0.000,0.156) (0.000,0.699) (0.000,0.228) (0.000,0.312) (0.000,0.190) (0.000,0.236) (0.000,0.642) (0.000,0.190) (0.000,0.454) (0.000,0.127) (0.000,0.083) (0.000,0.272) (0.000,0.125) (0.000,0.638) 
446     1167   (12)   14 :  0.085 0.017 0.030 0.037 0.010 0.083 0.035 0.065 0.013 0.094 0.012 0.014 0.093 0.085 0.035 0.008 0.060 0.077 0.066 0.079     (0.000,0.698) (0.000,0.111) (0.000,0.189) (0.000,0.263) (0.000,0.051) (0.000,0.675) (0.000,0.232) (0.000,0.540) (0.000,0.081) (0.000,0.745) (0.000,0.071) (0.000,0.080) (0.000,0.722) (0.000,0.696) (0.000,0.246) (0.000,0.045) (0.000,0.489) (0.000,0.648) (0.000,0.555) (0.000,0.654) 
447     1173    (0)    9 :  0.012 0.193 0.011 0.012 0.006 0.014 0.011 0.010 0.416 0.011 0.178 0.037 0.013 0.010 0.013 0.007 0.009 0.012 0.011 0.013     (0.000,0.070) (0.000,0.936) (0.000,0.059) (0.000,0.073) (0.000,0.029) (0.000,0.085) (0.000,0.062) (0.000,0.058) (0.000,0.980) (0.000,0.066) (0.000,0.927) (0.000,0.252) (0.000,0.078) (0.000,0.057) (0.000,0.078) (0.000,0.036) (0.000,0.048) (0.000,0.066) (0.000,0.060) (0.000,0.074) 
448     1176    (0)    3 :  0.055 0.017 0.057 0.047 0.007 0.126 0.040 0.061 0.015 0.049 0.013 0.036 0.024 0.077 0.073 0.007 0.106 0.094 0.047 0.051     (0.000,0.443) (0.000,0.115) (0.000,0.452) (0.000,0.363) (0.000,0.038) (0.000,0.816) (0.000,0.289) (0.000,0.489) (0.000,0.097) (0.000,0.379) (0.000,0.078) (0.000,0.260) (0.000,0.147) (0.000,0.615) (0.000,0.556) (0.000,0.042) (0.000,0.712) (0.000,0.723) (0.000,0.358) (0.000,0.397) 
449     1182    (0)    6 :  0.038 0.016 0.030 0.026 0.028 0.109 0.020 0.048 0.011 0.070 0.014 0.011 0.088 0.046 0.254 0.008 0.040 0.050 0.044 0.049     (0.000,0.270) (0.000,0.103) (0.000,0.203) (0.000,0.172) (0.000,0.185) (0.000,0.707) (0.000,0.115) (0.000,0.377) (0.000,0.065) (0.000,0.535) (0.000,0.085) (0.000,0.062) (0.000,0.652) (0.000,0.354) (0.000,0.940) (0.000,0.043) (0.000,0.294) (0.000,0.389) (0.000,0.332) (0.000,0.381) 
450     1185    (0)   18 :  0.046 0.014 0.035 0.068 0.007 0.092 0.027 0.120 0.012 0.064 0.012 0.018 0.061 0.073 0.059 0.013 0.038 0.083 0.050 0.109     (0.000,0.349) (0.000,0.090) (0.000,0.237) (0.000,0.563) (0.000,0.035) (0.000,0.702) (0.000,0.170) (0.000,0.813) (0.000,0.077) (0.000,0.533) (0.000,0.070) (0.000,0.110) (0.000,0.498) (0.000,0.604) (0.000,0.475) (0.000,0.075) (0.000,0.265) (0.000,0.682) (0.000,0.392) (0.000,0.797) 
451     1200    (0)    7 :  0.082 0.037 0.033 0.084 0.010 0.049 0.055 0.040 0.024 0.072 0.018 0.065 0.038 0.055 0.042 0.013 0.025 0.059 0.104 0.095     (0.000,0.666) (0.000,0.276) (0.000,0.223) (0.000,0.652) (0.000,0.055) (0.000,0.379) (0.000,0.442) (0.000,0.294) (0.000,0.170) (0.000,0.594) (0.000,0.118) (0.000,0.508) (0.000,0.266) (0.000,0.440) (0.000,0.317) (0.000,0.078) (0.000,0.160) (0.000,0.477) (0.000,0.758) (0.000,0.736) 
452     1205    (0)    9 :  0.020 0.353 0.014 0.016 0.013 0.017 0.021 0.010 0.285 0.018 0.123 0.008 0.010 0.013 0.027 0.004 0.011 0.013 0.012 0.013     (0.000,0.134) (0.000,0.951) (0.000,0.087) (0.000,0.106) (0.000,0.083) (0.000,0.119) (0.000,0.150) (0.000,0.058) (0.000,0.908) (0.000,0.124) (0.000,0.824) (0.000,0.044) (0.000,0.061) (0.000,0.080) (0.000,0.192) (0.000,0.019) (0.000,0.068) (0.000,0.081) (0.000,0.072) (0.000,0.085) 
453     1207    (0)    9 :  0.010 0.340 0.008 0.008 0.005 0.008 0.009 0.007 0.421 0.009 0.095 0.014 0.008 0.009 0.010 0.005 0.007 0.009 0.009 0.009     (0.000,0.053) (0.000,0.982) (0.000,0.040) (0.000,0.046) (0.000,0.025) (0.000,0.046) (0.000,0.048) (0.000,0.037) (0.000,0.985) (0.000,0.049) (0.000,0.820) (0.000,0.074) (0.000,0.045) (0.000,0.047) (0.000,0.056) (0.000,0.025) (0.000,0.039) (0.000,0.048) (0.000,0.053) (0.000,0.048) 
454     1208    (0)    2 :  0.010 0.413 0.007 0.009 0.005 0.009 0.009 0.006 0.302 0.009 0.142 0.016 0.008 0.008 0.009 0.005 0.007 0.008 0.009 0.008     (0.000,0.056) (0.000,0.987) (0.000,0.038) (0.000,0.050) (0.000,0.028) (0.000,0.048) (0.000,0.051) (0.000,0.034) (0.000,0.974) (0.000,0.052) (0.000,0.915) (0.000,0.085) (0.000,0.043) (0.000,0.042) (0.000,0.052) (0.000,0.024) (0.000,0.037) (0.000,0.044) (0.000,0.047) (0.000,0.045) 
455     1212   (12)    7 :  0.084 0.017 0.063 0.082 0.008 0.030 0.333 0.020 0.017 0.025 0.017 0.044 0.018 0.012 0.135 0.005 0.014 0.025 0.017 0.031     (0.000,0.708) (0.000,0.106) (0.000,0.523) (0.000,0.686) (0.000,0.043) (0.000,0.201) (0.000,0.967) (0.000,0.117) (0.000,0.109) (0.000,0.162) (0.000,0.105) (0.000,0.331) (0.000,0.103) (0.000,0.066) (0.000,0.861) (0.000,0.029) (0.000,0.078) (0.000,0.145) (0.000,0.092) (0.000,0.203) 
456     1214    (0)    7 :  0.093 0.024 0.032 0.052 0.011 0.050 0.048 0.045 0.011 0.097 0.011 0.049 0.042 0.061 0.045 0.023 0.030 0.058 0.148 0.069     (0.000,0.734) (0.000,0.159) (0.000,0.210) (0.000,0.412) (0.000,0.058) (0.000,0.391) (0.000,0.372) (0.000,0.344) (0.000,0.066) (0.000,0.752) (0.000,0.062) (0.000,0.379) (0.000,0.314) (0.000,0.513) (0.000,0.339) (0.000,0.156) (0.000,0.201) (0.000,0.482) (0.000,0.875) (0.000,0.579) 
457     1218   (25)   10 :  0.101 0.012 0.024 0.108 0.010 0.022 0.015 0.049 0.012 0.335 0.010 0.011 0.016 0.034 0.018 0.006 0.039 0.030 0.027 0.122     (0.000,0.786) (0.000,0.072) (0.000,0.137) (0.000,0.804) (0.000,0.052) (0.000,0.129) (0.000,0.083) (0.000,0.384) (0.000,0.069) (0.000,0.971) (0.000,0.055) (0.000,0.060) (0.000,0.091) (0.000,0.219) (0.000,0.108) (0.000,0.030) (0.000,0.275) (0.000,0.184) (0.000,0.172) (0.000,0.840) 
458     1222    (0)    9 :  0.005 0.142 0.004 0.004 0.011 0.005 0.005 0.004 0.686 0.005 0.086 0.007 0.004 0.005 0.005 0.004 0.004 0.004 0.005 0.004     (0.000,0.026) (0.000,0.938) (0.000,0.022) (0.000,0.023) (0.000,0.069) (0.000,0.026) (0.000,0.026) (0.000,0.023) (0.000,0.995) (0.000,0.024) (0.000,0.828) (0.000,0.039) (0.000,0.024) (0.000,0.026) (0.000,0.025) (0.000,0.022) (0.000,0.022) (0.000,0.024) (0.000,0.024) (0.000,0.023) 
459     1224    (0)    2 :  0.027 0.224 0.015 0.014 0.007 0.013 0.026 0.033 0.371 0.017 0.033 0.013 0.014 0.015 0.039 0.051 0.032 0.031 0.013 0.014     (0.000,0.200) (0.000,0.813) (0.000,0.093) (0.000,0.088) (0.000,0.036) (0.000,0.076) (0.000,0.193) (0.000,0.245) (0.000,0.854) (0.000,0.115) (0.000,0.247) (0.000,0.065) (0.000,0.085) (0.000,0.089) (0.000,0.266) (0.000,0.333) (0.000,0.230) (0.000,0.231) (0.000,0.080) (0.000,0.088) 
460     1226    (0)    9 :  0.005 0.075 0.004 0.004 0.005 0.005 0.004 0.004 0.764 0.005 0.084 0.008 0.004 0.004 0.004 0.004 0.004 0.004 0.004 0.004     (0.000,0.024) (0.000,0.760) (0.000,0.022) (0.000,0.022) (0.000,0.028) (0.000,0.025) (0.000,0.024) (0.000,0.021) (0.000,0.997) (0.000,0.024) (0.000,0.848) (0.000,0.042) (0.000,0.023) (0.000,0.022) (0.000,0.022) (0.000,0.023) (0.000,0.022) (0.000,0.022) (0.000,0.021) (0.000,0.022) 
461     1233    (0)    9 :  0.005 0.115 0.005 0.005 0.004 0.006 0.005 0.005 0.740 0.005 0.054 0.008 0.005 0.005 0.005 0.005 0.005 0.005 0.005 0.006     (0.000,0.029) (0.000,0.914) (0.000,0.027) (0.000,0.025) (0.000,0.023) (0.000,0.030) (0.000,0.029) (0.000,0.029) (0.000,0.996) (0.000,0.026) (0.000,0.461) (0.000,0.043) (0.000,0.028) (0.000,0.027) (0.000,0.029) (0.000,0.026) (0.000,0.025) (0.000,0.027) (0.000,0.027) (0.000,0.029) 
462     1236    (0)    9 :  0.009 0.584 0.007 0.006 0.006 0.009 0.008 0.008 0.248 0.008 0.023 0.015 0.009 0.008 0.007 0.012 0.007 0.009 0.008 0.007     (0.000,0.051) (0.000,0.992) (0.000,0.040) (0.000,0.035) (0.000,0.030) (0.000,0.054) (0.000,0.044) (0.000,0.048) (0.000,0.919) (0.000,0.045) (0.000,0.131) (0.000,0.090) (0.000,0.054) (0.000,0.047) (0.000,0.041) (0.000,0.074) (0.000,0.038) (0.000,0.051) (0.000,0.046) (0.000,0.042) 
463     1237    (0)   12 :  0.016 0.025 0.015 0.009 0.010 0.013 0.014 0.010 0.026 0.011 0.015 0.748 0.008 0.012 0.008 0.018 0.011 0.011 0.011 0.010     (0.000,0.090) (0.000,0.173) (0.000,0.085) (0.000,0.049) (0.000,0.056) (0.000,0.070) (0.000,0.075) (0.000,0.055) (0.000,0.192) (0.000,0.060) (0.000,0.097) (0.235,0.991) (0.000,0.040) (0.000,0.066) (0.000,0.042) (0.000,0.122) (0.000,0.062) (0.000,0.058) (0.000,0.059) (0.000,0.054) 
464     1239    (0)   18 :  0.037 0.015 0.035 0.021 0.008 0.052 0.030 0.400 0.010 0.059 0.009 0.012 0.041 0.048 0.058 0.009 0.028 0.042 0.029 0.058     (0.000,0.249) (0.000,0.090) (0.000,0.234) (0.000,0.110) (0.000,0.038) (0.000,0.413) (0.000,0.189) (0.000,0.981) (0.000,0.059) (0.000,0.509) (0.000,0.050) (0.000,0.065) (0.000,0.291) (0.000,0.368) (0.000,0.483) (0.000,0.048) (0.000,0.168) (0.000,0.307) (0.000,0.170) (0.000,0.498) 
465     1240    (0)    9 :  0.014 0.440 0.015 0.013 0.028 0.011 0.027 0.029 0.113 0.017 0.128 0.033 0.028 0.024 0.019 0.005 0.016 0.014 0.014 0.015     (0.000,0.079) (0.000,0.977) (0.000,0.091) (0.000,0.074) (0.000,0.193) (0.000,0.061) (0.000,0.181) (0.000,0.208) (0.000,0.730) (0.000,0.100) (0.000,0.817) (0.000,0.233) (0.000,0.183) (0.000,0.151) (0.000,0.120) (0.000,0.028) (0.000,0.094) (0.000,0.080) (0.000,0.081) (0.000,0.087) 
466     1241   (25)    2 :  0.013 0.470 0.015 0.009 0.013 0.010 0.021 0.037 0.159 0.015 0.060 0.035 0.028 0.022 0.019 0.006 0.022 0.014 0.015 0.015     (0.000,0.069) (0.000,0.985) (0.000,0.089) (0.000,0.050) (0.000,0.068) (0.000,0.056) (0.000,0.132) (0.000,0.259) (0.000,0.846) (0.000,0.085) (0.000,0.513) (0.000,0.239) (0.000,0.175) (0.000,0.130) (0.000,0.122) (0.000,0.031) (0.000,0.125) (0.000,0.081) (0.000,0.082) (0.000,0.082) 
467     1248    (0)   16 :  0.064 0.037 0.032 0.021 0.009 0.081 0.028 0.104 0.035 0.041 0.022 0.023 0.032 0.034 0.066 0.172 0.046 0.061 0.039 0.053     (0.000,0.520) (0.000,0.268) (0.000,0.213) (0.000,0.132) (0.000,0.047) (0.000,0.612) (0.000,0.188) (0.000,0.688) (0.000,0.252) (0.000,0.309) (0.000,0.157) (0.000,0.156) (0.000,0.221) (0.000,0.238) (0.000,0.508) (0.000,0.742) (0.000,0.361) (0.000,0.492) (0.000,0.293) (0.000,0.424) 
468     1250    (0)   11 :  0.014 0.493 0.011 0.009 0.006 0.012 0.011 0.012 0.193 0.012 0.102 0.025 0.012 0.012 0.011 0.015 0.012 0.012 0.014 0.011     (0.000,0.083) (0.000,0.987) (0.000,0.059) (0.000,0.047) (0.000,0.033) (0.000,0.072) (0.000,0.061) (0.000,0.071) (0.000,0.867) (0.000,0.074) (0.000,0.794) (0.000,0.151) (0.000,0.069) (0.000,0.070) (0.000,0.062) (0.000,0.095) (0.000,0.068) (0.000,0.070) (0.000,0.084) (0.000,0.065) 
469     1259    (0)    9 :  0.010 0.164 0.011 0.010 0.005 0.011 0.009 0.009 0.486 0.009 0.195 0.012 0.008 0.009 0.010 0.006 0.008 0.009 0.009 0.010     (0.000,0.054) (0.000,0.929) (0.000,0.056) (0.000,0.053) (0.000,0.027) (0.000,0.060) (0.000,0.049) (0.000,0.051) (0.000,0.988) (0.000,0.049) (0.000,0.949) (0.000,0.061) (0.000,0.046) (0.000,0.047) (0.000,0.055) (0.000,0.035) (0.000,0.042) (0.000,0.049) (0.000,0.048) (0.000,0.055) 
470     1265    (0)    2 :  0.010 0.448 0.008 0.007 0.006 0.010 0.009 0.010 0.302 0.010 0.077 0.024 0.011 0.009 0.008 0.012 0.010 0.009 0.011 0.009     (0.000,0.060) (0.000,0.987) (0.000,0.045) (0.000,0.038) (0.000,0.033) (0.000,0.056) (0.000,0.049) (0.000,0.062) (0.000,0.929) (0.000,0.056) (0.000,0.711) (0.000,0.149) (0.000,0.066) (0.000,0.054) (0.000,0.047) (0.000,0.079) (0.000,0.057) (0.000,0.053) (0.000,0.062) (0.000,0.053) 
471     1276    (0)   11 :  0.009 0.220 0.011 0.010 0.006 0.009 0.011 0.014 0.473 0.010 0.133 0.014 0.011 0.011 0.012 0.004 0.009 0.010 0.009 0.011     (0.000,0.052) (0.000,0.954) (0.000,0.066) (0.000,0.059) (0.000,0.030) (0.000,0.051) (0.000,0.067) (0.000,0.089) (0.000,0.982) (0.000,0.057) (0.000,0.893) (0.000,0.079) (0.000,0.066) (0.000,0.060) (0.000,0.071) (0.000,0.024) (0.000,0.053) (0.000,0.056) (0.000,0.051) (0.000,0.067) 
472     1283    (0)   18 :  0.062 0.013 0.034 0.066 0.008 0.092 0.022 0.131 0.011 0.075 0.010 0.014 0.054 0.060 0.046 0.022 0.078 0.073 0.063 0.066     (0.000,0.510) (0.000,0.075) (0.000,0.228) (0.000,0.546) (0.000,0.039) (0.000,0.721) (0.000,0.125) (0.000,0.851) (0.000,0.068) (0.000,0.624) (0.000,0.059) (0.000,0.077) (0.000,0.433) (0.000,0.496) (0.000,0.352) (0.000,0.143) (0.000,0.637) (0.000,0.617) (0.000,0.523) (0.000,0.556) 
473     1291    (0)    1 :  0.050 0.054 0.023 0.044 0.008 0.062 0.022 0.080 0.067 0.043 0.045 0.041 0.091 0.067 0.033 0.036 0.070 0.063 0.042 0.057     (0.000,0.391) (0.000,0.393) (0.000,0.146) (0.000,0.344) (0.000,0.044) (0.000,0.489) (0.000,0.128) (0.000,0.612) (0.000,0.442) (0.000,0.329) (0.000,0.338) (0.000,0.303) (0.000,0.669) (0.000,0.534) (0.000,0.232) (0.000,0.268) (0.000,0.559) (0.000,0.504) (0.000,0.321) (0.000,0.456) 
474     1301    (0)    9 :  0.013 0.219 0.011 0.010 0.005 0.011 0.011 0.009 0.490 0.010 0.126 0.010 0.008 0.010 0.012 0.005 0.008 0.010 0.011 0.012     (0.000,0.070) (0.000,0.957) (0.000,0.057) (0.000,0.056) (0.000,0.025) (0.000,0.057) (0.000,0.060) (0.000,0.050) (0.000,0.988) (0.000,0.053) (0.000,0.888) (0.000,0.050) (0.000,0.042) (0.000,0.053) (0.000,0.067) (0.000,0.026) (0.000,0.044) (0.000,0.055) (0.000,0.056) (0.000,0.062) 
475     1302    (0)    2 :  0.018 0.125 0.019 0.026 0.005 0.018 0.012 0.014 0.339 0.016 0.286 0.015 0.014 0.013 0.016 0.006 0.012 0.014 0.013 0.018     (0.000,0.097) (0.000,0.845) (0.000,0.107) (0.000,0.158) (0.000,0.027) (0.000,0.107) (0.000,0.067) (0.000,0.082) (0.000,0.972) (0.000,0.089) (0.000,0.966) (0.000,0.077) (0.000,0.079) (0.000,0.072) (0.000,0.092) (0.000,0.035) (0.000,0.063) (0.000,0.081) (0.000,0.070) (0.000,0.100) 
476     1306    (0)    9 :  0.008 0.160 0.007 0.007 0.004 0.007 0.008 0.007 0.642 0.007 0.082 0.007 0.006 0.007 0.008 0.004 0.006 0.007 0.007 0.008     (0.000,0.042) (0.000,0.942) (0.000,0.039) (0.000,0.038) (0.000,0.023) (0.000,0.040) (0.000,0.041) (0.000,0.037) (0.000,0.994) (0.000,0.037) (0.000,0.790) (0.000,0.038) (0.000,0.032) (0.000,0.036) (0.000,0.044) (0.000,0.021) (0.000,0.031) (0.000,0.039) (0.000,0.037) (0.000,0.042) 
477     1307   (12)   13 :  0.091 0.091 0.031 0.061 0.017 0.037 0.077 0.040 0.046 0.050 0.026 0.058 0.025 0.058 0.047 0.036 0.017 0.043 0.075 0.073     (0.000,0.718) (0.000,0.671) (0.000,0.202) (0.000,0.494) (0.000,0.097) (0.000,0.264) (0.000,0.622) (0.000,0.289) (0.000,0.359) (0.000,0.397) (0.000,0.177) (0.000,0.455) (0.000,0.157) (0.000,0.475) (0.000,0.366) (0.000,0.262) (0.000,0.096) (0.000,0.319) (0.000,0.599) (0.000,0.593) 
478     1308   (12)    2 :  0.019 0.370 0.012 0.011 0.007 0.013 0.014 0.013 0.287 0.015 0.113 0.015 0.014 0.017 0.016 0.008 0.014 0.014 0.016 0.012     (0.000,0.103) (0.000,0.980) (0.000,0.064) (0.000,0.058) (0.000,0.035) (0.000,0.069) (0.000,0.076) (0.000,0.067) (0.000,0.966) (0.000,0.080) (0.000,0.842) (0.000,0.082) (0.000,0.073) (0.000,0.089) (0.000,0.088) (0.000,0.044) (0.000,0.077) (0.000,0.078) (0.000,0.091) (0.000,0.066) 
479     1309    (0)    2 :  0.011 0.389 0.008 0.009 0.006 0.009 0.010 0.007 0.277 0.010 0.183 0.013 0.008 0.009 0.008 0.006 0.009 0.009 0.009 0.009     (0.000,0.062) (0.000,0.985) (0.000,0.043) (0.000,0.049) (0.000,0.030) (0.000,0.045) (0.000,0.052) (0.000,0.039) (0.000,0.971) (0.000,0.053) (0.000,0.946) (0.000,0.067) (0.000,0.044) (0.000,0.049) (0.000,0.045) (0.000,0.031) (0.000,0.050) (0.000,0.046) (0.000,0.051) (0.000,0.046) 
480     1310   (12)    2 :  0.024 0.307 0.014 0.018 0.009 0.018 0.017 0.013 0.173 0.023 0.243 0.023 0.019 0.015 0.016 0.009 0.017 0.014 0.014 0.013     (0.000,0.145) (0.000,0.968) (0.000,0.078) (0.000,0.101) (0.000,0.045) (0.000,0.101) (0.000,0.095) (0.000,0.072) (0.000,0.909) (0.000,0.135) (0.000,0.954) (0.000,0.132) (0.000,0.109) (0.000,0.085) (0.000,0.090) (0.000,0.050) (0.000,0.096) (0.000,0.079) (0.000,0.081) (0.000,0.073) 
481     1313    (0)   12 :  0.016 0.015 0.012 0.014 0.008 0.019 0.013 0.018 0.018 0.015 0.018 0.672 0.048 0.016 0.012 0.011 0.018 0.018 0.020 0.018     (0.000,0.097) (0.000,0.086) (0.000,0.070) (0.000,0.084) (0.000,0.042) (0.000,0.124) (0.000,0.072) (0.000,0.114) (0.000,0.117) (0.000,0.091) (0.000,0.111) (0.134,0.986) (0.000,0.374) (0.000,0.099) (0.000,0.069) (0.000,0.063) (0.000,0.111) (0.000,0.109) (0.000,0.123) (0.000,0.112) 
482     1317    (0)    7 :  0.092 0.009 0.137 0.075 0.008 0.028 0.044 0.035 0.012 0.094 0.009 0.015 0.042 0.048 0.039 0.023 0.036 0.105 0.065 0.085     (0.000,0.708) (0.000,0.051) (0.000,0.806) (0.000,0.602) (0.000,0.044) (0.000,0.183) (0.000,0.337) (0.000,0.245) (0.000,0.073) (0.000,0.694) (0.000,0.049) (0.000,0.090) (0.000,0.310) (0.000,0.371) (0.000,0.288) (0.000,0.161) (0.000,0.269) (0.000,0.772) (0.000,0.517) (0.000,0.670) 
483     1318    (0)    7 :  0.100 0.017 0.194 0.050 0.007 0.059 0.033 0.029 0.033 0.105 0.019 0.012 0.046 0.041 0.037 0.007 0.021 0.071 0.040 0.078     (0.000,0.755) (0.000,0.116) (0.000,0.897) (0.000,0.390) (0.000,0.035) (0.000,0.473) (0.000,0.231) (0.000,0.196) (0.000,0.243) (0.000,0.751) (0.000,0.131) (0.000,0.070) (0.000,0.355) (0.000,0.307) (0.000,0.272) (0.000,0.036) (0.000,0.129) (0.000,0.584) (0.000,0.289) (0.000,0.629) 
484     1320   (25)    3 :  0.059 0.009 0.179 0.052 0.015 0.044 0.031 0.055 0.015 0.120 0.009 0.016 0.082 0.037 0.026 0.006 0.040 0.074 0.052 0.080     (0.000,0.480) (0.000,0.050) (0.000,0.890) (0.000,0.404) (0.000,0.079) (0.000,0.332) (0.000,0.206) (0.000,0.443) (0.000,0.090) (0.000,0.812) (0.000,0.049) (0.000,0.091) (0.000,0.665) (0.000,0.258) (0.000,0.163) (0.000,0.034) (0.000,0.295) (0.000,0.621) (0.000,0.409) (0.000,0.658) 
485     1322    (0)   13 :  0.042 0.009 0.031 0.047 0.008 0.050 0.030 0.056 0.012 0.053 0.011 0.019 0.223 0.049 0.013 0.005 0.069 0.066 0.043 0.164     (0.000,0.306) (0.000,0.054) (0.000,0.195) (0.000,0.357) (0.000,0.042) (0.000,0.393) (0.000,0.186) (0.000,0.460) (0.000,0.076) (0.000,0.429) (0.000,0.066) (0.000,0.120) (0.000,0.942) (0.000,0.384) (0.000,0.071) (0.000,0.025) (0.000,0.566) (0.000,0.563) (0.000,0.316) (0.000,0.910) 
486     1323    (0)   14 :  0.104 0.010 0.021 0.018 0.009 0.064 0.028 0.095 0.009 0.077 0.008 0.025 0.064 0.126 0.019 0.006 0.143 0.067 0.022 0.085     (0.000,0.751) (0.000,0.064) (0.000,0.122) (0.000,0.105) (0.000,0.048) (0.000,0.495) (0.000,0.187) (0.000,0.714) (0.000,0.057) (0.000,0.572) (0.000,0.050) (0.000,0.180) (0.000,0.484) (0.000,0.831) (0.000,0.120) (0.000,0.035) (0.000,0.838) (0.000,0.551) (0.000,0.131) (0.000,0.647) 
487     1325    (0)   13 :  0.042 0.007 0.040 0.027 0.010 0.054 0.045 0.156 0.006 0.087 0.006 0.016 0.138 0.042 0.029 0.006 0.056 0.060 0.059 0.116     (0.000,0.309) (0.000,0.036) (0.000,0.284) (0.000,0.168) (0.000,0.049) (0.000,0.430) (0.000,0.337) (0.000,0.897) (0.000,0.031) (0.000,0.717) (0.000,0.029) (0.000,0.090) (0.000,0.873) (0.000,0.303) (0.000,0.185) (0.000,0.030) (0.000,0.451) (0.000,0.507) (0.000,0.481) (0.000,0.835) 
488     1326    (0)   13 :  0.046 0.006 0.033 0.021 0.008 0.077 0.039 0.184 0.006 0.075 0.005 0.013 0.138 0.041 0.031 0.006 0.034 0.063 0.042 0.131     (0.000,0.348) (0.000,0.035) (0.000,0.209) (0.000,0.122) (0.000,0.039) (0.000,0.640) (0.000,0.278) (0.000,0.927) (0.000,0.030) (0.000,0.639) (0.000,0.029) (0.000,0.076) (0.000,0.878) (0.000,0.293) (0.000,0.206) (0.000,0.032) (0.000,0.225) (0.000,0.533) (0.000,0.311) (0.000,0.869) 
489     1328    (0)   10 :  0.046 0.015 0.032 0.045 0.010 0.059 0.050 0.079 0.008 0.056 0.006 0.020 0.145 0.121 0.033 0.007 0.036 0.114 0.071 0.046     (0.000,0.346) (0.000,0.096) (0.000,0.219) (0.000,0.338) (0.000,0.052) (0.000,0.466) (0.000,0.380) (0.000,0.612) (0.000,0.047) (0.000,0.452) (0.000,0.033) (0.000,0.120) (0.000,0.871) (0.000,0.829) (0.000,0.226) (0.000,0.038) (0.000,0.258) (0.000,0.807) (0.000,0.584) (0.000,0.347) 
490     1337   (25)   13 :  0.090 0.011 0.030 0.023 0.009 0.073 0.054 0.094 0.010 0.071 0.009 0.012 0.101 0.054 0.053 0.011 0.056 0.093 0.050 0.097     (0.000,0.725) (0.000,0.059) (0.000,0.184) (0.000,0.139) (0.000,0.044) (0.000,0.601) (0.000,0.431) (0.000,0.733) (0.000,0.055) (0.000,0.600) (0.000,0.047) (0.000,0.066) (0.000,0.761) (0.000,0.439) (0.000,0.420) (0.000,0.058) (0.000,0.446) (0.000,0.745) (0.000,0.393) (0.000,0.760) 
491     1338    (0)   12 :  0.051 0.058 0.022 0.020 0.019 0.070 0.037 0.028 0.032 0.052 0.030 0.278 0.088 0.023 0.023 0.024 0.032 0.031 0.042 0.041     (0.000,0.403) (0.000,0.413) (0.000,0.136) (0.000,0.129) (0.000,0.115) (0.000,0.553) (0.000,0.274) (0.000,0.197) (0.000,0.239) (0.000,0.413) (0.000,0.226) (0.000,0.937) (0.000,0.658) (0.000,0.148) (0.000,0.146) (0.000,0.172) (0.000,0.225) (0.000,0.219) (0.000,0.317) (0.000,0.313) 
492     1343    (0)   13 :  0.060 0.008 0.040 0.039 0.006 0.068 0.059 0.114 0.009 0.037 0.009 0.026 0.035 0.044 0.074 0.009 0.180 0.107 0.026 0.050     (0.000,0.487) (0.000,0.047) (0.000,0.279) (0.000,0.274) (0.000,0.033) (0.000,0.536) (0.000,0.475) (0.000,0.798) (0.000,0.052) (0.000,0.262) (0.000,0.053) (0.000,0.191) (0.000,0.238) (0.000,0.328) (0.000,0.557) (0.000,0.050) (0.000,0.891) (0.000,0.793) (0.000,0.163) (0.000,0.390) 
493     1344    (0)    3 :  0.056 0.018 0.063 0.050 0.008 0.132 0.048 0.046 0.020 0.041 0.018 0.055 0.035 0.080 0.043 0.005 0.085 0.086 0.045 0.064     (0.000,0.456) (0.000,0.126) (0.000,0.514) (0.000,0.394) (0.000,0.039) (0.000,0.826) (0.000,0.372) (0.000,0.357) (0.000,0.136) (0.000,0.309) (0.000,0.123) (0.000,0.408) (0.000,0.249) (0.000,0.632) (0.000,0.325) (0.000,0.028) (0.000,0.621) (0.000,0.684) (0.000,0.341) (0.000,0.524) 
494     1351    (0)    1 :  0.051 0.019 0.082 0.069 0.008 0.062 0.086 0.057 0.021 0.068 0.019 0.022 0.051 0.047 0.095 0.005 0.034 0.056 0.049 0.101     (0.000,0.397) (0.000,0.130) (0.000,0.657) (0.000,0.558) (0.000,0.043) (0.000,0.511) (0.000,0.685) (0.000,0.463) (0.000,0.150) (0.000,0.560) (0.000,0.129) (0.000,0.136) (0.000,0.405) (0.000,0.355) (0.000,0.703) (0.000,0.025) (0.000,0.232) (0.000,0.451) (0.000,0.383) (0.000,0.767) 
495     1356    (0)    3 :  0.086 0.040 0.035 0.074 0.008 0.090 0.045 0.026 0.021 0.059 0.014 0.031 0.088 0.076 0.035 0.009 0.029 0.108 0.083 0.042     (0.000,0.691) (0.000,0.297) (0.000,0.247) (0.000,0.582) (0.000,0.044) (0.000,0.696) (0.000,0.342) (0.000,0.167) (0.000,0.149) (0.000,0.479) (0.000,0.084) (0.000,0.209) (0.000,0.680) (0.000,0.618) (0.000,0.246) (0.000,0.047) (0.000,0.194) (0.000,0.776) (0.000,0.645) (0.000,0.317) 
496     1365    (0)    1 :  0.087 0.033 0.051 0.071 0.008 0.060 0.094 0.026 0.027 0.060 0.024 0.037 0.036 0.056 0.068 0.009 0.019 0.055 0.078 0.100     (0.000,0.695) (0.000,0.246) (0.000,0.403) (0.000,0.576) (0.000,0.044) (0.000,0.482) (0.000,0.715) (0.000,0.161) (0.000,0.198) (0.000,0.492) (0.000,0.167) (0.000,0.278) (0.000,0.258) (0.000,0.449) (0.000,0.539) (0.000,0.053) (0.000,0.112) (0.000,0.446) (0.000,0.627) (0.000,0.753) 
497     1366    (0)   10 :  0.062 0.103 0.036 0.058 0.009 0.035 0.048 0.019 0.057 0.043 0.050 0.101 0.031 0.059 0.027 0.015 0.020 0.048 0.102 0.077     (0.000,0.500) (0.000,0.663) (0.000,0.249) (0.000,0.467) (0.000,0.047) (0.000,0.246) (0.000,0.367) (0.000,0.114) (0.000,0.423) (0.000,0.326) (0.000,0.378) (0.000,0.720) (0.000,0.210) (0.000,0.477) (0.000,0.175) (0.000,0.092) (0.000,0.121) (0.000,0.372) (0.000,0.741) (0.000,0.620) 
498     1368   (12)   13 :  0.076 0.029 0.019 0.010 0.012 0.022 0.053 0.087 0.026 0.042 0.018 0.017 0.161 0.068 0.020 0.013 0.173 0.064 0.037 0.052     (0.000,0.629) (0.000,0.218) (0.000,0.110) (0.000,0.053) (0.000,0.062) (0.000,0.130) (0.000,0.428) (0.000,0.688) (0.000,0.194) (0.000,0.308) (0.000,0.119) (0.000,0.112) (0.000,0.867) (0.000,0.568) (0.000,0.120) (0.000,0.079) (0.000,0.900) (0.000,0.530) (0.000,0.263) (0.000,0.413) 
499     1370    (0)   13 :  0.049 0.008 0.032 0.020 0.006 0.049 0.039 0.289 0.010 0.028 0.009 0.019 0.040 0.031 0.026 0.009 0.179 0.084 0.017 0.057     (0.000,0.379) (0.000,0.046) (0.000,0.206) (0.000,0.114) (0.000,0.031) (0.000,0.375) (0.000,0.281) (0.000,0.964) (0.000,0.059) (0.000,0.172) (0.000,0.050) (0.000,0.131) (0.000,0.296) (0.000,0.199) (0.000,0.168) (0.000,0.049) (0.000,0.906) (0.000,0.702) (0.000,0.091) (0.000,0.462) 
500     1372    (0)   18 :  0.069 0.016 0.022 0.024 0.008 0.085 0.033 0.093 0.010 0.043 0.007 0.011 0.174 0.136 0.019 0.009 0.033 0.116 0.040 0.053     (0.000,0.585) (0.000,0.104) (0.000,0.128) (0.000,0.144) (0.000,0.041) (0.000,0.664) (0.000,0.216) (0.000,0.696) (0.000,0.063) (0.000,0.322) (0.000,0.037) (0.000,0.060) (0.000,0.905) (0.000,0.865) (0.000,0.109) (0.000,0.049) (0.000,0.224) (0.000,0.820) (0.000,0.283) (0.000,0.423) 
501     1374    (0)   20 :  0.035 0.007 0.033 0.023 0.008 0.051 0.021 0.226 0.006 0.061 0.006 0.011 0.110 0.069 0.020 0.012 0.104 0.066 0.050 0.081     (0.000,0.230) (0.000,0.037) (0.000,0.215) (0.000,0.137) (0.000,0.040) (0.000,0.399) (0.000,0.120) (0.000,0.949) (0.000,0.031) (0.000,0.511) (0.000,0.031) (0.000,0.058) (0.000,0.813) (0.000,0.590) (0.000,0.114) (0.000,0.071) (0.000,0.782) (0.000,0.569) (0.000,0.389) (0.000,0.690) 
502     1377    (0)    7 :  0.072 0.011 0.086 0.011 0.007 0.015 0.410 0.039 0.010 0.028 0.009 0.017 0.020 0.034 0.016 0.007 0.033 0.111 0.021 0.045     (0.000,0.605) (0.000,0.068) (0.000,0.643) (0.000,0.057) (0.000,0.034) (0.000,0.081) (0.000,0.976) (0.000,0.291) (0.000,0.063) (0.000,0.183) (0.000,0.049) (0.000,0.106) (0.000,0.128) (0.000,0.236) (0.000,0.095) (0.000,0.037) (0.000,0.231) (0.000,0.794) (0.000,0.121) (0.000,0.341) 
503     1380    (0)   19 :  0.064 0.017 0.072 0.038 0.008 0.028 0.093 0.084 0.019 0.028 0.014 0.023 0.053 0.073 0.034 0.008 0.081 0.095 0.056 0.113     (0.000,0.519) (0.000,0.114) (0.000,0.574) (0.000,0.271) (0.000,0.039) (0.000,0.188) (0.000,0.664) (0.000,0.652) (0.000,0.134) (0.000,0.176) (0.000,0.089) (0.000,0.159) (0.000,0.423) (0.000,0.582) (0.000,0.242) (0.000,0.046) (0.000,0.643) (0.000,0.730) (0.000,0.445) (0.000,0.790) 
504     1381   (12)    4 :  0.076 0.015 0.045 0.026 0.015 0.034 0.148 0.121 0.012 0.088 0.011 0.012 0.052 0.032 0.050 0.006 0.095 0.054 0.030 0.081     (0.000,0.626) (0.000,0.096) (0.000,0.337) (0.000,0.161) (0.000,0.083) (0.000,0.231) (0.000,0.876) (0.000,0.800) (0.000,0.074) (0.000,0.702) (0.000,0.063) (0.000,0.070) (0.000,0.405) (0.000,0.208) (0.000,0.385) (0.000,0.030) (0.000,0.718) (0.000,0.432) (0.000,0.190) (0.000,0.661) 
505     1387    (0)   13 :  0.042 0.021 0.040 0.020 0.008 0.047 0.047 0.255 0.015 0.049 0.011 0.015 0.047 0.084 0.043 0.008 0.037 0.062 0.051 0.099     (0.000,0.309) (0.000,0.141) (0.000,0.288) (0.000,0.108) (0.000,0.041) (0.000,0.362) (0.000,0.356) (0.000,0.952) (0.000,0.099) (0.000,0.380) (0.000,0.068) (0.000,0.085) (0.000,0.370) (0.000,0.692) (0.000,0.324) (0.000,0.041) (0.000,0.257) (0.000,0.522) (0.000,0.403) (0.000,0.767) 
506     1388    (0)   20 :  0.021 0.109 0.046 0.030 0.010 0.018 0.027 0.061 0.073 0.031 0.079 0.086 0.065 0.084 0.023 0.014 0.095 0.041 0.048 0.040     (0.000,0.125) (0.000,0.617) (0.000,0.360) (0.000,0.212) (0.000,0.051) (0.000,0.104) (0.000,0.180) (0.000,0.462) (0.000,0.465) (0.000,0.212) (0.000,0.508) (0.000,0.634) (0.000,0.496) (0.000,0.616) (0.000,0.153) (0.000,0.094) (0.000,0.650) (0.000,0.305) (0.000,0.371) (0.000,0.295) 
507     1389   (12)   17 :  0.025 0.009 0.055 0.035 0.010 0.020 0.041 0.232 0.008 0.049 0.008 0.012 0.043 0.055 0.061 0.011 0.177 0.059 0.045 0.045     (0.000,0.148) (0.000,0.050) (0.000,0.450) (0.000,0.236) (0.000,0.050) (0.000,0.116) (0.000,0.294) (0.000,0.950) (0.000,0.044) (0.000,0.383) (0.000,0.042) (0.000,0.063) (0.000,0.321) (0.000,0.445) (0.000,0.503) (0.000,0.062) (0.000,0.915) (0.000,0.492) (0.000,0.333) (0.000,0.335) 
508     1391    (0)   13 :  0.044 0.011 0.025 0.029 0.010 0.066 0.048 0.053 0.012 0.033 0.010 0.057 0.059 0.072 0.039 0.010 0.073 0.101 0.045 0.202     (0.000,0.342) (0.000,0.068) (0.000,0.156) (0.000,0.191) (0.000,0.052) (0.000,0.523) (0.000,0.363) (0.000,0.422) (0.000,0.077) (0.000,0.230) (0.000,0.056) (0.000,0.341) (0.000,0.475) (0.000,0.582) (0.000,0.286) (0.000,0.059) (0.000,0.581) (0.000,0.744) (0.000,0.348) (0.000,0.920) 
509     1396    (0)   13 :  0.059 0.008 0.037 0.036 0.009 0.054 0.027 0.077 0.007 0.081 0.007 0.010 0.121 0.077 0.020 0.009 0.186 0.059 0.065 0.051     (0.000,0.493) (0.000,0.043) (0.000,0.248) (0.000,0.249) (0.000,0.046) (0.000,0.433) (0.000,0.166) (0.000,0.648) (0.000,0.038) (0.000,0.681) (0.000,0.040) (0.000,0.055) (0.000,0.834) (0.000,0.660) (0.000,0.117) (0.000,0.047) (0.000,0.926) (0.000,0.488) (0.000,0.547) (0.000,0.408) 
510     1400    (0)   17 :  0.064 0.011 0.029 0.028 0.006 0.041 0.025 0.106 0.010 0.051 0.010 0.011 0.073 0.080 0.025 0.029 0.167 0.101 0.057 0.075     (0.000,0.535) (0.000,0.064) (0.000,0.181) (0.000,0.176) (0.000,0.033) (0.000,0.303) (0.000,0.153) (0.000,0.780) (0.000,0.060) (0.000,0.407) (0.000,0.057) (0.000,0.064) (0.000,0.598) (0.000,0.657) (0.000,0.153) (0.000,0.207) (0.000,0.902) (0.000,0.780) (0.000,0.466) (0.000,0.624) 
511     1402    (0)    1 :  0.095 0.014 0.055 0.068 0.007 0.031 0.025 0.058 0.016 0.123 0.014 0.010 0.030 0.072 0.021 0.007 0.093 0.060 0.038 0.162     (0.000,0.727) (0.000,0.092) (0.000,0.437) (0.000,0.547) (0.000,0.036) (0.000,0.208) (0.000,0.161) (0.000,0.470) (0.000,0.113) (0.000,0.809) (0.000,0.092) (0.000,0.058) (0.000,0.207) (0.000,0.589) (0.000,0.131) (0.000,0.037) (0.000,0.690) (0.000,0.491) (0.000,0.271) (0.000,0.885) 
512     1403    (0)   13 :  0.050 0.022 0.020 0.021 0.008 0.060 0.022 0.088 0.026 0.040 0.023 0.029 0.308 0.053 0.014 0.013 0.057 0.048 0.029 0.068     (0.000,0.396) (0.000,0.152) (0.000,0.112) (0.000,0.125) (0.000,0.042) (0.000,0.489) (0.000,0.124) (0.000,0.689) (0.000,0.188) (0.000,0.297) (0.000,0.164) (0.000,0.212) (0.000,0.960) (0.000,0.428) (0.000,0.079) (0.000,0.077) (0.000,0.464) (0.000,0.382) (0.000,0.187) (0.000,0.562) 
513     1408    (0)   12 :  0.037 0.091 0.019 0.025 0.015 0.040 0.036 0.025 0.079 0.027 0.060 0.333 0.043 0.019 0.016 0.031 0.016 0.021 0.023 0.042     (0.000,0.273) (0.000,0.596) (0.000,0.120) (0.000,0.175) (0.000,0.086) (0.000,0.300) (0.000,0.275) (0.000,0.177) (0.000,0.513) (0.000,0.189) (0.000,0.440) (0.000,0.958) (0.000,0.329) (0.000,0.118) (0.000,0.101) (0.000,0.233) (0.000,0.093) (0.000,0.133) (0.000,0.149) (0.000,0.319) 
514     1409    (0)    2 :  0.018 0.229 0.014 0.012 0.008 0.020 0.014 0.022 0.255 0.016 0.102 0.116 0.037 0.020 0.012 0.027 0.022 0.018 0.020 0.018     (0.000,0.122) (0.000,0.883) (0.000,0.089) (0.000,0.070) (0.000,0.044) (0.000,0.136) (0.000,0.086) (0.000,0.153) (0.000,0.819) (0.000,0.106) (0.000,0.701) (0.000,0.798) (0.000,0.275) (0.000,0.135) (0.000,0.069) (0.000,0.199) (0.000,0.156) (0.000,0.120) (0.000,0.142) (0.000,0.126) 
515     1410    (0)    1 :  0.065 0.109 0.029 0.019 0.009 0.044 0.035 0.051 0.129 0.031 0.058 0.029 0.032 0.049 0.034 0.055 0.054 0.061 0.053 0.055     (0.000,0.500) (0.000,0.599) (0.000,0.198) (0.000,0.117) (0.000,0.048) (0.000,0.335) (0.000,0.256) (0.000,0.387) (0.000,0.606) (0.000,0.218) (0.000,0.416) (0.000,0.204) (0.000,0.225) (0.000,0.383) (0.000,0.253) (0.000,0.384) (0.000,0.412) (0.000,0.468) (0.000,0.413) (0.000,0.429) 
516     1411    (0)   14 :  0.069 0.085 0.024 0.015 0.013 0.089 0.034 0.052 0.067 0.037 0.040 0.044 0.094 0.062 0.036 0.055 0.047 0.047 0.049 0.041     (0.000,0.534) (0.000,0.512) (0.000,0.157) (0.000,0.084) (0.000,0.074) (0.000,0.630) (0.000,0.251) (0.000,0.408) (0.000,0.418) (0.000,0.278) (0.000,0.295) (0.000,0.329) (0.000,0.677) (0.000,0.486) (0.000,0.274) (0.000,0.384) (0.000,0.370) (0.000,0.366) (0.000,0.384) (0.000,0.314) 
517     1412    (0)   18 :  0.047 0.015 0.020 0.034 0.008 0.114 0.020 0.054 0.011 0.025 0.007 0.024 0.050 0.182 0.017 0.012 0.101 0.180 0.051 0.029     (0.000,0.357) (0.000,0.095) (0.000,0.112) (0.000,0.238) (0.000,0.041) (0.000,0.784) (0.000,0.119) (0.000,0.428) (0.000,0.067) (0.000,0.152) (0.000,0.036) (0.000,0.160) (0.000,0.389) (0.000,0.917) (0.000,0.097) (0.000,0.074) (0.000,0.692) (0.000,0.914) (0.000,0.398) (0.000,0.188) 
518     1414    (0)   18 :  0.049 0.014 0.034 0.032 0.008 0.136 0.025 0.121 0.014 0.033 0.012 0.040 0.043 0.090 0.020 0.009 0.126 0.089 0.043 0.063     (0.000,0.388) (0.000,0.087) (0.000,0.225) (0.000,0.212) (0.000,0.040) (0.000,0.843) (0.000,0.147) (0.000,0.820) (0.000,0.094) (0.000,0.228) (0.000,0.071) (0.000,0.298) (0.000,0.320) (0.000,0.716) (0.000,0.117) (0.000,0.048) (0.000,0.816) (0.000,0.716) (0.000,0.324) (0.000,0.518) 
519     1416    (0)   13 :  0.058 0.051 0.018 0.046 0.036 0.092 0.040 0.116 0.021 0.028 0.007 0.011 0.087 0.098 0.025 0.039 0.016 0.144 0.032 0.034     (0.000,0.466) (0.000,0.364) (0.000,0.102) (0.000,0.353) (0.000,0.231) (0.000,0.642) (0.000,0.292) (0.000,0.675) (0.000,0.148) (0.000,0.190) (0.000,0.038) (0.000,0.060) (0.000,0.631) (0.000,0.692) (0.000,0.163) (0.000,0.234) (0.000,0.095) (0.000,0.818) (0.000,0.219) (0.000,0.243) 
520     1417    (0)   18 :  0.073 0.020 0.035 0.051 0.010 0.047 0.071 0.104 0.015 0.051 0.008 0.015 0.087 0.071 0.050 0.009 0.060 0.130 0.051 0.043     (0.000,0.594) (0.000,0.136) (0.000,0.244) (0.000,0.393) (0.000,0.050) (0.000,0.357) (0.000,0.570) (0.000,0.720) (0.000,0.095) (0.000,0.398) (0.000,0.044) (0.000,0.089) (0.000,0.668) (0.000,0.575) (0.000,0.393) (0.000,0.051) (0.000,0.475) (0.000,0.836) (0.000,0.403) (0.000,0.325) 
521     1422    (0)   19 :  0.055 0.014 0.036 0.029 0.026 0.020 0.076 0.075 0.009 0.038 0.009 0.011 0.030 0.168 0.098 0.024 0.049 0.079 0.111 0.042     (0.000,0.445) (0.000,0.089) (0.000,0.248) (0.000,0.193) (0.000,0.181) (0.000,0.118) (0.000,0.610) (0.000,0.603) (0.000,0.048) (0.000,0.272) (0.000,0.048) (0.000,0.065) (0.000,0.197) (0.000,0.892) (0.000,0.710) (0.000,0.174) (0.000,0.383) (0.000,0.647) (0.000,0.780) (0.000,0.314) 
522     1424    (0)   14 :  0.076 0.012 0.043 0.035 0.010 0.061 0.078 0.124 0.009 0.067 0.008 0.016 0.050 0.081 0.067 0.014 0.028 0.058 0.065 0.097     (0.000,0.631) (0.000,0.072) (0.000,0.321) (0.000,0.235) (0.000,0.053) (0.000,0.500) (0.000,0.642) (0.000,0.824) (0.000,0.050) (0.000,0.564) (0.000,0.045) (0.000,0.100) (0.000,0.395) (0.000,0.667) (0.000,0.552) (0.000,0.084) (0.000,0.178) (0.000,0.478) (0.000,0.534) (0.000,0.754) 
523     1426    (0)   17 :  0.063 0.011 0.040 0.019 0.007 0.023 0.080 0.171 0.008 0.058 0.008 0.009 0.030 0.039 0.147 0.015 0.138 0.061 0.038 0.036     (0.000,0.529) (0.000,0.061) (0.000,0.284) (0.000,0.105) (0.000,0.036) (0.000,0.132) (0.000,0.667) (0.000,0.913) (0.000,0.045) (0.000,0.484) (0.000,0.046) (0.000,0.051) (0.000,0.188) (0.000,0.275) (0.000,0.874) (0.000,0.087) (0.000,0.872) (0.000,0.516) (0.000,0.266) (0.000,0.236) 
524     1433    (0)   20 :  0.051 0.017 0.046 0.042 0.009 0.057 0.036 0.149 0.015 0.061 0.013 0.019 0.069 0.076 0.033 0.009 0.068 0.069 0.070 0.091     (0.000,0.399) (0.000,0.112) (0.000,0.348) (0.000,0.304) (0.000,0.046) (0.000,0.466) (0.000,0.248) (0.000,0.874) (0.000,0.101) (0.000,0.511) (0.000,0.078) (0.000,0.113) (0.000,0.572) (0.000,0.636) (0.000,0.225) (0.000,0.047) (0.000,0.565) (0.000,0.581) (0.000,0.591) (0.000,0.732) 
525     1435    (0)   14 :  0.039 0.016 0.039 0.029 0.008 0.020 0.037 0.099 0.012 0.047 0.011 0.015 0.032 0.074 0.039 0.017 0.240 0.078 0.100 0.048     (0.000,0.277) (0.000,0.102) (0.000,0.275) (0.000,0.181) (0.000,0.042) (0.000,0.111) (0.000,0.256) (0.000,0.751) (0.000,0.076) (0.000,0.364) (0.000,0.066) (0.000,0.087) (0.000,0.206) (0.000,0.620) (0.000,0.278) (0.000,0.110) (0.000,0.948) (0.000,0.658) (0.000,0.764) (0.000,0.376) 
526     1438    (0)   20 :  0.043 0.179 0.036 0.028 0.012 0.029 0.042 0.038 0.059 0.054 0.103 0.100 0.058 0.037 0.023 0.013 0.050 0.029 0.033 0.035     (0.000,0.326) (0.000,0.794) (0.000,0.268) (0.000,0.187) (0.000,0.066) (0.000,0.197) (0.000,0.314) (0.000,0.288) (0.000,0.430) (0.000,0.422) (0.000,0.620) (0.000,0.707) (0.000,0.439) (0.000,0.270) (0.000,0.146) (0.000,0.078) (0.000,0.378) (0.000,0.198) (0.000,0.240) (0.000,0.251) 
527     1439    (0)    1 :  0.056 0.013 0.078 0.039 0.007 0.019 0.170 0.072 0.013 0.026 0.011 0.015 0.024 0.040 0.150 0.010 0.094 0.073 0.043 0.047     (0.000,0.457) (0.000,0.081) (0.000,0.635) (0.000,0.277) (0.000,0.035) (0.000,0.112) (0.000,0.884) (0.000,0.586) (0.000,0.085) (0.000,0.159) (0.000,0.063) (0.000,0.092) (0.000,0.143) (0.000,0.292) (0.000,0.851) (0.000,0.055) (0.000,0.714) (0.000,0.609) (0.000,0.322) (0.000,0.356) 
528     1447   (12)   14 :  0.042 0.010 0.038 0.024 0.007 0.023 0.072 0.205 0.011 0.038 0.009 0.010 0.026 0.031 0.184 0.013 0.096 0.072 0.032 0.054     (0.000,0.308) (0.000,0.059) (0.000,0.261) (0.000,0.139) (0.000,0.038) (0.000,0.141) (0.000,0.613) (0.000,0.937) (0.000,0.065) (0.000,0.266) (0.000,0.048) (0.000,0.053) (0.000,0.161) (0.000,0.204) (0.000,0.917) (0.000,0.076) (0.000,0.740) (0.000,0.620) (0.000,0.210) (0.000,0.435) 
529     1448    (0)   14 :  0.046 0.013 0.054 0.050 0.008 0.033 0.043 0.180 0.012 0.063 0.013 0.018 0.061 0.046 0.044 0.011 0.123 0.065 0.051 0.064     (0.000,0.350) (0.000,0.078) (0.000,0.441) (0.000,0.392) (0.000,0.042) (0.000,0.223) (0.000,0.320) (0.000,0.910) (0.000,0.078) (0.000,0.534) (0.000,0.076) (0.000,0.110) (0.000,0.506) (0.000,0.350) (0.000,0.336) (0.000,0.062) (0.000,0.828) (0.000,0.544) (0.000,0.406) (0.000,0.538) 
530     1451   (12)   13 :  0.028 0.125 0.021 0.016 0.015 0.022 0.029 0.054 0.079 0.029 0.062 0.102 0.166 0.053 0.022 0.017 0.069 0.031 0.034 0.026     (0.000,0.188) (0.000,0.726) (0.000,0.139) (0.000,0.096) (0.000,0.083) (0.000,0.136) (0.000,0.193) (0.000,0.414) (0.000,0.539) (0.000,0.198) (0.000,0.475) (0.000,0.712) (0.000,0.883) (0.000,0.410) (0.000,0.138) (0.000,0.100) (0.000,0.550) (0.000,0.213) (0.000,0.246) (0.000,0.177) 
531     1452   (12)   13 :  0.042 0.073 0.030 0.019 0.018 0.026 0.045 0.073 0.044 0.046 0.028 0.046 0.091 0.090 0.030 0.011 0.120 0.050 0.079 0.038     (0.000,0.316) (0.000,0.511) (0.000,0.202) (0.000,0.115) (0.000,0.102) (0.000,0.166) (0.000,0.344) (0.000,0.584) (0.000,0.327) (0.000,0.358) (0.000,0.206) (0.000,0.341) (0.000,0.683) (0.000,0.699) (0.000,0.203) (0.000,0.063) (0.000,0.798) (0.000,0.392) (0.000,0.613) (0.000,0.276) 
532     1453    (0)   14 :  0.031 0.008 0.098 0.026 0.007 0.038 0.028 0.049 0.007 0.037 0.007 0.008 0.034 0.187 0.046 0.010 0.165 0.089 0.093 0.033     (0.000,0.207) (0.000,0.042) (0.000,0.727) (0.000,0.167) (0.000,0.037) (0.000,0.276) (0.000,0.186) (0.000,0.383) (0.000,0.036) (0.000,0.261) (0.000,0.037) (0.000,0.041) (0.000,0.232) (0.000,0.920) (0.000,0.359) (0.000,0.053) (0.000,0.895) (0.000,0.708) (0.000,0.698) (0.000,0.222) 
533     1461    (0)    1 :  0.066 0.025 0.043 0.026 0.009 0.159 0.039 0.054 0.017 0.042 0.015 0.026 0.085 0.063 0.088 0.016 0.022 0.057 0.053 0.095     (0.000,0.539) (0.000,0.178) (0.000,0.320) (0.000,0.172) (0.000,0.046) (0.000,0.859) (0.000,0.287) (0.000,0.435) (0.000,0.117) (0.000,0.316) (0.000,0.095) (0.000,0.173) (0.000,0.628) (0.000,0.506) (0.000,0.665) (0.000,0.102) (0.000,0.133) (0.000,0.462) (0.000,0.419) (0.000,0.726) 
534     1469    (0)    7 :  0.097 0.098 0.035 0.027 0.012 0.061 0.088 0.035 0.063 0.070 0.061 0.037 0.056 0.036 0.056 0.009 0.044 0.038 0.034 0.043     (0.000,0.700) (0.000,0.578) (0.000,0.254) (0.000,0.182) (0.000,0.065) (0.000,0.478) (0.000,0.648) (0.000,0.254) (0.000,0.434) (0.000,0.557) (0.000,0.433) (0.000,0.274) (0.000,0.431) (0.000,0.262) (0.000,0.431) (0.000,0.052) (0.000,0.336) (0.000,0.276) (0.000,0.241) (0.000,0.327) 
535     1470    (0)    1 :  0.110 0.014 0.031 0.017 0.007 0.027 0.093 0.091 0.011 0.055 0.009 0.009 0.024 0.041 0.160 0.018 0.119 0.073 0.052 0.038     (0.000,0.814) (0.000,0.087) (0.000,0.196) (0.000,0.091) (0.000,0.035) (0.000,0.165) (0.000,0.743) (0.000,0.725) (0.000,0.067) (0.000,0.453) (0.000,0.052) (0.000,0.051) (0.000,0.142) (0.000,0.296) (0.000,0.889) (0.000,0.105) (0.000,0.828) (0.000,0.624) (0.000,0.415) (0.000,0.260) 
536     1479    (0)    3 :  0.060 0.019 0.031 0.078 0.011 0.034 0.044 0.039 0.016 0.042 0.013 0.070 0.036 0.076 0.025 0.093 0.026 0.059 0.125 0.105     (0.000,0.488) (0.000,0.127) (0.000,0.196) (0.000,0.625) (0.000,0.056) (0.000,0.239) (0.000,0.333) (0.000,0.285) (0.000,0.100) (0.000,0.307) (0.000,0.081) (0.000,0.544) (0.000,0.253) (0.000,0.628) (0.000,0.158) (0.000,0.611) (0.000,0.170) (0.000,0.481) (0.000,0.823) (0.000,0.775) 
537     1481    (0)   18 :  0.097 0.021 0.034 0.032 0.007 0.052 0.041 0.098 0.018 0.061 0.016 0.016 0.048 0.067 0.049 0.029 0.085 0.091 0.070 0.068     (0.000,0.755) (0.000,0.144) (0.000,0.225) (0.000,0.216) (0.000,0.036) (0.000,0.412) (0.000,0.300) (0.000,0.736) (0.000,0.124) (0.000,0.504) (0.000,0.103) (0.000,0.093) (0.000,0.372) (0.000,0.556) (0.000,0.384) (0.000,0.190) (0.000,0.679) (0.000,0.724) (0.000,0.583) (0.000,0.570) 
538     1483    (0)    1 :  0.043 0.115 0.029 0.026 0.008 0.032 0.025 0.034 0.088 0.035 0.065 0.062 0.058 0.069 0.026 0.037 0.076 0.054 0.074 0.041     (0.000,0.325) (0.000,0.631) (0.000,0.202) (0.000,0.171) (0.000,0.042) (0.000,0.224) (0.000,0.158) (0.000,0.247) (0.000,0.526) (0.000,0.251) (0.000,0.456) (0.000,0.479) (0.000,0.451) (0.000,0.534) (0.000,0.177) (0.000,0.278) (0.000,0.562) (0.000,0.420) (0.000,0.551) (0.000,0.312) 
539     1487    (0)   20 :  0.067 0.018 0.033 0.086 0.012 0.033 0.052 0.029 0.014 0.043 0.013 0.034 0.033 0.123 0.031 0.063 0.034 0.061 0.147 0.075     (0.000,0.553) (0.000,0.120) (0.000,0.219) (0.000,0.682) (0.000,0.061) (0.000,0.222) (0.000,0.414) (0.000,0.189) (0.000,0.088) (0.000,0.320) (0.000,0.076) (0.000,0.249) (0.000,0.223) (0.000,0.831) (0.000,0.210) (0.000,0.454) (0.000,0.253) (0.000,0.500) (0.000,0.868) (0.000,0.617) 
540     1489    (0)   14 :  0.064 0.021 0.036 0.044 0.006 0.027 0.066 0.096 0.039 0.036 0.020 0.015 0.027 0.039 0.090 0.018 0.117 0.106 0.046 0.084     (0.000,0.532) (0.000,0.148) (0.000,0.250) (0.000,0.333) (0.000,0.032) (0.000,0.170) (0.000,0.548) (0.000,0.718) (0.000,0.291) (0.000,0.249) (0.000,0.143) (0.000,0.094) (0.000,0.167) (0.000,0.276) (0.000,0.657) (0.000,0.112) (0.000,0.786) (0.000,0.774) (0.000,0.351) (0.000,0.674) 
541     1491    (0)   14 :  0.065 0.021 0.035 0.053 0.007 0.050 0.045 0.092 0.037 0.038 0.020 0.015 0.036 0.056 0.061 0.015 0.072 0.108 0.053 0.120     (0.000,0.541) (0.000,0.148) (0.000,0.239) (0.000,0.421) (0.000,0.033) (0.000,0.393) (0.000,0.342) (0.000,0.696) (0.000,0.280) (0.000,0.267) (0.000,0.138) (0.000,0.093) (0.000,0.254) (0.000,0.456) (0.000,0.486) (0.000,0.087) (0.000,0.572) (0.000,0.782) (0.000,0.419) (0.000,0.818) 
542     1492    (0)   13 :  0.067 0.025 0.032 0.073 0.007 0.098 0.022 0.062 0.030 0.048 0.029 0.019 0.075 0.100 0.022 0.017 0.052 0.074 0.059 0.089     (0.000,0.565) (0.000,0.180) (0.000,0.205) (0.000,0.603) (0.000,0.035) (0.000,0.720) (0.000,0.125) (0.000,0.503) (0.000,0.224) (0.000,0.376) (0.000,0.211) (0.000,0.119) (0.000,0.616) (0.000,0.761) (0.000,0.131) (0.000,0.096) (0.000,0.412) (0.000,0.618) (0.000,0.488) (0.000,0.710) 
543     1493   (12)   14 :  0.070 0.011 0.034 0.037 0.007 0.066 0.049 0.129 0.014 0.047 0.010 0.010 0.041 0.048 0.118 0.016 0.064 0.098 0.044 0.086     (0.000,0.590) (0.000,0.066) (0.000,0.221) (0.000,0.260) (0.000,0.037) (0.000,0.542) (0.000,0.376) (0.000,0.846) (0.000,0.089) (0.000,0.365) (0.000,0.056) (0.000,0.057) (0.000,0.301) (0.000,0.370) (0.000,0.812) (0.000,0.097) (0.000,0.522) (0.000,0.762) (0.000,0.330) (0.000,0.702) 
544     1495   (12)   14 :  0.109 0.036 0.032 0.081 0.023 0.046 0.118 0.028 0.019 0.071 0.019 0.076 0.032 0.045 0.032 0.029 0.019 0.039 0.067 0.081     (0.000,0.792) (0.000,0.268) (0.000,0.210) (0.000,0.656) (0.000,0.142) (0.000,0.350) (0.000,0.807) (0.000,0.178) (0.000,0.117) (0.000,0.586) (0.000,0.121) (0.000,0.594) (0.000,0.218) (0.000,0.342) (0.000,0.213) (0.000,0.206) (0.000,0.116) (0.000,0.276) (0.000,0.544) (0.000,0.653) 
545     1498   (12)   18 :  0.091 0.017 0.037 0.027 0.008 0.029 0.066 0.100 0.016 0.058 0.014 0.012 0.034 0.043 0.113 0.031 0.133 0.080 0.052 0.042     (0.000,0.733) (0.000,0.108) (0.000,0.249) (0.000,0.166) (0.000,0.041) (0.000,0.190) (0.000,0.554) (0.000,0.766) (0.000,0.098) (0.000,0.474) (0.000,0.081) (0.000,0.066) (0.000,0.228) (0.000,0.313) (0.000,0.795) (0.000,0.201) (0.000,0.850) (0.000,0.669) (0.000,0.407) (0.000,0.305) 
546     1499    (0)   18 :  0.120 0.037 0.031 0.067 0.013 0.065 0.058 0.035 0.018 0.087 0.022 0.043 0.042 0.065 0.025 0.030 0.032 0.053 0.075 0.082     (0.000,0.819) (0.000,0.276) (0.000,0.200) (0.000,0.553) (0.000,0.072) (0.000,0.524) (0.000,0.463) (0.000,0.250) (0.000,0.122) (0.000,0.689) (0.000,0.149) (0.000,0.322) (0.000,0.318) (0.000,0.530) (0.000,0.152) (0.000,0.216) (0.000,0.220) (0.000,0.419) (0.000,0.601) (0.000,0.657) 
547     1502   (25)   14 :  0.021 0.018 0.014 0.015 0.051 0.039 0.016 0.014 0.036 0.017 0.017 0.235 0.022 0.025 0.012 0.348 0.018 0.021 0.035 0.025     (0.000,0.132) (0.000,0.118) (0.000,0.077) (0.000,0.088) (0.000,0.367) (0.000,0.284) (0.000,0.097) (0.000,0.081) (0.000,0.264) (0.000,0.111) (0.000,0.118) (0.000,0.931) (0.000,0.142) (0.000,0.174) (0.000,0.069) (0.000,0.866) (0.000,0.121) (0.000,0.136) (0.000,0.255) (0.000,0.168) 
548     1512   (12)   14 :  0.038 0.017 0.042 0.020 0.014 0.157 0.020 0.091 0.015 0.037 0.016 0.029 0.163 0.064 0.021 0.063 0.036 0.049 0.046 0.063     (0.000,0.264) (0.000,0.114) (0.000,0.305) (0.000,0.117) (0.000,0.075) (0.000,0.871) (0.000,0.115) (0.000,0.672) (0.000,0.099) (0.000,0.264) (0.000,0.110) (0.000,0.205) (0.000,0.890) (0.000,0.529) (0.000,0.123) (0.000,0.415) (0.000,0.263) (0.000,0.388) (0.000,0.359) (0.000,0.522) 
549     1513    (0)    8 :  0.031 0.005 0.042 0.025 0.008 0.095 0.027 0.124 0.005 0.033 0.005 0.013 0.059 0.130 0.025 0.007 0.237 0.064 0.032 0.035     (0.000,0.196) (0.000,0.028) (0.000,0.301) (0.000,0.145) (0.000,0.041) (0.000,0.733) (0.000,0.169) (0.000,0.854) (0.000,0.025) (0.000,0.215) (0.000,0.028) (0.000,0.077) (0.000,0.483) (0.000,0.872) (0.000,0.154) (0.000,0.035) (0.000,0.950) (0.000,0.550) (0.000,0.203) (0.000,0.235) 
550     1514    (0)    1 :  0.036 0.009 0.045 0.017 0.009 0.042 0.100 0.072 0.008 0.022 0.008 0.038 0.034 0.141 0.014 0.007 0.080 0.198 0.041 0.080     (0.000,0.253) (0.000,0.049) (0.000,0.341) (0.000,0.098) (0.000,0.045) (0.000,0.313) (0.000,0.676) (0.000,0.559) (0.000,0.045) (0.000,0.134) (0.000,0.042) (0.000,0.282) (0.000,0.240) (0.000,0.859) (0.000,0.080) (0.000,0.035) (0.000,0.590) (0.000,0.920) (0.000,0.305) (0.000,0.638) 
551     1515    (0)   17 :  0.022 0.006 0.039 0.015 0.008 0.045 0.023 0.218 0.004 0.035 0.005 0.010 0.186 0.058 0.049 0.010 0.134 0.052 0.038 0.043     (0.000,0.124) (0.000,0.030) (0.000,0.269) (0.000,0.081) (0.000,0.042) (0.000,0.338) (0.000,0.138) (0.000,0.941) (0.000,0.024) (0.000,0.246) (0.000,0.027) (0.000,0.056) (0.000,0.920) (0.000,0.471) (0.000,0.377) (0.000,0.057) (0.000,0.864) (0.000,0.413) (0.000,0.267) (0.000,0.312) 
552     1521    (0)   13 :  0.023 0.008 0.045 0.030 0.009 0.029 0.022 0.140 0.006 0.043 0.007 0.016 0.087 0.120 0.019 0.013 0.151 0.068 0.102 0.063     (0.000,0.129) (0.000,0.045) (0.000,0.341) (0.000,0.185) (0.000,0.044) (0.000,0.179) (0.000,0.124) (0.000,0.874) (0.000,0.036) (0.000,0.317) (0.000,0.039) (0.000,0.092) (0.000,0.724) (0.000,0.844) (0.000,0.103) (0.000,0.077) (0.000,0.893) (0.000,0.590) (0.000,0.788) (0.000,0.533) 
553     1525   (12)   13 :  0.019 0.007 0.049 0.033 0.013 0.021 0.024 0.097 0.006 0.045 0.006 0.013 0.080 0.101 0.021 0.010 0.256 0.052 0.108 0.039     (0.000,0.100) (0.000,0.038) (0.000,0.380) (0.000,0.208) (0.000,0.066) (0.000,0.117) (0.000,0.138) (0.000,0.770) (0.000,0.030) (0.000,0.340) (0.000,0.033) (0.000,0.072) (0.000,0.677) (0.000,0.800) (0.000,0.114) (0.000,0.056) (0.000,0.960) (0.000,0.421) (0.000,0.816) (0.000,0.271) 
554     1526    (0)   13 :  0.024 0.017 0.029 0.018 0.010 0.028 0.025 0.141 0.012 0.036 0.015 0.047 0.277 0.080 0.016 0.014 0.081 0.041 0.043 0.046     (0.000,0.138) (0.000,0.108) (0.000,0.184) (0.000,0.101) (0.000,0.053) (0.000,0.181) (0.000,0.148) (0.000,0.855) (0.000,0.077) (0.000,0.249) (0.000,0.094) (0.000,0.352) (0.000,0.959) (0.000,0.673) (0.000,0.086) (0.000,0.083) (0.000,0.679) (0.000,0.299) (0.000,0.317) (0.000,0.351) 
555     1531   (12)   18 :  0.019 0.015 0.015 0.012 0.012 0.024 0.026 0.028 0.023 0.016 0.015 0.477 0.160 0.021 0.015 0.009 0.029 0.025 0.019 0.040     (0.000,0.116) (0.000,0.092) (0.000,0.087) (0.000,0.070) (0.000,0.059) (0.000,0.159) (0.000,0.169) (0.000,0.194) (0.000,0.158) (0.000,0.095) (0.000,0.093) (0.000,0.972) (0.000,0.886) (0.000,0.126) (0.000,0.090) (0.000,0.047) (0.000,0.188) (0.000,0.158) (0.000,0.120) (0.000,0.302) 
556     1534    (0)   20 :  0.086 0.005 0.026 0.019 0.007 0.090 0.021 0.077 0.005 0.073 0.005 0.006 0.093 0.131 0.031 0.005 0.096 0.064 0.030 0.130     (0.000,0.664) (0.000,0.028) (0.000,0.162) (0.000,0.114) (0.000,0.038) (0.000,0.642) (0.000,0.126) (0.000,0.618) (0.000,0.027) (0.000,0.548) (0.000,0.026) (0.000,0.030) (0.000,0.652) (0.000,0.853) (0.000,0.222) (0.000,0.027) (0.000,0.729) (0.000,0.531) (0.000,0.195) (0.000,0.833) 
557     1536    (0)   20 :  0.076 0.017 0.048 0.024 0.007 0.092 0.038 0.067 0.017 0.055 0.016 0.017 0.111 0.067 0.021 0.009 0.040 0.076 0.059 0.144     (0.000,0.642) (0.000,0.110) (0.000,0.363) (0.000,0.146) (0.000,0.035) (0.000,0.715) (0.000,0.262) (0.000,0.563) (0.000,0.116) (0.000,0.449) (0.000,0.107) (0.000,0.099) (0.000,0.780) (0.000,0.564) (0.000,0.127) (0.000,0.047) (0.000,0.294) (0.000,0.639) (0.000,0.489) (0.000,0.876) 
558     1543    (0)   14 :  0.018 0.030 0.026 0.015 0.011 0.022 0.015 0.034 0.036 0.017 0.036 0.109 0.410 0.022 0.014 0.064 0.045 0.027 0.025 0.025     (0.000,0.102) (0.000,0.226) (0.000,0.179) (0.000,0.091) (0.000,0.057) (0.000,0.141) (0.000,0.082) (0.000,0.246) (0.000,0.268) (0.000,0.094) (0.000,0.272) (0.000,0.694) (0.000,0.969) (0.000,0.139) (0.000,0.080) (0.000,0.429) (0.000,0.352) (0.000,0.181) (0.000,0.163) (0.000,0.162) 
559     1546    (0)    6 :  0.103 0.022 0.045 0.057 0.017 0.044 0.024 0.041 0.020 0.089 0.019 0.046 0.040 0.071 0.014 0.049 0.046 0.044 0.068 0.140     (0.000,0.731) (0.000,0.155) (0.000,0.342) (0.000,0.453) (0.000,0.100) (0.000,0.337) (0.000,0.157) (0.000,0.310) (0.000,0.144) (0.000,0.627) (0.000,0.131) (0.000,0.334) (0.000,0.299) (0.000,0.573) (0.000,0.082) (0.000,0.321) (0.000,0.360) (0.000,0.339) (0.000,0.538) (0.000,0.814) 
560     1549    (0)    8 :  0.023 0.012 0.036 0.030 0.008 0.058 0.016 0.090 0.015 0.020 0.019 0.071 0.310 0.047 0.012 0.009 0.113 0.054 0.020 0.039     (0.000,0.137) (0.000,0.071) (0.000,0.258) (0.000,0.204) (0.000,0.040) (0.000,0.453) (0.000,0.090) (0.000,0.690) (0.000,0.096) (0.000,0.115) (0.000,0.130) (0.000,0.479) (0.000,0.950) (0.000,0.359) (0.000,0.067) (0.000,0.049) (0.000,0.773) (0.000,0.432) (0.000,0.118) (0.000,0.279) 
561     1552    (0)    1 :  0.066 0.016 0.055 0.038 0.064 0.053 0.058 0.047 0.011 0.174 0.016 0.020 0.066 0.027 0.063 0.006 0.061 0.036 0.064 0.060     (0.000,0.540) (0.000,0.101) (0.000,0.439) (0.000,0.280) (0.000,0.380) (0.000,0.418) (0.000,0.463) (0.000,0.370) (0.000,0.063) (0.000,0.899) (0.000,0.101) (0.000,0.121) (0.000,0.526) (0.000,0.175) (0.000,0.498) (0.000,0.031) (0.000,0.479) (0.000,0.257) (0.000,0.510) (0.000,0.493) 
562     1560    (0)    1 :  0.087 0.019 0.071 0.049 0.016 0.058 0.167 0.032 0.010 0.150 0.015 0.019 0.038 0.031 0.047 0.006 0.057 0.034 0.039 0.055     (0.000,0.700) (0.000,0.128) (0.000,0.584) (0.000,0.382) (0.000,0.092) (0.000,0.470) (0.000,0.897) (0.000,0.224) (0.000,0.058) (0.000,0.884) (0.000,0.097) (0.000,0.117) (0.000,0.274) (0.000,0.202) (0.000,0.364) (0.000,0.031) (0.000,0.463) (0.000,0.226) (0.000,0.277) (0.000,0.446) 
563     1562    (0)   14 :  0.028 0.005 0.032 0.023 0.007 0.171 0.027 0.091 0.005 0.031 0.005 0.007 0.217 0.077 0.076 0.005 0.062 0.050 0.026 0.054     (0.000,0.170) (0.000,0.027) (0.000,0.212) (0.000,0.142) (0.000,0.038) (0.000,0.902) (0.000,0.171) (0.000,0.725) (0.000,0.027) (0.000,0.202) (0.000,0.027) (0.000,0.037) (0.000,0.944) (0.000,0.651) (0.000,0.610) (0.000,0.027) (0.000,0.507) (0.000,0.382) (0.000,0.160) (0.000,0.431) 
564     1568    (0)   18 :  0.037 0.009 0.046 0.043 0.008 0.064 0.028 0.136 0.008 0.054 0.009 0.018 0.138 0.070 0.022 0.010 0.072 0.066 0.070 0.091     (0.000,0.255) (0.000,0.048) (0.000,0.350) (0.000,0.321) (0.000,0.042) (0.000,0.529) (0.000,0.169) (0.000,0.865) (0.000,0.047) (0.000,0.442) (0.000,0.050) (0.000,0.108) (0.000,0.876) (0.000,0.593) (0.000,0.123) (0.000,0.053) (0.000,0.604) (0.000,0.564) (0.000,0.589) (0.000,0.737) 
565     1569    (0)   18 :  0.058 0.011 0.041 0.023 0.008 0.036 0.046 0.147 0.009 0.052 0.009 0.015 0.068 0.076 0.037 0.018 0.103 0.085 0.081 0.077     (0.000,0.476) (0.000,0.068) (0.000,0.292) (0.000,0.131) (0.000,0.039) (0.000,0.251) (0.000,0.349) (0.000,0.876) (0.000,0.055) (0.000,0.420) (0.000,0.053) (0.000,0.092) (0.000,0.571) (0.000,0.631) (0.000,0.266) (0.000,0.107) (0.000,0.773) (0.000,0.701) (0.000,0.670) (0.000,0.645) 
566     1573    (0)    7 :  0.069 0.011 0.071 0.068 0.011 0.024 0.282 0.029 0.008 0.033 0.009 0.036 0.030 0.043 0.047 0.012 0.042 0.050 0.059 0.065     (0.000,0.567) (0.000,0.068) (0.000,0.582) (0.000,0.558) (0.000,0.063) (0.000,0.149) (0.000,0.949) (0.000,0.194) (0.000,0.049) (0.000,0.225) (0.000,0.051) (0.000,0.267) (0.000,0.199) (0.000,0.329) (0.000,0.359) (0.000,0.075) (0.000,0.319) (0.000,0.387) (0.000,0.469) (0.000,0.541) 
567     1575    (0)   18 :  0.059 0.012 0.041 0.067 0.008 0.027 0.019 0.090 0.011 0.099 0.012 0.016 0.042 0.101 0.013 0.008 0.092 0.057 0.060 0.164     (0.000,0.485) (0.000,0.072) (0.000,0.300) (0.000,0.554) (0.000,0.042) (0.000,0.169) (0.000,0.109) (0.000,0.700) (0.000,0.071) (0.000,0.733) (0.000,0.073) (0.000,0.098) (0.000,0.312) (0.000,0.773) (0.000,0.067) (0.000,0.045) (0.000,0.726) (0.000,0.467) (0.000,0.493) (0.000,0.897) 
568     1576   (12)   13 :  0.031 0.008 0.115 0.020 0.008 0.027 0.046 0.075 0.008 0.031 0.007 0.011 0.034 0.084 0.050 0.010 0.147 0.120 0.114 0.053     (0.000,0.203) (0.000,0.042) (0.000,0.784) (0.000,0.120) (0.000,0.042) (0.000,0.179) (0.000,0.355) (0.000,0.581) (0.000,0.045) (0.000,0.207) (0.000,0.038) (0.000,0.059) (0.000,0.240) (0.000,0.648) (0.000,0.391) (0.000,0.059) (0.000,0.855) (0.000,0.820) (0.000,0.772) (0.000,0.419) 
569     1577    (0)    7 :  0.074 0.010 0.301 0.019 0.008 0.031 0.137 0.037 0.008 0.061 0.008 0.023 0.029 0.035 0.033 0.006 0.048 0.052 0.044 0.036     (0.000,0.612) (0.000,0.057) (0.000,0.957) (0.000,0.110) (0.000,0.042) (0.000,0.208) (0.000,0.854) (0.000,0.275) (0.000,0.047) (0.000,0.500) (0.000,0.047) (0.000,0.152) (0.000,0.196) (0.000,0.248) (0.000,0.229) (0.000,0.032) (0.000,0.365) (0.000,0.410) (0.000,0.333) (0.000,0.256) 
570     1579    (0)   14 :  0.036 0.008 0.034 0.033 0.007 0.064 0.020 0.110 0.007 0.044 0.008 0.014 0.099 0.126 0.022 0.025 0.085 0.085 0.088 0.086     (0.000,0.240) (0.000,0.047) (0.000,0.217) (0.000,0.212) (0.000,0.035) (0.000,0.525) (0.000,0.108) (0.000,0.800) (0.000,0.040) (0.000,0.321) (0.000,0.044) (0.000,0.080) (0.000,0.772) (0.000,0.851) (0.000,0.126) (0.000,0.164) (0.000,0.695) (0.000,0.711) (0.000,0.717) (0.000,0.706) 
571     1581   (25)    7 :  0.066 0.017 0.287 0.020 0.012 0.028 0.112 0.034 0.014 0.056 0.013 0.042 0.031 0.041 0.025 0.007 0.052 0.054 0.056 0.036     (0.000,0.551) (0.000,0.109) (0.000,0.950) (0.000,0.117) (0.000,0.062) (0.000,0.180) (0.000,0.789) (0.000,0.239) (0.000,0.089) (0.000,0.449) (0.000,0.077) (0.000,0.305) (0.000,0.210) (0.000,0.304) (0.000,0.162) (0.000,0.035) (0.000,0.409) (0.000,0.430) (0.000,0.448) (0.000,0.250) 
572     1585    (0)    8 :  0.072 0.006 0.034 0.029 0.007 0.085 0.033 0.168 0.006 0.062 0.007 0.012 0.105 0.039 0.044 0.028 0.061 0.076 0.049 0.078     (0.000,0.614) (0.000,0.034) (0.000,0.222) (0.000,0.179) (0.000,0.033) (0.000,0.686) (0.000,0.218) (0.000,0.911) (0.000,0.033) (0.000,0.521) (0.000,0.035) (0.000,0.067) (0.000,0.787) (0.000,0.271) (0.000,0.324) (0.000,0.186) (0.000,0.501) (0.000,0.646) (0.000,0.382) (0.000,0.657) 
573     1586    (0)    5 :  0.054 0.006 0.034 0.038 0.007 0.121 0.023 0.114 0.006 0.067 0.006 0.014 0.145 0.050 0.023 0.015 0.058 0.066 0.072 0.080     (0.000,0.437) (0.000,0.034) (0.000,0.225) (0.000,0.259) (0.000,0.038) (0.000,0.842) (0.000,0.127) (0.000,0.826) (0.000,0.032) (0.000,0.567) (0.000,0.035) (0.000,0.079) (0.000,0.892) (0.000,0.390) (0.000,0.135) (0.000,0.085) (0.000,0.478) (0.000,0.571) (0.000,0.606) (0.000,0.679) 
574     1587    (0)   18 :  0.074 0.007 0.034 0.026 0.007 0.070 0.029 0.127 0.006 0.068 0.007 0.012 0.099 0.051 0.037 0.054 0.085 0.080 0.066 0.062     (0.000,0.625) (0.000,0.037) (0.000,0.217) (0.000,0.159) (0.000,0.034) (0.000,0.577) (0.000,0.179) (0.000,0.849) (0.000,0.032) (0.000,0.577) (0.000,0.037) (0.000,0.068) (0.000,0.766) (0.000,0.398) (0.000,0.254) (0.000,0.429) (0.000,0.688) (0.000,0.676) (0.000,0.557) (0.000,0.524) 
575     1588    (0)    1 :  0.066 0.008 0.032 0.025 0.008 0.083 0.025 0.083 0.007 0.066 0.007 0.014 0.103 0.076 0.023 0.019 0.079 0.074 0.135 0.067     (0.000,0.559) (0.000,0.045) (0.000,0.201) (0.000,0.150) (0.000,0.041) (0.000,0.690) (0.000,0.143) (0.000,0.689) (0.000,0.036) (0.000,0.561) (0.000,0.037) (0.000,0.080) (0.000,0.787) (0.000,0.643) (0.000,0.134) (0.000,0.115) (0.000,0.656) (0.000,0.631) (0.000,0.873) (0.000,0.578) 
576     1589    (0)   14 :  0.074 0.008 0.027 0.020 0.007 0.131 0.023 0.099 0.007 0.059 0.007 0.012 0.102 0.081 0.026 0.028 0.046 0.077 0.089 0.078     (0.000,0.629) (0.000,0.046) (0.000,0.156) (0.000,0.114) (0.000,0.035) (0.000,0.860) (0.000,0.132) (0.000,0.771) (0.000,0.036) (0.000,0.493) (0.000,0.037) (0.000,0.067) (0.000,0.789) (0.000,0.690) (0.000,0.154) (0.000,0.178) (0.000,0.345) (0.000,0.664) (0.000,0.730) (0.000,0.665) 
577     1593   (12)    8 :  0.103 0.012 0.045 0.046 0.011 0.112 0.089 0.046 0.010 0.088 0.012 0.020 0.079 0.040 0.050 0.011 0.062 0.051 0.047 0.067     (0.000,0.784) (0.000,0.071) (0.000,0.340) (0.000,0.353) (0.000,0.058) (0.000,0.812) (0.000,0.705) (0.000,0.356) (0.000,0.053) (0.000,0.715) (0.000,0.067) (0.000,0.121) (0.000,0.651) (0.000,0.293) (0.000,0.386) (0.000,0.059) (0.000,0.517) (0.000,0.403) (0.000,0.357) (0.000,0.565) 
578     1596    (0)   14 :  0.044 0.006 0.026 0.020 0.007 0.196 0.026 0.047 0.006 0.031 0.006 0.007 0.149 0.114 0.074 0.006 0.078 0.065 0.044 0.047     (0.000,0.328) (0.000,0.034) (0.000,0.155) (0.000,0.119) (0.000,0.039) (0.000,0.928) (0.000,0.159) (0.000,0.358) (0.000,0.033) (0.000,0.208) (0.000,0.031) (0.000,0.037) (0.000,0.884) (0.000,0.827) (0.000,0.592) (0.000,0.035) (0.000,0.646) (0.000,0.548) (0.000,0.325) (0.000,0.363) 
579     1599    (0)    3 :  0.054 0.011 0.041 0.046 0.010 0.055 0.032 0.064 0.012 0.055 0.010 0.023 0.089 0.067 0.021 0.009 0.112 0.072 0.137 0.082     (0.000,0.433) (0.000,0.065) (0.000,0.290) (0.000,0.346) (0.000,0.049) (0.000,0.440) (0.000,0.209) (0.000,0.542) (0.000,0.070) (0.000,0.446) (0.000,0.060) (0.000,0.135) (0.000,0.716) (0.000,0.567) (0.000,0.122) (0.000,0.048) (0.000,0.798) (0.000,0.612) (0.000,0.867) (0.000,0.685) 
580     1603    (0)   18 :  0.074 0.016 0.022 0.033 0.008 0.031 0.016 0.072 0.016 0.085 0.014 0.028 0.080 0.103 0.013 0.036 0.115 0.063 0.058 0.117     (0.000,0.586) (0.000,0.109) (0.000,0.132) (0.000,0.232) (0.000,0.045) (0.000,0.211) (0.000,0.086) (0.000,0.574) (0.000,0.107) (0.000,0.631) (0.000,0.096) (0.000,0.201) (0.000,0.595) (0.000,0.758) (0.000,0.071) (0.000,0.269) (0.000,0.790) (0.000,0.515) (0.000,0.469) (0.000,0.769) 
581     1607    (0)    7 :  0.070 0.011 0.039 0.034 0.008 0.035 0.054 0.056 0.011 0.051 0.010 0.012 0.054 0.073 0.042 0.011 0.191 0.086 0.095 0.055     (0.000,0.597) (0.000,0.065) (0.000,0.280) (0.000,0.232) (0.000,0.040) (0.000,0.239) (0.000,0.440) (0.000,0.455) (0.000,0.065) (0.000,0.403) (0.000,0.060) (0.000,0.070) (0.000,0.437) (0.000,0.620) (0.000,0.316) (0.000,0.061) (0.000,0.924) (0.000,0.713) (0.000,0.748) (0.000,0.448) 
582     1610   (12)   20 :  0.065 0.008 0.029 0.030 0.007 0.191 0.033 0.105 0.010 0.043 0.008 0.011 0.098 0.053 0.042 0.009 0.028 0.070 0.042 0.116     (0.000,0.558) (0.000,0.046) (0.000,0.177) (0.000,0.188) (0.000,0.037) (0.000,0.931) (0.000,0.216) (0.000,0.800) (0.000,0.056) (0.000,0.313) (0.000,0.045) (0.000,0.058) (0.000,0.779) (0.000,0.426) (0.000,0.307) (0.000,0.049) (0.000,0.165) (0.000,0.603) (0.000,0.303) (0.000,0.840) 
583     1613   (12)   14 :  0.056 0.008 0.032 0.034 0.008 0.053 0.027 0.080 0.007 0.048 0.008 0.011 0.071 0.079 0.045 0.054 0.140 0.101 0.082 0.057     (0.000,0.456) (0.000,0.043) (0.000,0.203) (0.000,0.230) (0.000,0.039) (0.000,0.420) (0.000,0.168) (0.000,0.660) (0.000,0.040) (0.000,0.368) (0.000,0.041) (0.000,0.058) (0.000,0.590) (0.000,0.659) (0.000,0.333) (0.000,0.423) (0.000,0.870) (0.000,0.780) (0.000,0.675) (0.000,0.473) 
584     1615   (12)   12 :  0.014 0.319 0.009 0.010 0.008 0.010 0.013 0.009 0.242 0.012 0.205 0.055 0.016 0.012 0.009 0.008 0.013 0.011 0.013 0.011     (0.000,0.078) (0.000,0.976) (0.000,0.046) (0.000,0.053) (0.000,0.044) (0.000,0.056) (0.000,0.068) (0.000,0.047) (0.000,0.955) (0.000,0.068) (0.000,0.946) (0.000,0.461) (0.000,0.087) (0.000,0.067) (0.000,0.050) (0.000,0.044) (0.000,0.071) (0.000,0.061) (0.000,0.073) (0.000,0.060) 
585     1616   (25)   18 :  0.056 0.095 0.033 0.018 0.013 0.046 0.047 0.036 0.107 0.036 0.054 0.051 0.093 0.058 0.032 0.014 0.048 0.048 0.066 0.049     (0.000,0.447) (0.000,0.601) (0.000,0.237) (0.000,0.109) (0.000,0.070) (0.000,0.346) (0.000,0.361) (0.000,0.261) (0.000,0.619) (0.000,0.252) (0.000,0.405) (0.000,0.392) (0.000,0.656) (0.000,0.461) (0.000,0.220) (0.000,0.080) (0.000,0.362) (0.000,0.372) (0.000,0.515) (0.000,0.378) 
586     1620    (0)   13 :  0.045 0.017 0.021 0.014 0.013 0.034 0.037 0.023 0.011 0.173 0.018 0.013 0.244 0.051 0.017 0.022 0.069 0.096 0.046 0.037     (0.000,0.350) (0.000,0.115) (0.000,0.123) (0.000,0.077) (0.000,0.078) (0.000,0.243) (0.000,0.265) (0.000,0.142) (0.000,0.072) (0.000,0.872) (0.000,0.128) (0.000,0.080) (0.000,0.929) (0.000,0.403) (0.000,0.100) (0.000,0.162) (0.000,0.545) (0.000,0.712) (0.000,0.349) (0.000,0.263) 
587     1623    (0)    4 :  0.097 0.008 0.031 0.035 0.015 0.099 0.092 0.049 0.013 0.118 0.013 0.010 0.064 0.036 0.101 0.007 0.048 0.070 0.031 0.063     (0.000,0.745) (0.000,0.043) (0.000,0.205) (0.000,0.245) (0.000,0.097) (0.000,0.716) (0.000,0.702) (0.000,0.386) (0.000,0.087) (0.000,0.818) (0.000,0.086) (0.000,0.061) (0.000,0.513) (0.000,0.248) (0.000,0.688) (0.000,0.038) (0.000,0.369) (0.000,0.581) (0.000,0.201) (0.000,0.517) 
588     1624    (0)    9 :  0.009 0.340 0.013 0.007 0.011 0.082 0.009 0.007 0.255 0.009 0.146 0.014 0.009 0.017 0.009 0.021 0.006 0.015 0.011 0.009     (0.000,0.052) (0.000,0.955) (0.000,0.083) (0.000,0.038) (0.000,0.067) (0.000,0.368) (0.000,0.052) (0.000,0.038) (0.000,0.882) (0.000,0.051) (0.000,0.808) (0.000,0.074) (0.000,0.047) (0.000,0.120) (0.000,0.051) (0.000,0.144) (0.000,0.034) (0.000,0.096) (0.000,0.065) (0.000,0.050) 
589     1625    (0)    9 :  0.008 0.458 0.006 0.007 0.005 0.009 0.008 0.006 0.373 0.007 0.041 0.011 0.009 0.008 0.008 0.006 0.006 0.009 0.008 0.007     (0.000,0.045) (0.000,0.989) (0.000,0.033) (0.000,0.039) (0.000,0.027) (0.000,0.047) (0.000,0.045) (0.000,0.031) (0.000,0.982) (0.000,0.039) (0.000,0.303) (0.000,0.061) (0.000,0.047) (0.000,0.045) (0.000,0.042) (0.000,0.035) (0.000,0.030) (0.000,0.048) (0.000,0.043) (0.000,0.038) 
590     1626    (0)    9 :  0.006 0.302 0.005 0.006 0.005 0.006 0.007 0.005 0.387 0.006 0.209 0.010 0.006 0.006 0.006 0.005 0.005 0.006 0.006 0.006     (0.000,0.035) (0.000,0.983) (0.000,0.028) (0.000,0.031) (0.000,0.027) (0.000,0.035) (0.000,0.036) (0.000,0.026) (0.000,0.987) (0.000,0.035) (0.000,0.964) (0.000,0.057) (0.000,0.032) (0.000,0.029) (0.000,0.034) (0.000,0.026) (0.000,0.026) (0.000,0.031) (0.000,0.031) (0.000,0.032) 
591     1633   (12)   13 :  0.059 0.027 0.044 0.027 0.013 0.057 0.073 0.077 0.018 0.085 0.020 0.014 0.053 0.070 0.083 0.010 0.028 0.076 0.091 0.078     (0.000,0.485) (0.000,0.186) (0.000,0.325) (0.000,0.174) (0.000,0.068) (0.000,0.460) (0.000,0.602) (0.000,0.624) (0.000,0.111) (0.000,0.686) (0.000,0.134) (0.000,0.077) (0.000,0.431) (0.000,0.578) (0.000,0.664) (0.000,0.055) (0.000,0.173) (0.000,0.632) (0.000,0.717) (0.000,0.638) 
592     1638    (0)    4 :  0.088 0.040 0.030 0.032 0.010 0.067 0.088 0.043 0.030 0.057 0.027 0.026 0.038 0.045 0.056 0.019 0.012 0.067 0.083 0.142     (0.000,0.700) (0.000,0.305) (0.000,0.187) (0.000,0.222) (0.000,0.050) (0.000,0.535) (0.000,0.690) (0.000,0.326) (0.000,0.222) (0.000,0.467) (0.000,0.192) (0.000,0.182) (0.000,0.266) (0.000,0.345) (0.000,0.445) (0.000,0.128) (0.000,0.064) (0.000,0.555) (0.000,0.660) (0.000,0.860) 
593     1659    (0)    9 :  0.006 0.170 0.005 0.005 0.005 0.006 0.007 0.006 0.516 0.006 0.208 0.010 0.007 0.006 0.006 0.006 0.005 0.006 0.006 0.006     (0.000,0.034) (0.000,0.950) (0.000,0.029) (0.000,0.029) (0.000,0.029) (0.000,0.033) (0.000,0.036) (0.000,0.031) (0.000,0.992) (0.000,0.033) (0.000,0.965) (0.000,0.055) (0.000,0.036) (0.000,0.030) (0.000,0.031) (0.000,0.030) (0.000,0.029) (0.000,0.031) (0.000,0.030) (0.000,0.034) 
594     1667    (0)    9 :  0.007 0.207 0.005 0.006 0.005 0.007 0.007 0.006 0.655 0.006 0.030 0.009 0.008 0.007 0.006 0.006 0.005 0.007 0.006 0.006     (0.000,0.035) (0.000,0.964) (0.000,0.028) (0.000,0.031) (0.000,0.026) (0.000,0.038) (0.000,0.036) (0.000,0.032) (0.000,0.994) (0.000,0.030) (0.000,0.192) (0.000,0.049) (0.000,0.043) (0.000,0.034) (0.000,0.032) (0.000,0.031) (0.000,0.027) (0.000,0.038) (0.000,0.032) (0.000,0.033) 
595     1668    (0)    9 :  0.007 0.182 0.007 0.006 0.005 0.007 0.006 0.007 0.418 0.007 0.283 0.010 0.007 0.007 0.006 0.008 0.006 0.007 0.007 0.007     (0.000,0.037) (0.000,0.954) (0.000,0.035) (0.000,0.032) (0.000,0.027) (0.000,0.037) (0.000,0.034) (0.000,0.035) (0.000,0.987) (0.000,0.035) (0.000,0.977) (0.000,0.052) (0.000,0.040) (0.000,0.039) (0.000,0.034) (0.000,0.044) (0.000,0.034) (0.000,0.037) (0.000,0.039) (0.000,0.035) 
596     1669    (0)   11 :  0.009 0.133 0.009 0.008 0.006 0.010 0.009 0.009 0.388 0.009 0.327 0.013 0.010 0.009 0.009 0.009 0.008 0.009 0.009 0.010     (0.000,0.050) (0.000,0.898) (0.000,0.048) (0.000,0.044) (0.000,0.029) (0.000,0.054) (0.000,0.047) (0.000,0.049) (0.000,0.983) (0.000,0.047) (0.000,0.978) (0.000,0.073) (0.000,0.057) (0.000,0.048) (0.000,0.047) (0.000,0.048) (0.000,0.041) (0.000,0.049) (0.000,0.049) (0.000,0.052) 
597     1672    (0)    9 :  0.006 0.125 0.005 0.005 0.005 0.006 0.006 0.006 0.649 0.006 0.122 0.009 0.007 0.006 0.006 0.006 0.005 0.006 0.006 0.006     (0.000,0.032) (0.000,0.918) (0.000,0.029) (0.000,0.027) (0.000,0.025) (0.000,0.033) (0.000,0.034) (0.000,0.033) (0.000,0.995) (0.000,0.030) (0.000,0.911) (0.000,0.048) (0.000,0.036) (0.000,0.032) (0.000,0.032) (0.000,0.031) (0.000,0.028) (0.000,0.032) (0.000,0.033) (0.000,0.033) 
598     1673    (0)   11 :  0.006 0.253 0.005 0.005 0.004 0.005 0.006 0.005 0.444 0.005 0.216 0.006 0.005 0.005 0.005 0.005 0.005 0.005 0.005 0.005     (0.000,0.030) (0.000,0.980) (0.000,0.028) (0.000,0.026) (0.000,0.024) (0.000,0.028) (0.000,0.030) (0.000,0.024) (0.000,0.991) (0.000,0.028) (0.000,0.972) (0.000,0.033) (0.000,0.025) (0.000,0.026) (0.000,0.027) (0.000,0.025) (0.000,0.024) (0.000,0.027) (0.000,0.027) (0.000,0.026) 
599     1675    (0)    6 :  0.049 0.030 0.167 0.050 0.042 0.019 0.068 0.042 0.019 0.061 0.090 0.015 0.066 0.019 0.122 0.008 0.033 0.033 0.038 0.029     (0.000,0.372) (0.000,0.219) (0.000,0.815) (0.000,0.386) (0.000,0.255) (0.000,0.117) (0.000,0.498) (0.000,0.323) (0.000,0.129) (0.000,0.467) (0.000,0.565) (0.000,0.091) (0.000,0.497) (0.000,0.114) (0.000,0.760) (0.000,0.044) (0.000,0.229) (0.000,0.222) (0.000,0.275) (0.000,0.188) 
600     1679    (0)   11 :  0.007 0.776 0.007 0.006 0.012 0.006 0.009 0.007 0.042 0.007 0.056 0.008 0.006 0.008 0.007 0.006 0.005 0.007 0.009 0.008     (0.000,0.040) (0.000,0.995) (0.000,0.038) (0.000,0.033) (0.000,0.077) (0.000,0.031) (0.000,0.050) (0.000,0.038) (0.000,0.312) (0.000,0.038) (0.000,0.488) (0.000,0.042) (0.000,0.031) (0.000,0.043) (0.000,0.039) (0.000,0.036) (0.000,0.028) (0.000,0.038) (0.000,0.050) (0.000,0.043) 
601     1687    (0)    9 :  0.021 0.176 0.016 0.021 0.005 0.024 0.019 0.013 0.489 0.014 0.081 0.011 0.017 0.014 0.017 0.006 0.008 0.021 0.012 0.016     (0.000,0.120) (0.000,0.904) (0.000,0.087) (0.000,0.131) (0.000,0.029) (0.000,0.149) (0.000,0.105) (0.000,0.073) (0.000,0.985) (0.000,0.075) (0.000,0.607) (0.000,0.058) (0.000,0.102) (0.000,0.080) (0.000,0.100) (0.000,0.031) (0.000,0.042) (0.000,0.123) (0.000,0.065) (0.000,0.089) 
602     1688    (0)    9 :  0.008 0.113 0.012 0.010 0.005 0.007 0.007 0.009 0.228 0.008 0.516 0.009 0.016 0.007 0.008 0.005 0.008 0.008 0.007 0.008     (0.000,0.042) (0.000,0.832) (0.000,0.077) (0.000,0.061) (0.000,0.026) (0.000,0.039) (0.000,0.040) (0.000,0.052) (0.000,0.921) (0.000,0.047) (0.000,0.990) (0.000,0.046) (0.000,0.104) (0.000,0.040) (0.000,0.044) (0.000,0.027) (0.000,0.045) (0.000,0.046) (0.000,0.040) (0.000,0.046) 
603     1695    (0)   19 :  0.050 0.031 0.043 0.071 0.008 0.029 0.038 0.061 0.047 0.050 0.055 0.015 0.037 0.057 0.042 0.031 0.104 0.095 0.074 0.061     (0.000,0.397) (0.000,0.235) (0.000,0.326) (0.000,0.558) (0.000,0.044) (0.000,0.194) (0.000,0.275) (0.000,0.480) (0.000,0.348) (0.000,0.386) (0.000,0.389) (0.000,0.092) (0.000,0.263) (0.000,0.460) (0.000,0.316) (0.000,0.226) (0.000,0.703) (0.000,0.710) (0.000,0.595) (0.000,0.495) 
604     1701    (0)    9 :  0.008 0.213 0.007 0.007 0.006 0.008 0.008 0.007 0.292 0.008 0.363 0.013 0.009 0.008 0.007 0.007 0.007 0.007 0.008 0.007     (0.000,0.044) (0.000,0.962) (0.000,0.036) (0.000,0.040) (0.000,0.031) (0.000,0.041) (0.000,0.040) (0.000,0.036) (0.000,0.975) (0.000,0.044) (0.000,0.984) (0.000,0.071) (0.000,0.052) (0.000,0.041) (0.000,0.036) (0.000,0.037) (0.000,0.040) (0.000,0.039) (0.000,0.042) (0.000,0.039) 
605     1704    (0)    9 :  0.011 0.189 0.009 0.008 0.005 0.009 0.011 0.009 0.432 0.009 0.219 0.011 0.010 0.010 0.010 0.007 0.008 0.010 0.011 0.011     (0.000,0.062) (0.000,0.945) (0.000,0.049) (0.000,0.044) (0.000,0.028) (0.000,0.051) (0.000,0.060) (0.000,0.049) (0.000,0.986) (0.000,0.051) (0.000,0.955) (0.000,0.057) (0.000,0.051) (0.000,0.053) (0.000,0.055) (0.000,0.035) (0.000,0.043) (0.000,0.056) (0.000,0.058) (0.000,0.057) 
606     1705    (0)    2 :  0.014 0.474 0.017 0.011 0.019 0.014 0.018 0.015 0.224 0.013 0.047 0.013 0.018 0.020 0.012 0.010 0.012 0.019 0.018 0.014     (0.000,0.091) (0.000,0.963) (0.000,0.112) (0.000,0.064) (0.000,0.129) (0.000,0.090) (0.000,0.119) (0.000,0.102) (0.000,0.866) (0.000,0.077) (0.000,0.390) (0.000,0.077) (0.000,0.122) (0.000,0.140) (0.000,0.071) (0.000,0.060) (0.000,0.082) (0.000,0.126) (0.000,0.118) (0.000,0.093) 
607     1708    (0)   10 :  0.076 0.019 0.039 0.033 0.017 0.042 0.045 0.037 0.012 0.112 0.024 0.017 0.105 0.063 0.013 0.013 0.112 0.060 0.097 0.064     (0.000,0.629) (0.000,0.128) (0.000,0.281) (0.000,0.224) (0.000,0.096) (0.000,0.314) (0.000,0.341) (0.000,0.259) (0.000,0.077) (0.000,0.793) (0.000,0.174) (0.000,0.103) (0.000,0.759) (0.000,0.519) (0.000,0.071) (0.000,0.084) (0.000,0.772) (0.000,0.497) (0.000,0.731) (0.000,0.537) 
608     1710    (0)   14 :  0.083 0.024 0.034 0.020 0.008 0.036 0.049 0.067 0.025 0.051 0.032 0.012 0.082 0.087 0.021 0.025 0.073 0.106 0.073 0.092     (0.000,0.666) (0.000,0.169) (0.000,0.225) (0.000,0.117) (0.000,0.040) (0.000,0.249) (0.000,0.385) (0.000,0.544) (0.000,0.179) (0.000,0.407) (0.000,0.240) (0.000,0.070) (0.000,0.645) (0.000,0.687) (0.000,0.131) (0.000,0.174) (0.000,0.585) (0.000,0.778) (0.000,0.608) (0.000,0.712) 
609     1711    (0)    3 :  0.051 0.018 0.035 0.034 0.009 0.050 0.026 0.052 0.019 0.053 0.030 0.014 0.152 0.108 0.012 0.016 0.067 0.082 0.085 0.087     (0.000,0.404) (0.000,0.116) (0.000,0.241) (0.000,0.231) (0.000,0.046) (0.000,0.396) (0.000,0.153) (0.000,0.417) (0.000,0.132) (0.000,0.426) (0.000,0.225) (0.000,0.084) (0.000,0.871) (0.000,0.793) (0.000,0.066) (0.000,0.102) (0.000,0.545) (0.000,0.674) (0.000,0.688) (0.000,0.697) 
610     1712    (0)   13 :  0.088 0.015 0.033 0.016 0.008 0.041 0.048 0.095 0.013 0.065 0.017 0.010 0.090 0.074 0.024 0.035 0.066 0.104 0.073 0.084     (0.000,0.704) (0.000,0.093) (0.000,0.220) (0.000,0.090) (0.000,0.040) (0.000,0.306) (0.000,0.367) (0.000,0.727) (0.000,0.079) (0.000,0.540) (0.000,0.120) (0.000,0.060) (0.000,0.695) (0.000,0.610) (0.000,0.152) (0.000,0.261) (0.000,0.537) (0.000,0.783) (0.000,0.610) (0.000,0.680) 
611     1716    (0)   13 :  0.059 0.011 0.030 0.025 0.011 0.042 0.021 0.114 0.011 0.069 0.014 0.030 0.052 0.096 0.016 0.020 0.204 0.073 0.034 0.067     (0.000,0.470) (0.000,0.072) (0.000,0.199) (0.000,0.162) (0.000,0.062) (0.000,0.314) (0.000,0.132) (0.000,0.780) (0.000,0.071) (0.000,0.516) (0.000,0.097) (0.000,0.217) (0.000,0.398) (0.000,0.726) (0.000,0.097) (0.000,0.141) (0.000,0.895) (0.000,0.596) (0.000,0.242) (0.000,0.519) 
612     1719    (0)    6 :  0.056 0.009 0.032 0.029 0.107 0.086 0.040 0.056 0.012 0.132 0.016 0.011 0.077 0.043 0.078 0.007 0.050 0.048 0.059 0.049     (0.000,0.448) (0.000,0.050) (0.000,0.224) (0.000,0.198) (0.000,0.517) (0.000,0.622) (0.000,0.304) (0.000,0.445) (0.000,0.074) (0.000,0.834) (0.000,0.104) (0.000,0.062) (0.000,0.603) (0.000,0.333) (0.000,0.599) (0.000,0.041) (0.000,0.392) (0.000,0.374) (0.000,0.471) (0.000,0.391) 
613     1720    (0)    1 :  0.039 0.007 0.053 0.033 0.009 0.061 0.036 0.129 0.006 0.068 0.009 0.009 0.091 0.088 0.048 0.019 0.068 0.083 0.080 0.064     (0.000,0.277) (0.000,0.041) (0.000,0.426) (0.000,0.217) (0.000,0.047) (0.000,0.496) (0.000,0.245) (0.000,0.848) (0.000,0.035) (0.000,0.563) (0.000,0.054) (0.000,0.046) (0.000,0.728) (0.000,0.709) (0.000,0.366) (0.000,0.133) (0.000,0.554) (0.000,0.687) (0.000,0.660) (0.000,0.534) 
614     1722    (0)    7 :  0.053 0.031 0.077 0.029 0.008 0.071 0.062 0.103 0.031 0.060 0.043 0.017 0.060 0.048 0.051 0.011 0.021 0.062 0.050 0.112     (0.000,0.421) (0.000,0.229) (0.000,0.626) (0.000,0.184) (0.000,0.042) (0.000,0.567) (0.000,0.513) (0.000,0.725) (0.000,0.228) (0.000,0.489) (0.000,0.310) (0.000,0.104) (0.000,0.488) (0.000,0.371) (0.000,0.406) (0.000,0.067) (0.000,0.121) (0.000,0.511) (0.000,0.390) (0.000,0.785) 
615     1723    (0)    7 :  0.080 0.014 0.051 0.028 0.009 0.019 0.043 0.155 0.012 0.143 0.015 0.011 0.026 0.049 0.028 0.013 0.062 0.060 0.054 0.128     (0.000,0.649) (0.000,0.091) (0.000,0.400) (0.000,0.177) (0.000,0.048) (0.000,0.107) (0.000,0.320) (0.000,0.876) (0.000,0.078) (0.000,0.854) (0.000,0.099) (0.000,0.064) (0.000,0.166) (0.000,0.375) (0.000,0.187) (0.000,0.082) (0.000,0.503) (0.000,0.497) (0.000,0.434) (0.000,0.830) 
616     1724    (0)   18 :  0.060 0.016 0.048 0.021 0.008 0.039 0.064 0.171 0.014 0.060 0.019 0.013 0.061 0.056 0.053 0.023 0.044 0.085 0.061 0.083     (0.000,0.492) (0.000,0.105) (0.000,0.378) (0.000,0.121) (0.000,0.042) (0.000,0.285) (0.000,0.526) (0.000,0.895) (0.000,0.091) (0.000,0.500) (0.000,0.134) (0.000,0.073) (0.000,0.503) (0.000,0.450) (0.000,0.420) (0.000,0.162) (0.000,0.333) (0.000,0.696) (0.000,0.503) (0.000,0.671) 
617     1725    (0)   13 :  0.035 0.033 0.029 0.020 0.011 0.038 0.028 0.085 0.023 0.047 0.046 0.033 0.232 0.077 0.018 0.043 0.047 0.051 0.055 0.047     (0.000,0.247) (0.000,0.243) (0.000,0.194) (0.000,0.117) (0.000,0.058) (0.000,0.280) (0.000,0.172) (0.000,0.650) (0.000,0.169) (0.000,0.368) (0.000,0.337) (0.000,0.245) (0.000,0.936) (0.000,0.620) (0.000,0.106) (0.000,0.324) (0.000,0.370) (0.000,0.404) (0.000,0.442) (0.000,0.368) 
618     1728   (12)   14 :  0.100 0.012 0.033 0.022 0.011 0.039 0.029 0.052 0.010 0.044 0.017 0.011 0.056 0.249 0.025 0.020 0.026 0.149 0.055 0.040     (0.000,0.715) (0.000,0.072) (0.000,0.230) (0.000,0.130) (0.000,0.056) (0.000,0.285) (0.000,0.195) (0.000,0.413) (0.000,0.055) (0.000,0.332) (0.000,0.106) (0.000,0.061) (0.000,0.442) (0.000,0.939) (0.000,0.164) (0.000,0.134) (0.000,0.167) (0.000,0.858) (0.000,0.439) (0.000,0.295) 
619     1729   (12)   14 :  0.049 0.017 0.050 0.025 0.013 0.047 0.042 0.094 0.011 0.073 0.017 0.012 0.085 0.108 0.033 0.018 0.057 0.075 0.117 0.058     (0.000,0.379) (0.000,0.105) (0.000,0.396) (0.000,0.151) (0.000,0.069) (0.000,0.355) (0.000,0.311) (0.000,0.731) (0.000,0.066) (0.000,0.617) (0.000,0.112) (0.000,0.067) (0.000,0.691) (0.000,0.794) (0.000,0.221) (0.000,0.116) (0.000,0.461) (0.000,0.629) (0.000,0.823) (0.000,0.476) 
620     1730   (12)    3 :  0.077 0.020 0.045 0.033 0.016 0.088 0.060 0.071 0.011 0.111 0.024 0.013 0.081 0.075 0.037 0.020 0.038 0.062 0.055 0.065     (0.000,0.635) (0.000,0.137) (0.000,0.339) (0.000,0.215) (0.000,0.091) (0.000,0.677) (0.000,0.479) (0.000,0.567) (0.000,0.065) (0.000,0.800) (0.000,0.168) (0.000,0.072) (0.000,0.653) (0.000,0.613) (0.000,0.255) (0.000,0.134) (0.000,0.268) (0.000,0.512) (0.000,0.449) (0.000,0.540) 
621     1735    (0)    7 :  0.045 0.013 0.034 0.039 0.008 0.054 0.021 0.053 0.011 0.054 0.017 0.013 0.078 0.102 0.021 0.056 0.077 0.090 0.151 0.061     (0.000,0.344) (0.000,0.079) (0.000,0.229) (0.000,0.284) (0.000,0.044) (0.000,0.432) (0.000,0.117) (0.000,0.424) (0.000,0.067) (0.000,0.434) (0.000,0.112) (0.000,0.077) (0.000,0.651) (0.000,0.771) (0.000,0.120) (0.000,0.413) (0.000,0.615) (0.000,0.725) (0.000,0.884) (0.000,0.508) 
622     1737   (25)    7 :  0.124 0.015 0.041 0.032 0.012 0.025 0.039 0.088 0.015 0.160 0.017 0.009 0.028 0.051 0.034 0.018 0.066 0.067 0.059 0.102     (0.000,0.828) (0.000,0.095) (0.000,0.298) (0.000,0.217) (0.000,0.065) (0.000,0.153) (0.000,0.281) (0.000,0.692) (0.000,0.090) (0.000,0.879) (0.000,0.110) (0.000,0.051) (0.000,0.178) (0.000,0.404) (0.000,0.241) (0.000,0.113) (0.000,0.530) (0.000,0.558) (0.000,0.477) (0.000,0.747) 
623     1738    (0)    9 :  0.005 0.224 0.005 0.005 0.011 0.005 0.006 0.005 0.255 0.005 0.420 0.008 0.005 0.005 0.005 0.008 0.005 0.005 0.006 0.005     (0.000,0.029) (0.000,0.972) (0.000,0.027) (0.000,0.024) (0.000,0.071) (0.000,0.029) (0.000,0.029) (0.000,0.025) (0.000,0.975) (0.000,0.029) (0.000,0.989) (0.000,0.042) (0.000,0.029) (0.000,0.028) (0.000,0.026) (0.000,0.047) (0.000,0.026) (0.000,0.028) (0.000,0.029) (0.000,0.027) 
624     1739    (0)   14 :  0.064 0.012 0.047 0.020 0.013 0.057 0.053 0.105 0.011 0.097 0.020 0.010 0.123 0.046 0.024 0.018 0.038 0.075 0.081 0.084     (0.000,0.540) (0.000,0.073) (0.000,0.364) (0.000,0.114) (0.000,0.068) (0.000,0.467) (0.000,0.426) (0.000,0.777) (0.000,0.066) (0.000,0.752) (0.000,0.141) (0.000,0.055) (0.000,0.828) (0.000,0.353) (0.000,0.148) (0.000,0.127) (0.000,0.279) (0.000,0.634) (0.000,0.656) (0.000,0.684) 
625     1740    (0)    3 :  0.054 0.029 0.036 0.029 0.011 0.046 0.029 0.047 0.029 0.061 0.086 0.012 0.120 0.095 0.014 0.027 0.046 0.077 0.079 0.072     (0.000,0.438) (0.000,0.217) (0.000,0.249) (0.000,0.196) (0.000,0.056) (0.000,0.358) (0.000,0.182) (0.000,0.366) (0.000,0.215) (0.000,0.496) (0.000,0.505) (0.000,0.068) (0.000,0.779) (0.000,0.713) (0.000,0.074) (0.000,0.195) (0.000,0.360) (0.000,0.623) (0.000,0.636) (0.000,0.577) 
626     1745    (0)    1 :  0.068 0.050 0.076 0.024 0.016 0.033 0.164 0.027 0.021 0.110 0.075 0.009 0.026 0.053 0.081 0.010 0.035 0.039 0.052 0.030     (0.000,0.557) (0.000,0.378) (0.000,0.610) (0.000,0.151) (0.000,0.094) (0.000,0.225) (0.000,0.883) (0.000,0.180) (0.000,0.147) (0.000,0.781) (0.000,0.477) (0.000,0.048) (0.000,0.161) (0.000,0.419) (0.000,0.615) (0.000,0.061) (0.000,0.259) (0.000,0.285) (0.000,0.410) (0.000,0.196) 
627     1747    (0)   14 :  0.029 0.085 0.020 0.019 0.010 0.026 0.033 0.027 0.129 0.026 0.232 0.021 0.076 0.047 0.033 0.040 0.039 0.042 0.039 0.027     (0.000,0.202) (0.000,0.588) (0.000,0.137) (0.000,0.131) (0.000,0.055) (0.000,0.182) (0.000,0.237) (0.000,0.186) (0.000,0.684) (0.000,0.176) (0.000,0.794) (0.000,0.141) (0.000,0.576) (0.000,0.349) (0.000,0.243) (0.000,0.288) (0.000,0.286) (0.000,0.309) (0.000,0.287) (0.000,0.190) 
628     1749   (12)   12 :  0.015 0.007 0.012 0.012 0.009 0.019 0.016 0.020 0.006 0.014 0.006 0.725 0.017 0.016 0.011 0.018 0.013 0.017 0.017 0.027     (0.000,0.083) (0.000,0.039) (0.000,0.068) (0.000,0.068) (0.000,0.048) (0.000,0.115) (0.000,0.088) (0.000,0.124) (0.000,0.032) (0.000,0.081) (0.000,0.034) (0.098,0.991) (0.000,0.098) (0.000,0.088) (0.000,0.058) (0.000,0.118) (0.000,0.071) (0.000,0.094) (0.000,0.100) (0.000,0.159) 
629     1750   (12)   18 :  0.033 0.016 0.021 0.033 0.008 0.053 0.018 0.036 0.022 0.028 0.021 0.018 0.038 0.039 0.017 0.010 0.019 0.478 0.039 0.053     (0.000,0.225) (0.000,0.106) (0.000,0.123) (0.000,0.234) (0.000,0.039) (0.000,0.418) (0.000,0.103) (0.000,0.261) (0.000,0.153) (0.000,0.184) (0.000,0.147) (0.000,0.112) (0.000,0.279) (0.000,0.289) (0.000,0.101) (0.000,0.052) (0.000,0.111) (0.000,0.974) (0.000,0.277) (0.000,0.424) 
630     1751   (12)   17 :  0.061 0.014 0.037 0.035 0.011 0.050 0.035 0.068 0.014 0.070 0.013 0.021 0.108 0.067 0.019 0.008 0.101 0.075 0.097 0.094     (0.000,0.510) (0.000,0.086) (0.000,0.258) (0.000,0.245) (0.000,0.059) (0.000,0.391) (0.000,0.238) (0.000,0.573) (0.000,0.089) (0.000,0.587) (0.000,0.077) (0.000,0.132) (0.000,0.787) (0.000,0.562) (0.000,0.109) (0.000,0.042) (0.000,0.758) (0.000,0.632) (0.000,0.747) (0.000,0.748) 
631     1752   (12)    1 :  0.063 0.019 0.050 0.042 0.007 0.089 0.027 0.064 0.019 0.061 0.021 0.019 0.089 0.070 0.027 0.014 0.048 0.086 0.060 0.125     (0.000,0.523) (0.000,0.128) (0.000,0.391) (0.000,0.310) (0.000,0.038) (0.000,0.690) (0.000,0.170) (0.000,0.526) (0.000,0.133) (0.000,0.506) (0.000,0.147) (0.000,0.119) (0.000,0.686) (0.000,0.577) (0.000,0.175) (0.000,0.086) (0.000,0.375) (0.000,0.691) (0.000,0.487) (0.000,0.833) 
632     1753   (25)   12 :  0.068 0.132 0.028 0.024 0.027 0.092 0.051 0.024 0.037 0.063 0.072 0.166 0.032 0.017 0.025 0.033 0.022 0.024 0.026 0.037     (0.000,0.552) (0.000,0.777) (0.000,0.177) (0.000,0.148) (0.000,0.172) (0.000,0.702) (0.000,0.404) (0.000,0.161) (0.000,0.281) (0.000,0.500) (0.000,0.520) (0.000,0.881) (0.000,0.224) (0.000,0.097) (0.000,0.164) (0.000,0.240) (0.000,0.133) (0.000,0.148) (0.000,0.170) (0.000,0.267) 
633     1755   (12)    9 :  0.010 0.095 0.008 0.008 0.006 0.011 0.010 0.010 0.629 0.008 0.092 0.042 0.013 0.008 0.009 0.006 0.008 0.009 0.009 0.011     (0.000,0.052) (0.000,0.809) (0.000,0.043) (0.000,0.041) (0.000,0.033) (0.000,0.059) (0.000,0.055) (0.000,0.053) (0.000,0.992) (0.000,0.043) (0.000,0.798) (0.000,0.284) (0.000,0.068) (0.000,0.045) (0.000,0.051) (0.000,0.033) (0.000,0.041) (0.000,0.049) (0.000,0.046) (0.000,0.060) 
634     1756   (12)    9 :  0.011 0.188 0.009 0.008 0.006 0.011 0.010 0.009 0.497 0.009 0.139 0.026 0.010 0.010 0.010 0.007 0.009 0.010 0.010 0.011     (0.000,0.058) (0.000,0.943) (0.000,0.050) (0.000,0.044) (0.000,0.033) (0.000,0.058) (0.000,0.055) (0.000,0.051) (0.000,0.988) (0.000,0.049) (0.000,0.904) (0.000,0.141) (0.000,0.055) (0.000,0.052) (0.000,0.053) (0.000,0.039) (0.000,0.046) (0.000,0.055) (0.000,0.057) (0.000,0.061) 
635     1757   (25)   14 :  0.015 0.203 0.011 0.009 0.011 0.016 0.014 0.014 0.380 0.012 0.116 0.079 0.027 0.014 0.013 0.014 0.012 0.014 0.014 0.014     (0.000,0.084) (0.000,0.936) (0.000,0.058) (0.000,0.050) (0.000,0.055) (0.000,0.091) (0.000,0.081) (0.000,0.081) (0.000,0.977) (0.000,0.068) (0.000,0.834) (0.000,0.679) (0.000,0.162) (0.000,0.076) (0.000,0.075) (0.000,0.076) (0.000,0.068) (0.000,0.078) (0.000,0.082) (0.000,0.078) 
636     1760   (12)   14 :  0.036 0.010 0.031 0.033 0.010 0.035 0.026 0.075 0.006 0.052 0.007 0.024 0.043 0.105 0.033 0.129 0.046 0.077 0.155 0.065     (0.000,0.247) (0.000,0.056) (0.000,0.201) (0.000,0.221) (0.000,0.056) (0.000,0.248) (0.000,0.164) (0.000,0.595) (0.000,0.033) (0.000,0.409) (0.000,0.036) (0.000,0.155) (0.000,0.319) (0.000,0.781) (0.000,0.221) (0.000,0.703) (0.000,0.357) (0.000,0.635) (0.000,0.894) (0.000,0.540) 
637     1763   (12)    7 :  0.076 0.024 0.047 0.056 0.010 0.017 0.039 0.107 0.026 0.112 0.020 0.019 0.022 0.050 0.029 0.007 0.081 0.059 0.047 0.153     (0.000,0.618) (0.000,0.167) (0.000,0.363) (0.000,0.446) (0.000,0.050) (0.000,0.099) (0.000,0.288) (0.000,0.752) (0.000,0.191) (0.000,0.763) (0.000,0.134) (0.000,0.117) (0.000,0.130) (0.000,0.393) (0.000,0.197) (0.000,0.039) (0.000,0.640) (0.000,0.478) (0.000,0.362) (0.000,0.873) 
638     1764   (12)    8 :  0.072 0.008 0.039 0.033 0.007 0.049 0.056 0.196 0.009 0.067 0.009 0.014 0.050 0.021 0.132 0.023 0.053 0.068 0.032 0.063     (0.000,0.615) (0.000,0.045) (0.000,0.267) (0.000,0.211) (0.000,0.036) (0.000,0.385) (0.000,0.465) (0.000,0.931) (0.000,0.047) (0.000,0.568) (0.000,0.049) (0.000,0.081) (0.000,0.392) (0.000,0.116) (0.000,0.852) (0.000,0.145) (0.000,0.422) (0.000,0.578) (0.000,0.202) (0.000,0.530) 
639     1765   (12)    1 :  0.087 0.025 0.060 0.066 0.012 0.111 0.062 0.046 0.018 0.129 0.025 0.041 0.046 0.024 0.054 0.008 0.029 0.041 0.042 0.073     (0.000,0.703) (0.000,0.173) (0.000,0.492) (0.000,0.544) (0.000,0.066) (0.000,0.796) (0.000,0.506) (0.000,0.354) (0.000,0.119) (0.000,0.845) (0.000,0.176) (0.000,0.299) (0.000,0.349) (0.000,0.140) (0.000,0.431) (0.000,0.045) (0.000,0.190) (0.000,0.301) (0.000,0.317) (0.000,0.608) 
640     1768    (0)   13 :  0.069 0.052 0.030 0.081 0.007 0.091 0.021 0.063 0.063 0.050 0.054 0.018 0.050 0.083 0.028 0.016 0.043 0.064 0.045 0.071     (0.000,0.569) (0.000,0.396) (0.000,0.190) (0.000,0.643) (0.000,0.036) (0.000,0.664) (0.000,0.120) (0.000,0.501) (0.000,0.447) (0.000,0.394) (0.000,0.410) (0.000,0.109) (0.000,0.391) (0.000,0.655) (0.000,0.183) (0.000,0.091) (0.000,0.316) (0.000,0.520) (0.000,0.339) (0.000,0.576) 
641     1769    (0)   10 :  0.158 0.008 0.024 0.111 0.008 0.022 0.027 0.038 0.007 0.288 0.007 0.009 0.013 0.034 0.029 0.006 0.019 0.026 0.024 0.142     (0.000,0.906) (0.000,0.047) (0.000,0.139) (0.000,0.812) (0.000,0.042) (0.000,0.134) (0.000,0.176) (0.000,0.260) (0.000,0.041) (0.000,0.963) (0.000,0.036) (0.000,0.052) (0.000,0.070) (0.000,0.225) (0.000,0.199) (0.000,0.034) (0.000,0.113) (0.000,0.153) (0.000,0.144) (0.000,0.879) 
642     1770   (25)    7 :  0.058 0.019 0.040 0.051 0.016 0.050 0.032 0.046 0.016 0.074 0.016 0.023 0.064 0.078 0.034 0.011 0.106 0.068 0.151 0.048     (0.000,0.481) (0.000,0.118) (0.000,0.283) (0.000,0.407) (0.000,0.086) (0.000,0.390) (0.000,0.209) (0.000,0.352) (0.000,0.094) (0.000,0.623) (0.000,0.093) (0.000,0.135) (0.000,0.536) (0.000,0.654) (0.000,0.228) (0.000,0.059) (0.000,0.780) (0.000,0.582) (0.000,0.889) (0.000,0.366) 
643     1771   (25)   18 :  0.039 0.013 0.032 0.041 0.016 0.065 0.047 0.084 0.017 0.045 0.015 0.027 0.166 0.061 0.063 0.011 0.118 0.057 0.036 0.049     (0.000,0.277) (0.000,0.081) (0.000,0.217) (0.000,0.303) (0.000,0.092) (0.000,0.531) (0.000,0.361) (0.000,0.680) (0.000,0.115) (0.000,0.343) (0.000,0.096) (0.000,0.189) (0.000,0.895) (0.000,0.499) (0.000,0.507) (0.000,0.063) (0.000,0.803) (0.000,0.468) (0.000,0.250) (0.000,0.385) 
644     1778    (0)   11 :  0.006 0.106 0.006 0.006 0.004 0.006 0.006 0.005 0.553 0.006 0.249 0.007 0.005 0.005 0.006 0.004 0.005 0.005 0.005 0.006     (0.000,0.033) (0.000,0.889) (0.000,0.029) (0.000,0.035) (0.000,0.019) (0.000,0.030) (0.000,0.032) (0.000,0.026) (0.000,0.994) (0.000,0.030) (0.000,0.976) (0.000,0.038) (0.000,0.024) (0.000,0.027) (0.000,0.033) (0.000,0.019) (0.000,0.024) (0.000,0.028) (0.000,0.028) (0.000,0.032) 
645     1779    (0)    9 :  0.006 0.119 0.005 0.007 0.004 0.006 0.005 0.005 0.436 0.006 0.344 0.011 0.006 0.006 0.005 0.005 0.006 0.006 0.006 0.006     (0.000,0.033) (0.000,0.911) (0.000,0.027) (0.000,0.035) (0.000,0.023) (0.000,0.030) (0.000,0.028) (0.000,0.028) (0.000,0.989) (0.000,0.030) (0.000,0.985) (0.000,0.062) (0.000,0.033) (0.000,0.031) (0.000,0.029) (0.000,0.028) (0.000,0.030) (0.000,0.030) (0.000,0.031) (0.000,0.031) 
646     1780    (0)    9 :  0.007 0.125 0.006 0.007 0.004 0.006 0.006 0.005 0.342 0.006 0.432 0.008 0.005 0.006 0.006 0.005 0.005 0.006 0.006 0.006     (0.000,0.036) (0.000,0.920) (0.000,0.032) (0.000,0.039) (0.000,0.021) (0.000,0.032) (0.000,0.031) (0.000,0.028) (0.000,0.984) (0.000,0.033) (0.000,0.990) (0.000,0.043) (0.000,0.028) (0.000,0.031) (0.000,0.032) (0.000,0.025) (0.000,0.029) (0.000,0.030) (0.000,0.032) (0.000,0.032) 
647     1786    (0)   11 :  0.055 0.158 0.024 0.030 0.009 0.022 0.070 0.014 0.081 0.034 0.285 0.013 0.013 0.034 0.051 0.012 0.014 0.024 0.032 0.026     (0.000,0.407) (0.000,0.761) (0.000,0.163) (0.000,0.222) (0.000,0.051) (0.000,0.153) (0.000,0.468) (0.000,0.086) (0.000,0.543) (0.000,0.252) (0.000,0.791) (0.000,0.080) (0.000,0.073) (0.000,0.257) (0.000,0.362) (0.000,0.075) (0.000,0.085) (0.000,0.165) (0.000,0.235) (0.000,0.183) 
648     1787    (0)   11 :  0.006 0.028 0.006 0.006 0.004 0.006 0.006 0.005 0.045 0.006 0.832 0.008 0.005 0.005 0.005 0.006 0.005 0.005 0.005 0.006     (0.000,0.031) (0.000,0.139) (0.000,0.030) (0.000,0.034) (0.000,0.023) (0.000,0.031) (0.000,0.031) (0.000,0.026) (0.000,0.298) (0.000,0.032) (0.206,0.997) (0.000,0.043) (0.000,0.028) (0.000,0.026) (0.000,0.028) (0.000,0.031) (0.000,0.024) (0.000,0.027) (0.000,0.027) (0.000,0.030) 
649     1788    (0)   11 :  0.026 0.105 0.018 0.014 0.006 0.018 0.024 0.013 0.043 0.023 0.570 0.009 0.012 0.017 0.025 0.011 0.013 0.017 0.019 0.016     (0.000,0.183) (0.000,0.771) (0.000,0.121) (0.000,0.088) (0.000,0.034) (0.000,0.123) (0.000,0.169) (0.000,0.085) (0.000,0.351) (0.000,0.157) (0.000,0.962) (0.000,0.055) (0.000,0.075) (0.000,0.115) (0.000,0.181) (0.000,0.071) (0.000,0.084) (0.000,0.113) (0.000,0.130) (0.000,0.102) 
650     1789   (25)   11 :  0.005 0.047 0.004 0.005 0.006 0.005 0.005 0.004 0.671 0.005 0.192 0.013 0.005 0.005 0.004 0.004 0.005 0.005 0.005 0.005     (0.000,0.026) (0.000,0.335) (0.000,0.023) (0.000,0.026) (0.000,0.030) (0.000,0.026) (0.000,0.025) (0.000,0.024) (0.000,0.995) (0.000,0.025) (0.000,0.967) (0.000,0.074) (0.000,0.027) (0.000,0.025) (0.000,0.024) (0.000,0.023) (0.000,0.025) (0.000,0.025) (0.000,0.025) (0.000,0.026) 
651     1791    (0)    9 :  0.008 0.262 0.006 0.007 0.024 0.007 0.008 0.006 0.244 0.007 0.354 0.010 0.007 0.008 0.008 0.005 0.006 0.007 0.007 0.007     (0.000,0.042) (0.000,0.972) (0.000,0.034) (0.000,0.041) (0.000,0.173) (0.000,0.041) (0.000,0.042) (0.000,0.032) (0.000,0.959) (0.000,0.041) (0.000,0.979) (0.000,0.060) (0.000,0.040) (0.000,0.041) (0.000,0.045) (0.000,0.029) (0.000,0.030) (0.000,0.037) (0.000,0.040) (0.000,0.036) 
652     1792    (0)   11 :  0.008 0.096 0.007 0.009 0.005 0.008 0.007 0.007 0.335 0.008 0.438 0.015 0.009 0.007 0.008 0.006 0.006 0.007 0.007 0.008     (0.000,0.042) (0.000,0.832) (0.000,0.038) (0.000,0.052) (0.000,0.025) (0.000,0.047) (0.000,0.036) (0.000,0.037) (0.000,0.978) (0.000,0.045) (0.000,0.987) (0.000,0.089) (0.000,0.050) (0.000,0.039) (0.000,0.044) (0.000,0.034) (0.000,0.035) (0.000,0.039) (0.000,0.039) (0.000,0.042) 
653     1796    (0)    9 :  0.005 0.042 0.005 0.005 0.009 0.006 0.005 0.005 0.616 0.005 0.251 0.007 0.005 0.005 0.005 0.006 0.005 0.005 0.005 0.005     (0.000,0.027) (0.000,0.278) (0.000,0.027) (0.000,0.027) (0.000,0.053) (0.000,0.029) (0.000,0.025) (0.000,0.025) (0.000,0.994) (0.000,0.027) (0.000,0.977) (0.000,0.040) (0.000,0.027) (0.000,0.026) (0.000,0.026) (0.000,0.031) (0.000,0.026) (0.000,0.026) (0.000,0.026) (0.000,0.026) 
654     1797   (12)    2 :  0.005 0.047 0.005 0.004 0.005 0.005 0.004 0.004 0.764 0.005 0.111 0.006 0.004 0.004 0.005 0.005 0.004 0.004 0.004 0.004     (0.000,0.025) (0.000,0.325) (0.000,0.024) (0.000,0.022) (0.000,0.025) (0.000,0.026) (0.000,0.023) (0.000,0.023) (0.000,0.997) (0.000,0.024) (0.000,0.914) (0.000,0.033) (0.000,0.022) (0.000,0.023) (0.000,0.024) (0.000,0.025) (0.000,0.022) (0.000,0.023) (0.000,0.023) (0.000,0.024) 
655     1799    (0)    2 :  0.005 0.099 0.005 0.005 0.012 0.005 0.005 0.005 0.623 0.005 0.187 0.006 0.005 0.005 0.005 0.004 0.005 0.005 0.005 0.005     (0.000,0.027) (0.000,0.875) (0.000,0.027) (0.000,0.027) (0.000,0.080) (0.000,0.028) (0.000,0.025) (0.000,0.026) (0.000,0.995) (0.000,0.026) (0.000,0.960) (0.000,0.029) (0.000,0.025) (0.000,0.026) (0.000,0.027) (0.000,0.024) (0.000,0.025) (0.000,0.026) (0.000,0.026) (0.000,0.027) 
656     1801    (0)    9 :  0.008 0.400 0.009 0.008 0.058 0.008 0.008 0.026 0.179 0.010 0.174 0.010 0.009 0.009 0.009 0.038 0.008 0.009 0.009 0.009     (0.000,0.047) (0.000,0.973) (0.000,0.053) (0.000,0.044) (0.000,0.309) (0.000,0.046) (0.000,0.048) (0.000,0.188) (0.000,0.785) (0.000,0.058) (0.000,0.813) (0.000,0.059) (0.000,0.055) (0.000,0.051) (0.000,0.051) (0.000,0.221) (0.000,0.047) (0.000,0.052) (0.000,0.054) (0.000,0.050) 
657     1817    (0)    9 :  0.005 0.146 0.004 0.005 0.007 0.005 0.005 0.004 0.701 0.004 0.067 0.006 0.006 0.005 0.004 0.006 0.004 0.005 0.005 0.004     (0.000,0.025) (0.000,0.944) (0.000,0.023) (0.000,0.026) (0.000,0.040) (0.000,0.028) (0.000,0.025) (0.000,0.023) (0.000,0.996) (0.000,0.023) (0.000,0.557) (0.000,0.034) (0.000,0.030) (0.000,0.027) (0.000,0.023) (0.000,0.033) (0.000,0.021) (0.000,0.027) (0.000,0.024) (0.000,0.023) 
658     1820   (25)    9 :  0.009 0.148 0.012 0.008 0.016 0.009 0.015 0.018 0.271 0.013 0.366 0.020 0.016 0.014 0.013 0.006 0.013 0.011 0.011 0.011     (0.000,0.052) (0.000,0.899) (0.000,0.077) (0.000,0.046) (0.000,0.098) (0.000,0.049) (0.000,0.096) (0.000,0.126) (0.000,0.937) (0.000,0.078) (0.000,0.970) (0.000,0.128) (0.000,0.094) (0.000,0.084) (0.000,0.082) (0.000,0.032) (0.000,0.075) (0.000,0.060) (0.000,0.065) (0.000,0.061) 
659     1821    (0)   11 :  0.005 0.025 0.005 0.005 0.005 0.005 0.006 0.005 0.031 0.005 0.858 0.007 0.005 0.005 0.005 0.004 0.005 0.005 0.005 0.005     (0.000,0.029) (0.000,0.159) (0.000,0.026) (0.000,0.025) (0.000,0.024) (0.000,0.026) (0.000,0.029) (0.000,0.025) (0.000,0.220) (0.000,0.028) (0.504,0.997) (0.000,0.035) (0.000,0.026) (0.000,0.027) (0.000,0.026) (0.000,0.024) (0.000,0.026) (0.000,0.027) (0.000,0.028) (0.000,0.026) 
660     1829    (0)    9 :  0.006 0.048 0.005 0.005 0.005 0.006 0.006 0.005 0.531 0.006 0.325 0.007 0.005 0.006 0.005 0.005 0.005 0.006 0.006 0.006     (0.000,0.032) (0.000,0.346) (0.000,0.028) (0.000,0.029) (0.000,0.027) (0.000,0.030) (0.000,0.030) (0.000,0.026) (0.000,0.993) (0.000,0.031) (0.000,0.984) (0.000,0.038) (0.000,0.029) (0.000,0.031) (0.000,0.029) (0.000,0.028) (0.000,0.029) (0.000,0.030) (0.000,0.033) (0.000,0.029) 
661     1832    (0)    2 :  0.009 0.207 0.009 0.007 0.007 0.008 0.010 0.011 0.020 0.011 0.614 0.013 0.012 0.009 0.008 0.010 0.009 0.008 0.009 0.008     (0.000,0.050) (0.000,0.951) (0.000,0.051) (0.000,0.040) (0.000,0.039) (0.000,0.045) (0.000,0.057) (0.000,0.071) (0.000,0.110) (0.000,0.065) (0.000,0.987) (0.000,0.080) (0.000,0.077) (0.000,0.051) (0.000,0.046) (0.000,0.064) (0.000,0.050) (0.000,0.048) (0.000,0.053) (0.000,0.047) 
662     1836   (12)   11 :  0.007 0.049 0.007 0.007 0.005 0.007 0.007 0.006 0.154 0.007 0.679 0.008 0.008 0.007 0.007 0.007 0.006 0.007 0.008 0.007     (0.000,0.039) (0.000,0.362) (0.000,0.036) (0.000,0.035) (0.000,0.027) (0.000,0.037) (0.000,0.037) (0.000,0.035) (0.000,0.939) (0.000,0.037) (0.000,0.994) (0.000,0.042) (0.000,0.043) (0.000,0.038) (0.000,0.036) (0.000,0.038) (0.000,0.033) (0.000,0.038) (0.000,0.041) (0.000,0.039) 
663     1837   (25)   11 :  0.007 0.032 0.006 0.006 0.005 0.006 0.007 0.005 0.042 0.007 0.823 0.007 0.006 0.006 0.006 0.004 0.006 0.006 0.006 0.006     (0.000,0.036) (0.000,0.226) (0.000,0.032) (0.000,0.031) (0.000,0.028) (0.000,0.034) (0.000,0.037) (0.000,0.029) (0.000,0.318) (0.000,0.035) (0.380,0.996) (0.000,0.039) (0.000,0.030) (0.000,0.031) (0.000,0.035) (0.000,0.023) (0.000,0.030) (0.000,0.032) (0.000,0.033) (0.000,0.033) 
664     1841   (25)   17 :  0.042 0.010 0.032 0.052 0.008 0.050 0.026 0.041 0.008 0.058 0.009 0.033 0.057 0.067 0.042 0.122 0.082 0.079 0.129 0.054     (0.000,0.308) (0.000,0.058) (0.000,0.207) (0.000,0.402) (0.000,0.041) (0.000,0.384) (0.000,0.163) (0.000,0.295) (0.000,0.041) (0.000,0.464) (0.000,0.048) (0.000,0.225) (0.000,0.463) (0.000,0.560) (0.000,0.308) (0.000,0.721) (0.000,0.663) (0.000,0.653) (0.000,0.854) (0.000,0.438) 
665     1842   (12)   18 :  0.061 0.017 0.115 0.212 0.007 0.028 0.074 0.016 0.011 0.110 0.008 0.026 0.051 0.043 0.017 0.008 0.052 0.067 0.054 0.022     (0.000,0.495) (0.000,0.111) (0.000,0.744) (0.000,0.925) (0.000,0.039) (0.000,0.193) (0.000,0.597) (0.000,0.090) (0.000,0.071) (0.000,0.758) (0.000,0.047) (0.000,0.159) (0.000,0.394) (0.000,0.315) (0.000,0.104) (0.000,0.042) (0.000,0.408) (0.000,0.535) (0.000,0.432) (0.000,0.133) 
666     1843   (25)   16 :  0.019 0.036 0.013 0.010 0.028 0.223 0.013 0.014 0.006 0.014 0.006 0.019 0.013 0.020 0.010 0.466 0.009 0.036 0.024 0.021     (0.000,0.124) (0.000,0.257) (0.000,0.086) (0.000,0.065) (0.000,0.212) (0.000,0.605) (0.000,0.083) (0.000,0.092) (0.000,0.030) (0.000,0.094) (0.000,0.031) (0.000,0.120) (0.000,0.084) (0.000,0.134) (0.000,0.060) (0.000,0.796) (0.000,0.056) (0.000,0.219) (0.000,0.157) (0.000,0.140) 
667     1844    (0)    7 :  0.073 0.007 0.074 0.116 0.006 0.041 0.119 0.065 0.006 0.126 0.008 0.016 0.043 0.036 0.056 0.007 0.068 0.051 0.026 0.056     (0.000,0.597) (0.000,0.040) (0.000,0.591) (0.000,0.783) (0.000,0.033) (0.000,0.310) (0.000,0.807) (0.000,0.515) (0.000,0.033) (0.000,0.837) (0.000,0.045) (0.000,0.103) (0.000,0.321) (0.000,0.249) (0.000,0.435) (0.000,0.041) (0.000,0.533) (0.000,0.399) (0.000,0.156) (0.000,0.448) 
668     1847   (12)   14 :  0.026 0.006 0.213 0.170 0.012 0.014 0.118 0.046 0.004 0.073 0.006 0.023 0.069 0.033 0.031 0.011 0.023 0.032 0.037 0.052     (0.000,0.160) (0.000,0.033) (0.000,0.929) (0.000,0.905) (0.000,0.069) (0.000,0.081) (0.000,0.799) (0.000,0.353) (0.000,0.024) (0.000,0.609) (0.000,0.029) (0.000,0.153) (0.000,0.545) (0.000,0.226) (0.000,0.216) (0.000,0.067) (0.000,0.146) (0.000,0.203) (0.000,0.264) (0.000,0.406) 
669     1848    (0)   13 :  0.074 0.006 0.079 0.029 0.006 0.018 0.071 0.064 0.005 0.074 0.005 0.009 0.032 0.026 0.039 0.048 0.261 0.063 0.055 0.034     (0.000,0.629) (0.000,0.031) (0.000,0.640) (0.000,0.187) (0.000,0.030) (0.000,0.101) (0.000,0.593) (0.000,0.530) (0.000,0.027) (0.000,0.620) (0.000,0.028) (0.000,0.051) (0.000,0.213) (0.000,0.161) (0.000,0.280) (0.000,0.376) (0.000,0.958) (0.000,0.539) (0.000,0.438) (0.000,0.227) 
670     1850   (25)    4 :  0.037 0.008 0.152 0.254 0.012 0.025 0.045 0.032 0.007 0.121 0.010 0.016 0.072 0.016 0.021 0.006 0.074 0.031 0.026 0.035     (0.000,0.253) (0.000,0.043) (0.000,0.882) (0.000,0.955) (0.000,0.070) (0.000,0.160) (0.000,0.343) (0.000,0.218) (0.000,0.038) (0.000,0.837) (0.000,0.055) (0.000,0.086) (0.000,0.589) (0.000,0.085) (0.000,0.123) (0.000,0.033) (0.000,0.612) (0.000,0.199) (0.000,0.161) (0.000,0.236) 
671     1854   (25)   16 :  0.025 0.056 0.015 0.017 0.019 0.018 0.025 0.018 0.037 0.023 0.082 0.091 0.048 0.019 0.014 0.415 0.024 0.018 0.019 0.017     (0.000,0.175) (0.000,0.402) (0.000,0.093) (0.000,0.107) (0.000,0.124) (0.000,0.116) (0.000,0.175) (0.000,0.107) (0.000,0.280) (0.000,0.159) (0.000,0.519) (0.000,0.591) (0.000,0.376) (0.000,0.118) (0.000,0.080) (0.000,0.875) (0.000,0.161) (0.000,0.107) (0.000,0.118) (0.000,0.106) 
672     1857   (12)    1 :  0.074 0.012 0.058 0.061 0.024 0.024 0.122 0.046 0.008 0.028 0.009 0.031 0.030 0.077 0.076 0.010 0.037 0.089 0.117 0.069     (0.000,0.590) (0.000,0.079) (0.000,0.457) (0.000,0.463) (0.000,0.164) (0.000,0.150) (0.000,0.772) (0.000,0.351) (0.000,0.045) (0.000,0.186) (0.000,0.050) (0.000,0.218) (0.000,0.205) (0.000,0.587) (0.000,0.588) (0.000,0.056) (0.000,0.277) (0.000,0.697) (0.000,0.773) (0.000,0.555) 
673     1858    (0)    7 :  0.139 0.013 0.030 0.142 0.008 0.105 0.076 0.031 0.008 0.049 0.007 0.014 0.047 0.049 0.036 0.010 0.022 0.093 0.031 0.090     (0.000,0.864) (0.000,0.084) (0.000,0.204) (0.000,0.838) (0.000,0.045) (0.000,0.748) (0.000,0.599) (0.000,0.215) (0.000,0.044) (0.000,0.382) (0.000,0.037) (0.000,0.087) (0.000,0.357) (0.000,0.374) (0.000,0.261) (0.000,0.060) (0.000,0.139) (0.000,0.718) (0.000,0.206) (0.000,0.686) 
674     1859   (12)    7 :  0.104 0.012 0.030 0.054 0.010 0.125 0.068 0.068 0.007 0.088 0.009 0.025 0.041 0.032 0.045 0.008 0.020 0.052 0.030 0.170     (0.000,0.781) (0.000,0.072) (0.000,0.195) (0.000,0.424) (0.000,0.052) (0.000,0.825) (0.000,0.556) (0.000,0.538) (0.000,0.041) (0.000,0.714) (0.000,0.052) (0.000,0.168) (0.000,0.300) (0.000,0.211) (0.000,0.340) (0.000,0.045) (0.000,0.117) (0.000,0.417) (0.000,0.198) (0.000,0.912) 
675     1862    (0)   14 :  0.040 0.026 0.031 0.047 0.008 0.037 0.031 0.071 0.030 0.039 0.024 0.029 0.159 0.081 0.026 0.013 0.089 0.074 0.037 0.109     (0.000,0.289) (0.000,0.193) (0.000,0.216) (0.000,0.365) (0.000,0.042) (0.000,0.267) (0.000,0.204) (0.000,0.569) (0.000,0.222) (0.000,0.289) (0.000,0.172) (0.000,0.212) (0.000,0.859) (0.000,0.641) (0.000,0.175) (0.000,0.081) (0.000,0.672) (0.000,0.598) (0.000,0.259) (0.000,0.753) 
676     1863   (12)    3 :  0.184 0.008 0.112 0.027 0.008 0.023 0.232 0.026 0.006 0.071 0.006 0.015 0.024 0.036 0.049 0.010 0.037 0.062 0.029 0.034     (0.000,0.924) (0.000,0.041) (0.000,0.759) (0.000,0.181) (0.000,0.042) (0.000,0.142) (0.000,0.941) (0.000,0.162) (0.000,0.033) (0.000,0.590) (0.000,0.033) (0.000,0.092) (0.000,0.149) (0.000,0.248) (0.000,0.385) (0.000,0.062) (0.000,0.273) (0.000,0.519) (0.000,0.188) (0.000,0.237) 
677     1865    (0)    9 :  0.012 0.323 0.009 0.012 0.005 0.012 0.012 0.008 0.490 0.009 0.027 0.010 0.009 0.009 0.013 0.004 0.006 0.011 0.009 0.010     (0.000,0.065) (0.000,0.977) (0.000,0.046) (0.000,0.068) (0.000,0.024) (0.000,0.071) (0.000,0.065) (0.000,0.041) (0.000,0.988) (0.000,0.052) (0.000,0.166) (0.000,0.056) (0.000,0.050) (0.000,0.048) (0.000,0.077) (0.000,0.021) (0.000,0.033) (0.000,0.063) (0.000,0.050) (0.000,0.057) 
678     1866    (0)   13 :  0.092 0.008 0.037 0.080 0.006 0.155 0.027 0.060 0.007 0.076 0.008 0.009 0.055 0.056 0.097 0.015 0.036 0.068 0.041 0.067     (0.000,0.747) (0.000,0.045) (0.000,0.252) (0.000,0.658) (0.000,0.031) (0.000,0.895) (0.000,0.161) (0.000,0.491) (0.000,0.037) (0.000,0.647) (0.000,0.041) (0.000,0.046) (0.000,0.448) (0.000,0.459) (0.000,0.753) (0.000,0.089) (0.000,0.250) (0.000,0.577) (0.000,0.294) (0.000,0.567) 
679     1867   (12)    9 :  0.013 0.386 0.014 0.012 0.020 0.011 0.016 0.015 0.187 0.013 0.195 0.018 0.013 0.015 0.016 0.007 0.011 0.012 0.011 0.013     (0.000,0.075) (0.000,0.976) (0.000,0.086) (0.000,0.071) (0.000,0.138) (0.000,0.064) (0.000,0.100) (0.000,0.099) (0.000,0.895) (0.000,0.074) (0.000,0.924) (0.000,0.105) (0.000,0.079) (0.000,0.091) (0.000,0.099) (0.000,0.038) (0.000,0.059) (0.000,0.069) (0.000,0.066) (0.000,0.074) 
680     1879   (12)   13 :  0.057 0.032 0.022 0.022 0.013 0.023 0.034 0.042 0.023 0.034 0.017 0.046 0.104 0.124 0.016 0.068 0.079 0.071 0.099 0.072     (0.000,0.453) (0.000,0.241) (0.000,0.135) (0.000,0.140) (0.000,0.072) (0.000,0.140) (0.000,0.239) (0.000,0.316) (0.000,0.171) (0.000,0.235) (0.000,0.117) (0.000,0.342) (0.000,0.711) (0.000,0.815) (0.000,0.088) (0.000,0.475) (0.000,0.594) (0.000,0.576) (0.000,0.716) (0.000,0.572) 
681     1880    (0)   14 :  0.086 0.060 0.043 0.029 0.009 0.129 0.043 0.045 0.033 0.046 0.036 0.072 0.024 0.072 0.024 0.010 0.082 0.067 0.037 0.052     (0.000,0.670) (0.000,0.425) (0.000,0.327) (0.000,0.188) (0.000,0.049) (0.000,0.788) (0.000,0.322) (0.000,0.349) (0.000,0.247) (0.000,0.354) (0.000,0.273) (0.000,0.518) (0.000,0.154) (0.000,0.566) (0.000,0.151) (0.000,0.054) (0.000,0.601) (0.000,0.530) (0.000,0.271) (0.000,0.406) 
682     1881    (0)   13 :  0.063 0.006 0.074 0.083 0.008 0.058 0.049 0.132 0.005 0.049 0.005 0.011 0.049 0.038 0.062 0.032 0.027 0.055 0.044 0.150     (0.000,0.527) (0.000,0.031) (0.000,0.618) (0.000,0.677) (0.000,0.040) (0.000,0.466) (0.000,0.381) (0.000,0.848) (0.000,0.028) (0.000,0.381) (0.000,0.027) (0.000,0.059) (0.000,0.383) (0.000,0.269) (0.000,0.505) (0.000,0.230) (0.000,0.169) (0.000,0.446) (0.000,0.328) (0.000,0.893) 
683     1883   (25)   13 :  0.055 0.010 0.052 0.081 0.012 0.065 0.056 0.135 0.010 0.051 0.009 0.018 0.064 0.058 0.059 0.015 0.023 0.059 0.043 0.123     (0.000,0.445) (0.000,0.058) (0.000,0.420) (0.000,0.668) (0.000,0.065) (0.000,0.534) (0.000,0.453) (0.000,0.854) (0.000,0.055) (0.000,0.410) (0.000,0.048) (0.000,0.104) (0.000,0.529) (0.000,0.474) (0.000,0.488) (0.000,0.090) (0.000,0.137) (0.000,0.491) (0.000,0.319) (0.000,0.843) 
684     1888    (0)   13 :  0.044 0.008 0.084 0.069 0.007 0.019 0.033 0.056 0.007 0.041 0.008 0.006 0.050 0.040 0.074 0.014 0.279 0.076 0.050 0.036     (0.000,0.326) (0.000,0.043) (0.000,0.676) (0.000,0.564) (0.000,0.036) (0.000,0.110) (0.000,0.218) (0.000,0.447) (0.000,0.038) (0.000,0.297) (0.000,0.042) (0.000,0.034) (0.000,0.380) (0.000,0.286) (0.000,0.594) (0.000,0.086) (0.000,0.962) (0.000,0.643) (0.000,0.398) (0.000,0.244) 
685     1890    (0)   14 :  0.044 0.008 0.089 0.033 0.007 0.064 0.026 0.052 0.008 0.042 0.008 0.009 0.040 0.126 0.042 0.013 0.116 0.115 0.111 0.048     (0.000,0.328) (0.000,0.046) (0.000,0.665) (0.000,0.230) (0.000,0.036) (0.000,0.503) (0.000,0.163) (0.000,0.414) (0.000,0.045) (0.000,0.316) (0.000,0.042) (0.000,0.051) (0.000,0.294) (0.000,0.821) (0.000,0.313) (0.000,0.080) (0.000,0.786) (0.000,0.802) (0.000,0.761) (0.000,0.369) 
686     1897   (25)   14 :  0.080 0.007 0.036 0.018 0.008 0.025 0.058 0.103 0.007 0.045 0.007 0.008 0.065 0.050 0.043 0.023 0.210 0.100 0.050 0.058     (0.000,0.674) (0.000,0.040) (0.000,0.244) (0.000,0.097) (0.000,0.042) (0.000,0.147) (0.000,0.485) (0.000,0.789) (0.000,0.036) (0.000,0.334) (0.000,0.036) (0.000,0.043) (0.000,0.532) (0.000,0.396) (0.000,0.327) (0.000,0.143) (0.000,0.940) (0.000,0.786) (0.000,0.391) (0.000,0.477) 
687     1898    (0)   13 :  0.041 0.016 0.019 0.020 0.011 0.026 0.026 0.039 0.013 0.032 0.013 0.059 0.217 0.102 0.011 0.066 0.076 0.058 0.090 0.067     (0.000,0.296) (0.000,0.103) (0.000,0.112) (0.000,0.122) (0.000,0.059) (0.000,0.163) (0.000,0.160) (0.000,0.286) (0.000,0.083) (0.000,0.214) (0.000,0.082) (0.000,0.428) (0.000,0.920) (0.000,0.757) (0.000,0.059) (0.000,0.467) (0.000,0.584) (0.000,0.469) (0.000,0.690) (0.000,0.542) 
688     1902   (25)   13 :  0.039 0.007 0.053 0.048 0.011 0.051 0.025 0.101 0.006 0.054 0.007 0.011 0.126 0.102 0.027 0.013 0.109 0.069 0.081 0.060     (0.000,0.276) (0.000,0.037) (0.000,0.426) (0.000,0.371) (0.000,0.056) (0.000,0.406) (0.000,0.147) (0.000,0.781) (0.000,0.032) (0.000,0.435) (0.000,0.036) (0.000,0.060) (0.000,0.857) (0.000,0.790) (0.000,0.165) (0.000,0.072) (0.000,0.807) (0.000,0.588) (0.000,0.682) (0.000,0.509) 
689     1903   (12)    4 :  0.034 0.006 0.035 0.044 0.009 0.037 0.017 0.052 0.005 0.047 0.005 0.011 0.074 0.074 0.019 0.027 0.214 0.075 0.171 0.045     (0.000,0.223) (0.000,0.029) (0.000,0.228) (0.000,0.327) (0.000,0.044) (0.000,0.253) (0.000,0.088) (0.000,0.417) (0.000,0.026) (0.000,0.359) (0.000,0.028) (0.000,0.059) (0.000,0.633) (0.000,0.637) (0.000,0.103) (0.000,0.184) (0.000,0.945) (0.000,0.652) (0.000,0.922) (0.000,0.340) 
690     1905    (0)   14 :  0.054 0.005 0.036 0.030 0.006 0.044 0.023 0.081 0.005 0.044 0.005 0.008 0.054 0.051 0.040 0.151 0.138 0.090 0.075 0.059     (0.000,0.427) (0.000,0.028) (0.000,0.239) (0.000,0.193) (0.000,0.031) (0.000,0.330) (0.000,0.132) (0.000,0.663) (0.000,0.025) (0.000,0.326) (0.000,0.027) (0.000,0.045) (0.000,0.431) (0.000,0.401) (0.000,0.285) (0.000,0.860) (0.000,0.874) (0.000,0.738) (0.000,0.634) (0.000,0.488) 
691     1911   (12)   10 :  0.031 0.006 0.066 0.041 0.008 0.039 0.021 0.110 0.006 0.044 0.008 0.007 0.295 0.036 0.021 0.016 0.050 0.077 0.036 0.084     (0.000,0.198) (0.000,0.030) (0.000,0.541) (0.000,0.304) (0.000,0.041) (0.000,0.286) (0.000,0.122) (0.000,0.805) (0.000,0.030) (0.000,0.326) (0.000,0.048) (0.000,0.035) (0.000,0.963) (0.000,0.251) (0.000,0.123) (0.000,0.103) (0.000,0.387) (0.000,0.651) (0.000,0.246) (0.000,0.694) 
692     1913   (25)    7 :  0.083 0.014 0.083 0.033 0.013 0.037 0.296 0.048 0.011 0.037 0.015 0.013 0.032 0.025 0.094 0.009 0.021 0.047 0.031 0.060     (0.000,0.674) (0.000,0.083) (0.000,0.672) (0.000,0.219) (0.000,0.071) (0.000,0.268) (0.000,0.959) (0.000,0.369) (0.000,0.065) (0.000,0.264) (0.000,0.093) (0.000,0.071) (0.000,0.211) (0.000,0.158) (0.000,0.726) (0.000,0.053) (0.000,0.120) (0.000,0.356) (0.000,0.198) (0.000,0.491) 
693     1915   (25)   14 :  0.045 0.039 0.043 0.115 0.023 0.020 0.055 0.025 0.018 0.053 0.022 0.065 0.027 0.087 0.022 0.020 0.064 0.055 0.128 0.072     (0.000,0.340) (0.000,0.296) (0.000,0.322) (0.000,0.797) (0.000,0.152) (0.000,0.117) (0.000,0.440) (0.000,0.156) (0.000,0.123) (0.000,0.417) (0.000,0.156) (0.000,0.512) (0.000,0.171) (0.000,0.677) (0.000,0.136) (0.000,0.139) (0.000,0.504) (0.000,0.449) (0.000,0.819) (0.000,0.590) 
1781     4468    (0)   16 :  0.026 0.016 0.015 0.018 0.013 0.015 0.024 0.011 0.010 0.022 0.016 0.019 0.019 0.013 0.013 0.686 0.017 0.014 0.016 0.017     (0.000,0.180) (0.000,0.114) (0.000,0.094) (0.000,0.126) (0.000,0.085) (0.000,0.095) (0.000,0.166) (0.000,0.058) (0.000,0.060) (0.000,0.153) (0.000,0.111) (0.000,0.133) (0.000,0.122) (0.000,0.072) (0.000,0.081) (0.291,0.953) (0.000,0.114) (0.000,0.083) (0.000,0.101) (0.000,0.108) 
1782     4470   (12)   10 :  0.084 0.009 0.055 0.154 0.011 0.037 0.059 0.032 0.008 0.038 0.008 0.015 0.033 0.051 0.045 0.104 0.023 0.051 0.075 0.108     (0.000,0.689) (0.000,0.050) (0.000,0.444) (0.000,0.891) (0.000,0.059) (0.000,0.261) (0.000,0.490) (0.000,0.212) (0.000,0.044) (0.000,0.267) (0.000,0.041) (0.000,0.092) (0.000,0.221) (0.000,0.403) (0.000,0.343) (0.000,0.678) (0.000,0.150) (0.000,0.403) (0.000,0.623) (0.000,0.799) 
1783     4474    (0)   14 :  0.037 0.019 0.059 0.072 0.071 0.016 0.090 0.034 0.016 0.041 0.017 0.032 0.025 0.131 0.044 0.078 0.030 0.040 0.108 0.041     (0.000,0.260) (0.000,0.126) (0.000,0.464) (0.000,0.555) (0.000,0.449) (0.000,0.094) (0.000,0.656) (0.000,0.244) (0.000,0.111) (0.000,0.302) (0.000,0.114) (0.000,0.235) (0.000,0.162) (0.000,0.813) (0.000,0.336) (0.000,0.464) (0.000,0.216) (0.000,0.286) (0.000,0.751) (0.000,0.307) 
1784     4483    (0)   14 :  0.070 0.046 0.048 0.127 0.008 0.044 0.049 0.023 0.030 0.062 0.030 0.034 0.027 0.078 0.067 0.019 0.029 0.060 0.086 0.064     (0.000,0.573) (0.000,0.347) (0.000,0.368) (0.000,0.818) (0.000,0.042) (0.000,0.333) (0.000,0.382) (0.000,0.137) (0.000,0.222) (0.000,0.501) (0.000,0.225) (0.000,0.245) (0.000,0.173) (0.000,0.621) (0.000,0.523) (0.000,0.127) (0.000,0.201) (0.000,0.490) (0.000,0.667) (0.000,0.527) 
