  7        9   (12)   17 :  0.048 0.006 0.048 0.044 0.007 0.124 0.028 0.209 0.006 0.056 0.006 0.010 0.079 0.032 0.061 0.013 0.025 0.055 0.031 0.111     (0.000,0.364) (0.000,0.032) (0.000,0.374) (0.000,0.328) (0.000,0.036) (0.000,0.843) (0.000,0.168) (0.000,0.942) (0.000,0.031) (0.000,0.454) (0.000,0.033) (0.000,0.054) (0.000,0.671) (0.000,0.206) (0.000,0.514) (0.000,0.077) (0.000,0.144) (0.000,0.454) (0.000,0.191) (0.000,0.828) 
  8       11   (12)    9 :  0.009 0.158 0.008 0.005 0.309 0.029 0.009 0.009 0.020 0.008 0.013 0.014 0.012 0.014 0.008 0.334 0.008 0.012 0.012 0.009     (0.000,0.049) (0.000,0.697) (0.000,0.046) (0.000,0.028) (0.057,0.642) (0.000,0.202) (0.000,0.051) (0.000,0.049) (0.000,0.140) (0.000,0.043) (0.000,0.081) (0.000,0.091) (0.000,0.069) (0.000,0.086) (0.000,0.048) (0.000,0.757) (0.000,0.042) (0.000,0.071) (0.000,0.075) (0.000,0.048) 
  9       12   (12)    3 :  0.029 0.009 0.035 0.030 0.010 0.135 0.028 0.095 0.012 0.022 0.010 0.073 0.026 0.073 0.020 0.005 0.242 0.079 0.027 0.039     (0.000,0.183) (0.000,0.054) (0.000,0.239) (0.000,0.202) (0.000,0.053) (0.000,0.849) (0.000,0.179) (0.000,0.740) (0.000,0.073) (0.000,0.138) (0.000,0.056) (0.000,0.522) (0.000,0.168) (0.000,0.604) (0.000,0.127) (0.000,0.025) (0.000,0.940) (0.000,0.667) (0.000,0.170) (0.000,0.286) 
 10       13   (25)    3 :  0.030 0.024 0.026 0.017 0.232 0.021 0.029 0.026 0.049 0.030 0.045 0.035 0.023 0.048 0.020 0.005 0.021 0.127 0.126 0.065     (0.000,0.214) (0.000,0.168) (0.000,0.185) (0.000,0.118) (0.000,0.666) (0.000,0.143) (0.000,0.208) (0.000,0.184) (0.000,0.267) (0.000,0.214) (0.000,0.237) (0.000,0.220) (0.000,0.161) (0.000,0.317) (0.000,0.138) (0.000,0.024) (0.000,0.144) (0.000,0.595) (0.000,0.613) (0.000,0.407) 
 11       16   (12)   14 :  0.030 0.026 0.046 0.029 0.173 0.018 0.072 0.067 0.005 0.027 0.006 0.005 0.034 0.107 0.057 0.035 0.029 0.164 0.049 0.022     (0.000,0.208) (0.000,0.175) (0.000,0.356) (0.000,0.205) (0.000,0.642) (0.000,0.118) (0.000,0.521) (0.000,0.485) (0.000,0.024) (0.000,0.186) (0.000,0.032) (0.000,0.027) (0.000,0.243) (0.000,0.680) (0.000,0.426) (0.000,0.226) (0.000,0.208) (0.000,0.725) (0.000,0.367) (0.000,0.143) 
 16       33    (0)   13 :  0.078 0.012 0.060 0.037 0.007 0.047 0.039 0.086 0.010 0.043 0.008 0.008 0.035 0.096 0.056 0.021 0.074 0.090 0.080 0.113     (0.000,0.660) (0.000,0.076) (0.000,0.492) (0.000,0.259) (0.000,0.036) (0.000,0.361) (0.000,0.280) (0.000,0.686) (0.000,0.057) (0.000,0.313) (0.000,0.044) (0.000,0.044) (0.000,0.233) (0.000,0.754) (0.000,0.456) (0.000,0.131) (0.000,0.619) (0.000,0.733) (0.000,0.660) (0.000,0.818) 
 17       34   (12)   17 :  0.075 0.010 0.033 0.033 0.010 0.025 0.062 0.033 0.008 0.053 0.009 0.009 0.139 0.028 0.059 0.022 0.070 0.243 0.040 0.038     (0.000,0.578) (0.000,0.055) (0.000,0.233) (0.000,0.236) (0.000,0.056) (0.000,0.162) (0.000,0.484) (0.000,0.232) (0.000,0.041) (0.000,0.415) (0.000,0.053) (0.000,0.051) (0.000,0.750) (0.000,0.182) (0.000,0.461) (0.000,0.150) (0.000,0.542) (0.000,0.927) (0.000,0.288) (0.000,0.269) 
 18       35   (12)   20 :  0.116 0.040 0.030 0.071 0.015 0.076 0.062 0.039 0.022 0.080 0.023 0.044 0.043 0.055 0.027 0.023 0.027 0.048 0.063 0.095     (0.000,0.803) (0.000,0.300) (0.000,0.195) (0.000,0.577) (0.000,0.083) (0.000,0.602) (0.000,0.500) (0.000,0.288) (0.000,0.155) (0.000,0.642) (0.000,0.163) (0.000,0.336) (0.000,0.327) (0.000,0.445) (0.000,0.173) (0.000,0.154) (0.000,0.175) (0.000,0.376) (0.000,0.515) (0.000,0.723) 
 19       37   (12)   10 :  0.034 0.007 0.047 0.038 0.012 0.017 0.018 0.174 0.005 0.166 0.006 0.014 0.028 0.070 0.019 0.011 0.142 0.044 0.072 0.077     (0.000,0.225) (0.000,0.040) (0.000,0.354) (0.000,0.268) (0.000,0.063) (0.000,0.093) (0.000,0.103) (0.000,0.914) (0.000,0.028) (0.000,0.901) (0.000,0.031) (0.000,0.076) (0.000,0.177) (0.000,0.590) (0.000,0.103) (0.000,0.066) (0.000,0.874) (0.000,0.331) (0.000,0.589) (0.000,0.631) 
 24       49    (0)   12 :  0.056 0.035 0.031 0.038 0.025 0.046 0.028 0.038 0.027 0.033 0.014 0.024 0.067 0.118 0.023 0.023 0.033 0.198 0.101 0.044     (0.000,0.387) (0.000,0.246) (0.000,0.208) (0.000,0.273) (0.000,0.174) (0.000,0.327) (0.000,0.188) (0.000,0.271) (0.000,0.191) (0.000,0.228) (0.000,0.092) (0.000,0.160) (0.000,0.475) (0.000,0.666) (0.000,0.148) (0.000,0.161) (0.000,0.240) (0.000,0.814) (0.000,0.614) (0.000,0.303) 
 25       55    (0)   13 :  0.014 0.004 0.022 0.036 0.015 0.026 0.014 0.056 0.004 0.028 0.004 0.005 0.214 0.108 0.084 0.013 0.032 0.258 0.043 0.022     (0.000,0.077) (0.000,0.020) (0.000,0.131) (0.000,0.264) (0.000,0.100) (0.000,0.177) (0.000,0.083) (0.000,0.440) (0.000,0.019) (0.000,0.192) (0.000,0.020) (0.000,0.028) (0.000,0.927) (0.000,0.743) (0.000,0.601) (0.000,0.083) (0.000,0.221) (0.000,0.951) (0.000,0.317) (0.000,0.130) 
 26       57    (0)   13 :  0.022 0.008 0.024 0.094 0.011 0.020 0.018 0.250 0.008 0.030 0.008 0.010 0.064 0.099 0.073 0.008 0.024 0.154 0.032 0.042     (0.000,0.130) (0.000,0.047) (0.000,0.142) (0.000,0.730) (0.000,0.063) (0.000,0.120) (0.000,0.104) (0.000,0.950) (0.000,0.045) (0.000,0.190) (0.000,0.044) (0.000,0.058) (0.000,0.537) (0.000,0.745) (0.000,0.589) (0.000,0.041) (0.000,0.146) (0.000,0.895) (0.000,0.206) (0.000,0.310) 
 27       59    (0)   18 :  0.012 0.013 0.019 0.132 0.015 0.010 0.010 0.060 0.012 0.016 0.010 0.010 0.028 0.296 0.018 0.009 0.098 0.129 0.081 0.022     (0.000,0.064) (0.000,0.080) (0.000,0.105) (0.000,0.868) (0.000,0.091) (0.000,0.052) (0.000,0.052) (0.000,0.493) (0.000,0.080) (0.000,0.086) (0.000,0.062) (0.000,0.053) (0.000,0.165) (0.000,0.966) (0.000,0.097) (0.000,0.048) (0.000,0.740) (0.000,0.860) (0.000,0.684) (0.000,0.126) 
 28       64    (0)   13 :  0.015 0.010 0.012 0.012 0.019 0.016 0.011 0.085 0.009 0.012 0.008 0.029 0.120 0.307 0.009 0.007 0.113 0.141 0.040 0.023     (0.000,0.083) (0.000,0.061) (0.000,0.066) (0.000,0.065) (0.000,0.125) (0.000,0.090) (0.000,0.061) (0.000,0.690) (0.000,0.059) (0.000,0.066) (0.000,0.045) (0.000,0.206) (0.000,0.793) (0.000,0.967) (0.000,0.046) (0.000,0.039) (0.000,0.772) (0.000,0.871) (0.000,0.296) (0.000,0.138) 
 29       65    (0)   13 :  0.011 0.010 0.014 0.024 0.017 0.009 0.010 0.062 0.010 0.013 0.010 0.016 0.251 0.271 0.009 0.009 0.088 0.096 0.046 0.026     (0.000,0.057) (0.000,0.059) (0.000,0.075) (0.000,0.145) (0.000,0.107) (0.000,0.050) (0.000,0.054) (0.000,0.517) (0.000,0.064) (0.000,0.071) (0.000,0.060) (0.000,0.104) (0.000,0.954) (0.000,0.961) (0.000,0.045) (0.000,0.048) (0.000,0.693) (0.000,0.758) (0.000,0.349) (0.000,0.152) 
 30       66    (0)   13 :  0.013 0.005 0.027 0.041 0.044 0.029 0.014 0.145 0.009 0.017 0.008 0.033 0.277 0.091 0.019 0.004 0.088 0.094 0.018 0.022     (0.000,0.073) (0.000,0.029) (0.000,0.185) (0.000,0.310) (0.000,0.309) (0.000,0.209) (0.000,0.083) (0.000,0.815) (0.000,0.057) (0.000,0.096) (0.000,0.047) (0.000,0.235) (0.000,0.936) (0.000,0.662) (0.000,0.120) (0.000,0.022) (0.000,0.632) (0.000,0.707) (0.000,0.100) (0.000,0.135) 
 31       67   (12)   20 :  0.014 0.007 0.022 0.020 0.024 0.013 0.017 0.189 0.005 0.019 0.005 0.007 0.065 0.296 0.026 0.006 0.037 0.119 0.078 0.029     (0.000,0.075) (0.000,0.035) (0.000,0.129) (0.000,0.109) (0.000,0.146) (0.000,0.072) (0.000,0.094) (0.000,0.935) (0.000,0.028) (0.000,0.105) (0.000,0.026) (0.000,0.038) (0.000,0.562) (0.000,0.971) (0.000,0.151) (0.000,0.031) (0.000,0.261) (0.000,0.852) (0.000,0.673) (0.000,0.178) 
 32       69   (12)   14 :  0.015 0.005 0.019 0.038 0.015 0.033 0.010 0.124 0.005 0.015 0.005 0.012 0.080 0.297 0.014 0.008 0.071 0.172 0.039 0.024     (0.000,0.084) (0.000,0.025) (0.000,0.102) (0.000,0.262) (0.000,0.090) (0.000,0.227) (0.000,0.053) (0.000,0.859) (0.000,0.024) (0.000,0.082) (0.000,0.026) (0.000,0.068) (0.000,0.661) (0.000,0.969) (0.000,0.072) (0.000,0.042) (0.000,0.565) (0.000,0.925) (0.000,0.279) (0.000,0.134) 
 33       71   (12)   13 :  0.016 0.005 0.020 0.041 0.014 0.024 0.012 0.178 0.005 0.020 0.005 0.007 0.139 0.249 0.022 0.009 0.025 0.129 0.045 0.033     (0.000,0.090) (0.000,0.028) (0.000,0.108) (0.000,0.285) (0.000,0.079) (0.000,0.153) (0.000,0.063) (0.000,0.929) (0.000,0.024) (0.000,0.113) (0.000,0.027) (0.000,0.037) (0.000,0.894) (0.000,0.961) (0.000,0.123) (0.000,0.049) (0.000,0.151) (0.000,0.876) (0.000,0.329) (0.000,0.213) 
 34       74    (0)   17 :  0.075 0.009 0.053 0.051 0.013 0.065 0.048 0.057 0.008 0.053 0.008 0.021 0.046 0.066 0.022 0.007 0.111 0.143 0.051 0.092     (0.000,0.510) (0.000,0.051) (0.000,0.385) (0.000,0.373) (0.000,0.077) (0.000,0.470) (0.000,0.339) (0.000,0.421) (0.000,0.048) (0.000,0.373) (0.000,0.048) (0.000,0.144) (0.000,0.333) (0.000,0.445) (0.000,0.142) (0.000,0.036) (0.000,0.676) (0.000,0.746) (0.000,0.345) (0.000,0.598) 
 35       75    (0)   16 :  0.029 0.006 0.018 0.013 0.007 0.015 0.018 0.016 0.006 0.019 0.006 0.009 0.015 0.029 0.013 0.636 0.014 0.069 0.033 0.028     (0.000,0.181) (0.000,0.034) (0.000,0.119) (0.000,0.087) (0.000,0.040) (0.000,0.098) (0.000,0.123) (0.000,0.110) (0.000,0.031) (0.000,0.126) (0.000,0.030) (0.000,0.048) (0.000,0.099) (0.000,0.183) (0.000,0.091) (0.284,0.894) (0.000,0.096) (0.000,0.317) (0.000,0.203) (0.000,0.178) 
 36       77    (0)    1 :  0.071 0.009 0.017 0.362 0.009 0.035 0.030 0.028 0.005 0.061 0.008 0.024 0.020 0.027 0.066 0.017 0.020 0.080 0.028 0.082     (0.000,0.579) (0.000,0.052) (0.000,0.094) (0.000,0.971) (0.000,0.051) (0.000,0.244) (0.000,0.205) (0.000,0.193) (0.000,0.029) (0.000,0.502) (0.000,0.044) (0.000,0.175) (0.000,0.121) (0.000,0.178) (0.000,0.528) (0.000,0.114) (0.000,0.127) (0.000,0.635) (0.000,0.175) (0.000,0.673) 
 37       78    (0)   19 :  0.062 0.006 0.047 0.046 0.010 0.010 0.045 0.033 0.005 0.030 0.005 0.009 0.021 0.056 0.027 0.011 0.042 0.063 0.445 0.028     (0.000,0.477) (0.000,0.033) (0.000,0.355) (0.000,0.348) (0.000,0.060) (0.000,0.055) (0.000,0.341) (0.000,0.236) (0.000,0.028) (0.000,0.206) (0.000,0.029) (0.000,0.049) (0.000,0.128) (0.000,0.437) (0.000,0.186) (0.000,0.068) (0.000,0.320) (0.000,0.494) (0.000,0.971) (0.000,0.183) 
 38       79   (12)    1 :  0.033 0.062 0.039 0.066 0.070 0.020 0.039 0.039 0.016 0.021 0.011 0.014 0.036 0.107 0.055 0.181 0.022 0.063 0.072 0.032     (0.000,0.234) (0.000,0.388) (0.000,0.293) (0.000,0.485) (0.000,0.444) (0.000,0.129) (0.000,0.296) (0.000,0.299) (0.000,0.111) (0.000,0.131) (0.000,0.067) (0.000,0.086) (0.000,0.270) (0.000,0.641) (0.000,0.424) (0.000,0.570) (0.000,0.147) (0.000,0.475) (0.000,0.536) (0.000,0.231) 
 39       82    (0)    7 :  0.055 0.017 0.064 0.061 0.057 0.056 0.044 0.042 0.027 0.037 0.019 0.033 0.055 0.053 0.151 0.036 0.027 0.073 0.051 0.041     (0.000,0.441) (0.000,0.120) (0.000,0.502) (0.000,0.480) (0.000,0.359) (0.000,0.419) (0.000,0.338) (0.000,0.322) (0.000,0.193) (0.000,0.269) (0.000,0.137) (0.000,0.242) (0.000,0.430) (0.000,0.412) (0.000,0.774) (0.000,0.246) (0.000,0.187) (0.000,0.564) (0.000,0.398) (0.000,0.312) 
 40       86    (0)   10 :  0.065 0.035 0.046 0.199 0.017 0.028 0.049 0.034 0.012 0.104 0.018 0.031 0.023 0.050 0.083 0.008 0.025 0.066 0.052 0.057     (0.000,0.526) (0.000,0.264) (0.000,0.352) (0.000,0.907) (0.000,0.103) (0.000,0.179) (0.000,0.375) (0.000,0.249) (0.000,0.076) (0.000,0.748) (0.000,0.123) (0.000,0.219) (0.000,0.144) (0.000,0.381) (0.000,0.643) (0.000,0.043) (0.000,0.160) (0.000,0.521) (0.000,0.416) (0.000,0.466) 
 41       91    (0)   13 :  0.049 0.007 0.034 0.094 0.008 0.042 0.040 0.087 0.008 0.032 0.007 0.008 0.051 0.058 0.162 0.007 0.032 0.150 0.036 0.088     (0.000,0.382) (0.000,0.036) (0.000,0.226) (0.000,0.721) (0.000,0.043) (0.000,0.317) (0.000,0.296) (0.000,0.684) (0.000,0.045) (0.000,0.207) (0.000,0.037) (0.000,0.041) (0.000,0.401) (0.000,0.463) (0.000,0.882) (0.000,0.039) (0.000,0.209) (0.000,0.892) (0.000,0.249) (0.000,0.710) 
 42       92    (0)   13 :  0.047 0.007 0.036 0.071 0.008 0.023 0.054 0.089 0.008 0.028 0.007 0.008 0.035 0.040 0.254 0.008 0.042 0.141 0.032 0.064     (0.000,0.362) (0.000,0.036) (0.000,0.243) (0.000,0.573) (0.000,0.042) (0.000,0.135) (0.000,0.432) (0.000,0.700) (0.000,0.044) (0.000,0.175) (0.000,0.037) (0.000,0.041) (0.000,0.241) (0.000,0.283) (0.000,0.945) (0.000,0.042) (0.000,0.313) (0.000,0.880) (0.000,0.210) (0.000,0.533) 
 43       93    (0)   13 :  0.017 0.005 0.093 0.068 0.011 0.011 0.019 0.292 0.004 0.031 0.005 0.007 0.102 0.045 0.042 0.010 0.115 0.065 0.030 0.027     (0.000,0.091) (0.000,0.029) (0.000,0.728) (0.000,0.562) (0.000,0.059) (0.000,0.060) (0.000,0.106) (0.000,0.966) (0.000,0.023) (0.000,0.200) (0.000,0.029) (0.000,0.035) (0.000,0.760) (0.000,0.336) (0.000,0.309) (0.000,0.055) (0.000,0.814) (0.000,0.541) (0.000,0.190) (0.000,0.162) 
 44       97    (0)   13 :  0.018 0.006 0.044 0.049 0.028 0.040 0.019 0.113 0.009 0.021 0.008 0.031 0.229 0.061 0.024 0.005 0.170 0.076 0.019 0.030     (0.000,0.102) (0.000,0.031) (0.000,0.333) (0.000,0.378) (0.000,0.200) (0.000,0.297) (0.000,0.116) (0.000,0.744) (0.000,0.060) (0.000,0.123) (0.000,0.047) (0.000,0.225) (0.000,0.906) (0.000,0.479) (0.000,0.161) (0.000,0.027) (0.000,0.867) (0.000,0.605) (0.000,0.109) (0.000,0.201) 
 45       98    (0)   13 :  0.031 0.006 0.033 0.045 0.012 0.021 0.020 0.050 0.006 0.029 0.006 0.007 0.106 0.175 0.017 0.007 0.159 0.119 0.096 0.054     (0.000,0.201) (0.000,0.031) (0.000,0.216) (0.000,0.340) (0.000,0.064) (0.000,0.122) (0.000,0.113) (0.000,0.388) (0.000,0.031) (0.000,0.182) (0.000,0.030) (0.000,0.037) (0.000,0.791) (0.000,0.922) (0.000,0.101) (0.000,0.037) (0.000,0.897) (0.000,0.845) (0.000,0.764) (0.000,0.439) 
 46      102   (12)    7 :  0.071 0.012 0.045 0.057 0.023 0.048 0.036 0.058 0.019 0.061 0.014 0.016 0.034 0.053 0.151 0.015 0.040 0.127 0.063 0.056     (0.000,0.575) (0.000,0.073) (0.000,0.348) (0.000,0.450) (0.000,0.156) (0.000,0.372) (0.000,0.255) (0.000,0.461) (0.000,0.133) (0.000,0.497) (0.000,0.086) (0.000,0.103) (0.000,0.236) (0.000,0.417) (0.000,0.857) (0.000,0.090) (0.000,0.294) (0.000,0.824) (0.000,0.513) (0.000,0.456) 
 47      104   (25)   14 :  0.024 0.009 0.083 0.102 0.009 0.013 0.027 0.018 0.011 0.047 0.010 0.015 0.044 0.025 0.013 0.025 0.451 0.028 0.029 0.018     (0.000,0.140) (0.000,0.057) (0.000,0.655) (0.000,0.741) (0.000,0.047) (0.000,0.070) (0.000,0.165) (0.000,0.098) (0.000,0.066) (0.000,0.365) (0.000,0.059) (0.000,0.094) (0.000,0.324) (0.000,0.147) (0.000,0.074) (0.000,0.178) (0.000,0.983) (0.000,0.164) (0.000,0.175) (0.000,0.097) 
 48      106   (12)    7 :  0.045 0.005 0.188 0.115 0.015 0.017 0.116 0.033 0.004 0.041 0.005 0.009 0.044 0.089 0.032 0.027 0.061 0.041 0.075 0.038     (0.000,0.334) (0.000,0.029) (0.000,0.916) (0.000,0.801) (0.000,0.090) (0.000,0.095) (0.000,0.809) (0.000,0.222) (0.000,0.024) (0.000,0.300) (0.000,0.025) (0.000,0.050) (0.000,0.329) (0.000,0.701) (0.000,0.216) (0.000,0.197) (0.000,0.489) (0.000,0.292) (0.000,0.619) (0.000,0.276) 
 49      111    (0)   20 :  0.095 0.005 0.143 0.199 0.006 0.022 0.132 0.017 0.004 0.046 0.005 0.011 0.034 0.027 0.027 0.007 0.106 0.041 0.028 0.043     (0.000,0.741) (0.000,0.027) (0.000,0.853) (0.000,0.916) (0.000,0.031) (0.000,0.136) (0.000,0.835) (0.000,0.099) (0.000,0.022) (0.000,0.349) (0.000,0.029) (0.000,0.070) (0.000,0.240) (0.000,0.170) (0.000,0.187) (0.000,0.040) (0.000,0.723) (0.000,0.298) (0.000,0.176) (0.000,0.314) 
 50      113    (0)    3 :  0.036 0.006 0.382 0.098 0.020 0.015 0.029 0.035 0.006 0.075 0.005 0.006 0.024 0.038 0.032 0.008 0.044 0.057 0.048 0.036     (0.000,0.243) (0.000,0.036) (0.000,0.967) (0.000,0.715) (0.000,0.134) (0.000,0.082) (0.000,0.194) (0.000,0.252) (0.000,0.035) (0.000,0.595) (0.000,0.029) (0.000,0.033) (0.000,0.147) (0.000,0.267) (0.000,0.226) (0.000,0.045) (0.000,0.342) (0.000,0.458) (0.000,0.359) (0.000,0.248) 
 51      115    (0)   18 :  0.046 0.010 0.113 0.280 0.006 0.031 0.035 0.037 0.010 0.066 0.010 0.011 0.034 0.049 0.028 0.012 0.067 0.053 0.037 0.064     (0.000,0.351) (0.000,0.061) (0.000,0.797) (0.000,0.962) (0.000,0.029) (0.000,0.209) (0.000,0.233) (0.000,0.262) (0.000,0.060) (0.000,0.555) (0.000,0.061) (0.000,0.064) (0.000,0.228) (0.000,0.382) (0.000,0.184) (0.000,0.069) (0.000,0.558) (0.000,0.428) (0.000,0.253) (0.000,0.537) 
 52      116    (0)    1 :  0.103 0.006 0.104 0.160 0.007 0.045 0.102 0.034 0.006 0.111 0.006 0.005 0.028 0.023 0.044 0.006 0.106 0.035 0.016 0.051     (0.000,0.784) (0.000,0.034) (0.000,0.777) (0.000,0.893) (0.000,0.039) (0.000,0.347) (0.000,0.758) (0.000,0.236) (0.000,0.033) (0.000,0.806) (0.000,0.033) (0.000,0.029) (0.000,0.183) (0.000,0.140) (0.000,0.333) (0.000,0.030) (0.000,0.774) (0.000,0.237) (0.000,0.085) (0.000,0.392) 
 53      127    (0)    3 :  0.063 0.011 0.133 0.017 0.010 0.032 0.154 0.031 0.009 0.033 0.008 0.016 0.031 0.059 0.017 0.088 0.043 0.117 0.051 0.076     (0.000,0.513) (0.000,0.068) (0.000,0.807) (0.000,0.098) (0.000,0.053) (0.000,0.230) (0.000,0.776) (0.000,0.223) (0.000,0.056) (0.000,0.238) (0.000,0.050) (0.000,0.108) (0.000,0.212) (0.000,0.465) (0.000,0.103) (0.000,0.464) (0.000,0.333) (0.000,0.750) (0.000,0.403) (0.000,0.604) 
 54      130   (12)   14 :  0.037 0.004 0.088 0.071 0.007 0.081 0.022 0.035 0.004 0.040 0.005 0.007 0.146 0.061 0.032 0.014 0.191 0.064 0.043 0.050     (0.000,0.254) (0.000,0.023) (0.000,0.678) (0.000,0.558) (0.000,0.036) (0.000,0.597) (0.000,0.130) (0.000,0.235) (0.000,0.023) (0.000,0.298) (0.000,0.025) (0.000,0.035) (0.000,0.866) (0.000,0.494) (0.000,0.222) (0.000,0.079) (0.000,0.922) (0.000,0.530) (0.000,0.318) (0.000,0.386) 
 55      132    (0)   15 :  0.061 0.009 0.107 0.032 0.015 0.014 0.191 0.058 0.006 0.060 0.008 0.007 0.021 0.033 0.160 0.021 0.045 0.068 0.050 0.034     (0.000,0.504) (0.000,0.049) (0.000,0.751) (0.000,0.226) (0.000,0.100) (0.000,0.077) (0.000,0.920) (0.000,0.462) (0.000,0.034) (0.000,0.476) (0.000,0.046) (0.000,0.036) (0.000,0.121) (0.000,0.226) (0.000,0.834) (0.000,0.147) (0.000,0.348) (0.000,0.568) (0.000,0.383) (0.000,0.226) 
 56      135   (12)   14 :  0.035 0.006 0.093 0.104 0.008 0.052 0.022 0.028 0.006 0.046 0.007 0.010 0.098 0.051 0.030 0.012 0.236 0.057 0.054 0.045     (0.000,0.236) (0.000,0.034) (0.000,0.708) (0.000,0.721) (0.000,0.040) (0.000,0.385) (0.000,0.131) (0.000,0.179) (0.000,0.034) (0.000,0.355) (0.000,0.037) (0.000,0.053) (0.000,0.717) (0.000,0.395) (0.000,0.201) (0.000,0.071) (0.000,0.946) (0.000,0.465) (0.000,0.437) (0.000,0.340) 
 57      138    (0)   18 :  0.058 0.009 0.060 0.209 0.009 0.037 0.026 0.048 0.009 0.029 0.008 0.007 0.035 0.106 0.066 0.051 0.078 0.063 0.048 0.045     (0.000,0.472) (0.000,0.052) (0.000,0.496) (0.000,0.935) (0.000,0.053) (0.000,0.261) (0.000,0.160) (0.000,0.369) (0.000,0.051) (0.000,0.185) (0.000,0.046) (0.000,0.037) (0.000,0.234) (0.000,0.783) (0.000,0.536) (0.000,0.391) (0.000,0.643) (0.000,0.523) (0.000,0.368) (0.000,0.347) 
 58      146    (0)   13 :  0.023 0.004 0.182 0.062 0.009 0.019 0.028 0.016 0.004 0.044 0.004 0.005 0.037 0.071 0.048 0.013 0.134 0.124 0.147 0.024     (0.000,0.141) (0.000,0.021) (0.000,0.902) (0.000,0.474) (0.000,0.055) (0.000,0.120) (0.000,0.187) (0.000,0.092) (0.000,0.021) (0.000,0.331) (0.000,0.021) (0.000,0.028) (0.000,0.265) (0.000,0.548) (0.000,0.370) (0.000,0.087) (0.000,0.814) (0.000,0.810) (0.000,0.850) (0.000,0.153) 
 59      150   (12)   13 :  0.046 0.006 0.102 0.202 0.015 0.031 0.084 0.074 0.006 0.029 0.006 0.008 0.050 0.058 0.100 0.017 0.025 0.040 0.035 0.069     (0.000,0.351) (0.000,0.032) (0.000,0.777) (0.000,0.934) (0.000,0.089) (0.000,0.209) (0.000,0.672) (0.000,0.600) (0.000,0.031) (0.000,0.178) (0.000,0.030) (0.000,0.046) (0.000,0.390) (0.000,0.470) (0.000,0.751) (0.000,0.107) (0.000,0.153) (0.000,0.286) (0.000,0.232) (0.000,0.561) 
 60      151    (0)   15 :  0.047 0.012 0.209 0.124 0.011 0.018 0.103 0.016 0.009 0.034 0.011 0.006 0.015 0.041 0.213 0.009 0.052 0.025 0.024 0.022     (0.000,0.355) (0.000,0.073) (0.000,0.939) (0.000,0.850) (0.000,0.062) (0.000,0.102) (0.000,0.774) (0.000,0.088) (0.000,0.050) (0.000,0.231) (0.000,0.068) (0.000,0.033) (0.000,0.079) (0.000,0.304) (0.000,0.936) (0.000,0.051) (0.000,0.407) (0.000,0.143) (0.000,0.140) (0.000,0.125) 
 61      152    (0)    4 :  0.090 0.008 0.299 0.089 0.013 0.015 0.103 0.019 0.007 0.032 0.007 0.019 0.023 0.048 0.023 0.027 0.048 0.043 0.060 0.029     (0.000,0.708) (0.000,0.042) (0.000,0.953) (0.000,0.646) (0.000,0.080) (0.000,0.085) (0.000,0.743) (0.000,0.110) (0.000,0.037) (0.000,0.210) (0.000,0.037) (0.000,0.127) (0.000,0.142) (0.000,0.371) (0.000,0.140) (0.000,0.197) (0.000,0.375) (0.000,0.317) (0.000,0.475) (0.000,0.194) 
 62      154    (0)   19 :  0.020 0.006 0.122 0.112 0.011 0.011 0.050 0.068 0.006 0.019 0.006 0.008 0.039 0.069 0.044 0.012 0.254 0.051 0.049 0.043     (0.000,0.112) (0.000,0.030) (0.000,0.843) (0.000,0.801) (0.000,0.061) (0.000,0.059) (0.000,0.386) (0.000,0.561) (0.000,0.033) (0.000,0.106) (0.000,0.033) (0.000,0.043) (0.000,0.278) (0.000,0.575) (0.000,0.331) (0.000,0.072) (0.000,0.955) (0.000,0.406) (0.000,0.387) (0.000,0.321) 
 63      156    (0)    1 :  0.041 0.004 0.165 0.111 0.007 0.016 0.235 0.019 0.004 0.011 0.004 0.006 0.022 0.020 0.223 0.009 0.035 0.029 0.019 0.023     (0.000,0.288) (0.000,0.019) (0.000,0.920) (0.000,0.823) (0.000,0.036) (0.000,0.095) (0.000,0.945) (0.000,0.106) (0.000,0.020) (0.000,0.062) (0.000,0.020) (0.000,0.031) (0.000,0.128) (0.000,0.118) (0.000,0.949) (0.000,0.050) (0.000,0.241) (0.000,0.178) (0.000,0.106) (0.000,0.138) 
 64      160   (12)   16 :  0.009 0.006 0.009 0.009 0.005 0.008 0.008 0.010 0.006 0.008 0.006 0.006 0.008 0.008 0.011 0.844 0.014 0.010 0.008 0.009     (0.000,0.051) (0.000,0.032) (0.000,0.051) (0.000,0.047) (0.000,0.027) (0.000,0.042) (0.000,0.046) (0.000,0.058) (0.000,0.033) (0.000,0.043) (0.000,0.031) (0.000,0.030) (0.000,0.042) (0.000,0.043) (0.000,0.063) (0.535,0.995) (0.000,0.085) (0.000,0.053) (0.000,0.043) (0.000,0.046) 
 65      161    (0)   16 :  0.010 0.005 0.009 0.009 0.005 0.008 0.008 0.010 0.005 0.008 0.005 0.006 0.008 0.008 0.009 0.848 0.011 0.010 0.009 0.009     (0.000,0.053) (0.000,0.029) (0.000,0.049) (0.000,0.050) (0.000,0.025) (0.000,0.043) (0.000,0.043) (0.000,0.054) (0.000,0.027) (0.000,0.045) (0.000,0.025) (0.000,0.032) (0.000,0.043) (0.000,0.046) (0.000,0.053) (0.541,0.995) (0.000,0.065) (0.000,0.052) (0.000,0.052) (0.000,0.050) 
 66      162    (0)   16 :  0.010 0.005 0.009 0.009 0.006 0.010 0.007 0.010 0.005 0.009 0.005 0.006 0.009 0.009 0.008 0.845 0.009 0.009 0.009 0.010     (0.000,0.058) (0.000,0.029) (0.000,0.049) (0.000,0.053) (0.000,0.029) (0.000,0.056) (0.000,0.039) (0.000,0.057) (0.000,0.027) (0.000,0.049) (0.000,0.026) (0.000,0.031) (0.000,0.048) (0.000,0.051) (0.000,0.047) (0.541,0.995) (0.000,0.051) (0.000,0.051) (0.000,0.052) (0.000,0.055) 
 67      169   (12)   16 :  0.009 0.005 0.009 0.008 0.005 0.010 0.007 0.011 0.005 0.009 0.005 0.006 0.009 0.008 0.009 0.847 0.010 0.010 0.008 0.009     (0.000,0.050) (0.000,0.026) (0.000,0.049) (0.000,0.045) (0.000,0.027) (0.000,0.055) (0.000,0.038) (0.000,0.063) (0.000,0.025) (0.000,0.047) (0.000,0.027) (0.000,0.033) (0.000,0.052) (0.000,0.044) (0.000,0.052) (0.539,0.996) (0.000,0.055) (0.000,0.052) (0.000,0.045) (0.000,0.051) 
 68      170   (12)   16 :  0.013 0.006 0.010 0.009 0.006 0.015 0.009 0.013 0.005 0.011 0.005 0.006 0.010 0.012 0.012 0.808 0.010 0.013 0.012 0.013     (0.000,0.079) (0.000,0.034) (0.000,0.056) (0.000,0.050) (0.000,0.034) (0.000,0.092) (0.000,0.050) (0.000,0.077) (0.000,0.030) (0.000,0.062) (0.000,0.028) (0.000,0.033) (0.000,0.055) (0.000,0.069) (0.000,0.067) (0.455,0.994) (0.000,0.057) (0.000,0.075) (0.000,0.074) (0.000,0.077) 
 69      171   (12)   14 :  0.035 0.005 0.044 0.051 0.006 0.110 0.022 0.103 0.006 0.019 0.006 0.025 0.022 0.063 0.030 0.205 0.087 0.079 0.023 0.060     (0.000,0.251) (0.000,0.029) (0.000,0.334) (0.000,0.407) (0.000,0.031) (0.000,0.667) (0.000,0.139) (0.000,0.715) (0.000,0.033) (0.000,0.113) (0.000,0.033) (0.000,0.178) (0.000,0.134) (0.000,0.494) (0.000,0.211) (0.000,0.622) (0.000,0.597) (0.000,0.602) (0.000,0.144) (0.000,0.476) 
 70      175    (0)    1 :  0.069 0.009 0.041 0.457 0.006 0.052 0.032 0.018 0.007 0.055 0.010 0.008 0.027 0.015 0.075 0.007 0.016 0.029 0.013 0.055     (0.000,0.592) (0.000,0.050) (0.000,0.295) (0.000,0.985) (0.000,0.032) (0.000,0.416) (0.000,0.202) (0.000,0.105) (0.000,0.037) (0.000,0.452) (0.000,0.059) (0.000,0.046) (0.000,0.173) (0.000,0.080) (0.000,0.632) (0.000,0.037) (0.000,0.090) (0.000,0.172) (0.000,0.066) (0.000,0.452) 
 71      177   (12)   10 :  0.086 0.050 0.055 0.304 0.007 0.042 0.050 0.011 0.032 0.056 0.061 0.018 0.013 0.014 0.092 0.009 0.014 0.022 0.016 0.046     (0.000,0.702) (0.000,0.377) (0.000,0.442) (0.000,0.964) (0.000,0.036) (0.000,0.314) (0.000,0.389) (0.000,0.062) (0.000,0.241) (0.000,0.458) (0.000,0.446) (0.000,0.109) (0.000,0.069) (0.000,0.072) (0.000,0.704) (0.000,0.048) (0.000,0.081) (0.000,0.130) (0.000,0.090) (0.000,0.354) 
 72      180    (0)    1 :  0.077 0.008 0.034 0.239 0.005 0.048 0.032 0.030 0.007 0.046 0.008 0.014 0.025 0.029 0.074 0.032 0.040 0.086 0.040 0.127     (0.000,0.636) (0.000,0.044) (0.000,0.233) (0.000,0.944) (0.000,0.027) (0.000,0.372) (0.000,0.213) (0.000,0.198) (0.000,0.038) (0.000,0.345) (0.000,0.046) (0.000,0.092) (0.000,0.153) (0.000,0.180) (0.000,0.588) (0.000,0.233) (0.000,0.298) (0.000,0.704) (0.000,0.291) (0.000,0.848) 
 73      186    (0)   17 :  0.061 0.049 0.067 0.065 0.009 0.035 0.057 0.030 0.029 0.060 0.032 0.045 0.069 0.047 0.091 0.017 0.044 0.058 0.062 0.074     (0.000,0.498) (0.000,0.354) (0.000,0.525) (0.000,0.508) (0.000,0.046) (0.000,0.249) (0.000,0.464) (0.000,0.200) (0.000,0.209) (0.000,0.486) (0.000,0.231) (0.000,0.333) (0.000,0.531) (0.000,0.359) (0.000,0.643) (0.000,0.111) (0.000,0.333) (0.000,0.473) (0.000,0.501) (0.000,0.591) 
 74      187    (0)    1 :  0.076 0.008 0.050 0.168 0.007 0.086 0.066 0.028 0.007 0.076 0.008 0.009 0.033 0.031 0.136 0.007 0.025 0.050 0.026 0.103     (0.000,0.641) (0.000,0.048) (0.000,0.383) (0.000,0.911) (0.000,0.039) (0.000,0.686) (0.000,0.546) (0.000,0.181) (0.000,0.038) (0.000,0.636) (0.000,0.044) (0.000,0.052) (0.000,0.212) (0.000,0.203) (0.000,0.851) (0.000,0.037) (0.000,0.149) (0.000,0.395) (0.000,0.149) (0.000,0.790) 
 75      188    (0)   17 :  0.034 0.010 0.064 0.294 0.008 0.027 0.029 0.026 0.009 0.052 0.010 0.016 0.042 0.048 0.038 0.008 0.075 0.058 0.083 0.072     (0.000,0.226) (0.000,0.057) (0.000,0.543) (0.000,0.966) (0.000,0.039) (0.000,0.161) (0.000,0.180) (0.000,0.152) (0.000,0.052) (0.000,0.412) (0.000,0.055) (0.000,0.092) (0.000,0.301) (0.000,0.374) (0.000,0.269) (0.000,0.043) (0.000,0.616) (0.000,0.488) (0.000,0.690) (0.000,0.617) 
 76      189    (0)    4 :  0.035 0.025 0.023 0.062 0.008 0.028 0.023 0.021 0.022 0.032 0.020 0.064 0.130 0.055 0.042 0.112 0.116 0.068 0.066 0.047     (0.000,0.255) (0.000,0.188) (0.000,0.148) (0.000,0.475) (0.000,0.045) (0.000,0.182) (0.000,0.142) (0.000,0.117) (0.000,0.160) (0.000,0.220) (0.000,0.139) (0.000,0.433) (0.000,0.802) (0.000,0.446) (0.000,0.325) (0.000,0.613) (0.000,0.773) (0.000,0.548) (0.000,0.528) (0.000,0.365) 
 77      190   (25)   18 :  0.065 0.007 0.046 0.119 0.008 0.126 0.028 0.042 0.006 0.064 0.006 0.010 0.062 0.049 0.101 0.020 0.032 0.073 0.044 0.093     (0.000,0.553) (0.000,0.037) (0.000,0.349) (0.000,0.834) (0.000,0.040) (0.000,0.846) (0.000,0.168) (0.000,0.308) (0.000,0.030) (0.000,0.537) (0.000,0.034) (0.000,0.054) (0.000,0.523) (0.000,0.385) (0.000,0.768) (0.000,0.123) (0.000,0.206) (0.000,0.628) (0.000,0.320) (0.000,0.750) 
 78      191    (0)   20 :  0.062 0.012 0.031 0.041 0.009 0.031 0.033 0.037 0.012 0.047 0.011 0.012 0.217 0.065 0.021 0.010 0.192 0.058 0.031 0.068     (0.000,0.516) (0.000,0.074) (0.000,0.213) (0.000,0.308) (0.000,0.045) (0.000,0.200) (0.000,0.214) (0.000,0.255) (0.000,0.078) (0.000,0.360) (0.000,0.072) (0.000,0.077) (0.000,0.925) (0.000,0.554) (0.000,0.134) (0.000,0.058) (0.000,0.920) (0.000,0.481) (0.000,0.203) (0.000,0.567) 
 79      198   (12)   14 :  0.064 0.008 0.062 0.115 0.007 0.080 0.030 0.075 0.007 0.062 0.007 0.008 0.052 0.062 0.105 0.018 0.046 0.070 0.042 0.081     (0.000,0.538) (0.000,0.044) (0.000,0.518) (0.000,0.821) (0.000,0.037) (0.000,0.648) (0.000,0.188) (0.000,0.615) (0.000,0.035) (0.000,0.517) (0.000,0.039) (0.000,0.043) (0.000,0.415) (0.000,0.518) (0.000,0.787) (0.000,0.109) (0.000,0.349) (0.000,0.595) (0.000,0.307) (0.000,0.678) 
 80      206   (12)    3 :  0.154 0.009 0.186 0.057 0.008 0.020 0.144 0.020 0.007 0.053 0.007 0.019 0.016 0.026 0.062 0.036 0.035 0.062 0.040 0.037     (0.000,0.890) (0.000,0.049) (0.000,0.893) (0.000,0.454) (0.000,0.041) (0.000,0.121) (0.000,0.859) (0.000,0.118) (0.000,0.039) (0.000,0.425) (0.000,0.038) (0.000,0.130) (0.000,0.090) (0.000,0.167) (0.000,0.490) (0.000,0.268) (0.000,0.247) (0.000,0.517) (0.000,0.295) (0.000,0.263) 
 81      210    (0)    3 :  0.080 0.010 0.062 0.027 0.006 0.066 0.044 0.041 0.010 0.032 0.009 0.005 0.042 0.050 0.290 0.008 0.092 0.060 0.019 0.048     (0.000,0.649) (0.000,0.059) (0.000,0.496) (0.000,0.173) (0.000,0.029) (0.000,0.513) (0.000,0.339) (0.000,0.301) (0.000,0.059) (0.000,0.216) (0.000,0.049) (0.000,0.025) (0.000,0.305) (0.000,0.378) (0.000,0.944) (0.000,0.043) (0.000,0.704) (0.000,0.485) (0.000,0.109) (0.000,0.368) 
 82      212    (0)    8 :  0.052 0.006 0.046 0.045 0.006 0.069 0.020 0.150 0.006 0.026 0.005 0.010 0.019 0.042 0.060 0.045 0.224 0.096 0.024 0.047     (0.000,0.416) (0.000,0.033) (0.000,0.348) (0.000,0.342) (0.000,0.028) (0.000,0.551) (0.000,0.116) (0.000,0.884) (0.000,0.033) (0.000,0.164) (0.000,0.029) (0.000,0.061) (0.000,0.109) (0.000,0.314) (0.000,0.477) (0.000,0.342) (0.000,0.937) (0.000,0.754) (0.000,0.140) (0.000,0.357) 
 83      215    (0)   18 :  0.077 0.014 0.047 0.076 0.033 0.044 0.024 0.060 0.011 0.089 0.013 0.008 0.046 0.058 0.092 0.017 0.109 0.057 0.065 0.060     (0.000,0.627) (0.000,0.090) (0.000,0.365) (0.000,0.600) (0.000,0.212) (0.000,0.336) (0.000,0.143) (0.000,0.475) (0.000,0.066) (0.000,0.683) (0.000,0.082) (0.000,0.041) (0.000,0.354) (0.000,0.474) (0.000,0.686) (0.000,0.104) (0.000,0.774) (0.000,0.467) (0.000,0.515) (0.000,0.487) 
 84      217    (0)    1 :  0.058 0.060 0.075 0.097 0.010 0.028 0.070 0.031 0.054 0.045 0.050 0.018 0.031 0.040 0.094 0.015 0.104 0.042 0.027 0.050     (0.000,0.475) (0.000,0.395) (0.000,0.572) (0.000,0.669) (0.000,0.056) (0.000,0.180) (0.000,0.553) (0.000,0.216) (0.000,0.359) (0.000,0.347) (0.000,0.347) (0.000,0.120) (0.000,0.213) (0.000,0.298) (0.000,0.639) (0.000,0.098) (0.000,0.700) (0.000,0.316) (0.000,0.177) (0.000,0.401) 
 85      228    (0)   13 :  0.089 0.007 0.213 0.078 0.007 0.039 0.022 0.032 0.008 0.079 0.006 0.008 0.048 0.036 0.026 0.013 0.040 0.093 0.057 0.101     (0.000,0.717) (0.000,0.037) (0.000,0.922) (0.000,0.628) (0.000,0.034) (0.000,0.288) (0.000,0.131) (0.000,0.215) (0.000,0.049) (0.000,0.633) (0.000,0.035) (0.000,0.043) (0.000,0.367) (0.000,0.248) (0.000,0.163) (0.000,0.076) (0.000,0.296) (0.000,0.740) (0.000,0.456) (0.000,0.767) 
 86      229    (0)   13 :  0.050 0.004 0.112 0.093 0.006 0.018 0.014 0.066 0.004 0.090 0.004 0.005 0.200 0.027 0.014 0.007 0.083 0.047 0.019 0.138     (0.000,0.381) (0.000,0.021) (0.000,0.780) (0.000,0.672) (0.000,0.032) (0.000,0.105) (0.000,0.076) (0.000,0.533) (0.000,0.019) (0.000,0.672) (0.000,0.023) (0.000,0.026) (0.000,0.866) (0.000,0.175) (0.000,0.078) (0.000,0.036) (0.000,0.656) (0.000,0.356) (0.000,0.108) (0.000,0.853) 
 87      231    (0)   13 :  0.088 0.006 0.036 0.062 0.006 0.024 0.017 0.040 0.006 0.081 0.006 0.007 0.049 0.062 0.011 0.008 0.090 0.063 0.034 0.304     (0.000,0.720) (0.000,0.034) (0.000,0.246) (0.000,0.497) (0.000,0.032) (0.000,0.147) (0.000,0.092) (0.000,0.285) (0.000,0.035) (0.000,0.653) (0.000,0.035) (0.000,0.041) (0.000,0.381) (0.000,0.517) (0.000,0.060) (0.000,0.043) (0.000,0.711) (0.000,0.527) (0.000,0.232) (0.000,0.969) 
 88      234    (0)   17 :  0.113 0.018 0.023 0.026 0.009 0.033 0.070 0.034 0.013 0.033 0.007 0.014 0.170 0.066 0.036 0.022 0.070 0.149 0.047 0.047     (0.000,0.793) (0.000,0.122) (0.000,0.139) (0.000,0.169) (0.000,0.047) (0.000,0.230) (0.000,0.568) (0.000,0.239) (0.000,0.087) (0.000,0.225) (0.000,0.043) (0.000,0.090) (0.000,0.871) (0.000,0.537) (0.000,0.271) (0.000,0.157) (0.000,0.544) (0.000,0.869) (0.000,0.360) (0.000,0.365) 
 89      240    (0)    7 :  0.101 0.006 0.041 0.043 0.006 0.107 0.057 0.036 0.005 0.041 0.005 0.005 0.030 0.051 0.223 0.008 0.032 0.072 0.040 0.090     (0.000,0.800) (0.000,0.031) (0.000,0.293) (0.000,0.319) (0.000,0.029) (0.000,0.803) (0.000,0.468) (0.000,0.239) (0.000,0.029) (0.000,0.289) (0.000,0.026) (0.000,0.028) (0.000,0.188) (0.000,0.408) (0.000,0.948) (0.000,0.045) (0.000,0.203) (0.000,0.626) (0.000,0.281) (0.000,0.738) 
 90      245    (0)   14 :  0.030 0.008 0.065 0.069 0.008 0.019 0.030 0.073 0.006 0.032 0.006 0.011 0.027 0.126 0.037 0.088 0.092 0.079 0.107 0.087     (0.000,0.191) (0.000,0.046) (0.000,0.530) (0.000,0.562) (0.000,0.044) (0.000,0.110) (0.000,0.201) (0.000,0.574) (0.000,0.031) (0.000,0.209) (0.000,0.031) (0.000,0.061) (0.000,0.171) (0.000,0.840) (0.000,0.263) (0.000,0.547) (0.000,0.672) (0.000,0.659) (0.000,0.785) (0.000,0.699) 
 91      248    (0)   20 :  0.071 0.012 0.034 0.040 0.008 0.045 0.029 0.049 0.013 0.036 0.013 0.011 0.185 0.079 0.023 0.021 0.167 0.063 0.032 0.069     (0.000,0.595) (0.000,0.076) (0.000,0.235) (0.000,0.298) (0.000,0.041) (0.000,0.344) (0.000,0.175) (0.000,0.381) (0.000,0.088) (0.000,0.246) (0.000,0.084) (0.000,0.070) (0.000,0.902) (0.000,0.661) (0.000,0.147) (0.000,0.141) (0.000,0.902) (0.000,0.531) (0.000,0.210) (0.000,0.576) 
 92      254    (0)   13 :  0.067 0.020 0.042 0.046 0.017 0.024 0.063 0.040 0.010 0.057 0.011 0.033 0.055 0.055 0.035 0.150 0.098 0.048 0.069 0.058     (0.000,0.531) (0.000,0.146) (0.000,0.320) (0.000,0.358) (0.000,0.111) (0.000,0.146) (0.000,0.485) (0.000,0.291) (0.000,0.062) (0.000,0.444) (0.000,0.073) (0.000,0.241) (0.000,0.418) (0.000,0.441) (0.000,0.257) (0.000,0.682) (0.000,0.671) (0.000,0.375) (0.000,0.556) (0.000,0.466) 
 93      255    (0)   13 :  0.062 0.007 0.073 0.045 0.008 0.043 0.031 0.108 0.006 0.059 0.005 0.008 0.048 0.067 0.051 0.023 0.124 0.073 0.083 0.076     (0.000,0.517) (0.000,0.039) (0.000,0.606) (0.000,0.343) (0.000,0.039) (0.000,0.320) (0.000,0.199) (0.000,0.794) (0.000,0.030) (0.000,0.491) (0.000,0.028) (0.000,0.041) (0.000,0.374) (0.000,0.565) (0.000,0.399) (0.000,0.154) (0.000,0.842) (0.000,0.619) (0.000,0.685) (0.000,0.640) 
 94      269    (0)   13 :  0.059 0.022 0.132 0.080 0.008 0.034 0.047 0.043 0.027 0.038 0.030 0.014 0.136 0.033 0.080 0.013 0.077 0.050 0.028 0.052     (0.000,0.479) (0.000,0.159) (0.000,0.772) (0.000,0.602) (0.000,0.044) (0.000,0.237) (0.000,0.362) (0.000,0.318) (0.000,0.195) (0.000,0.268) (0.000,0.222) (0.000,0.087) (0.000,0.784) (0.000,0.222) (0.000,0.603) (0.000,0.078) (0.000,0.600) (0.000,0.390) (0.000,0.179) (0.000,0.415) 
 95      271    (0)   14 :  0.095 0.009 0.051 0.072 0.006 0.098 0.030 0.068 0.010 0.041 0.008 0.008 0.045 0.056 0.052 0.023 0.050 0.088 0.053 0.136     (0.000,0.756) (0.000,0.054) (0.000,0.398) (0.000,0.591) (0.000,0.031) (0.000,0.751) (0.000,0.191) (0.000,0.575) (0.000,0.060) (0.000,0.291) (0.000,0.047) (0.000,0.044) (0.000,0.343) (0.000,0.456) (0.000,0.412) (0.000,0.150) (0.000,0.394) (0.000,0.723) (0.000,0.418) (0.000,0.870) 
 96      273    (0)    1 :  0.108 0.015 0.354 0.037 0.007 0.022 0.065 0.018 0.013 0.041 0.012 0.017 0.016 0.031 0.025 0.013 0.064 0.055 0.052 0.036     (0.000,0.799) (0.000,0.096) (0.000,0.966) (0.000,0.265) (0.000,0.034) (0.000,0.129) (0.000,0.535) (0.000,0.103) (0.000,0.087) (0.000,0.299) (0.000,0.073) (0.000,0.104) (0.000,0.091) (0.000,0.205) (0.000,0.162) (0.000,0.074) (0.000,0.515) (0.000,0.449) (0.000,0.409) (0.000,0.251) 
 97      274    (0)   14 :  0.094 0.011 0.063 0.118 0.009 0.030 0.059 0.027 0.010 0.042 0.008 0.011 0.027 0.084 0.045 0.024 0.072 0.069 0.118 0.081     (0.000,0.745) (0.000,0.066) (0.000,0.520) (0.000,0.811) (0.000,0.048) (0.000,0.188) (0.000,0.477) (0.000,0.164) (0.000,0.056) (0.000,0.302) (0.000,0.048) (0.000,0.062) (0.000,0.171) (0.000,0.687) (0.000,0.344) (0.000,0.162) (0.000,0.568) (0.000,0.591) (0.000,0.819) (0.000,0.668) 
 98      277   (12)    4 :  0.103 0.016 0.098 0.076 0.007 0.069 0.038 0.037 0.014 0.049 0.014 0.008 0.033 0.061 0.088 0.024 0.054 0.070 0.062 0.078     (0.000,0.782) (0.000,0.103) (0.000,0.751) (0.000,0.624) (0.000,0.036) (0.000,0.574) (0.000,0.261) (0.000,0.261) (0.000,0.091) (0.000,0.384) (0.000,0.085) (0.000,0.045) (0.000,0.224) (0.000,0.505) (0.000,0.708) (0.000,0.154) (0.000,0.439) (0.000,0.590) (0.000,0.518) (0.000,0.654) 
 99      279   (25)   14 :  0.040 0.007 0.057 0.139 0.009 0.036 0.020 0.037 0.007 0.037 0.007 0.007 0.038 0.055 0.039 0.021 0.244 0.066 0.081 0.052     (0.000,0.286) (0.000,0.038) (0.000,0.478) (0.000,0.880) (0.000,0.047) (0.000,0.238) (0.000,0.113) (0.000,0.250) (0.000,0.039) (0.000,0.247) (0.000,0.036) (0.000,0.039) (0.000,0.265) (0.000,0.450) (0.000,0.273) (0.000,0.132) (0.000,0.954) (0.000,0.570) (0.000,0.686) (0.000,0.416) 
100      280    (0)   18 :  0.044 0.013 0.039 0.023 0.009 0.038 0.030 0.042 0.019 0.021 0.015 0.019 0.155 0.039 0.024 0.127 0.188 0.062 0.029 0.065     (0.000,0.340) (0.000,0.086) (0.000,0.288) (0.000,0.144) (0.000,0.052) (0.000,0.272) (0.000,0.206) (0.000,0.322) (0.000,0.134) (0.000,0.126) (0.000,0.105) (0.000,0.138) (0.000,0.836) (0.000,0.290) (0.000,0.162) (0.000,0.572) (0.000,0.840) (0.000,0.503) (0.000,0.191) (0.000,0.522) 
101      281    (0)   16 :  0.008 0.006 0.007 0.006 0.006 0.007 0.007 0.008 0.005 0.007 0.005 0.008 0.010 0.008 0.006 0.860 0.010 0.008 0.009 0.008     (0.000,0.041) (0.000,0.030) (0.000,0.040) (0.000,0.034) (0.000,0.034) (0.000,0.040) (0.000,0.036) (0.000,0.044) (0.000,0.028) (0.000,0.037) (0.000,0.026) (0.000,0.045) (0.000,0.059) (0.000,0.045) (0.000,0.034) (0.584,0.996) (0.000,0.055) (0.000,0.046) (0.000,0.049) (0.000,0.045) 
102      283    (0)   13 :  0.053 0.012 0.028 0.023 0.011 0.030 0.052 0.051 0.010 0.026 0.006 0.013 0.288 0.082 0.018 0.010 0.080 0.108 0.045 0.053     (0.000,0.425) (0.000,0.077) (0.000,0.189) (0.000,0.147) (0.000,0.058) (0.000,0.199) (0.000,0.412) (0.000,0.401) (0.000,0.065) (0.000,0.159) (0.000,0.032) (0.000,0.080) (0.000,0.957) (0.000,0.666) (0.000,0.111) (0.000,0.062) (0.000,0.621) (0.000,0.783) (0.000,0.346) (0.000,0.422) 
103      285    (0)   17 :  0.048 0.009 0.036 0.020 0.008 0.029 0.038 0.060 0.009 0.028 0.009 0.011 0.196 0.103 0.021 0.014 0.182 0.064 0.041 0.075     (0.000,0.368) (0.000,0.056) (0.000,0.250) (0.000,0.118) (0.000,0.044) (0.000,0.181) (0.000,0.269) (0.000,0.501) (0.000,0.056) (0.000,0.169) (0.000,0.051) (0.000,0.067) (0.000,0.919) (0.000,0.789) (0.000,0.126) (0.000,0.086) (0.000,0.922) (0.000,0.540) (0.000,0.294) (0.000,0.625) 
104      286    (0)   13 :  0.022 0.004 0.169 0.063 0.007 0.021 0.021 0.133 0.004 0.038 0.004 0.007 0.165 0.039 0.026 0.012 0.126 0.047 0.038 0.053     (0.000,0.127) (0.000,0.023) (0.000,0.913) (0.000,0.519) (0.000,0.038) (0.000,0.123) (0.000,0.119) (0.000,0.867) (0.000,0.019) (0.000,0.260) (0.000,0.023) (0.000,0.035) (0.000,0.907) (0.000,0.279) (0.000,0.156) (0.000,0.071) (0.000,0.858) (0.000,0.362) (0.000,0.266) (0.000,0.417) 
105      294    (0)    7 :  0.058 0.006 0.152 0.054 0.006 0.030 0.071 0.049 0.005 0.044 0.006 0.006 0.034 0.043 0.166 0.012 0.121 0.057 0.034 0.046     (0.000,0.476) (0.000,0.033) (0.000,0.897) (0.000,0.431) (0.000,0.031) (0.000,0.187) (0.000,0.601) (0.000,0.377) (0.000,0.029) (0.000,0.331) (0.000,0.036) (0.000,0.032) (0.000,0.224) (0.000,0.316) (0.000,0.900) (0.000,0.068) (0.000,0.828) (0.000,0.466) (0.000,0.226) (0.000,0.349) 
106      298    (0)    7 :  0.063 0.007 0.457 0.035 0.006 0.030 0.077 0.026 0.007 0.031 0.007 0.010 0.023 0.029 0.031 0.008 0.038 0.048 0.024 0.044     (0.000,0.535) (0.000,0.037) (0.000,0.981) (0.000,0.244) (0.000,0.029) (0.000,0.201) (0.000,0.636) (0.000,0.169) (0.000,0.040) (0.000,0.198) (0.000,0.040) (0.000,0.058) (0.000,0.140) (0.000,0.192) (0.000,0.214) (0.000,0.042) (0.000,0.268) (0.000,0.365) (0.000,0.148) (0.000,0.331) 
107      300   (25)   14 :  0.036 0.005 0.061 0.037 0.007 0.018 0.041 0.089 0.005 0.028 0.005 0.006 0.031 0.033 0.104 0.050 0.275 0.080 0.042 0.047     (0.000,0.241) (0.000,0.027) (0.000,0.514) (0.000,0.251) (0.000,0.037) (0.000,0.102) (0.000,0.292) (0.000,0.712) (0.000,0.026) (0.000,0.170) (0.000,0.026) (0.000,0.034) (0.000,0.202) (0.000,0.216) (0.000,0.781) (0.000,0.391) (0.000,0.965) (0.000,0.676) (0.000,0.305) (0.000,0.361) 
108      301    (0)   17 :  0.036 0.008 0.071 0.049 0.010 0.035 0.032 0.030 0.009 0.084 0.011 0.011 0.329 0.019 0.026 0.019 0.072 0.073 0.029 0.048     (0.000,0.261) (0.000,0.050) (0.000,0.545) (0.000,0.380) (0.000,0.057) (0.000,0.257) (0.000,0.222) (0.000,0.200) (0.000,0.051) (0.000,0.626) (0.000,0.067) (0.000,0.068) (0.000,0.958) (0.000,0.112) (0.000,0.168) (0.000,0.128) (0.000,0.571) (0.000,0.580) (0.000,0.195) (0.000,0.372) 
109      303    (0)    1 :  0.085 0.005 0.048 0.038 0.006 0.122 0.028 0.085 0.005 0.044 0.005 0.007 0.070 0.048 0.048 0.036 0.047 0.085 0.061 0.129     (0.000,0.708) (0.000,0.027) (0.000,0.364) (0.000,0.264) (0.000,0.031) (0.000,0.841) (0.000,0.173) (0.000,0.694) (0.000,0.026) (0.000,0.325) (0.000,0.025) (0.000,0.037) (0.000,0.588) (0.000,0.373) (0.000,0.369) (0.000,0.254) (0.000,0.363) (0.000,0.712) (0.000,0.507) (0.000,0.867) 
110      306    (0)   20 :  0.071 0.006 0.090 0.062 0.005 0.086 0.053 0.038 0.006 0.033 0.006 0.006 0.030 0.048 0.186 0.010 0.051 0.074 0.039 0.101     (0.000,0.607) (0.000,0.031) (0.000,0.723) (0.000,0.511) (0.000,0.028) (0.000,0.701) (0.000,0.419) (0.000,0.261) (0.000,0.034) (0.000,0.209) (0.000,0.032) (0.000,0.029) (0.000,0.190) (0.000,0.373) (0.000,0.922) (0.000,0.059) (0.000,0.398) (0.000,0.627) (0.000,0.276) (0.000,0.785) 
111      310   (12)   13 :  0.090 0.007 0.055 0.026 0.007 0.024 0.092 0.066 0.007 0.032 0.006 0.007 0.025 0.030 0.162 0.028 0.129 0.093 0.051 0.065     (0.000,0.739) (0.000,0.037) (0.000,0.444) (0.000,0.159) (0.000,0.033) (0.000,0.144) (0.000,0.739) (0.000,0.550) (0.000,0.038) (0.000,0.200) (0.000,0.030) (0.000,0.035) (0.000,0.150) (0.000,0.191) (0.000,0.899) (0.000,0.188) (0.000,0.856) (0.000,0.753) (0.000,0.403) (0.000,0.544) 
112      311   (25)   17 :  0.031 0.005 0.036 0.029 0.007 0.250 0.017 0.068 0.005 0.020 0.005 0.006 0.176 0.053 0.057 0.015 0.043 0.063 0.023 0.091     (0.000,0.199) (0.000,0.024) (0.000,0.245) (0.000,0.190) (0.000,0.036) (0.000,0.955) (0.000,0.090) (0.000,0.574) (0.000,0.025) (0.000,0.113) (0.000,0.026) (0.000,0.033) (0.000,0.918) (0.000,0.431) (0.000,0.461) (0.000,0.091) (0.000,0.317) (0.000,0.531) (0.000,0.135) (0.000,0.743) 
113      315    (0)   16 :  0.011 0.007 0.010 0.009 0.006 0.009 0.009 0.011 0.007 0.009 0.007 0.007 0.009 0.009 0.011 0.828 0.011 0.010 0.010 0.010     (0.000,0.059) (0.000,0.041) (0.000,0.057) (0.000,0.052) (0.000,0.029) (0.000,0.051) (0.000,0.048) (0.000,0.065) (0.000,0.038) (0.000,0.052) (0.000,0.041) (0.000,0.036) (0.000,0.051) (0.000,0.048) (0.000,0.063) (0.502,0.994) (0.000,0.060) (0.000,0.056) (0.000,0.053) (0.000,0.055) 
114      318    (0)    4 :  0.110 0.016 0.053 0.080 0.019 0.101 0.071 0.034 0.022 0.087 0.024 0.009 0.027 0.046 0.088 0.013 0.041 0.057 0.029 0.073     (0.000,0.784) (0.000,0.104) (0.000,0.428) (0.000,0.632) (0.000,0.121) (0.000,0.710) (0.000,0.566) (0.000,0.246) (0.000,0.162) (0.000,0.683) (0.000,0.177) (0.000,0.055) (0.000,0.168) (0.000,0.355) (0.000,0.663) (0.000,0.079) (0.000,0.301) (0.000,0.466) (0.000,0.190) (0.000,0.593) 
115      321    (0)    1 :  0.121 0.016 0.066 0.096 0.010 0.066 0.100 0.032 0.017 0.063 0.020 0.007 0.025 0.034 0.093 0.011 0.040 0.059 0.036 0.089     (0.000,0.832) (0.000,0.106) (0.000,0.548) (0.000,0.714) (0.000,0.053) (0.000,0.545) (0.000,0.748) (0.000,0.213) (0.000,0.120) (0.000,0.517) (0.000,0.140) (0.000,0.038) (0.000,0.147) (0.000,0.226) (0.000,0.697) (0.000,0.063) (0.000,0.295) (0.000,0.482) (0.000,0.256) (0.000,0.702) 
116      325    (0)   19 :  0.055 0.008 0.210 0.074 0.008 0.024 0.045 0.029 0.006 0.045 0.011 0.007 0.088 0.053 0.035 0.047 0.049 0.071 0.059 0.076     (0.000,0.442) (0.000,0.044) (0.000,0.921) (0.000,0.582) (0.000,0.043) (0.000,0.146) (0.000,0.344) (0.000,0.188) (0.000,0.035) (0.000,0.343) (0.000,0.071) (0.000,0.038) (0.000,0.641) (0.000,0.421) (0.000,0.244) (0.000,0.331) (0.000,0.379) (0.000,0.588) (0.000,0.468) (0.000,0.618) 
117      334    (0)   19 :  0.051 0.013 0.091 0.065 0.008 0.036 0.047 0.059 0.014 0.040 0.016 0.009 0.051 0.077 0.034 0.018 0.068 0.089 0.088 0.123     (0.000,0.411) (0.000,0.079) (0.000,0.721) (0.000,0.530) (0.000,0.044) (0.000,0.250) (0.000,0.362) (0.000,0.480) (0.000,0.088) (0.000,0.286) (0.000,0.113) (0.000,0.051) (0.000,0.403) (0.000,0.641) (0.000,0.237) (0.000,0.122) (0.000,0.558) (0.000,0.717) (0.000,0.705) (0.000,0.833) 
118      335   (12)   13 :  0.052 0.014 0.056 0.030 0.012 0.049 0.062 0.104 0.016 0.039 0.019 0.013 0.148 0.052 0.062 0.031 0.046 0.068 0.038 0.090     (0.000,0.415) (0.000,0.093) (0.000,0.455) (0.000,0.201) (0.000,0.068) (0.000,0.383) (0.000,0.506) (0.000,0.754) (0.000,0.110) (0.000,0.277) (0.000,0.131) (0.000,0.079) (0.000,0.855) (0.000,0.411) (0.000,0.499) (0.000,0.228) (0.000,0.350) (0.000,0.563) (0.000,0.273) (0.000,0.702) 
119      340   (12)   20 :  0.118 0.006 0.035 0.015 0.007 0.063 0.031 0.086 0.005 0.053 0.005 0.006 0.088 0.075 0.024 0.020 0.066 0.095 0.058 0.144     (0.000,0.845) (0.000,0.034) (0.000,0.233) (0.000,0.083) (0.000,0.037) (0.000,0.521) (0.000,0.195) (0.000,0.710) (0.000,0.027) (0.000,0.426) (0.000,0.026) (0.000,0.034) (0.000,0.703) (0.000,0.635) (0.000,0.146) (0.000,0.132) (0.000,0.556) (0.000,0.766) (0.000,0.474) (0.000,0.890) 
120      341   (12)    7 :  0.078 0.020 0.059 0.017 0.010 0.071 0.045 0.075 0.018 0.032 0.015 0.043 0.067 0.062 0.029 0.017 0.144 0.087 0.036 0.074     (0.000,0.628) (0.000,0.144) (0.000,0.471) (0.000,0.101) (0.000,0.052) (0.000,0.560) (0.000,0.340) (0.000,0.599) (0.000,0.127) (0.000,0.218) (0.000,0.102) (0.000,0.310) (0.000,0.512) (0.000,0.504) (0.000,0.204) (0.000,0.114) (0.000,0.824) (0.000,0.676) (0.000,0.252) (0.000,0.594) 
121      342   (12)   13 :  0.035 0.028 0.109 0.039 0.019 0.017 0.082 0.028 0.015 0.042 0.027 0.156 0.103 0.022 0.040 0.014 0.080 0.040 0.028 0.076     (0.000,0.258) (0.000,0.207) (0.000,0.641) (0.000,0.299) (0.000,0.121) (0.000,0.102) (0.000,0.610) (0.000,0.196) (0.000,0.099) (0.000,0.318) (0.000,0.194) (0.000,0.611) (0.000,0.673) (0.000,0.138) (0.000,0.305) (0.000,0.087) (0.000,0.600) (0.000,0.295) (0.000,0.190) (0.000,0.578) 
122      343   (12)   18 :  0.056 0.008 0.065 0.098 0.009 0.015 0.020 0.052 0.008 0.087 0.008 0.009 0.031 0.066 0.013 0.008 0.185 0.051 0.049 0.162     (0.000,0.452) (0.000,0.047) (0.000,0.547) (0.000,0.742) (0.000,0.047) (0.000,0.081) (0.000,0.112) (0.000,0.408) (0.000,0.046) (0.000,0.682) (0.000,0.046) (0.000,0.049) (0.000,0.210) (0.000,0.562) (0.000,0.069) (0.000,0.045) (0.000,0.920) (0.000,0.408) (0.000,0.385) (0.000,0.901) 
123      344   (25)   17 :  0.101 0.008 0.057 0.038 0.007 0.024 0.071 0.076 0.008 0.048 0.007 0.008 0.036 0.028 0.066 0.031 0.161 0.095 0.036 0.093     (0.000,0.780) (0.000,0.041) (0.000,0.471) (0.000,0.267) (0.000,0.037) (0.000,0.147) (0.000,0.597) (0.000,0.632) (0.000,0.045) (0.000,0.366) (0.000,0.041) (0.000,0.045) (0.000,0.246) (0.000,0.177) (0.000,0.527) (0.000,0.224) (0.000,0.899) (0.000,0.759) (0.000,0.246) (0.000,0.736) 
124      345   (12)   16 :  0.032 0.010 0.022 0.015 0.008 0.018 0.021 0.020 0.008 0.018 0.008 0.012 0.016 0.017 0.025 0.650 0.020 0.024 0.030 0.025     (0.000,0.204) (0.000,0.059) (0.000,0.128) (0.000,0.084) (0.000,0.041) (0.000,0.106) (0.000,0.123) (0.000,0.122) (0.000,0.047) (0.000,0.105) (0.000,0.043) (0.000,0.068) (0.000,0.092) (0.000,0.100) (0.000,0.168) (0.000,0.987) (0.000,0.128) (0.000,0.146) (0.000,0.198) (0.000,0.153) 
125      346   (12)    3 :  0.068 0.008 0.050 0.047 0.007 0.137 0.027 0.055 0.008 0.027 0.008 0.012 0.029 0.115 0.038 0.015 0.134 0.112 0.039 0.066     (0.000,0.573) (0.000,0.044) (0.000,0.395) (0.000,0.356) (0.000,0.035) (0.000,0.849) (0.000,0.168) (0.000,0.444) (0.000,0.045) (0.000,0.164) (0.000,0.042) (0.000,0.074) (0.000,0.178) (0.000,0.822) (0.000,0.278) (0.000,0.086) (0.000,0.846) (0.000,0.819) (0.000,0.275) (0.000,0.553) 
126      348   (12)   14 :  0.051 0.006 0.088 0.061 0.010 0.030 0.041 0.055 0.005 0.060 0.006 0.008 0.040 0.063 0.066 0.012 0.182 0.062 0.100 0.054     (0.000,0.399) (0.000,0.035) (0.000,0.725) (0.000,0.501) (0.000,0.053) (0.000,0.190) (0.000,0.296) (0.000,0.445) (0.000,0.028) (0.000,0.501) (0.000,0.029) (0.000,0.042) (0.000,0.277) (0.000,0.533) (0.000,0.548) (0.000,0.068) (0.000,0.925) (0.000,0.531) (0.000,0.778) (0.000,0.430) 
127      349   (12)   18 :  0.040 0.005 0.030 0.045 0.006 0.054 0.014 0.041 0.005 0.032 0.005 0.007 0.031 0.057 0.040 0.299 0.074 0.083 0.074 0.057     (0.000,0.289) (0.000,0.029) (0.000,0.185) (0.000,0.339) (0.000,0.032) (0.000,0.423) (0.000,0.075) (0.000,0.292) (0.000,0.025) (0.000,0.207) (0.000,0.026) (0.000,0.036) (0.000,0.198) (0.000,0.467) (0.000,0.281) (0.000,0.958) (0.000,0.627) (0.000,0.698) (0.000,0.632) (0.000,0.471) 
128      350   (25)   14 :  0.043 0.031 0.029 0.035 0.014 0.030 0.032 0.033 0.043 0.026 0.028 0.036 0.148 0.052 0.045 0.099 0.124 0.058 0.048 0.046     (0.000,0.324) (0.000,0.233) (0.000,0.206) (0.000,0.256) (0.000,0.079) (0.000,0.200) (0.000,0.221) (0.000,0.225) (0.000,0.318) (0.000,0.167) (0.000,0.205) (0.000,0.267) (0.000,0.853) (0.000,0.416) (0.000,0.349) (0.000,0.651) (0.000,0.809) (0.000,0.474) (0.000,0.379) (0.000,0.357) 
129      351   (25)   17 :  0.127 0.008 0.056 0.054 0.008 0.026 0.031 0.104 0.008 0.085 0.007 0.008 0.019 0.034 0.044 0.022 0.060 0.066 0.031 0.202     (0.000,0.850) (0.000,0.047) (0.000,0.453) (0.000,0.428) (0.000,0.040) (0.000,0.162) (0.000,0.204) (0.000,0.767) (0.000,0.049) (0.000,0.669) (0.000,0.041) (0.000,0.047) (0.000,0.107) (0.000,0.228) (0.000,0.338) (0.000,0.145) (0.000,0.497) (0.000,0.558) (0.000,0.201) (0.000,0.930) 
130      357   (12)    7 :  0.062 0.014 0.128 0.050 0.019 0.025 0.101 0.046 0.010 0.077 0.011 0.019 0.040 0.070 0.046 0.008 0.044 0.091 0.089 0.050     (0.000,0.437) (0.000,0.088) (0.000,0.728) (0.000,0.369) (0.000,0.120) (0.000,0.165) (0.000,0.650) (0.000,0.336) (0.000,0.062) (0.000,0.535) (0.000,0.062) (0.000,0.116) (0.000,0.280) (0.000,0.484) (0.000,0.340) (0.000,0.044) (0.000,0.325) (0.000,0.560) (0.000,0.584) (0.000,0.348) 
131      363    (0)   12 :  0.030 0.031 0.067 0.082 0.019 0.013 0.060 0.031 0.018 0.025 0.019 0.371 0.025 0.039 0.019 0.025 0.021 0.039 0.040 0.028     (0.000,0.201) (0.000,0.236) (0.000,0.500) (0.000,0.579) (0.000,0.123) (0.000,0.073) (0.000,0.450) (0.000,0.223) (0.000,0.128) (0.000,0.165) (0.000,0.137) (0.000,0.943) (0.000,0.166) (0.000,0.286) (0.000,0.120) (0.000,0.181) (0.000,0.141) (0.000,0.284) (0.000,0.294) (0.000,0.185) 
132      364    (0)    3 :  0.025 0.011 0.117 0.192 0.010 0.022 0.034 0.062 0.010 0.083 0.011 0.029 0.076 0.062 0.028 0.006 0.044 0.074 0.058 0.047     (0.000,0.149) (0.000,0.063) (0.000,0.789) (0.000,0.919) (0.000,0.060) (0.000,0.139) (0.000,0.234) (0.000,0.489) (0.000,0.058) (0.000,0.653) (0.000,0.069) (0.000,0.189) (0.000,0.609) (0.000,0.497) (0.000,0.180) (0.000,0.032) (0.000,0.336) (0.000,0.605) (0.000,0.474) (0.000,0.365) 
133      365    (0)    1 :  0.031 0.010 0.033 0.059 0.011 0.028 0.021 0.113 0.010 0.055 0.009 0.026 0.191 0.088 0.020 0.026 0.098 0.090 0.047 0.035     (0.000,0.204) (0.000,0.061) (0.000,0.232) (0.000,0.466) (0.000,0.065) (0.000,0.188) (0.000,0.126) (0.000,0.781) (0.000,0.062) (0.000,0.428) (0.000,0.057) (0.000,0.176) (0.000,0.908) (0.000,0.677) (0.000,0.117) (0.000,0.185) (0.000,0.711) (0.000,0.692) (0.000,0.361) (0.000,0.240) 
134      366    (0)   18 :  0.011 0.004 0.054 0.032 0.009 0.017 0.015 0.066 0.004 0.024 0.004 0.006 0.531 0.040 0.015 0.004 0.089 0.038 0.017 0.022     (0.000,0.058) (0.000,0.019) (0.000,0.422) (0.000,0.220) (0.000,0.050) (0.000,0.103) (0.000,0.084) (0.000,0.548) (0.000,0.019) (0.000,0.145) (0.000,0.021) (0.000,0.031) (0.000,0.988) (0.000,0.286) (0.000,0.084) (0.000,0.020) (0.000,0.699) (0.000,0.255) (0.000,0.095) (0.000,0.122) 
135      367    (0)   18 :  0.073 0.011 0.058 0.041 0.016 0.025 0.073 0.071 0.007 0.136 0.011 0.011 0.051 0.065 0.036 0.028 0.066 0.113 0.073 0.036     (0.000,0.584) (0.000,0.065) (0.000,0.455) (0.000,0.305) (0.000,0.103) (0.000,0.158) (0.000,0.565) (0.000,0.547) (0.000,0.040) (0.000,0.829) (0.000,0.068) (0.000,0.063) (0.000,0.393) (0.000,0.508) (0.000,0.259) (0.000,0.200) (0.000,0.522) (0.000,0.779) (0.000,0.587) (0.000,0.254) 
136      369    (0)   13 :  0.024 0.009 0.031 0.029 0.021 0.054 0.022 0.088 0.009 0.018 0.008 0.016 0.172 0.058 0.190 0.069 0.038 0.085 0.030 0.031     (0.000,0.148) (0.000,0.054) (0.000,0.205) (0.000,0.205) (0.000,0.144) (0.000,0.394) (0.000,0.144) (0.000,0.636) (0.000,0.057) (0.000,0.103) (0.000,0.053) (0.000,0.106) (0.000,0.860) (0.000,0.450) (0.000,0.834) (0.000,0.382) (0.000,0.284) (0.000,0.651) (0.000,0.200) (0.000,0.210) 
137      370    (0)   18 :  0.021 0.006 0.036 0.073 0.017 0.019 0.025 0.124 0.006 0.023 0.006 0.007 0.115 0.261 0.029 0.006 0.075 0.076 0.038 0.037     (0.000,0.120) (0.000,0.033) (0.000,0.251) (0.000,0.594) (0.000,0.108) (0.000,0.109) (0.000,0.158) (0.000,0.835) (0.000,0.035) (0.000,0.133) (0.000,0.033) (0.000,0.038) (0.000,0.814) (0.000,0.958) (0.000,0.193) (0.000,0.033) (0.000,0.610) (0.000,0.638) (0.000,0.269) (0.000,0.259) 
138      371    (0)    4 :  0.049 0.008 0.035 0.184 0.018 0.019 0.017 0.099 0.008 0.061 0.008 0.009 0.044 0.193 0.020 0.009 0.050 0.065 0.049 0.057     (0.000,0.374) (0.000,0.047) (0.000,0.235) (0.000,0.912) (0.000,0.120) (0.000,0.114) (0.000,0.098) (0.000,0.737) (0.000,0.045) (0.000,0.470) (0.000,0.044) (0.000,0.048) (0.000,0.339) (0.000,0.921) (0.000,0.124) (0.000,0.049) (0.000,0.387) (0.000,0.535) (0.000,0.380) (0.000,0.444) 
139      372    (0)   18 :  0.052 0.006 0.065 0.056 0.016 0.023 0.078 0.088 0.006 0.019 0.006 0.013 0.156 0.117 0.038 0.007 0.038 0.107 0.053 0.055     (0.000,0.409) (0.000,0.035) (0.000,0.505) (0.000,0.429) (0.000,0.103) (0.000,0.146) (0.000,0.562) (0.000,0.673) (0.000,0.036) (0.000,0.111) (0.000,0.034) (0.000,0.075) (0.000,0.865) (0.000,0.771) (0.000,0.272) (0.000,0.039) (0.000,0.272) (0.000,0.774) (0.000,0.424) (0.000,0.433) 
140      374   (12)   13 :  0.016 0.008 0.034 0.058 0.030 0.028 0.017 0.069 0.007 0.021 0.008 0.011 0.244 0.204 0.041 0.007 0.061 0.058 0.051 0.026     (0.000,0.088) (0.000,0.042) (0.000,0.229) (0.000,0.464) (0.000,0.213) (0.000,0.195) (0.000,0.097) (0.000,0.566) (0.000,0.038) (0.000,0.127) (0.000,0.043) (0.000,0.064) (0.000,0.948) (0.000,0.932) (0.000,0.301) (0.000,0.035) (0.000,0.499) (0.000,0.474) (0.000,0.403) (0.000,0.158) 
141      376    (0)   13 :  0.026 0.006 0.022 0.023 0.032 0.031 0.020 0.134 0.005 0.043 0.005 0.125 0.100 0.071 0.026 0.006 0.026 0.117 0.121 0.060     (0.000,0.168) (0.000,0.032) (0.000,0.134) (0.000,0.147) (0.000,0.224) (0.000,0.218) (0.000,0.120) (0.000,0.767) (0.000,0.026) (0.000,0.326) (0.000,0.026) (0.000,0.490) (0.000,0.686) (0.000,0.554) (0.000,0.170) (0.000,0.032) (0.000,0.165) (0.000,0.782) (0.000,0.796) (0.000,0.485) 
142      377    (0)    7 :  0.063 0.011 0.160 0.099 0.014 0.034 0.037 0.030 0.009 0.167 0.010 0.009 0.044 0.057 0.084 0.005 0.017 0.077 0.029 0.041     (0.000,0.508) (0.000,0.068) (0.000,0.850) (0.000,0.732) (0.000,0.088) (0.000,0.242) (0.000,0.268) (0.000,0.209) (0.000,0.054) (0.000,0.883) (0.000,0.062) (0.000,0.049) (0.000,0.327) (0.000,0.441) (0.000,0.618) (0.000,0.025) (0.000,0.101) (0.000,0.611) (0.000,0.189) (0.000,0.300) 
143      378    (0)   13 :  0.036 0.008 0.030 0.029 0.011 0.022 0.032 0.290 0.006 0.058 0.006 0.010 0.078 0.063 0.054 0.007 0.053 0.106 0.043 0.058     (0.000,0.246) (0.000,0.043) (0.000,0.186) (0.000,0.188) (0.000,0.062) (0.000,0.135) (0.000,0.217) (0.000,0.963) (0.000,0.034) (0.000,0.473) (0.000,0.031) (0.000,0.057) (0.000,0.634) (0.000,0.508) (0.000,0.425) (0.000,0.039) (0.000,0.419) (0.000,0.796) (0.000,0.322) (0.000,0.471) 
144      379    (0)   18 :  0.032 0.008 0.024 0.063 0.017 0.044 0.031 0.066 0.006 0.046 0.007 0.063 0.116 0.089 0.047 0.008 0.055 0.124 0.052 0.102     (0.000,0.222) (0.000,0.041) (0.000,0.147) (0.000,0.501) (0.000,0.105) (0.000,0.340) (0.000,0.214) (0.000,0.520) (0.000,0.033) (0.000,0.361) (0.000,0.036) (0.000,0.364) (0.000,0.794) (0.000,0.659) (0.000,0.368) (0.000,0.042) (0.000,0.426) (0.000,0.812) (0.000,0.408) (0.000,0.726) 
145      380    (0)   18 :  0.030 0.010 0.024 0.084 0.017 0.037 0.031 0.048 0.010 0.039 0.010 0.076 0.100 0.102 0.039 0.007 0.056 0.127 0.049 0.104     (0.000,0.205) (0.000,0.059) (0.000,0.147) (0.000,0.626) (0.000,0.106) (0.000,0.277) (0.000,0.209) (0.000,0.374) (0.000,0.056) (0.000,0.290) (0.000,0.056) (0.000,0.416) (0.000,0.726) (0.000,0.710) (0.000,0.292) (0.000,0.036) (0.000,0.442) (0.000,0.813) (0.000,0.384) (0.000,0.736) 
146      382   (12)   14 :  0.017 0.009 0.018 0.024 0.013 0.111 0.014 0.073 0.008 0.021 0.007 0.008 0.218 0.145 0.134 0.005 0.029 0.078 0.028 0.038     (0.000,0.097) (0.000,0.054) (0.000,0.104) (0.000,0.152) (0.000,0.074) (0.000,0.724) (0.000,0.078) (0.000,0.580) (0.000,0.046) (0.000,0.127) (0.000,0.039) (0.000,0.044) (0.000,0.934) (0.000,0.876) (0.000,0.848) (0.000,0.026) (0.000,0.184) (0.000,0.646) (0.000,0.182) (0.000,0.268) 
147      389    (0)   18 :  0.069 0.012 0.025 0.075 0.018 0.049 0.044 0.050 0.008 0.066 0.009 0.024 0.110 0.091 0.024 0.010 0.020 0.101 0.061 0.135     (0.000,0.555) (0.000,0.069) (0.000,0.148) (0.000,0.591) (0.000,0.117) (0.000,0.378) (0.000,0.331) (0.000,0.388) (0.000,0.046) (0.000,0.538) (0.000,0.053) (0.000,0.165) (0.000,0.764) (0.000,0.683) (0.000,0.148) (0.000,0.057) (0.000,0.121) (0.000,0.748) (0.000,0.491) (0.000,0.850) 
148      394    (0)   18 :  0.017 0.012 0.024 0.074 0.010 0.016 0.013 0.065 0.011 0.021 0.010 0.012 0.041 0.258 0.018 0.013 0.116 0.131 0.099 0.043     (0.000,0.092) (0.000,0.071) (0.000,0.136) (0.000,0.628) (0.000,0.052) (0.000,0.090) (0.000,0.067) (0.000,0.537) (0.000,0.069) (0.000,0.115) (0.000,0.060) (0.000,0.064) (0.000,0.296) (0.000,0.957) (0.000,0.099) (0.000,0.076) (0.000,0.808) (0.000,0.862) (0.000,0.776) (0.000,0.315) 
149      395    (0)   18 :  0.043 0.008 0.029 0.097 0.031 0.078 0.021 0.098 0.012 0.067 0.009 0.022 0.089 0.068 0.039 0.007 0.060 0.098 0.067 0.058     (0.000,0.326) (0.000,0.042) (0.000,0.181) (0.000,0.722) (0.000,0.217) (0.000,0.606) (0.000,0.124) (0.000,0.704) (0.000,0.081) (0.000,0.545) (0.000,0.049) (0.000,0.143) (0.000,0.692) (0.000,0.549) (0.000,0.275) (0.000,0.037) (0.000,0.482) (0.000,0.740) (0.000,0.546) (0.000,0.475) 
150      396    (0)   16 :  0.056 0.011 0.056 0.078 0.009 0.033 0.039 0.078 0.010 0.049 0.012 0.008 0.049 0.095 0.169 0.009 0.060 0.103 0.040 0.035     (0.000,0.455) (0.000,0.068) (0.000,0.445) (0.000,0.636) (0.000,0.052) (0.000,0.231) (0.000,0.285) (0.000,0.625) (0.000,0.062) (0.000,0.384) (0.000,0.075) (0.000,0.043) (0.000,0.375) (0.000,0.719) (0.000,0.892) (0.000,0.047) (0.000,0.490) (0.000,0.766) (0.000,0.290) (0.000,0.236) 
151      397    (0)   13 :  0.014 0.012 0.017 0.022 0.013 0.012 0.013 0.056 0.013 0.017 0.012 0.023 0.260 0.183 0.009 0.010 0.149 0.073 0.057 0.034     (0.000,0.077) (0.000,0.079) (0.000,0.092) (0.000,0.131) (0.000,0.078) (0.000,0.065) (0.000,0.068) (0.000,0.456) (0.000,0.086) (0.000,0.093) (0.000,0.079) (0.000,0.161) (0.000,0.952) (0.000,0.920) (0.000,0.048) (0.000,0.056) (0.000,0.878) (0.000,0.613) (0.000,0.479) (0.000,0.229) 
152      398    (0)   20 :  0.021 0.007 0.030 0.016 0.014 0.020 0.022 0.259 0.005 0.035 0.005 0.010 0.075 0.155 0.026 0.008 0.054 0.089 0.105 0.045     (0.000,0.120) (0.000,0.038) (0.000,0.187) (0.000,0.083) (0.000,0.074) (0.000,0.112) (0.000,0.129) (0.000,0.961) (0.000,0.026) (0.000,0.232) (0.000,0.026) (0.000,0.053) (0.000,0.649) (0.000,0.905) (0.000,0.153) (0.000,0.045) (0.000,0.431) (0.000,0.734) (0.000,0.810) (0.000,0.340) 
153      402    (0)   14 :  0.036 0.007 0.029 0.031 0.014 0.029 0.034 0.114 0.005 0.036 0.005 0.011 0.080 0.220 0.037 0.015 0.028 0.100 0.108 0.059     (0.000,0.247) (0.000,0.036) (0.000,0.181) (0.000,0.198) (0.000,0.082) (0.000,0.190) (0.000,0.234) (0.000,0.800) (0.000,0.027) (0.000,0.247) (0.000,0.027) (0.000,0.063) (0.000,0.667) (0.000,0.944) (0.000,0.258) (0.000,0.093) (0.000,0.183) (0.000,0.772) (0.000,0.802) (0.000,0.493) 
154      404   (12)   13 :  0.028 0.006 0.031 0.036 0.012 0.026 0.022 0.219 0.005 0.035 0.006 0.009 0.111 0.116 0.043 0.014 0.066 0.116 0.054 0.044     (0.000,0.173) (0.000,0.034) (0.000,0.201) (0.000,0.245) (0.000,0.063) (0.000,0.164) (0.000,0.131) (0.000,0.943) (0.000,0.029) (0.000,0.234) (0.000,0.033) (0.000,0.048) (0.000,0.810) (0.000,0.824) (0.000,0.314) (0.000,0.080) (0.000,0.550) (0.000,0.831) (0.000,0.434) (0.000,0.326) 
155      406    (0)   14 :  0.046 0.010 0.023 0.065 0.013 0.054 0.021 0.056 0.008 0.045 0.009 0.013 0.083 0.157 0.023 0.017 0.060 0.139 0.088 0.069     (0.000,0.347) (0.000,0.061) (0.000,0.133) (0.000,0.535) (0.000,0.078) (0.000,0.428) (0.000,0.130) (0.000,0.457) (0.000,0.043) (0.000,0.340) (0.000,0.054) (0.000,0.073) (0.000,0.674) (0.000,0.879) (0.000,0.132) (0.000,0.107) (0.000,0.494) (0.000,0.864) (0.000,0.705) (0.000,0.579) 
156      407    (0)   14 :  0.033 0.007 0.030 0.091 0.010 0.052 0.020 0.089 0.007 0.033 0.007 0.009 0.140 0.140 0.029 0.007 0.055 0.120 0.061 0.061     (0.000,0.216) (0.000,0.036) (0.000,0.191) (0.000,0.726) (0.000,0.056) (0.000,0.407) (0.000,0.115) (0.000,0.712) (0.000,0.041) (0.000,0.216) (0.000,0.042) (0.000,0.052) (0.000,0.878) (0.000,0.871) (0.000,0.181) (0.000,0.037) (0.000,0.439) (0.000,0.839) (0.000,0.511) (0.000,0.505) 
157      408    (0)   12 :  0.019 0.158 0.014 0.024 0.021 0.015 0.017 0.028 0.198 0.017 0.097 0.091 0.079 0.065 0.014 0.008 0.030 0.047 0.035 0.024     (0.000,0.121) (0.000,0.698) (0.000,0.086) (0.000,0.168) (0.000,0.145) (0.000,0.090) (0.000,0.104) (0.000,0.213) (0.000,0.712) (0.000,0.103) (0.000,0.592) (0.000,0.675) (0.000,0.499) (0.000,0.426) (0.000,0.083) (0.000,0.046) (0.000,0.226) (0.000,0.340) (0.000,0.269) (0.000,0.166) 
158      409   (12)   14 :  0.026 0.006 0.021 0.039 0.010 0.024 0.016 0.083 0.005 0.025 0.005 0.007 0.057 0.153 0.040 0.043 0.120 0.188 0.093 0.039     (0.000,0.157) (0.000,0.030) (0.000,0.118) (0.000,0.279) (0.000,0.053) (0.000,0.147) (0.000,0.085) (0.000,0.679) (0.000,0.029) (0.000,0.143) (0.000,0.028) (0.000,0.040) (0.000,0.460) (0.000,0.891) (0.000,0.283) (0.000,0.331) (0.000,0.823) (0.000,0.930) (0.000,0.748) (0.000,0.273) 
159      412    (0)   13 :  0.023 0.009 0.020 0.018 0.013 0.075 0.016 0.236 0.010 0.021 0.014 0.035 0.189 0.081 0.017 0.019 0.038 0.104 0.024 0.037     (0.000,0.140) (0.000,0.054) (0.000,0.114) (0.000,0.104) (0.000,0.074) (0.000,0.571) (0.000,0.090) (0.000,0.940) (0.000,0.062) (0.000,0.126) (0.000,0.092) (0.000,0.252) (0.000,0.898) (0.000,0.638) (0.000,0.097) (0.000,0.129) (0.000,0.270) (0.000,0.760) (0.000,0.141) (0.000,0.265) 
160      416    (0)   18 :  0.052 0.011 0.036 0.033 0.010 0.021 0.061 0.121 0.013 0.037 0.016 0.008 0.048 0.072 0.119 0.017 0.056 0.168 0.054 0.046     (0.000,0.409) (0.000,0.067) (0.000,0.250) (0.000,0.228) (0.000,0.058) (0.000,0.126) (0.000,0.487) (0.000,0.810) (0.000,0.079) (0.000,0.261) (0.000,0.104) (0.000,0.043) (0.000,0.366) (0.000,0.569) (0.000,0.778) (0.000,0.113) (0.000,0.453) (0.000,0.903) (0.000,0.431) (0.000,0.353) 
161      421    (0)    4 :  0.063 0.009 0.284 0.045 0.006 0.029 0.151 0.027 0.010 0.121 0.011 0.008 0.023 0.023 0.036 0.010 0.034 0.038 0.033 0.039     (0.000,0.531) (0.000,0.055) (0.000,0.958) (0.000,0.345) (0.000,0.031) (0.000,0.193) (0.000,0.888) (0.000,0.172) (0.000,0.056) (0.000,0.830) (0.000,0.071) (0.000,0.041) (0.000,0.135) (0.000,0.136) (0.000,0.258) (0.000,0.061) (0.000,0.237) (0.000,0.258) (0.000,0.216) (0.000,0.276) 
162      422   (12)   18 :  0.046 0.011 0.259 0.084 0.007 0.019 0.051 0.020 0.009 0.165 0.010 0.018 0.024 0.025 0.019 0.014 0.104 0.032 0.059 0.025     (0.000,0.353) (0.000,0.063) (0.000,0.953) (0.000,0.686) (0.000,0.037) (0.000,0.110) (0.000,0.407) (0.000,0.115) (0.000,0.049) (0.000,0.909) (0.000,0.058) (0.000,0.101) (0.000,0.142) (0.000,0.145) (0.000,0.110) (0.000,0.084) (0.000,0.759) (0.000,0.202) (0.000,0.482) (0.000,0.148) 
163      426    (0)   16 :  0.007 0.007 0.006 0.006 0.005 0.007 0.006 0.008 0.006 0.007 0.005 0.007 0.007 0.008 0.007 0.872 0.007 0.007 0.008 0.007     (0.000,0.041) (0.000,0.037) (0.000,0.035) (0.000,0.032) (0.000,0.025) (0.000,0.041) (0.000,0.035) (0.000,0.043) (0.000,0.033) (0.000,0.036) (0.000,0.029) (0.000,0.036) (0.000,0.035) (0.000,0.041) (0.000,0.036) (0.619,0.996) (0.000,0.040) (0.000,0.038) (0.000,0.043) (0.000,0.040) 
164      428    (0)    1 :  0.258 0.010 0.059 0.159 0.006 0.016 0.098 0.014 0.009 0.088 0.010 0.056 0.009 0.014 0.026 0.007 0.013 0.030 0.014 0.106     (0.000,0.952) (0.000,0.056) (0.000,0.415) (0.000,0.812) (0.000,0.030) (0.000,0.094) (0.000,0.667) (0.000,0.084) (0.000,0.049) (0.000,0.661) (0.000,0.059) (0.000,0.376) (0.000,0.047) (0.000,0.074) (0.000,0.177) (0.000,0.042) (0.000,0.075) (0.000,0.197) (0.000,0.079) (0.000,0.725) 
165      429   (12)   18 :  0.037 0.010 0.090 0.031 0.026 0.062 0.022 0.027 0.013 0.030 0.009 0.024 0.032 0.032 0.040 0.341 0.033 0.054 0.048 0.040     (0.000,0.273) (0.000,0.057) (0.000,0.624) (0.000,0.219) (0.000,0.185) (0.000,0.459) (0.000,0.146) (0.000,0.182) (0.000,0.081) (0.000,0.208) (0.000,0.054) (0.000,0.170) (0.000,0.228) (0.000,0.227) (0.000,0.299) (0.000,0.880) (0.000,0.243) (0.000,0.417) (0.000,0.359) (0.000,0.290) 
166      430    (0)   17 :  0.027 0.008 0.018 0.024 0.056 0.126 0.033 0.022 0.016 0.022 0.015 0.108 0.143 0.026 0.020 0.008 0.039 0.054 0.042 0.193     (0.000,0.186) (0.000,0.044) (0.000,0.108) (0.000,0.158) (0.000,0.348) (0.000,0.702) (0.000,0.232) (0.000,0.145) (0.000,0.116) (0.000,0.136) (0.000,0.098) (0.000,0.483) (0.000,0.803) (0.000,0.175) (0.000,0.132) (0.000,0.045) (0.000,0.294) (0.000,0.429) (0.000,0.316) (0.000,0.865) 
167      431    (0)   14 :  0.044 0.008 0.060 0.117 0.006 0.118 0.027 0.030 0.007 0.077 0.007 0.015 0.132 0.052 0.051 0.008 0.064 0.067 0.047 0.064     (0.000,0.328) (0.000,0.041) (0.000,0.467) (0.000,0.737) (0.000,0.033) (0.000,0.730) (0.000,0.170) (0.000,0.196) (0.000,0.036) (0.000,0.591) (0.000,0.041) (0.000,0.093) (0.000,0.825) (0.000,0.398) (0.000,0.385) (0.000,0.046) (0.000,0.494) (0.000,0.552) (0.000,0.359) (0.000,0.521) 
168      433    (0)   18 :  0.061 0.013 0.099 0.140 0.008 0.032 0.111 0.056 0.011 0.092 0.009 0.025 0.031 0.034 0.045 0.011 0.024 0.049 0.044 0.107     (0.000,0.506) (0.000,0.078) (0.000,0.735) (0.000,0.850) (0.000,0.039) (0.000,0.224) (0.000,0.790) (0.000,0.442) (0.000,0.065) (0.000,0.710) (0.000,0.051) (0.000,0.165) (0.000,0.203) (0.000,0.233) (0.000,0.343) (0.000,0.064) (0.000,0.154) (0.000,0.383) (0.000,0.328) (0.000,0.779) 
169      435    (0)    1 :  0.056 0.012 0.108 0.062 0.007 0.027 0.053 0.104 0.011 0.101 0.009 0.011 0.049 0.052 0.021 0.008 0.146 0.054 0.039 0.071     (0.000,0.456) (0.000,0.073) (0.000,0.776) (0.000,0.495) (0.000,0.038) (0.000,0.174) (0.000,0.417) (0.000,0.761) (0.000,0.071) (0.000,0.758) (0.000,0.055) (0.000,0.064) (0.000,0.378) (0.000,0.415) (0.000,0.126) (0.000,0.043) (0.000,0.866) (0.000,0.431) (0.000,0.278) (0.000,0.578) 
170      437    (0)    7 :  0.079 0.011 0.118 0.090 0.008 0.031 0.114 0.076 0.009 0.108 0.007 0.012 0.026 0.050 0.057 0.015 0.042 0.045 0.043 0.058     (0.000,0.650) (0.000,0.066) (0.000,0.802) (0.000,0.697) (0.000,0.044) (0.000,0.213) (0.000,0.798) (0.000,0.607) (0.000,0.050) (0.000,0.788) (0.000,0.040) (0.000,0.071) (0.000,0.156) (0.000,0.392) (0.000,0.453) (0.000,0.093) (0.000,0.317) (0.000,0.340) (0.000,0.312) (0.000,0.472) 
171      446    (0)   18 :  0.038 0.008 0.101 0.152 0.006 0.023 0.054 0.053 0.009 0.062 0.009 0.015 0.038 0.044 0.037 0.014 0.134 0.079 0.049 0.075     (0.000,0.268) (0.000,0.046) (0.000,0.749) (0.000,0.878) (0.000,0.030) (0.000,0.147) (0.000,0.431) (0.000,0.419) (0.000,0.052) (0.000,0.508) (0.000,0.050) (0.000,0.089) (0.000,0.272) (0.000,0.326) (0.000,0.268) (0.000,0.084) (0.000,0.831) (0.000,0.654) (0.000,0.375) (0.000,0.613) 
172      449    (0)    3 :  0.063 0.010 0.177 0.091 0.008 0.015 0.093 0.053 0.010 0.064 0.010 0.013 0.073 0.030 0.022 0.015 0.086 0.058 0.037 0.072     (0.000,0.511) (0.000,0.057) (0.000,0.893) (0.000,0.674) (0.000,0.042) (0.000,0.087) (0.000,0.701) (0.000,0.414) (0.000,0.058) (0.000,0.516) (0.000,0.059) (0.000,0.080) (0.000,0.555) (0.000,0.203) (0.000,0.142) (0.000,0.098) (0.000,0.632) (0.000,0.469) (0.000,0.262) (0.000,0.581) 
173      451    (0)    7 :  0.039 0.008 0.328 0.149 0.007 0.034 0.048 0.038 0.008 0.040 0.010 0.026 0.035 0.033 0.023 0.010 0.069 0.041 0.021 0.034     (0.000,0.274) (0.000,0.048) (0.000,0.965) (0.000,0.862) (0.000,0.038) (0.000,0.247) (0.000,0.369) (0.000,0.276) (0.000,0.043) (0.000,0.296) (0.000,0.057) (0.000,0.182) (0.000,0.250) (0.000,0.224) (0.000,0.147) (0.000,0.057) (0.000,0.515) (0.000,0.301) (0.000,0.124) (0.000,0.228) 
174      456    (0)    7 :  0.049 0.009 0.382 0.075 0.006 0.021 0.107 0.043 0.007 0.047 0.009 0.018 0.027 0.018 0.041 0.010 0.042 0.030 0.026 0.032     (0.000,0.378) (0.000,0.048) (0.000,0.976) (0.000,0.631) (0.000,0.030) (0.000,0.125) (0.000,0.775) (0.000,0.325) (0.000,0.041) (0.000,0.362) (0.000,0.049) (0.000,0.104) (0.000,0.171) (0.000,0.103) (0.000,0.307) (0.000,0.060) (0.000,0.315) (0.000,0.188) (0.000,0.154) (0.000,0.211) 
175      457    (0)    8 :  0.021 0.010 0.336 0.024 0.007 0.014 0.029 0.019 0.009 0.027 0.009 0.009 0.016 0.089 0.018 0.007 0.183 0.053 0.102 0.020     (0.000,0.123) (0.000,0.057) (0.000,0.969) (0.000,0.151) (0.000,0.033) (0.000,0.079) (0.000,0.194) (0.000,0.111) (0.000,0.053) (0.000,0.177) (0.000,0.050) (0.000,0.047) (0.000,0.087) (0.000,0.699) (0.000,0.108) (0.000,0.038) (0.000,0.919) (0.000,0.421) (0.000,0.748) (0.000,0.116) 
176      462    (0)   13 :  0.048 0.005 0.061 0.029 0.006 0.027 0.031 0.038 0.004 0.064 0.004 0.007 0.059 0.071 0.016 0.013 0.330 0.067 0.072 0.048     (0.000,0.365) (0.000,0.024) (0.000,0.494) (0.000,0.186) (0.000,0.033) (0.000,0.171) (0.000,0.204) (0.000,0.266) (0.000,0.022) (0.000,0.529) (0.000,0.022) (0.000,0.035) (0.000,0.487) (0.000,0.600) (0.000,0.091) (0.000,0.079) (0.000,0.973) (0.000,0.577) (0.000,0.613) (0.000,0.372) 
177      463    (0)   13 :  0.050 0.008 0.085 0.033 0.021 0.024 0.057 0.066 0.006 0.061 0.006 0.009 0.058 0.131 0.027 0.011 0.090 0.071 0.145 0.042     (0.000,0.386) (0.000,0.043) (0.000,0.657) (0.000,0.228) (0.000,0.145) (0.000,0.148) (0.000,0.449) (0.000,0.537) (0.000,0.030) (0.000,0.493) (0.000,0.031) (0.000,0.049) (0.000,0.469) (0.000,0.836) (0.000,0.171) (0.000,0.061) (0.000,0.663) (0.000,0.591) (0.000,0.874) (0.000,0.311) 
178      464    (0)    3 :  0.053 0.005 0.281 0.025 0.008 0.014 0.286 0.019 0.004 0.061 0.005 0.008 0.014 0.015 0.026 0.006 0.113 0.025 0.016 0.017     (0.000,0.419) (0.000,0.026) (0.000,0.961) (0.000,0.153) (0.000,0.040) (0.000,0.077) (0.000,0.967) (0.000,0.112) (0.000,0.022) (0.000,0.512) (0.000,0.024) (0.000,0.046) (0.000,0.081) (0.000,0.082) (0.000,0.174) (0.000,0.030) (0.000,0.806) (0.000,0.147) (0.000,0.092) (0.000,0.092) 
179      467    (0)    4 :  0.036 0.007 0.337 0.110 0.006 0.026 0.042 0.038 0.008 0.062 0.009 0.011 0.078 0.019 0.026 0.007 0.059 0.038 0.032 0.048     (0.000,0.244) (0.000,0.040) (0.000,0.971) (0.000,0.791) (0.000,0.033) (0.000,0.166) (0.000,0.310) (0.000,0.275) (0.000,0.044) (0.000,0.517) (0.000,0.050) (0.000,0.059) (0.000,0.624) (0.000,0.110) (0.000,0.166) (0.000,0.038) (0.000,0.476) (0.000,0.269) (0.000,0.210) (0.000,0.369) 
180      472    (0)    3 :  0.076 0.011 0.175 0.094 0.006 0.049 0.073 0.031 0.012 0.072 0.012 0.011 0.042 0.048 0.035 0.008 0.068 0.059 0.050 0.069     (0.000,0.637) (0.000,0.065) (0.000,0.903) (0.000,0.723) (0.000,0.031) (0.000,0.376) (0.000,0.601) (0.000,0.208) (0.000,0.077) (0.000,0.589) (0.000,0.073) (0.000,0.061) (0.000,0.305) (0.000,0.372) (0.000,0.251) (0.000,0.046) (0.000,0.553) (0.000,0.485) (0.000,0.393) (0.000,0.570) 
181      474    (0)   18 :  0.045 0.007 0.076 0.148 0.006 0.046 0.028 0.041 0.009 0.048 0.008 0.012 0.062 0.069 0.017 0.019 0.122 0.084 0.062 0.091     (0.000,0.343) (0.000,0.041) (0.000,0.607) (0.000,0.879) (0.000,0.029) (0.000,0.350) (0.000,0.179) (0.000,0.296) (0.000,0.052) (0.000,0.370) (0.000,0.049) (0.000,0.070) (0.000,0.508) (0.000,0.576) (0.000,0.095) (0.000,0.115) (0.000,0.819) (0.000,0.688) (0.000,0.520) (0.000,0.720) 
182      475    (0)   15 :  0.062 0.008 0.114 0.040 0.007 0.029 0.104 0.092 0.006 0.146 0.008 0.010 0.039 0.028 0.071 0.024 0.047 0.065 0.046 0.054     (0.000,0.511) (0.000,0.045) (0.000,0.789) (0.000,0.287) (0.000,0.035) (0.000,0.193) (0.000,0.764) (0.000,0.699) (0.000,0.033) (0.000,0.873) (0.000,0.047) (0.000,0.056) (0.000,0.280) (0.000,0.179) (0.000,0.557) (0.000,0.169) (0.000,0.356) (0.000,0.542) (0.000,0.347) (0.000,0.431) 
183      484   (12)    4 :  0.052 0.018 0.236 0.063 0.008 0.024 0.238 0.017 0.015 0.087 0.018 0.010 0.014 0.016 0.090 0.004 0.023 0.021 0.016 0.030     (0.000,0.412) (0.000,0.119) (0.000,0.946) (0.000,0.524) (0.000,0.040) (0.000,0.148) (0.000,0.950) (0.000,0.098) (0.000,0.099) (0.000,0.705) (0.000,0.118) (0.000,0.054) (0.000,0.073) (0.000,0.087) (0.000,0.676) (0.000,0.024) (0.000,0.141) (0.000,0.115) (0.000,0.086) (0.000,0.188) 
184      485    (0)   13 :  0.056 0.012 0.041 0.289 0.009 0.053 0.035 0.026 0.011 0.039 0.013 0.014 0.065 0.079 0.059 0.010 0.024 0.054 0.051 0.060     (0.000,0.458) (0.000,0.069) (0.000,0.298) (0.000,0.963) (0.000,0.052) (0.000,0.421) (0.000,0.241) (0.000,0.158) (0.000,0.070) (0.000,0.272) (0.000,0.079) (0.000,0.084) (0.000,0.545) (0.000,0.654) (0.000,0.477) (0.000,0.056) (0.000,0.144) (0.000,0.438) (0.000,0.402) (0.000,0.492) 
185      486    (0)   18 :  0.110 0.012 0.034 0.068 0.010 0.025 0.025 0.031 0.011 0.027 0.011 0.009 0.028 0.302 0.038 0.024 0.041 0.118 0.046 0.031     (0.000,0.750) (0.000,0.073) (0.000,0.243) (0.000,0.528) (0.000,0.056) (0.000,0.165) (0.000,0.159) (0.000,0.213) (0.000,0.070) (0.000,0.174) (0.000,0.065) (0.000,0.049) (0.000,0.179) (0.000,0.955) (0.000,0.277) (0.000,0.161) (0.000,0.312) (0.000,0.785) (0.000,0.349) (0.000,0.205) 
186      489    (0)    1 :  0.085 0.019 0.038 0.056 0.032 0.031 0.094 0.028 0.011 0.066 0.013 0.035 0.124 0.061 0.049 0.017 0.088 0.042 0.076 0.035     (0.000,0.668) (0.000,0.135) (0.000,0.283) (0.000,0.437) (0.000,0.225) (0.000,0.208) (0.000,0.696) (0.000,0.184) (0.000,0.071) (0.000,0.532) (0.000,0.082) (0.000,0.254) (0.000,0.793) (0.000,0.494) (0.000,0.381) (0.000,0.113) (0.000,0.672) (0.000,0.312) (0.000,0.603) (0.000,0.250) 
187      490    (0)    7 :  0.086 0.017 0.039 0.060 0.029 0.031 0.128 0.024 0.011 0.060 0.013 0.023 0.107 0.067 0.067 0.012 0.098 0.039 0.058 0.031     (0.000,0.677) (0.000,0.119) (0.000,0.287) (0.000,0.477) (0.000,0.207) (0.000,0.214) (0.000,0.817) (0.000,0.144) (0.000,0.073) (0.000,0.481) (0.000,0.085) (0.000,0.161) (0.000,0.740) (0.000,0.543) (0.000,0.525) (0.000,0.070) (0.000,0.716) (0.000,0.280) (0.000,0.469) (0.000,0.202) 
188      494    (0)    7 :  0.092 0.034 0.101 0.120 0.023 0.032 0.152 0.027 0.016 0.073 0.025 0.015 0.029 0.048 0.057 0.009 0.045 0.030 0.034 0.039     (0.000,0.704) (0.000,0.260) (0.000,0.738) (0.000,0.806) (0.000,0.155) (0.000,0.217) (0.000,0.863) (0.000,0.177) (0.000,0.105) (0.000,0.588) (0.000,0.183) (0.000,0.090) (0.000,0.190) (0.000,0.377) (0.000,0.457) (0.000,0.053) (0.000,0.343) (0.000,0.193) (0.000,0.234) (0.000,0.290) 
189      500   (12)   13 :  0.045 0.005 0.048 0.066 0.015 0.029 0.044 0.047 0.005 0.027 0.004 0.008 0.093 0.174 0.030 0.045 0.066 0.080 0.093 0.077     (0.000,0.335) (0.000,0.026) (0.000,0.368) (0.000,0.531) (0.000,0.093) (0.000,0.194) (0.000,0.331) (0.000,0.358) (0.000,0.024) (0.000,0.169) (0.000,0.024) (0.000,0.046) (0.000,0.699) (0.000,0.911) (0.000,0.203) (0.000,0.336) (0.000,0.524) (0.000,0.653) (0.000,0.722) (0.000,0.616) 
190      502    (0)   13 :  0.035 0.006 0.084 0.048 0.017 0.021 0.045 0.073 0.005 0.042 0.005 0.010 0.089 0.099 0.034 0.013 0.165 0.047 0.129 0.034     (0.000,0.234) (0.000,0.030) (0.000,0.699) (0.000,0.370) (0.000,0.103) (0.000,0.121) (0.000,0.334) (0.000,0.613) (0.000,0.024) (0.000,0.305) (0.000,0.026) (0.000,0.051) (0.000,0.724) (0.000,0.771) (0.000,0.224) (0.000,0.074) (0.000,0.907) (0.000,0.362) (0.000,0.861) (0.000,0.231) 
191      507   (12)   18 :  0.044 0.008 0.076 0.043 0.016 0.084 0.066 0.119 0.007 0.031 0.009 0.014 0.052 0.130 0.081 0.012 0.043 0.081 0.034 0.048     (0.000,0.330) (0.000,0.046) (0.000,0.617) (0.000,0.323) (0.000,0.102) (0.000,0.607) (0.000,0.524) (0.000,0.799) (0.000,0.040) (0.000,0.211) (0.000,0.055) (0.000,0.087) (0.000,0.407) (0.000,0.833) (0.000,0.608) (0.000,0.075) (0.000,0.313) (0.000,0.653) (0.000,0.229) (0.000,0.371) 
192      509    (0)   14 :  0.042 0.008 0.081 0.060 0.014 0.027 0.086 0.064 0.007 0.037 0.008 0.005 0.035 0.117 0.202 0.013 0.063 0.052 0.047 0.032     (0.000,0.310) (0.000,0.045) (0.000,0.665) (0.000,0.481) (0.000,0.082) (0.000,0.175) (0.000,0.676) (0.000,0.520) (0.000,0.040) (0.000,0.264) (0.000,0.049) (0.000,0.028) (0.000,0.236) (0.000,0.817) (0.000,0.924) (0.000,0.080) (0.000,0.511) (0.000,0.414) (0.000,0.358) (0.000,0.212) 
193      512    (0)   20 :  0.113 0.029 0.086 0.097 0.022 0.043 0.171 0.020 0.018 0.069 0.042 0.012 0.034 0.036 0.054 0.014 0.025 0.033 0.035 0.046     (0.000,0.791) (0.000,0.219) (0.000,0.665) (0.000,0.699) (0.000,0.151) (0.000,0.330) (0.000,0.885) (0.000,0.124) (0.000,0.126) (0.000,0.558) (0.000,0.304) (0.000,0.068) (0.000,0.240) (0.000,0.259) (0.000,0.426) (0.000,0.092) (0.000,0.156) (0.000,0.229) (0.000,0.243) (0.000,0.355) 
194      513   (12)   14 :  0.026 0.007 0.086 0.186 0.017 0.020 0.045 0.046 0.007 0.032 0.007 0.009 0.051 0.094 0.058 0.008 0.148 0.049 0.068 0.036     (0.000,0.156) (0.000,0.038) (0.000,0.708) (0.000,0.922) (0.000,0.102) (0.000,0.118) (0.000,0.339) (0.000,0.346) (0.000,0.040) (0.000,0.205) (0.000,0.040) (0.000,0.051) (0.000,0.402) (0.000,0.741) (0.000,0.464) (0.000,0.048) (0.000,0.879) (0.000,0.380) (0.000,0.563) (0.000,0.247) 
195      514   (12)    1 :  0.076 0.032 0.073 0.094 0.032 0.075 0.081 0.018 0.018 0.053 0.029 0.017 0.066 0.055 0.097 0.008 0.058 0.037 0.038 0.042     (0.000,0.600) (0.000,0.244) (0.000,0.571) (0.000,0.667) (0.000,0.234) (0.000,0.534) (0.000,0.600) (0.000,0.110) (0.000,0.123) (0.000,0.414) (0.000,0.220) (0.000,0.104) (0.000,0.487) (0.000,0.427) (0.000,0.666) (0.000,0.043) (0.000,0.450) (0.000,0.270) (0.000,0.281) (0.000,0.311) 
196      515    (0)   16 :  0.010 0.009 0.008 0.009 0.005 0.011 0.007 0.011 0.008 0.009 0.008 0.009 0.013 0.011 0.008 0.822 0.012 0.010 0.009 0.010     (0.000,0.054) (0.000,0.050) (0.000,0.046) (0.000,0.049) (0.000,0.029) (0.000,0.065) (0.000,0.040) (0.000,0.063) (0.000,0.050) (0.000,0.051) (0.000,0.045) (0.000,0.051) (0.000,0.080) (0.000,0.061) (0.000,0.046) (0.494,0.994) (0.000,0.067) (0.000,0.058) (0.000,0.053) (0.000,0.055) 
197      518    (0)   16 :  0.011 0.019 0.009 0.008 0.006 0.009 0.010 0.010 0.015 0.010 0.014 0.015 0.011 0.010 0.009 0.792 0.010 0.010 0.012 0.010     (0.000,0.065) (0.000,0.126) (0.000,0.049) (0.000,0.044) (0.000,0.034) (0.000,0.052) (0.000,0.053) (0.000,0.059) (0.000,0.101) (0.000,0.055) (0.000,0.088) (0.000,0.086) (0.000,0.064) (0.000,0.058) (0.000,0.052) (0.430,0.992) (0.000,0.055) (0.000,0.054) (0.000,0.067) (0.000,0.054) 
198      519    (0)   16 :  0.009 0.007 0.007 0.007 0.006 0.010 0.007 0.010 0.006 0.008 0.007 0.008 0.013 0.009 0.007 0.843 0.009 0.009 0.009 0.009     (0.000,0.048) (0.000,0.038) (0.000,0.039) (0.000,0.037) (0.000,0.034) (0.000,0.056) (0.000,0.038) (0.000,0.056) (0.000,0.035) (0.000,0.046) (0.000,0.039) (0.000,0.047) (0.000,0.075) (0.000,0.049) (0.000,0.038) (0.541,0.995) (0.000,0.049) (0.000,0.049) (0.000,0.048) (0.000,0.048) 
199      520    (0)   16 :  0.029 0.011 0.026 0.019 0.011 0.026 0.026 0.027 0.010 0.027 0.012 0.019 0.047 0.035 0.024 0.511 0.050 0.028 0.036 0.024     (0.000,0.215) (0.000,0.069) (0.000,0.187) (0.000,0.128) (0.000,0.067) (0.000,0.184) (0.000,0.188) (0.000,0.193) (0.000,0.064) (0.000,0.201) (0.000,0.076) (0.000,0.123) (0.000,0.359) (0.000,0.263) (0.000,0.170) (0.096,0.870) (0.000,0.364) (0.000,0.206) (0.000,0.274) (0.000,0.165) 
200      521    (0)   16 :  0.052 0.016 0.019 0.040 0.008 0.054 0.041 0.032 0.014 0.022 0.007 0.019 0.054 0.047 0.020 0.402 0.012 0.070 0.034 0.036     (0.000,0.398) (0.000,0.110) (0.000,0.118) (0.000,0.302) (0.000,0.043) (0.000,0.402) (0.000,0.308) (0.000,0.220) (0.000,0.091) (0.000,0.143) (0.000,0.041) (0.000,0.123) (0.000,0.402) (0.000,0.355) (0.000,0.125) (0.000,0.829) (0.000,0.069) (0.000,0.492) (0.000,0.249) (0.000,0.260) 
201      523   (12)   16 :  0.023 0.030 0.030 0.021 0.008 0.031 0.018 0.025 0.034 0.023 0.042 0.095 0.033 0.015 0.023 0.472 0.015 0.019 0.017 0.024     (0.000,0.161) (0.000,0.218) (0.000,0.223) (0.000,0.147) (0.000,0.042) (0.000,0.223) (0.000,0.115) (0.000,0.171) (0.000,0.251) (0.000,0.162) (0.000,0.301) (0.000,0.653) (0.000,0.241) (0.000,0.092) (0.000,0.158) (0.000,0.880) (0.000,0.092) (0.000,0.123) (0.000,0.106) (0.000,0.169) 
202      524    (0)   16 :  0.013 0.007 0.011 0.013 0.006 0.014 0.010 0.012 0.007 0.011 0.007 0.012 0.015 0.016 0.008 0.777 0.014 0.015 0.017 0.016     (0.000,0.072) (0.000,0.040) (0.000,0.062) (0.000,0.073) (0.000,0.030) (0.000,0.083) (0.000,0.053) (0.000,0.072) (0.000,0.041) (0.000,0.062) (0.000,0.039) (0.000,0.065) (0.000,0.089) (0.000,0.095) (0.000,0.046) (0.378,0.992) (0.000,0.087) (0.000,0.088) (0.000,0.102) (0.000,0.101) 
203      526    (0)   19 :  0.025 0.020 0.010 0.018 0.007 0.009 0.019 0.009 0.011 0.014 0.011 0.030 0.008 0.014 0.011 0.013 0.008 0.018 0.723 0.021     (0.000,0.157) (0.000,0.143) (0.000,0.058) (0.000,0.116) (0.000,0.038) (0.000,0.050) (0.000,0.116) (0.000,0.050) (0.000,0.065) (0.000,0.079) (0.000,0.072) (0.000,0.222) (0.000,0.040) (0.000,0.080) (0.000,0.063) (0.000,0.078) (0.000,0.043) (0.000,0.100) (0.235,0.989) (0.000,0.133) 
204      531    (0)    1 :  0.097 0.009 0.025 0.207 0.006 0.161 0.033 0.027 0.008 0.061 0.010 0.010 0.026 0.030 0.133 0.007 0.017 0.042 0.018 0.073     (0.000,0.774) (0.000,0.052) (0.000,0.143) (0.000,0.939) (0.000,0.029) (0.000,0.905) (0.000,0.220) (0.000,0.172) (0.000,0.045) (0.000,0.520) (0.000,0.055) (0.000,0.060) (0.000,0.162) (0.000,0.186) (0.000,0.858) (0.000,0.039) (0.000,0.092) (0.000,0.302) (0.000,0.097) (0.000,0.631) 
205      532    (0)   19 :  0.054 0.012 0.025 0.041 0.008 0.037 0.039 0.031 0.009 0.025 0.010 0.073 0.016 0.035 0.023 0.018 0.035 0.193 0.256 0.061     (0.000,0.420) (0.000,0.072) (0.000,0.164) (0.000,0.304) (0.000,0.042) (0.000,0.273) (0.000,0.293) (0.000,0.228) (0.000,0.055) (0.000,0.161) (0.000,0.061) (0.000,0.448) (0.000,0.092) (0.000,0.248) (0.000,0.155) (0.000,0.118) (0.000,0.261) (0.000,0.893) (0.000,0.865) (0.000,0.474) 
206      533    (0)   18 :  0.107 0.011 0.023 0.065 0.006 0.116 0.032 0.037 0.010 0.061 0.010 0.019 0.058 0.042 0.027 0.009 0.021 0.073 0.035 0.236     (0.000,0.800) (0.000,0.070) (0.000,0.137) (0.000,0.521) (0.000,0.031) (0.000,0.807) (0.000,0.209) (0.000,0.270) (0.000,0.057) (0.000,0.513) (0.000,0.063) (0.000,0.130) (0.000,0.470) (0.000,0.313) (0.000,0.170) (0.000,0.051) (0.000,0.125) (0.000,0.618) (0.000,0.240) (0.000,0.950) 
207      534    (0)    1 :  0.090 0.016 0.061 0.091 0.010 0.231 0.032 0.025 0.008 0.138 0.012 0.016 0.013 0.034 0.028 0.010 0.014 0.039 0.019 0.111     (0.000,0.650) (0.000,0.110) (0.000,0.466) (0.000,0.631) (0.000,0.060) (0.000,0.827) (0.000,0.226) (0.000,0.169) (0.000,0.047) (0.000,0.774) (0.000,0.074) (0.000,0.105) (0.000,0.074) (0.000,0.239) (0.000,0.194) (0.000,0.065) (0.000,0.080) (0.000,0.282) (0.000,0.115) (0.000,0.717) 
208      541    (0)    7 :  0.074 0.019 0.046 0.132 0.008 0.056 0.043 0.063 0.014 0.066 0.015 0.026 0.036 0.052 0.039 0.010 0.044 0.065 0.053 0.138     (0.000,0.611) (0.000,0.132) (0.000,0.352) (0.000,0.824) (0.000,0.041) (0.000,0.451) (0.000,0.316) (0.000,0.506) (0.000,0.095) (0.000,0.542) (0.000,0.101) (0.000,0.184) (0.000,0.261) (0.000,0.411) (0.000,0.285) (0.000,0.054) (0.000,0.338) (0.000,0.540) (0.000,0.426) (0.000,0.863) 
209      542    (0)    1 :  0.124 0.017 0.053 0.089 0.006 0.055 0.087 0.039 0.016 0.058 0.017 0.015 0.019 0.020 0.195 0.009 0.025 0.048 0.023 0.083     (0.000,0.842) (0.000,0.114) (0.000,0.430) (0.000,0.683) (0.000,0.030) (0.000,0.444) (0.000,0.701) (0.000,0.291) (0.000,0.111) (0.000,0.479) (0.000,0.118) (0.000,0.094) (0.000,0.111) (0.000,0.116) (0.000,0.915) (0.000,0.050) (0.000,0.159) (0.000,0.373) (0.000,0.133) (0.000,0.676) 
210      544    (0)   18 :  0.071 0.015 0.035 0.032 0.009 0.031 0.121 0.039 0.010 0.040 0.015 0.062 0.081 0.080 0.019 0.029 0.039 0.128 0.041 0.101     (0.000,0.559) (0.000,0.103) (0.000,0.252) (0.000,0.231) (0.000,0.051) (0.000,0.214) (0.000,0.729) (0.000,0.294) (0.000,0.064) (0.000,0.297) (0.000,0.100) (0.000,0.419) (0.000,0.578) (0.000,0.614) (0.000,0.115) (0.000,0.213) (0.000,0.291) (0.000,0.787) (0.000,0.305) (0.000,0.718) 
211      545    (0)   19 :  0.091 0.014 0.044 0.064 0.007 0.039 0.057 0.070 0.010 0.063 0.012 0.023 0.039 0.057 0.047 0.022 0.065 0.088 0.061 0.126     (0.000,0.710) (0.000,0.090) (0.000,0.332) (0.000,0.502) (0.000,0.036) (0.000,0.286) (0.000,0.456) (0.000,0.552) (0.000,0.059) (0.000,0.517) (0.000,0.075) (0.000,0.165) (0.000,0.285) (0.000,0.463) (0.000,0.360) (0.000,0.146) (0.000,0.518) (0.000,0.704) (0.000,0.499) (0.000,0.838) 
212      546    (0)    7 :  0.122 0.012 0.035 0.058 0.009 0.103 0.068 0.055 0.007 0.098 0.009 0.020 0.038 0.037 0.044 0.012 0.028 0.055 0.040 0.152     (0.000,0.835) (0.000,0.072) (0.000,0.241) (0.000,0.455) (0.000,0.047) (0.000,0.753) (0.000,0.553) (0.000,0.436) (0.000,0.038) (0.000,0.753) (0.000,0.052) (0.000,0.136) (0.000,0.275) (0.000,0.262) (0.000,0.326) (0.000,0.068) (0.000,0.180) (0.000,0.444) (0.000,0.287) (0.000,0.889) 
213      548   (12)    7 :  0.188 0.009 0.030 0.081 0.007 0.034 0.033 0.052 0.008 0.107 0.009 0.012 0.019 0.031 0.038 0.012 0.035 0.056 0.028 0.210     (0.000,0.925) (0.000,0.052) (0.000,0.194) (0.000,0.633) (0.000,0.034) (0.000,0.238) (0.000,0.229) (0.000,0.411) (0.000,0.046) (0.000,0.780) (0.000,0.049) (0.000,0.071) (0.000,0.113) (0.000,0.203) (0.000,0.275) (0.000,0.071) (0.000,0.250) (0.000,0.459) (0.000,0.181) (0.000,0.935) 
214      552   (25)   18 :  0.075 0.036 0.048 0.079 0.009 0.043 0.125 0.039 0.036 0.044 0.030 0.029 0.023 0.035 0.116 0.007 0.025 0.052 0.034 0.115     (0.000,0.615) (0.000,0.267) (0.000,0.372) (0.000,0.610) (0.000,0.048) (0.000,0.322) (0.000,0.823) (0.000,0.285) (0.000,0.274) (0.000,0.335) (0.000,0.215) (0.000,0.208) (0.000,0.141) (0.000,0.243) (0.000,0.765) (0.000,0.037) (0.000,0.158) (0.000,0.409) (0.000,0.235) (0.000,0.807) 
215      554    (0)   13 :  0.051 0.006 0.252 0.147 0.007 0.034 0.018 0.026 0.006 0.114 0.007 0.007 0.098 0.026 0.035 0.007 0.029 0.057 0.030 0.043     (0.000,0.395) (0.000,0.031) (0.000,0.943) (0.000,0.875) (0.000,0.035) (0.000,0.243) (0.000,0.105) (0.000,0.164) (0.000,0.033) (0.000,0.805) (0.000,0.036) (0.000,0.038) (0.000,0.733) (0.000,0.166) (0.000,0.254) (0.000,0.041) (0.000,0.192) (0.000,0.465) (0.000,0.193) (0.000,0.310) 
216      555    (0)    7 :  0.140 0.008 0.120 0.063 0.008 0.043 0.038 0.024 0.007 0.144 0.006 0.011 0.038 0.044 0.049 0.018 0.017 0.076 0.065 0.080     (0.000,0.874) (0.000,0.045) (0.000,0.772) (0.000,0.508) (0.000,0.042) (0.000,0.323) (0.000,0.274) (0.000,0.147) (0.000,0.041) (0.000,0.866) (0.000,0.032) (0.000,0.065) (0.000,0.265) (0.000,0.329) (0.000,0.383) (0.000,0.120) (0.000,0.097) (0.000,0.633) (0.000,0.522) (0.000,0.653) 
217      556   (12)   18 :  0.089 0.006 0.037 0.067 0.007 0.092 0.021 0.086 0.005 0.101 0.005 0.017 0.035 0.058 0.022 0.006 0.073 0.079 0.023 0.171     (0.000,0.698) (0.000,0.030) (0.000,0.253) (0.000,0.526) (0.000,0.039) (0.000,0.652) (0.000,0.124) (0.000,0.672) (0.000,0.027) (0.000,0.708) (0.000,0.028) (0.000,0.111) (0.000,0.254) (0.000,0.464) (0.000,0.143) (0.000,0.031) (0.000,0.549) (0.000,0.645) (0.000,0.141) (0.000,0.896) 
218      559    (0)    1 :  0.076 0.021 0.078 0.069 0.006 0.080 0.059 0.019 0.017 0.072 0.018 0.013 0.023 0.023 0.272 0.007 0.015 0.040 0.034 0.059     (0.000,0.650) (0.000,0.141) (0.000,0.643) (0.000,0.581) (0.000,0.029) (0.000,0.671) (0.000,0.494) (0.000,0.107) (0.000,0.108) (0.000,0.615) (0.000,0.120) (0.000,0.077) (0.000,0.136) (0.000,0.126) (0.000,0.959) (0.000,0.037) (0.000,0.081) (0.000,0.284) (0.000,0.224) (0.000,0.498) 
219      560    (0)    4 :  0.066 0.006 0.414 0.074 0.007 0.019 0.053 0.027 0.007 0.057 0.006 0.008 0.026 0.026 0.062 0.006 0.040 0.041 0.026 0.028     (0.000,0.552) (0.000,0.035) (0.000,0.977) (0.000,0.615) (0.000,0.038) (0.000,0.111) (0.000,0.410) (0.000,0.177) (0.000,0.038) (0.000,0.451) (0.000,0.034) (0.000,0.042) (0.000,0.165) (0.000,0.161) (0.000,0.495) (0.000,0.034) (0.000,0.297) (0.000,0.298) (0.000,0.158) (0.000,0.171) 
220      564    (0)   18 :  0.081 0.007 0.030 0.023 0.006 0.192 0.027 0.101 0.006 0.041 0.006 0.012 0.043 0.099 0.033 0.009 0.090 0.100 0.027 0.067     (0.000,0.674) (0.000,0.040) (0.000,0.193) (0.000,0.138) (0.000,0.032) (0.000,0.923) (0.000,0.169) (0.000,0.766) (0.000,0.032) (0.000,0.296) (0.000,0.031) (0.000,0.071) (0.000,0.321) (0.000,0.770) (0.000,0.233) (0.000,0.049) (0.000,0.690) (0.000,0.780) (0.000,0.167) (0.000,0.551) 
221      568    (0)    3 :  0.197 0.007 0.128 0.028 0.007 0.023 0.178 0.030 0.006 0.074 0.006 0.017 0.025 0.031 0.041 0.017 0.040 0.068 0.035 0.042     (0.000,0.930) (0.000,0.041) (0.000,0.798) (0.000,0.187) (0.000,0.039) (0.000,0.146) (0.000,0.905) (0.000,0.199) (0.000,0.031) (0.000,0.610) (0.000,0.031) (0.000,0.112) (0.000,0.163) (0.000,0.207) (0.000,0.312) (0.000,0.113) (0.000,0.298) (0.000,0.565) (0.000,0.241) (0.000,0.315) 
222      569    (0)   14 :  0.081 0.018 0.040 0.078 0.007 0.061 0.038 0.047 0.022 0.055 0.016 0.014 0.064 0.066 0.030 0.007 0.059 0.088 0.055 0.152     (0.000,0.665) (0.000,0.122) (0.000,0.289) (0.000,0.618) (0.000,0.037) (0.000,0.493) (0.000,0.264) (0.000,0.365) (0.000,0.161) (0.000,0.449) (0.000,0.108) (0.000,0.082) (0.000,0.526) (0.000,0.549) (0.000,0.201) (0.000,0.039) (0.000,0.473) (0.000,0.707) (0.000,0.448) (0.000,0.884) 
223      570    (0)    1 :  0.104 0.067 0.058 0.028 0.009 0.133 0.041 0.028 0.044 0.049 0.032 0.020 0.028 0.040 0.113 0.033 0.023 0.048 0.047 0.056     (0.000,0.741) (0.000,0.434) (0.000,0.465) (0.000,0.194) (0.000,0.047) (0.000,0.814) (0.000,0.314) (0.000,0.190) (0.000,0.306) (0.000,0.395) (0.000,0.237) (0.000,0.137) (0.000,0.182) (0.000,0.303) (0.000,0.716) (0.000,0.230) (0.000,0.142) (0.000,0.384) (0.000,0.364) (0.000,0.452) 
224      571    (0)   18 :  0.065 0.007 0.037 0.055 0.006 0.267 0.026 0.065 0.006 0.037 0.006 0.011 0.032 0.086 0.067 0.008 0.076 0.078 0.022 0.042     (0.000,0.547) (0.000,0.036) (0.000,0.251) (0.000,0.441) (0.000,0.031) (0.000,0.959) (0.000,0.155) (0.000,0.541) (0.000,0.032) (0.000,0.266) (0.000,0.034) (0.000,0.065) (0.000,0.205) (0.000,0.711) (0.000,0.534) (0.000,0.045) (0.000,0.606) (0.000,0.660) (0.000,0.127) (0.000,0.307) 
225      575    (0)   18 :  0.081 0.009 0.032 0.051 0.006 0.127 0.027 0.074 0.008 0.061 0.007 0.010 0.040 0.053 0.103 0.025 0.036 0.092 0.060 0.101     (0.000,0.668) (0.000,0.049) (0.000,0.203) (0.000,0.406) (0.000,0.031) (0.000,0.838) (0.000,0.163) (0.000,0.613) (0.000,0.043) (0.000,0.511) (0.000,0.036) (0.000,0.053) (0.000,0.283) (0.000,0.423) (0.000,0.776) (0.000,0.171) (0.000,0.243) (0.000,0.738) (0.000,0.489) (0.000,0.779) 
226      576    (0)    7 :  0.131 0.030 0.055 0.111 0.010 0.062 0.086 0.024 0.014 0.112 0.017 0.033 0.023 0.024 0.076 0.019 0.017 0.036 0.044 0.077     (0.000,0.853) (0.000,0.221) (0.000,0.441) (0.000,0.790) (0.000,0.052) (0.000,0.505) (0.000,0.685) (0.000,0.151) (0.000,0.084) (0.000,0.801) (0.000,0.113) (0.000,0.237) (0.000,0.139) (0.000,0.138) (0.000,0.614) (0.000,0.126) (0.000,0.096) (0.000,0.251) (0.000,0.334) (0.000,0.636) 
227      580    (0)   18 :  0.079 0.015 0.046 0.245 0.010 0.054 0.058 0.023 0.013 0.088 0.014 0.013 0.031 0.033 0.057 0.006 0.069 0.045 0.043 0.057     (0.000,0.660) (0.000,0.095) (0.000,0.353) (0.000,0.951) (0.000,0.056) (0.000,0.437) (0.000,0.477) (0.000,0.141) (0.000,0.083) (0.000,0.715) (0.000,0.088) (0.000,0.076) (0.000,0.193) (0.000,0.217) (0.000,0.458) (0.000,0.032) (0.000,0.568) (0.000,0.337) (0.000,0.316) (0.000,0.469) 
228      582    (0)    6 :  0.061 0.010 0.023 0.027 0.013 0.169 0.020 0.039 0.017 0.042 0.011 0.009 0.141 0.096 0.029 0.006 0.128 0.064 0.024 0.070     (0.000,0.494) (0.000,0.057) (0.000,0.138) (0.000,0.181) (0.000,0.077) (0.000,0.877) (0.000,0.115) (0.000,0.289) (0.000,0.124) (0.000,0.316) (0.000,0.067) (0.000,0.050) (0.000,0.825) (0.000,0.741) (0.000,0.196) (0.000,0.031) (0.000,0.831) (0.000,0.537) (0.000,0.148) (0.000,0.574) 
229      583    (0)   16 :  0.021 0.019 0.016 0.016 0.008 0.031 0.012 0.023 0.015 0.018 0.014 0.018 0.017 0.017 0.015 0.673 0.015 0.016 0.016 0.019     (0.000,0.130) (0.000,0.126) (0.000,0.093) (0.000,0.094) (0.000,0.040) (0.000,0.210) (0.000,0.064) (0.000,0.160) (0.000,0.099) (0.000,0.109) (0.000,0.083) (0.000,0.102) (0.000,0.104) (0.000,0.105) (0.000,0.089) (0.000,0.986) (0.000,0.088) (0.000,0.099) (0.000,0.095) (0.000,0.118) 
230      584    (0)   16 :  0.041 0.070 0.029 0.023 0.010 0.027 0.032 0.035 0.079 0.023 0.039 0.038 0.018 0.019 0.035 0.368 0.023 0.029 0.025 0.038     (0.000,0.312) (0.000,0.474) (0.000,0.198) (0.000,0.158) (0.000,0.053) (0.000,0.182) (0.000,0.239) (0.000,0.266) (0.000,0.474) (0.000,0.151) (0.000,0.295) (0.000,0.293) (0.000,0.110) (0.000,0.121) (0.000,0.266) (0.000,0.894) (0.000,0.158) (0.000,0.203) (0.000,0.171) (0.000,0.287) 
231      592    (0)    7 :  0.070 0.011 0.060 0.057 0.008 0.049 0.051 0.087 0.009 0.066 0.008 0.007 0.031 0.088 0.139 0.008 0.106 0.057 0.043 0.046     (0.000,0.588) (0.000,0.066) (0.000,0.496) (0.000,0.460) (0.000,0.042) (0.000,0.376) (0.000,0.404) (0.000,0.700) (0.000,0.053) (0.000,0.554) (0.000,0.046) (0.000,0.038) (0.000,0.198) (0.000,0.716) (0.000,0.861) (0.000,0.043) (0.000,0.790) (0.000,0.471) (0.000,0.322) (0.000,0.345) 
232      593    (0)   18 :  0.042 0.014 0.038 0.040 0.007 0.156 0.019 0.113 0.012 0.035 0.012 0.010 0.102 0.091 0.075 0.013 0.054 0.065 0.028 0.075     (0.000,0.306) (0.000,0.089) (0.000,0.272) (0.000,0.296) (0.000,0.034) (0.000,0.861) (0.000,0.107) (0.000,0.789) (0.000,0.079) (0.000,0.243) (0.000,0.072) (0.000,0.053) (0.000,0.738) (0.000,0.720) (0.000,0.601) (0.000,0.074) (0.000,0.427) (0.000,0.548) (0.000,0.180) (0.000,0.626) 
233      599    (0)    4 :  0.090 0.021 0.048 0.086 0.008 0.072 0.034 0.079 0.023 0.059 0.016 0.012 0.039 0.059 0.052 0.013 0.065 0.074 0.061 0.091     (0.000,0.718) (0.000,0.146) (0.000,0.370) (0.000,0.673) (0.000,0.038) (0.000,0.590) (0.000,0.223) (0.000,0.637) (0.000,0.164) (0.000,0.487) (0.000,0.103) (0.000,0.070) (0.000,0.278) (0.000,0.484) (0.000,0.410) (0.000,0.073) (0.000,0.541) (0.000,0.618) (0.000,0.500) (0.000,0.718) 
234      604    (0)   18 :  0.056 0.008 0.034 0.047 0.007 0.057 0.026 0.049 0.009 0.046 0.009 0.012 0.185 0.062 0.014 0.007 0.068 0.078 0.042 0.184     (0.000,0.457) (0.000,0.044) (0.000,0.224) (0.000,0.363) (0.000,0.034) (0.000,0.464) (0.000,0.152) (0.000,0.385) (0.000,0.054) (0.000,0.342) (0.000,0.051) (0.000,0.067) (0.000,0.920) (0.000,0.528) (0.000,0.078) (0.000,0.037) (0.000,0.568) (0.000,0.673) (0.000,0.303) (0.000,0.927) 
235      612    (0)   18 :  0.027 0.005 0.021 0.016 0.007 0.167 0.015 0.038 0.005 0.026 0.004 0.007 0.344 0.057 0.041 0.007 0.065 0.055 0.036 0.057     (0.000,0.166) (0.000,0.027) (0.000,0.118) (0.000,0.095) (0.000,0.038) (0.000,0.903) (0.000,0.080) (0.000,0.267) (0.000,0.024) (0.000,0.163) (0.000,0.023) (0.000,0.039) (0.000,0.974) (0.000,0.471) (0.000,0.299) (0.000,0.037) (0.000,0.532) (0.000,0.451) (0.000,0.255) (0.000,0.460) 
236      613    (0)   18 :  0.027 0.005 0.018 0.014 0.006 0.245 0.014 0.039 0.005 0.023 0.004 0.007 0.315 0.053 0.041 0.008 0.037 0.053 0.027 0.060     (0.000,0.170) (0.000,0.027) (0.000,0.097) (0.000,0.075) (0.000,0.032) (0.000,0.953) (0.000,0.076) (0.000,0.276) (0.000,0.024) (0.000,0.139) (0.000,0.023) (0.000,0.036) (0.000,0.971) (0.000,0.428) (0.000,0.305) (0.000,0.042) (0.000,0.260) (0.000,0.421) (0.000,0.170) (0.000,0.499) 
237      615    (0)   15 :  0.089 0.007 0.035 0.017 0.007 0.035 0.152 0.035 0.006 0.041 0.005 0.010 0.042 0.066 0.025 0.008 0.031 0.187 0.056 0.147     (0.000,0.722) (0.000,0.037) (0.000,0.233) (0.000,0.100) (0.000,0.038) (0.000,0.243) (0.000,0.865) (0.000,0.245) (0.000,0.032) (0.000,0.301) (0.000,0.028) (0.000,0.053) (0.000,0.314) (0.000,0.549) (0.000,0.161) (0.000,0.045) (0.000,0.216) (0.000,0.923) (0.000,0.447) (0.000,0.886) 
238      616    (0)   17 :  0.064 0.011 0.023 0.017 0.008 0.029 0.038 0.062 0.008 0.048 0.008 0.019 0.137 0.054 0.035 0.051 0.176 0.088 0.064 0.059     (0.000,0.524) (0.000,0.066) (0.000,0.142) (0.000,0.101) (0.000,0.042) (0.000,0.185) (0.000,0.266) (0.000,0.504) (0.000,0.050) (0.000,0.372) (0.000,0.045) (0.000,0.124) (0.000,0.831) (0.000,0.439) (0.000,0.250) (0.000,0.379) (0.000,0.900) (0.000,0.698) (0.000,0.529) (0.000,0.483) 
239      620    (0)   13 :  0.101 0.008 0.038 0.032 0.006 0.058 0.051 0.080 0.008 0.056 0.007 0.010 0.077 0.045 0.047 0.012 0.058 0.106 0.047 0.152     (0.000,0.779) (0.000,0.045) (0.000,0.264) (0.000,0.217) (0.000,0.031) (0.000,0.465) (0.000,0.399) (0.000,0.652) (0.000,0.046) (0.000,0.462) (0.000,0.041) (0.000,0.057) (0.000,0.622) (0.000,0.335) (0.000,0.361) (0.000,0.072) (0.000,0.467) (0.000,0.798) (0.000,0.363) (0.000,0.893) 
240      623    (0)   18 :  0.064 0.010 0.047 0.039 0.008 0.134 0.032 0.054 0.010 0.041 0.010 0.016 0.060 0.033 0.100 0.105 0.049 0.074 0.041 0.073     (0.000,0.523) (0.000,0.059) (0.000,0.367) (0.000,0.288) (0.000,0.044) (0.000,0.810) (0.000,0.226) (0.000,0.432) (0.000,0.063) (0.000,0.307) (0.000,0.060) (0.000,0.105) (0.000,0.487) (0.000,0.230) (0.000,0.674) (0.000,0.518) (0.000,0.384) (0.000,0.597) (0.000,0.302) (0.000,0.594) 
241      624    (0)    3 :  0.071 0.008 0.042 0.037 0.006 0.086 0.043 0.066 0.008 0.033 0.008 0.017 0.030 0.084 0.057 0.011 0.167 0.128 0.039 0.058     (0.000,0.593) (0.000,0.048) (0.000,0.306) (0.000,0.268) (0.000,0.032) (0.000,0.652) (0.000,0.324) (0.000,0.541) (0.000,0.044) (0.000,0.220) (0.000,0.042) (0.000,0.114) (0.000,0.202) (0.000,0.679) (0.000,0.443) (0.000,0.064) (0.000,0.884) (0.000,0.852) (0.000,0.277) (0.000,0.466) 
242      625    (0)   18 :  0.041 0.006 0.103 0.071 0.006 0.031 0.033 0.126 0.005 0.064 0.007 0.009 0.143 0.031 0.075 0.015 0.071 0.067 0.037 0.059     (0.000,0.294) (0.000,0.032) (0.000,0.760) (0.000,0.579) (0.000,0.033) (0.000,0.210) (0.000,0.216) (0.000,0.833) (0.000,0.026) (0.000,0.526) (0.000,0.035) (0.000,0.050) (0.000,0.860) (0.000,0.205) (0.000,0.599) (0.000,0.096) (0.000,0.589) (0.000,0.570) (0.000,0.259) (0.000,0.489) 
243      626    (0)   18 :  0.063 0.006 0.052 0.043 0.007 0.051 0.039 0.137 0.005 0.080 0.006 0.011 0.070 0.045 0.084 0.025 0.066 0.079 0.056 0.075     (0.000,0.526) (0.000,0.033) (0.000,0.412) (0.000,0.317) (0.000,0.033) (0.000,0.394) (0.000,0.278) (0.000,0.860) (0.000,0.025) (0.000,0.668) (0.000,0.029) (0.000,0.060) (0.000,0.585) (0.000,0.337) (0.000,0.673) (0.000,0.178) (0.000,0.547) (0.000,0.665) (0.000,0.454) (0.000,0.628) 
244      627    (0)   10 :  0.071 0.007 0.045 0.037 0.007 0.093 0.043 0.086 0.005 0.071 0.006 0.008 0.067 0.081 0.096 0.011 0.044 0.077 0.058 0.087     (0.000,0.601) (0.000,0.037) (0.000,0.339) (0.000,0.257) (0.000,0.035) (0.000,0.721) (0.000,0.315) (0.000,0.692) (0.000,0.028) (0.000,0.600) (0.000,0.029) (0.000,0.046) (0.000,0.564) (0.000,0.674) (0.000,0.743) (0.000,0.064) (0.000,0.322) (0.000,0.653) (0.000,0.480) (0.000,0.714) 
245      630    (0)   18 :  0.038 0.008 0.049 0.083 0.007 0.042 0.024 0.060 0.006 0.055 0.007 0.014 0.067 0.091 0.035 0.017 0.106 0.089 0.116 0.087     (0.000,0.265) (0.000,0.042) (0.000,0.378) (0.000,0.670) (0.000,0.037) (0.000,0.306) (0.000,0.142) (0.000,0.494) (0.000,0.034) (0.000,0.445) (0.000,0.038) (0.000,0.078) (0.000,0.564) (0.000,0.731) (0.000,0.236) (0.000,0.108) (0.000,0.776) (0.000,0.724) (0.000,0.827) (0.000,0.710) 
246      634    (0)   18 :  0.056 0.031 0.090 0.167 0.010 0.039 0.072 0.026 0.024 0.072 0.031 0.031 0.036 0.035 0.040 0.006 0.047 0.046 0.049 0.092     (0.000,0.458) (0.000,0.233) (0.000,0.696) (0.000,0.890) (0.000,0.053) (0.000,0.281) (0.000,0.589) (0.000,0.170) (0.000,0.172) (0.000,0.589) (0.000,0.234) (0.000,0.218) (0.000,0.256) (0.000,0.248) (0.000,0.298) (0.000,0.032) (0.000,0.363) (0.000,0.348) (0.000,0.380) (0.000,0.714) 
247      635   (12)    4 :  0.074 0.010 0.038 0.076 0.023 0.082 0.049 0.035 0.011 0.084 0.009 0.032 0.053 0.080 0.056 0.019 0.032 0.064 0.087 0.086     (0.000,0.611) (0.000,0.055) (0.000,0.273) (0.000,0.618) (0.000,0.154) (0.000,0.630) (0.000,0.382) (0.000,0.247) (0.000,0.064) (0.000,0.677) (0.000,0.050) (0.000,0.233) (0.000,0.425) (0.000,0.648) (0.000,0.446) (0.000,0.128) (0.000,0.220) (0.000,0.539) (0.000,0.686) (0.000,0.684) 
248      639    (0)   17 :  0.090 0.007 0.038 0.051 0.007 0.030 0.092 0.029 0.005 0.048 0.005 0.009 0.024 0.069 0.176 0.027 0.056 0.086 0.092 0.058     (0.000,0.726) (0.000,0.037) (0.000,0.265) (0.000,0.397) (0.000,0.039) (0.000,0.197) (0.000,0.717) (0.000,0.181) (0.000,0.029) (0.000,0.365) (0.000,0.028) (0.000,0.051) (0.000,0.141) (0.000,0.574) (0.000,0.895) (0.000,0.198) (0.000,0.445) (0.000,0.705) (0.000,0.717) (0.000,0.474) 
249      640    (0)   13 :  0.059 0.019 0.034 0.054 0.009 0.059 0.046 0.051 0.024 0.049 0.018 0.046 0.161 0.041 0.040 0.011 0.059 0.066 0.058 0.096     (0.000,0.489) (0.000,0.129) (0.000,0.235) (0.000,0.427) (0.000,0.051) (0.000,0.484) (0.000,0.350) (0.000,0.406) (0.000,0.173) (0.000,0.380) (0.000,0.123) (0.000,0.344) (0.000,0.878) (0.000,0.296) (0.000,0.295) (0.000,0.065) (0.000,0.467) (0.000,0.554) (0.000,0.470) (0.000,0.722) 
250      641    (0)    7 :  0.126 0.013 0.034 0.071 0.008 0.134 0.073 0.028 0.011 0.071 0.010 0.011 0.037 0.044 0.078 0.007 0.031 0.063 0.040 0.108     (0.000,0.853) (0.000,0.079) (0.000,0.228) (0.000,0.586) (0.000,0.041) (0.000,0.850) (0.000,0.604) (0.000,0.181) (0.000,0.066) (0.000,0.594) (0.000,0.062) (0.000,0.060) (0.000,0.260) (0.000,0.328) (0.000,0.631) (0.000,0.040) (0.000,0.198) (0.000,0.533) (0.000,0.292) (0.000,0.800) 
251      642    (0)    1 :  0.070 0.006 0.024 0.049 0.009 0.339 0.023 0.043 0.008 0.064 0.006 0.013 0.056 0.026 0.054 0.010 0.021 0.054 0.031 0.094     (0.000,0.607) (0.000,0.030) (0.000,0.137) (0.000,0.378) (0.000,0.051) (0.000,0.974) (0.000,0.128) (0.000,0.330) (0.000,0.046) (0.000,0.550) (0.000,0.035) (0.000,0.079) (0.000,0.464) (0.000,0.153) (0.000,0.435) (0.000,0.057) (0.000,0.116) (0.000,0.440) (0.000,0.199) (0.000,0.758) 
252      647    (0)    7 :  0.090 0.013 0.083 0.021 0.007 0.057 0.078 0.104 0.011 0.062 0.009 0.008 0.048 0.066 0.071 0.007 0.048 0.066 0.040 0.110     (0.000,0.728) (0.000,0.083) (0.000,0.669) (0.000,0.122) (0.000,0.036) (0.000,0.461) (0.000,0.642) (0.000,0.762) (0.000,0.065) (0.000,0.513) (0.000,0.054) (0.000,0.042) (0.000,0.369) (0.000,0.549) (0.000,0.564) (0.000,0.039) (0.000,0.370) (0.000,0.557) (0.000,0.290) (0.000,0.802) 
253      651    (0)   13 :  0.037 0.007 0.083 0.059 0.011 0.032 0.058 0.228 0.006 0.059 0.006 0.018 0.056 0.042 0.044 0.014 0.036 0.045 0.053 0.107     (0.000,0.255) (0.000,0.038) (0.000,0.685) (0.000,0.476) (0.000,0.060) (0.000,0.210) (0.000,0.471) (0.000,0.943) (0.000,0.030) (0.000,0.489) (0.000,0.029) (0.000,0.107) (0.000,0.462) (0.000,0.300) (0.000,0.335) (0.000,0.090) (0.000,0.255) (0.000,0.340) (0.000,0.417) (0.000,0.800) 
254      660    (0)    7 :  0.145 0.025 0.070 0.047 0.008 0.037 0.075 0.040 0.018 0.090 0.023 0.013 0.040 0.037 0.035 0.014 0.109 0.062 0.038 0.075     (0.000,0.872) (0.000,0.184) (0.000,0.580) (0.000,0.359) (0.000,0.043) (0.000,0.256) (0.000,0.610) (0.000,0.292) (0.000,0.122) (0.000,0.705) (0.000,0.167) (0.000,0.075) (0.000,0.293) (0.000,0.259) (0.000,0.252) (0.000,0.088) (0.000,0.753) (0.000,0.511) (0.000,0.272) (0.000,0.615) 
255      662   (12)   13 :  0.055 0.008 0.047 0.057 0.010 0.043 0.024 0.057 0.007 0.060 0.008 0.009 0.102 0.071 0.019 0.011 0.221 0.063 0.069 0.058     (0.000,0.450) (0.000,0.044) (0.000,0.361) (0.000,0.463) (0.000,0.051) (0.000,0.317) (0.000,0.139) (0.000,0.472) (0.000,0.040) (0.000,0.504) (0.000,0.042) (0.000,0.049) (0.000,0.776) (0.000,0.612) (0.000,0.105) (0.000,0.063) (0.000,0.945) (0.000,0.533) (0.000,0.588) (0.000,0.486) 
256      663   (12)   13 :  0.097 0.010 0.036 0.029 0.008 0.093 0.029 0.085 0.009 0.054 0.008 0.008 0.088 0.097 0.030 0.016 0.069 0.088 0.050 0.099     (0.000,0.769) (0.000,0.056) (0.000,0.239) (0.000,0.183) (0.000,0.039) (0.000,0.732) (0.000,0.178) (0.000,0.694) (0.000,0.049) (0.000,0.439) (0.000,0.044) (0.000,0.042) (0.000,0.703) (0.000,0.768) (0.000,0.195) (0.000,0.094) (0.000,0.580) (0.000,0.724) (0.000,0.387) (0.000,0.770) 
257      664    (0)   16 :  0.015 0.012 0.011 0.012 0.007 0.018 0.010 0.017 0.012 0.013 0.010 0.012 0.024 0.017 0.012 0.734 0.020 0.016 0.015 0.015     (0.000,0.091) (0.000,0.071) (0.000,0.065) (0.000,0.071) (0.000,0.035) (0.000,0.118) (0.000,0.054) (0.000,0.106) (0.000,0.072) (0.000,0.079) (0.000,0.059) (0.000,0.067) (0.000,0.162) (0.000,0.107) (0.000,0.070) (0.309,0.988) (0.000,0.126) (0.000,0.095) (0.000,0.087) (0.000,0.091) 
258      668    (0)    7 :  0.072 0.017 0.093 0.094 0.008 0.095 0.054 0.049 0.017 0.032 0.016 0.042 0.027 0.084 0.038 0.013 0.060 0.075 0.038 0.076     (0.000,0.590) (0.000,0.111) (0.000,0.703) (0.000,0.702) (0.000,0.043) (0.000,0.695) (0.000,0.431) (0.000,0.382) (0.000,0.112) (0.000,0.221) (0.000,0.107) (0.000,0.314) (0.000,0.178) (0.000,0.659) (0.000,0.280) (0.000,0.078) (0.000,0.454) (0.000,0.613) (0.000,0.275) (0.000,0.611) 
259      675    (0)    7 :  0.053 0.006 0.065 0.067 0.008 0.072 0.036 0.148 0.006 0.065 0.006 0.008 0.072 0.057 0.063 0.010 0.083 0.061 0.043 0.071     (0.000,0.425) (0.000,0.035) (0.000,0.542) (0.000,0.557) (0.000,0.039) (0.000,0.597) (0.000,0.246) (0.000,0.887) (0.000,0.032) (0.000,0.559) (0.000,0.033) (0.000,0.043) (0.000,0.600) (0.000,0.473) (0.000,0.520) (0.000,0.054) (0.000,0.680) (0.000,0.511) (0.000,0.318) (0.000,0.597) 
260      676    (0)   14 :  0.051 0.008 0.066 0.048 0.009 0.033 0.040 0.078 0.007 0.065 0.007 0.009 0.046 0.077 0.049 0.009 0.199 0.060 0.092 0.048     (0.000,0.403) (0.000,0.047) (0.000,0.562) (0.000,0.364) (0.000,0.048) (0.000,0.214) (0.000,0.282) (0.000,0.654) (0.000,0.036) (0.000,0.555) (0.000,0.035) (0.000,0.047) (0.000,0.350) (0.000,0.658) (0.000,0.380) (0.000,0.052) (0.000,0.935) (0.000,0.502) (0.000,0.733) (0.000,0.366) 
261      681    (0)   18 :  0.071 0.032 0.035 0.060 0.010 0.045 0.050 0.045 0.022 0.035 0.010 0.012 0.062 0.152 0.031 0.009 0.054 0.138 0.078 0.052     (0.000,0.587) (0.000,0.236) (0.000,0.243) (0.000,0.475) (0.000,0.049) (0.000,0.338) (0.000,0.387) (0.000,0.351) (0.000,0.158) (0.000,0.237) (0.000,0.056) (0.000,0.067) (0.000,0.503) (0.000,0.879) (0.000,0.209) (0.000,0.049) (0.000,0.434) (0.000,0.857) (0.000,0.621) (0.000,0.411) 
262      682    (0)   14 :  0.057 0.015 0.044 0.038 0.011 0.126 0.045 0.067 0.012 0.048 0.011 0.012 0.083 0.065 0.075 0.007 0.078 0.064 0.038 0.101     (0.000,0.459) (0.000,0.103) (0.000,0.335) (0.000,0.279) (0.000,0.061) (0.000,0.788) (0.000,0.345) (0.000,0.529) (0.000,0.077) (0.000,0.371) (0.000,0.067) (0.000,0.070) (0.000,0.629) (0.000,0.527) (0.000,0.584) (0.000,0.038) (0.000,0.617) (0.000,0.528) (0.000,0.279) (0.000,0.754) 
263      686    (0)   14 :  0.037 0.009 0.051 0.068 0.008 0.035 0.021 0.083 0.008 0.046 0.008 0.011 0.051 0.099 0.028 0.022 0.177 0.079 0.088 0.069     (0.000,0.257) (0.000,0.053) (0.000,0.403) (0.000,0.569) (0.000,0.038) (0.000,0.239) (0.000,0.122) (0.000,0.673) (0.000,0.046) (0.000,0.350) (0.000,0.045) (0.000,0.063) (0.000,0.404) (0.000,0.774) (0.000,0.179) (0.000,0.144) (0.000,0.913) (0.000,0.672) (0.000,0.715) (0.000,0.585) 
264      687    (0)   13 :  0.076 0.017 0.046 0.029 0.008 0.054 0.039 0.107 0.013 0.049 0.010 0.011 0.042 0.108 0.047 0.016 0.061 0.085 0.081 0.102     (0.000,0.640) (0.000,0.114) (0.000,0.348) (0.000,0.185) (0.000,0.038) (0.000,0.436) (0.000,0.275) (0.000,0.779) (0.000,0.080) (0.000,0.385) (0.000,0.059) (0.000,0.061) (0.000,0.309) (0.000,0.797) (0.000,0.359) (0.000,0.097) (0.000,0.504) (0.000,0.700) (0.000,0.673) (0.000,0.778) 
265      692   (12)   17 :  0.061 0.017 0.084 0.092 0.020 0.078 0.044 0.046 0.031 0.083 0.022 0.022 0.041 0.050 0.067 0.008 0.072 0.052 0.050 0.061     (0.000,0.501) (0.000,0.110) (0.000,0.645) (0.000,0.706) (0.000,0.128) (0.000,0.613) (0.000,0.328) (0.000,0.352) (0.000,0.227) (0.000,0.669) (0.000,0.154) (0.000,0.144) (0.000,0.309) (0.000,0.398) (0.000,0.540) (0.000,0.043) (0.000,0.570) (0.000,0.413) (0.000,0.393) (0.000,0.500) 
266      693    (0)    3 :  0.048 0.008 0.501 0.035 0.008 0.012 0.116 0.026 0.006 0.024 0.007 0.025 0.026 0.018 0.023 0.015 0.025 0.030 0.026 0.023     (0.000,0.366) (0.000,0.042) (0.000,0.983) (0.000,0.249) (0.000,0.041) (0.000,0.067) (0.000,0.794) (0.000,0.167) (0.000,0.031) (0.000,0.146) (0.000,0.036) (0.000,0.163) (0.000,0.178) (0.000,0.107) (0.000,0.143) (0.000,0.099) (0.000,0.153) (0.000,0.185) (0.000,0.167) (0.000,0.143) 
267      694    (0)   19 :  0.055 0.012 0.022 0.040 0.008 0.193 0.021 0.037 0.010 0.026 0.006 0.008 0.167 0.105 0.040 0.010 0.041 0.117 0.041 0.041     (0.000,0.441) (0.000,0.072) (0.000,0.130) (0.000,0.294) (0.000,0.039) (0.000,0.912) (0.000,0.127) (0.000,0.261) (0.000,0.058) (0.000,0.166) (0.000,0.034) (0.000,0.045) (0.000,0.891) (0.000,0.785) (0.000,0.293) (0.000,0.058) (0.000,0.302) (0.000,0.823) (0.000,0.306) (0.000,0.301) 
268      697    (0)   14 :  0.049 0.007 0.049 0.084 0.008 0.051 0.022 0.072 0.006 0.058 0.006 0.011 0.056 0.052 0.034 0.021 0.178 0.075 0.100 0.064     (0.000,0.378) (0.000,0.036) (0.000,0.378) (0.000,0.682) (0.000,0.039) (0.000,0.403) (0.000,0.123) (0.000,0.602) (0.000,0.034) (0.000,0.477) (0.000,0.032) (0.000,0.057) (0.000,0.459) (0.000,0.415) (0.000,0.230) (0.000,0.137) (0.000,0.915) (0.000,0.637) (0.000,0.774) (0.000,0.536) 
269      703    (0)    1 :  0.085 0.022 0.034 0.028 0.011 0.048 0.061 0.064 0.022 0.050 0.015 0.019 0.092 0.066 0.059 0.014 0.126 0.065 0.065 0.057     (0.000,0.679) (0.000,0.157) (0.000,0.238) (0.000,0.185) (0.000,0.059) (0.000,0.375) (0.000,0.497) (0.000,0.529) (0.000,0.158) (0.000,0.392) (0.000,0.097) (0.000,0.126) (0.000,0.684) (0.000,0.547) (0.000,0.471) (0.000,0.082) (0.000,0.825) (0.000,0.544) (0.000,0.537) (0.000,0.463) 
270      704    (0)    1 :  0.121 0.009 0.045 0.055 0.008 0.077 0.064 0.063 0.008 0.055 0.007 0.011 0.041 0.067 0.074 0.023 0.029 0.068 0.068 0.106     (0.000,0.839) (0.000,0.052) (0.000,0.340) (0.000,0.449) (0.000,0.043) (0.000,0.627) (0.000,0.529) (0.000,0.519) (0.000,0.044) (0.000,0.451) (0.000,0.039) (0.000,0.064) (0.000,0.296) (0.000,0.555) (0.000,0.603) (0.000,0.159) (0.000,0.188) (0.000,0.578) (0.000,0.565) (0.000,0.788) 
271      705    (0)   13 :  0.092 0.035 0.056 0.037 0.009 0.064 0.059 0.053 0.037 0.054 0.032 0.023 0.087 0.050 0.077 0.016 0.062 0.055 0.044 0.059     (0.000,0.703) (0.000,0.259) (0.000,0.447) (0.000,0.275) (0.000,0.048) (0.000,0.520) (0.000,0.482) (0.000,0.420) (0.000,0.268) (0.000,0.433) (0.000,0.233) (0.000,0.158) (0.000,0.638) (0.000,0.400) (0.000,0.591) (0.000,0.100) (0.000,0.498) (0.000,0.446) (0.000,0.332) (0.000,0.484) 
272      708    (0)    1 :  0.147 0.008 0.043 0.116 0.010 0.028 0.036 0.029 0.006 0.197 0.007 0.007 0.017 0.042 0.032 0.006 0.140 0.035 0.033 0.061     (0.000,0.888) (0.000,0.044) (0.000,0.316) (0.000,0.821) (0.000,0.054) (0.000,0.174) (0.000,0.257) (0.000,0.183) (0.000,0.035) (0.000,0.931) (0.000,0.038) (0.000,0.036) (0.000,0.099) (0.000,0.308) (0.000,0.217) (0.000,0.033) (0.000,0.870) (0.000,0.233) (0.000,0.219) (0.000,0.500) 
273      709    (0)   10 :  0.084 0.015 0.043 0.113 0.010 0.039 0.058 0.038 0.013 0.044 0.012 0.039 0.037 0.057 0.029 0.081 0.022 0.053 0.093 0.121     (0.000,0.682) (0.000,0.092) (0.000,0.322) (0.000,0.796) (0.000,0.054) (0.000,0.280) (0.000,0.471) (0.000,0.275) (0.000,0.077) (0.000,0.327) (0.000,0.069) (0.000,0.290) (0.000,0.265) (0.000,0.468) (0.000,0.188) (0.000,0.571) (0.000,0.143) (0.000,0.418) (0.000,0.723) (0.000,0.829) 
274      710    (0)   13 :  0.063 0.011 0.046 0.054 0.007 0.029 0.038 0.068 0.012 0.041 0.009 0.011 0.030 0.050 0.058 0.024 0.198 0.097 0.082 0.073     (0.000,0.523) (0.000,0.066) (0.000,0.348) (0.000,0.431) (0.000,0.036) (0.000,0.185) (0.000,0.270) (0.000,0.563) (0.000,0.074) (0.000,0.292) (0.000,0.053) (0.000,0.059) (0.000,0.192) (0.000,0.393) (0.000,0.463) (0.000,0.157) (0.000,0.923) (0.000,0.762) (0.000,0.671) (0.000,0.618) 
275      712    (0)   18 :  0.077 0.017 0.038 0.090 0.011 0.030 0.044 0.030 0.012 0.042 0.012 0.035 0.034 0.067 0.023 0.160 0.026 0.049 0.117 0.087     (0.000,0.643) (0.000,0.106) (0.000,0.271) (0.000,0.708) (0.000,0.055) (0.000,0.198) (0.000,0.325) (0.000,0.193) (0.000,0.076) (0.000,0.303) (0.000,0.073) (0.000,0.251) (0.000,0.239) (0.000,0.560) (0.000,0.137) (0.000,0.836) (0.000,0.177) (0.000,0.379) (0.000,0.813) (0.000,0.702) 
276      713    (0)   18 :  0.051 0.010 0.040 0.084 0.007 0.051 0.019 0.051 0.009 0.045 0.009 0.011 0.051 0.090 0.026 0.034 0.151 0.089 0.102 0.069     (0.000,0.406) (0.000,0.056) (0.000,0.288) (0.000,0.681) (0.000,0.036) (0.000,0.403) (0.000,0.104) (0.000,0.404) (0.000,0.055) (0.000,0.342) (0.000,0.051) (0.000,0.061) (0.000,0.409) (0.000,0.726) (0.000,0.161) (0.000,0.246) (0.000,0.885) (0.000,0.725) (0.000,0.777) (0.000,0.587) 
277      716    (0)    7 :  0.084 0.009 0.089 0.068 0.006 0.064 0.062 0.079 0.011 0.056 0.011 0.009 0.034 0.024 0.194 0.010 0.042 0.053 0.025 0.069     (0.000,0.702) (0.000,0.055) (0.000,0.714) (0.000,0.574) (0.000,0.030) (0.000,0.531) (0.000,0.522) (0.000,0.645) (0.000,0.063) (0.000,0.462) (0.000,0.064) (0.000,0.047) (0.000,0.231) (0.000,0.142) (0.000,0.924) (0.000,0.059) (0.000,0.315) (0.000,0.429) (0.000,0.147) (0.000,0.586) 
278      717    (0)   14 :  0.089 0.013 0.039 0.053 0.006 0.116 0.030 0.084 0.013 0.048 0.011 0.011 0.055 0.063 0.044 0.018 0.043 0.083 0.055 0.125     (0.000,0.727) (0.000,0.077) (0.000,0.275) (0.000,0.423) (0.000,0.032) (0.000,0.809) (0.000,0.191) (0.000,0.681) (0.000,0.083) (0.000,0.376) (0.000,0.063) (0.000,0.060) (0.000,0.444) (0.000,0.528) (0.000,0.331) (0.000,0.102) (0.000,0.313) (0.000,0.691) (0.000,0.447) (0.000,0.847) 
279      718    (0)   18 :  0.075 0.035 0.060 0.065 0.008 0.031 0.042 0.026 0.024 0.042 0.020 0.023 0.023 0.082 0.039 0.067 0.041 0.068 0.146 0.082     (0.000,0.612) (0.000,0.263) (0.000,0.483) (0.000,0.528) (0.000,0.041) (0.000,0.206) (0.000,0.311) (0.000,0.165) (0.000,0.176) (0.000,0.317) (0.000,0.141) (0.000,0.150) (0.000,0.139) (0.000,0.657) (0.000,0.288) (0.000,0.482) (0.000,0.312) (0.000,0.565) (0.000,0.860) (0.000,0.665) 
280      724   (12)   13 :  0.029 0.006 0.076 0.041 0.011 0.035 0.029 0.145 0.005 0.050 0.006 0.010 0.107 0.094 0.031 0.011 0.126 0.058 0.068 0.063     (0.000,0.182) (0.000,0.033) (0.000,0.644) (0.000,0.295) (0.000,0.053) (0.000,0.235) (0.000,0.182) (0.000,0.888) (0.000,0.027) (0.000,0.384) (0.000,0.030) (0.000,0.051) (0.000,0.808) (0.000,0.754) (0.000,0.199) (0.000,0.064) (0.000,0.853) (0.000,0.484) (0.000,0.586) (0.000,0.533) 
281      726    (0)    8 :  0.062 0.004 0.036 0.034 0.006 0.116 0.029 0.077 0.004 0.039 0.004 0.005 0.112 0.092 0.041 0.011 0.096 0.093 0.037 0.102     (0.000,0.520) (0.000,0.022) (0.000,0.241) (0.000,0.227) (0.000,0.030) (0.000,0.818) (0.000,0.184) (0.000,0.649) (0.000,0.022) (0.000,0.272) (0.000,0.022) (0.000,0.029) (0.000,0.813) (0.000,0.745) (0.000,0.304) (0.000,0.063) (0.000,0.742) (0.000,0.756) (0.000,0.251) (0.000,0.789) 
282      727    (0)   20 :  0.084 0.019 0.047 0.065 0.008 0.065 0.050 0.030 0.020 0.035 0.011 0.013 0.133 0.085 0.019 0.007 0.047 0.130 0.056 0.076     (0.000,0.677) (0.000,0.135) (0.000,0.367) (0.000,0.510) (0.000,0.040) (0.000,0.527) (0.000,0.392) (0.000,0.202) (0.000,0.144) (0.000,0.242) (0.000,0.071) (0.000,0.074) (0.000,0.821) (0.000,0.676) (0.000,0.112) (0.000,0.037) (0.000,0.367) (0.000,0.844) (0.000,0.452) (0.000,0.606) 
283      729    (0)   14 :  0.052 0.015 0.027 0.029 0.029 0.085 0.033 0.026 0.027 0.033 0.016 0.089 0.084 0.049 0.030 0.169 0.053 0.046 0.054 0.053     (0.000,0.404) (0.000,0.097) (0.000,0.189) (0.000,0.206) (0.000,0.207) (0.000,0.592) (0.000,0.240) (0.000,0.174) (0.000,0.194) (0.000,0.244) (0.000,0.111) (0.000,0.529) (0.000,0.613) (0.000,0.379) (0.000,0.222) (0.000,0.651) (0.000,0.409) (0.000,0.360) (0.000,0.431) (0.000,0.419) 
284      730    (0)   14 :  0.019 0.023 0.033 0.019 0.010 0.023 0.016 0.033 0.027 0.017 0.027 0.055 0.406 0.022 0.016 0.113 0.058 0.030 0.026 0.029     (0.000,0.114) (0.000,0.164) (0.000,0.243) (0.000,0.120) (0.000,0.055) (0.000,0.146) (0.000,0.093) (0.000,0.235) (0.000,0.199) (0.000,0.096) (0.000,0.198) (0.000,0.407) (0.000,0.968) (0.000,0.134) (0.000,0.092) (0.000,0.595) (0.000,0.468) (0.000,0.203) (0.000,0.171) (0.000,0.197) 
285      731    (0)   14 :  0.038 0.005 0.034 0.033 0.007 0.084 0.021 0.081 0.004 0.024 0.004 0.024 0.033 0.106 0.021 0.103 0.109 0.118 0.073 0.080     (0.000,0.268) (0.000,0.026) (0.000,0.225) (0.000,0.222) (0.000,0.038) (0.000,0.622) (0.000,0.123) (0.000,0.637) (0.000,0.022) (0.000,0.147) (0.000,0.022) (0.000,0.165) (0.000,0.229) (0.000,0.776) (0.000,0.122) (0.000,0.604) (0.000,0.702) (0.000,0.820) (0.000,0.580) (0.000,0.641) 
286      733    (0)   14 :  0.036 0.006 0.034 0.044 0.007 0.068 0.022 0.057 0.006 0.020 0.005 0.029 0.031 0.134 0.018 0.068 0.116 0.132 0.075 0.091     (0.000,0.252) (0.000,0.033) (0.000,0.230) (0.000,0.335) (0.000,0.038) (0.000,0.530) (0.000,0.134) (0.000,0.453) (0.000,0.031) (0.000,0.116) (0.000,0.029) (0.000,0.211) (0.000,0.206) (0.000,0.852) (0.000,0.100) (0.000,0.470) (0.000,0.728) (0.000,0.849) (0.000,0.599) (0.000,0.707) 
287      734    (0)   14 :  0.052 0.006 0.049 0.079 0.010 0.068 0.060 0.051 0.006 0.023 0.006 0.044 0.032 0.111 0.027 0.028 0.056 0.100 0.063 0.128     (0.000,0.415) (0.000,0.035) (0.000,0.386) (0.000,0.627) (0.000,0.052) (0.000,0.535) (0.000,0.480) (0.000,0.395) (0.000,0.035) (0.000,0.136) (0.000,0.031) (0.000,0.327) (0.000,0.216) (0.000,0.787) (0.000,0.176) (0.000,0.209) (0.000,0.424) (0.000,0.755) (0.000,0.505) (0.000,0.833) 
288      736   (12)   14 :  0.037 0.006 0.037 0.050 0.011 0.048 0.034 0.042 0.005 0.020 0.005 0.046 0.026 0.132 0.021 0.123 0.080 0.103 0.094 0.079     (0.000,0.266) (0.000,0.032) (0.000,0.266) (0.000,0.387) (0.000,0.059) (0.000,0.361) (0.000,0.235) (0.000,0.314) (0.000,0.028) (0.000,0.119) (0.000,0.027) (0.000,0.334) (0.000,0.165) (0.000,0.844) (0.000,0.127) (0.000,0.651) (0.000,0.551) (0.000,0.761) (0.000,0.703) (0.000,0.633) 
289      737    (0)   13 :  0.045 0.005 0.055 0.038 0.008 0.055 0.023 0.123 0.004 0.060 0.005 0.010 0.119 0.069 0.025 0.021 0.108 0.068 0.087 0.069     (0.000,0.335) (0.000,0.029) (0.000,0.450) (0.000,0.266) (0.000,0.039) (0.000,0.443) (0.000,0.134) (0.000,0.845) (0.000,0.023) (0.000,0.506) (0.000,0.027) (0.000,0.054) (0.000,0.843) (0.000,0.587) (0.000,0.147) (0.000,0.135) (0.000,0.802) (0.000,0.582) (0.000,0.713) (0.000,0.594) 
290      738    (0)   16 :  0.053 0.006 0.061 0.027 0.008 0.026 0.056 0.098 0.005 0.053 0.005 0.008 0.047 0.056 0.064 0.013 0.219 0.071 0.073 0.050     (0.000,0.428) (0.000,0.032) (0.000,0.511) (0.000,0.161) (0.000,0.040) (0.000,0.160) (0.000,0.453) (0.000,0.767) (0.000,0.026) (0.000,0.429) (0.000,0.027) (0.000,0.042) (0.000,0.360) (0.000,0.462) (0.000,0.523) (0.000,0.078) (0.000,0.946) (0.000,0.615) (0.000,0.614) (0.000,0.386) 
291      740    (0)    1 :  0.057 0.013 0.039 0.043 0.010 0.019 0.020 0.091 0.011 0.092 0.012 0.025 0.082 0.072 0.013 0.016 0.180 0.047 0.051 0.107     (0.000,0.459) (0.000,0.081) (0.000,0.286) (0.000,0.326) (0.000,0.057) (0.000,0.106) (0.000,0.116) (0.000,0.695) (0.000,0.074) (0.000,0.682) (0.000,0.074) (0.000,0.174) (0.000,0.604) (0.000,0.596) (0.000,0.073) (0.000,0.101) (0.000,0.909) (0.000,0.359) (0.000,0.406) (0.000,0.751) 
292      743    (0)    4 :  0.040 0.012 0.036 0.033 0.009 0.041 0.032 0.069 0.012 0.035 0.013 0.019 0.225 0.100 0.026 0.017 0.128 0.056 0.044 0.055     (0.000,0.291) (0.000,0.075) (0.000,0.257) (0.000,0.225) (0.000,0.047) (0.000,0.302) (0.000,0.207) (0.000,0.576) (0.000,0.076) (0.000,0.239) (0.000,0.084) (0.000,0.124) (0.000,0.938) (0.000,0.764) (0.000,0.162) (0.000,0.101) (0.000,0.846) (0.000,0.458) (0.000,0.336) (0.000,0.450) 
293      753    (0)   18 :  0.079 0.006 0.055 0.041 0.007 0.045 0.076 0.062 0.006 0.048 0.005 0.007 0.045 0.046 0.119 0.009 0.158 0.077 0.051 0.057     (0.000,0.668) (0.000,0.030) (0.000,0.440) (0.000,0.297) (0.000,0.036) (0.000,0.339) (0.000,0.640) (0.000,0.521) (0.000,0.030) (0.000,0.363) (0.000,0.028) (0.000,0.035) (0.000,0.337) (0.000,0.350) (0.000,0.811) (0.000,0.050) (0.000,0.900) (0.000,0.659) (0.000,0.402) (0.000,0.467) 
294      754    (0)    7 :  0.077 0.008 0.039 0.041 0.006 0.116 0.029 0.077 0.009 0.042 0.008 0.010 0.080 0.067 0.032 0.018 0.046 0.090 0.066 0.139     (0.000,0.653) (0.000,0.047) (0.000,0.270) (0.000,0.291) (0.000,0.032) (0.000,0.819) (0.000,0.177) (0.000,0.642) (0.000,0.050) (0.000,0.299) (0.000,0.044) (0.000,0.057) (0.000,0.675) (0.000,0.571) (0.000,0.209) (0.000,0.105) (0.000,0.347) (0.000,0.742) (0.000,0.565) (0.000,0.883) 
295      755    (0)   17 :  0.056 0.011 0.032 0.048 0.008 0.088 0.037 0.066 0.016 0.032 0.014 0.018 0.243 0.049 0.033 0.012 0.061 0.059 0.030 0.087     (0.000,0.453) (0.000,0.066) (0.000,0.216) (0.000,0.373) (0.000,0.041) (0.000,0.687) (0.000,0.258) (0.000,0.554) (0.000,0.111) (0.000,0.205) (0.000,0.093) (0.000,0.122) (0.000,0.945) (0.000,0.390) (0.000,0.233) (0.000,0.070) (0.000,0.504) (0.000,0.498) (0.000,0.191) (0.000,0.695) 
296      756    (0)   18 :  0.118 0.038 0.032 0.101 0.020 0.025 0.141 0.013 0.016 0.053 0.021 0.067 0.023 0.045 0.016 0.035 0.027 0.035 0.088 0.085     (0.000,0.814) (0.000,0.291) (0.000,0.209) (0.000,0.750) (0.000,0.128) (0.000,0.159) (0.000,0.855) (0.000,0.068) (0.000,0.106) (0.000,0.428) (0.000,0.150) (0.000,0.506) (0.000,0.138) (0.000,0.342) (0.000,0.091) (0.000,0.267) (0.000,0.183) (0.000,0.243) (0.000,0.669) (0.000,0.678) 
297      758   (12)    3 :  0.059 0.007 0.042 0.074 0.009 0.064 0.034 0.048 0.006 0.038 0.006 0.013 0.064 0.083 0.037 0.069 0.042 0.086 0.101 0.118     (0.000,0.487) (0.000,0.036) (0.000,0.303) (0.000,0.620) (0.000,0.047) (0.000,0.522) (0.000,0.228) (0.000,0.378) (0.000,0.033) (0.000,0.266) (0.000,0.033) (0.000,0.071) (0.000,0.525) (0.000,0.676) (0.000,0.262) (0.000,0.509) (0.000,0.316) (0.000,0.706) (0.000,0.765) (0.000,0.830) 
298      760    (0)    3 :  0.078 0.008 0.048 0.023 0.007 0.047 0.093 0.065 0.007 0.038 0.009 0.011 0.020 0.050 0.169 0.017 0.143 0.108 0.029 0.031     (0.000,0.657) (0.000,0.043) (0.000,0.364) (0.000,0.136) (0.000,0.036) (0.000,0.353) (0.000,0.717) (0.000,0.527) (0.000,0.037) (0.000,0.270) (0.000,0.054) (0.000,0.068) (0.000,0.114) (0.000,0.380) (0.000,0.846) (0.000,0.114) (0.000,0.833) (0.000,0.796) (0.000,0.188) (0.000,0.197) 
299      761    (0)    1 :  0.058 0.010 0.085 0.144 0.011 0.034 0.071 0.041 0.008 0.061 0.014 0.021 0.089 0.026 0.053 0.047 0.012 0.050 0.053 0.112     (0.000,0.470) (0.000,0.056) (0.000,0.654) (0.000,0.838) (0.000,0.060) (0.000,0.237) (0.000,0.574) (0.000,0.303) (0.000,0.043) (0.000,0.495) (0.000,0.090) (0.000,0.140) (0.000,0.653) (0.000,0.160) (0.000,0.420) (0.000,0.332) (0.000,0.068) (0.000,0.397) (0.000,0.421) (0.000,0.794) 
300      764    (0)    4 :  0.098 0.022 0.038 0.041 0.009 0.060 0.094 0.038 0.019 0.050 0.017 0.017 0.031 0.044 0.069 0.024 0.013 0.073 0.083 0.160     (0.000,0.754) (0.000,0.153) (0.000,0.268) (0.000,0.309) (0.000,0.045) (0.000,0.485) (0.000,0.729) (0.000,0.268) (0.000,0.127) (0.000,0.396) (0.000,0.118) (0.000,0.104) (0.000,0.202) (0.000,0.329) (0.000,0.554) (0.000,0.174) (0.000,0.072) (0.000,0.611) (0.000,0.665) (0.000,0.890) 
301      765    (0)   18 :  0.070 0.008 0.046 0.051 0.008 0.075 0.045 0.046 0.007 0.071 0.009 0.008 0.044 0.064 0.110 0.021 0.045 0.102 0.094 0.076     (0.000,0.591) (0.000,0.047) (0.000,0.343) (0.000,0.397) (0.000,0.039) (0.000,0.613) (0.000,0.337) (0.000,0.353) (0.000,0.039) (0.000,0.593) (0.000,0.052) (0.000,0.041) (0.000,0.329) (0.000,0.528) (0.000,0.784) (0.000,0.149) (0.000,0.335) (0.000,0.782) (0.000,0.728) (0.000,0.636) 
302      767    (0)   18 :  0.045 0.032 0.088 0.040 0.013 0.040 0.040 0.101 0.032 0.047 0.046 0.022 0.051 0.032 0.047 0.106 0.065 0.053 0.043 0.057     (0.000,0.350) (0.000,0.234) (0.000,0.668) (0.000,0.302) (0.000,0.074) (0.000,0.293) (0.000,0.307) (0.000,0.667) (0.000,0.232) (0.000,0.368) (0.000,0.319) (0.000,0.153) (0.000,0.403) (0.000,0.227) (0.000,0.365) (0.000,0.527) (0.000,0.499) (0.000,0.428) (0.000,0.325) (0.000,0.462) 
303      768    (0)   13 :  0.057 0.044 0.054 0.041 0.014 0.093 0.038 0.061 0.030 0.053 0.046 0.020 0.040 0.044 0.039 0.118 0.034 0.054 0.039 0.081     (0.000,0.454) (0.000,0.314) (0.000,0.429) (0.000,0.311) (0.000,0.085) (0.000,0.649) (0.000,0.287) (0.000,0.468) (0.000,0.220) (0.000,0.417) (0.000,0.314) (0.000,0.136) (0.000,0.301) (0.000,0.345) (0.000,0.301) (0.000,0.551) (0.000,0.254) (0.000,0.432) (0.000,0.288) (0.000,0.613) 
304      770    (0)   18 :  0.053 0.018 0.032 0.020 0.009 0.090 0.034 0.096 0.018 0.029 0.019 0.023 0.054 0.101 0.041 0.041 0.142 0.102 0.034 0.043     (0.000,0.424) (0.000,0.127) (0.000,0.222) (0.000,0.125) (0.000,0.051) (0.000,0.657) (0.000,0.236) (0.000,0.714) (0.000,0.123) (0.000,0.188) (0.000,0.133) (0.000,0.167) (0.000,0.420) (0.000,0.741) (0.000,0.316) (0.000,0.301) (0.000,0.814) (0.000,0.746) (0.000,0.236) (0.000,0.320) 
305      771    (0)    7 :  0.064 0.016 0.081 0.039 0.008 0.030 0.182 0.036 0.014 0.064 0.024 0.007 0.017 0.018 0.291 0.008 0.025 0.028 0.015 0.035     (0.000,0.545) (0.000,0.105) (0.000,0.681) (0.000,0.277) (0.000,0.043) (0.000,0.189) (0.000,0.919) (0.000,0.261) (0.000,0.088) (0.000,0.540) (0.000,0.172) (0.000,0.035) (0.000,0.091) (0.000,0.095) (0.000,0.960) (0.000,0.045) (0.000,0.149) (0.000,0.171) (0.000,0.078) (0.000,0.229) 
306      774    (0)    7 :  0.148 0.013 0.043 0.056 0.009 0.114 0.068 0.035 0.010 0.098 0.017 0.006 0.034 0.056 0.102 0.017 0.039 0.054 0.032 0.048     (0.000,0.885) (0.000,0.082) (0.000,0.321) (0.000,0.457) (0.000,0.050) (0.000,0.795) (0.000,0.560) (0.000,0.238) (0.000,0.056) (0.000,0.760) (0.000,0.113) (0.000,0.034) (0.000,0.232) (0.000,0.456) (0.000,0.757) (0.000,0.109) (0.000,0.280) (0.000,0.438) (0.000,0.209) (0.000,0.373) 
307      775    (0)    7 :  0.111 0.021 0.059 0.086 0.011 0.036 0.108 0.038 0.020 0.086 0.031 0.009 0.027 0.032 0.086 0.015 0.081 0.057 0.038 0.050     (0.000,0.791) (0.000,0.146) (0.000,0.483) (0.000,0.662) (0.000,0.058) (0.000,0.256) (0.000,0.766) (0.000,0.273) (0.000,0.137) (0.000,0.681) (0.000,0.232) (0.000,0.050) (0.000,0.167) (0.000,0.214) (0.000,0.646) (0.000,0.095) (0.000,0.628) (0.000,0.464) (0.000,0.269) (0.000,0.397) 
308      776    (0)   16 :  0.010 0.007 0.009 0.009 0.006 0.013 0.008 0.011 0.006 0.010 0.007 0.008 0.013 0.011 0.008 0.824 0.009 0.010 0.011 0.011     (0.000,0.058) (0.000,0.035) (0.000,0.052) (0.000,0.048) (0.000,0.032) (0.000,0.075) (0.000,0.043) (0.000,0.066) (0.000,0.032) (0.000,0.055) (0.000,0.037) (0.000,0.043) (0.000,0.075) (0.000,0.063) (0.000,0.045) (0.500,0.994) (0.000,0.053) (0.000,0.059) (0.000,0.063) (0.000,0.065) 
309      777   (12)   13 :  0.023 0.023 0.030 0.015 0.020 0.022 0.063 0.048 0.029 0.023 0.032 0.205 0.218 0.028 0.027 0.021 0.041 0.037 0.025 0.071     (0.000,0.149) (0.000,0.163) (0.000,0.221) (0.000,0.087) (0.000,0.119) (0.000,0.139) (0.000,0.486) (0.000,0.374) (0.000,0.213) (0.000,0.148) (0.000,0.236) (0.000,0.714) (0.000,0.917) (0.000,0.189) (0.000,0.194) (0.000,0.145) (0.000,0.307) (0.000,0.277) (0.000,0.168) (0.000,0.528) 
310      778    (0)   10 :  0.056 0.012 0.056 0.025 0.013 0.022 0.060 0.058 0.008 0.056 0.011 0.014 0.073 0.107 0.016 0.032 0.053 0.073 0.152 0.104     (0.000,0.457) (0.000,0.074) (0.000,0.453) (0.000,0.153) (0.000,0.069) (0.000,0.125) (0.000,0.487) (0.000,0.467) (0.000,0.047) (0.000,0.452) (0.000,0.067) (0.000,0.084) (0.000,0.589) (0.000,0.789) (0.000,0.092) (0.000,0.240) (0.000,0.420) (0.000,0.614) (0.000,0.884) (0.000,0.776) 
311      787    (0)   14 :  0.044 0.007 0.044 0.037 0.007 0.157 0.024 0.077 0.008 0.026 0.010 0.011 0.041 0.122 0.028 0.024 0.096 0.132 0.037 0.069     (0.000,0.326) (0.000,0.041) (0.000,0.324) (0.000,0.259) (0.000,0.034) (0.000,0.871) (0.000,0.148) (0.000,0.631) (0.000,0.046) (0.000,0.157) (0.000,0.063) (0.000,0.066) (0.000,0.297) (0.000,0.831) (0.000,0.185) (0.000,0.173) (0.000,0.704) (0.000,0.862) (0.000,0.255) (0.000,0.571) 
312      790    (0)   13 :  0.046 0.023 0.042 0.024 0.010 0.048 0.053 0.116 0.026 0.041 0.030 0.022 0.168 0.052 0.035 0.024 0.038 0.062 0.045 0.095     (0.000,0.354) (0.000,0.167) (0.000,0.325) (0.000,0.153) (0.000,0.055) (0.000,0.376) (0.000,0.419) (0.000,0.778) (0.000,0.188) (0.000,0.306) (0.000,0.221) (0.000,0.148) (0.000,0.884) (0.000,0.413) (0.000,0.253) (0.000,0.168) (0.000,0.273) (0.000,0.519) (0.000,0.340) (0.000,0.707) 
313      793    (0)    7 :  0.059 0.020 0.137 0.055 0.009 0.019 0.121 0.038 0.018 0.029 0.024 0.020 0.039 0.054 0.037 0.015 0.073 0.073 0.104 0.059     (0.000,0.479) (0.000,0.134) (0.000,0.838) (0.000,0.433) (0.000,0.048) (0.000,0.107) (0.000,0.784) (0.000,0.268) (0.000,0.125) (0.000,0.189) (0.000,0.177) (0.000,0.126) (0.000,0.284) (0.000,0.434) (0.000,0.263) (0.000,0.092) (0.000,0.580) (0.000,0.605) (0.000,0.758) (0.000,0.482) 
314      802   (12)    7 :  0.141 0.019 0.132 0.012 0.010 0.031 0.102 0.039 0.017 0.062 0.015 0.048 0.107 0.032 0.016 0.012 0.057 0.061 0.030 0.057     (0.000,0.846) (0.000,0.131) (0.000,0.729) (0.000,0.065) (0.000,0.055) (0.000,0.209) (0.000,0.719) (0.000,0.291) (0.000,0.116) (0.000,0.505) (0.000,0.104) (0.000,0.337) (0.000,0.663) (0.000,0.222) (0.000,0.096) (0.000,0.071) (0.000,0.447) (0.000,0.502) (0.000,0.201) (0.000,0.453) 
315      803   (12)   18 :  0.054 0.006 0.043 0.051 0.007 0.092 0.016 0.115 0.007 0.040 0.006 0.024 0.017 0.087 0.015 0.006 0.240 0.076 0.019 0.078     (0.000,0.429) (0.000,0.033) (0.000,0.313) (0.000,0.400) (0.000,0.038) (0.000,0.663) (0.000,0.089) (0.000,0.805) (0.000,0.037) (0.000,0.294) (0.000,0.036) (0.000,0.170) (0.000,0.097) (0.000,0.701) (0.000,0.091) (0.000,0.034) (0.000,0.938) (0.000,0.636) (0.000,0.108) (0.000,0.600) 
316      804   (12)   20 :  0.071 0.008 0.038 0.043 0.016 0.134 0.038 0.066 0.014 0.070 0.011 0.013 0.083 0.074 0.037 0.007 0.059 0.074 0.033 0.112     (0.000,0.595) (0.000,0.047) (0.000,0.268) (0.000,0.320) (0.000,0.096) (0.000,0.831) (0.000,0.265) (0.000,0.541) (0.000,0.090) (0.000,0.589) (0.000,0.063) (0.000,0.078) (0.000,0.665) (0.000,0.620) (0.000,0.266) (0.000,0.039) (0.000,0.481) (0.000,0.619) (0.000,0.219) (0.000,0.794) 
317      805   (12)    7 :  0.030 0.006 0.098 0.069 0.012 0.038 0.050 0.186 0.005 0.066 0.006 0.010 0.069 0.041 0.072 0.006 0.081 0.047 0.041 0.067     (0.000,0.183) (0.000,0.030) (0.000,0.778) (0.000,0.578) (0.000,0.060) (0.000,0.271) (0.000,0.394) (0.000,0.929) (0.000,0.028) (0.000,0.567) (0.000,0.030) (0.000,0.055) (0.000,0.585) (0.000,0.294) (0.000,0.600) (0.000,0.034) (0.000,0.666) (0.000,0.353) (0.000,0.290) (0.000,0.568) 
318      806    (0)    7 :  0.062 0.011 0.102 0.025 0.010 0.015 0.293 0.058 0.007 0.027 0.006 0.016 0.020 0.046 0.104 0.013 0.034 0.042 0.062 0.047     (0.000,0.518) (0.000,0.064) (0.000,0.773) (0.000,0.149) (0.000,0.051) (0.000,0.085) (0.000,0.963) (0.000,0.470) (0.000,0.037) (0.000,0.171) (0.000,0.033) (0.000,0.095) (0.000,0.115) (0.000,0.355) (0.000,0.767) (0.000,0.077) (0.000,0.234) (0.000,0.302) (0.000,0.510) (0.000,0.355) 
319      807   (12)   18 :  0.034 0.007 0.064 0.031 0.010 0.030 0.038 0.120 0.005 0.055 0.005 0.008 0.041 0.107 0.074 0.013 0.140 0.074 0.089 0.055     (0.000,0.221) (0.000,0.039) (0.000,0.534) (0.000,0.201) (0.000,0.051) (0.000,0.197) (0.000,0.267) (0.000,0.829) (0.000,0.029) (0.000,0.442) (0.000,0.029) (0.000,0.045) (0.000,0.289) (0.000,0.807) (0.000,0.612) (0.000,0.081) (0.000,0.874) (0.000,0.627) (0.000,0.722) (0.000,0.453) 
320      810   (12)   14 :  0.030 0.009 0.057 0.091 0.010 0.025 0.026 0.042 0.008 0.043 0.008 0.011 0.040 0.090 0.034 0.011 0.251 0.065 0.102 0.046     (0.000,0.187) (0.000,0.048) (0.000,0.476) (0.000,0.734) (0.000,0.051) (0.000,0.147) (0.000,0.161) (0.000,0.305) (0.000,0.043) (0.000,0.321) (0.000,0.046) (0.000,0.059) (0.000,0.286) (0.000,0.739) (0.000,0.232) (0.000,0.064) (0.000,0.956) (0.000,0.556) (0.000,0.789) (0.000,0.346) 
321      811   (12)    1 :  0.173 0.011 0.067 0.064 0.007 0.051 0.040 0.045 0.011 0.127 0.010 0.007 0.018 0.045 0.087 0.007 0.028 0.047 0.027 0.129     (0.000,0.914) (0.000,0.063) (0.000,0.558) (0.000,0.526) (0.000,0.035) (0.000,0.399) (0.000,0.291) (0.000,0.333) (0.000,0.064) (0.000,0.835) (0.000,0.058) (0.000,0.036) (0.000,0.101) (0.000,0.339) (0.000,0.655) (0.000,0.036) (0.000,0.179) (0.000,0.357) (0.000,0.164) (0.000,0.843) 
322      812   (25)    9 :  0.056 0.105 0.039 0.034 0.008 0.040 0.057 0.029 0.193 0.030 0.068 0.020 0.025 0.042 0.078 0.009 0.033 0.045 0.039 0.051     (0.000,0.434) (0.000,0.577) (0.000,0.292) (0.000,0.254) (0.000,0.044) (0.000,0.309) (0.000,0.444) (0.000,0.198) (0.000,0.706) (0.000,0.213) (0.000,0.460) (0.000,0.124) (0.000,0.165) (0.000,0.314) (0.000,0.537) (0.000,0.049) (0.000,0.241) (0.000,0.352) (0.000,0.298) (0.000,0.401) 
323      813   (25)   18 :  0.099 0.014 0.037 0.034 0.009 0.117 0.044 0.064 0.014 0.050 0.011 0.010 0.045 0.064 0.087 0.015 0.032 0.085 0.064 0.105     (0.000,0.773) (0.000,0.080) (0.000,0.255) (0.000,0.230) (0.000,0.045) (0.000,0.820) (0.000,0.330) (0.000,0.541) (0.000,0.082) (0.000,0.390) (0.000,0.059) (0.000,0.052) (0.000,0.340) (0.000,0.542) (0.000,0.713) (0.000,0.081) (0.000,0.205) (0.000,0.706) (0.000,0.541) (0.000,0.793) 
324      814   (25)   13 :  0.047 0.028 0.039 0.028 0.053 0.039 0.081 0.043 0.023 0.047 0.036 0.227 0.047 0.029 0.051 0.021 0.022 0.044 0.045 0.051     (0.000,0.365) (0.000,0.203) (0.000,0.299) (0.000,0.196) (0.000,0.372) (0.000,0.301) (0.000,0.577) (0.000,0.331) (0.000,0.165) (0.000,0.371) (0.000,0.269) (0.000,0.651) (0.000,0.365) (0.000,0.201) (0.000,0.402) (0.000,0.149) (0.000,0.138) (0.000,0.333) (0.000,0.340) (0.000,0.394) 
325      815   (25)   19 :  0.026 0.006 0.028 0.029 0.010 0.217 0.014 0.041 0.005 0.027 0.006 0.010 0.252 0.056 0.060 0.014 0.072 0.048 0.037 0.042     (0.000,0.162) (0.000,0.032) (0.000,0.176) (0.000,0.195) (0.000,0.050) (0.000,0.937) (0.000,0.074) (0.000,0.300) (0.000,0.028) (0.000,0.176) (0.000,0.033) (0.000,0.052) (0.000,0.953) (0.000,0.463) (0.000,0.486) (0.000,0.082) (0.000,0.598) (0.000,0.373) (0.000,0.258) (0.000,0.304) 
326      816   (25)   20 :  0.048 0.023 0.126 0.065 0.019 0.019 0.136 0.020 0.033 0.225 0.028 0.033 0.016 0.017 0.025 0.007 0.102 0.022 0.019 0.019     (0.000,0.368) (0.000,0.167) (0.000,0.773) (0.000,0.540) (0.000,0.125) (0.000,0.116) (0.000,0.830) (0.000,0.118) (0.000,0.243) (0.000,0.935) (0.000,0.203) (0.000,0.233) (0.000,0.089) (0.000,0.096) (0.000,0.168) (0.000,0.035) (0.000,0.710) (0.000,0.130) (0.000,0.108) (0.000,0.104) 
327      818    (0)   17 :  0.059 0.006 0.101 0.031 0.006 0.012 0.053 0.061 0.006 0.225 0.006 0.008 0.025 0.041 0.012 0.006 0.229 0.036 0.024 0.053     (0.000,0.477) (0.000,0.034) (0.000,0.753) (0.000,0.203) (0.000,0.031) (0.000,0.070) (0.000,0.423) (0.000,0.486) (0.000,0.031) (0.000,0.940) (0.000,0.031) (0.000,0.046) (0.000,0.157) (0.000,0.298) (0.000,0.069) (0.000,0.034) (0.000,0.946) (0.000,0.246) (0.000,0.143) (0.000,0.412) 
328      822   (25)    7 :  0.027 0.012 0.105 0.023 0.014 0.009 0.398 0.025 0.008 0.165 0.013 0.011 0.014 0.012 0.021 0.010 0.088 0.017 0.014 0.014     (0.000,0.159) (0.000,0.075) (0.000,0.789) (0.000,0.126) (0.000,0.078) (0.000,0.048) (0.000,0.981) (0.000,0.159) (0.000,0.041) (0.000,0.914) (0.000,0.086) (0.000,0.059) (0.000,0.070) (0.000,0.062) (0.000,0.129) (0.000,0.058) (0.000,0.704) (0.000,0.090) (0.000,0.075) (0.000,0.071) 
329      824   (12)   17 :  0.066 0.006 0.095 0.029 0.007 0.013 0.066 0.058 0.005 0.332 0.005 0.007 0.019 0.032 0.019 0.006 0.150 0.029 0.018 0.037     (0.000,0.552) (0.000,0.031) (0.000,0.735) (0.000,0.184) (0.000,0.035) (0.000,0.071) (0.000,0.535) (0.000,0.466) (0.000,0.027) (0.000,0.972) (0.000,0.027) (0.000,0.036) (0.000,0.115) (0.000,0.210) (0.000,0.121) (0.000,0.032) (0.000,0.887) (0.000,0.182) (0.000,0.099) (0.000,0.260) 
330      825    (0)    7 :  0.053 0.031 0.114 0.101 0.015 0.024 0.164 0.037 0.021 0.053 0.011 0.018 0.059 0.082 0.035 0.006 0.043 0.058 0.049 0.024     (0.000,0.422) (0.000,0.228) (0.000,0.731) (0.000,0.701) (0.000,0.094) (0.000,0.158) (0.000,0.879) (0.000,0.275) (0.000,0.155) (0.000,0.421) (0.000,0.065) (0.000,0.111) (0.000,0.465) (0.000,0.633) (0.000,0.257) (0.000,0.031) (0.000,0.328) (0.000,0.454) (0.000,0.385) (0.000,0.152) 
331      826    (0)    7 :  0.041 0.026 0.209 0.070 0.014 0.017 0.136 0.042 0.023 0.061 0.018 0.022 0.033 0.060 0.036 0.006 0.066 0.033 0.058 0.031     (0.000,0.294) (0.000,0.192) (0.000,0.921) (0.000,0.556) (0.000,0.083) (0.000,0.095) (0.000,0.843) (0.000,0.318) (0.000,0.165) (0.000,0.493) (0.000,0.125) (0.000,0.138) (0.000,0.223) (0.000,0.481) (0.000,0.258) (0.000,0.033) (0.000,0.528) (0.000,0.221) (0.000,0.468) (0.000,0.204) 
332      834   (12)    5 :  0.077 0.012 0.053 0.069 0.011 0.021 0.136 0.033 0.007 0.256 0.012 0.026 0.031 0.026 0.023 0.007 0.100 0.035 0.026 0.038     (0.000,0.631) (0.000,0.077) (0.000,0.429) (0.000,0.544) (0.000,0.060) (0.000,0.124) (0.000,0.850) (0.000,0.232) (0.000,0.039) (0.000,0.955) (0.000,0.071) (0.000,0.187) (0.000,0.205) (0.000,0.161) (0.000,0.144) (0.000,0.040) (0.000,0.700) (0.000,0.238) (0.000,0.161) (0.000,0.272) 
333      842    (0)    2 :  0.007 0.348 0.010 0.007 0.009 0.062 0.007 0.005 0.286 0.007 0.174 0.017 0.005 0.010 0.006 0.012 0.005 0.009 0.006 0.007     (0.000,0.040) (0.000,0.964) (0.000,0.061) (0.000,0.041) (0.000,0.055) (0.000,0.282) (0.000,0.040) (0.000,0.029) (0.000,0.923) (0.000,0.038) (0.000,0.880) (0.000,0.090) (0.000,0.029) (0.000,0.065) (0.000,0.034) (0.000,0.081) (0.000,0.024) (0.000,0.057) (0.000,0.033) (0.000,0.038) 
334      846    (0)    2 :  0.009 0.559 0.005 0.009 0.005 0.007 0.007 0.005 0.271 0.007 0.037 0.026 0.008 0.008 0.006 0.006 0.006 0.008 0.007 0.006     (0.000,0.045) (0.000,0.993) (0.000,0.029) (0.000,0.049) (0.000,0.025) (0.000,0.037) (0.000,0.038) (0.000,0.029) (0.000,0.974) (0.000,0.036) (0.000,0.260) (0.000,0.149) (0.000,0.041) (0.000,0.041) (0.000,0.033) (0.000,0.029) (0.000,0.032) (0.000,0.040) (0.000,0.036) (0.000,0.034) 
335      849    (0)    9 :  0.007 0.269 0.006 0.009 0.004 0.006 0.006 0.005 0.305 0.007 0.316 0.012 0.005 0.006 0.006 0.005 0.005 0.006 0.006 0.007     (0.000,0.038) (0.000,0.977) (0.000,0.033) (0.000,0.048) (0.000,0.021) (0.000,0.034) (0.000,0.033) (0.000,0.029) (0.000,0.981) (0.000,0.036) (0.000,0.983) (0.000,0.068) (0.000,0.029) (0.000,0.033) (0.000,0.033) (0.000,0.025) (0.000,0.029) (0.000,0.032) (0.000,0.033) (0.000,0.035) 
336      855    (0)    9 :  0.007 0.330 0.005 0.007 0.019 0.006 0.007 0.006 0.212 0.006 0.329 0.013 0.007 0.008 0.006 0.006 0.005 0.006 0.007 0.006     (0.000,0.039) (0.000,0.981) (0.000,0.028) (0.000,0.037) (0.000,0.137) (0.000,0.032) (0.000,0.034) (0.000,0.030) (0.000,0.956) (0.000,0.033) (0.000,0.980) (0.000,0.073) (0.000,0.037) (0.000,0.041) (0.000,0.034) (0.000,0.033) (0.000,0.028) (0.000,0.034) (0.000,0.038) (0.000,0.033) 
337      860    (0)    3 :  0.044 0.009 0.247 0.083 0.007 0.025 0.035 0.029 0.010 0.176 0.008 0.012 0.034 0.041 0.028 0.006 0.045 0.067 0.046 0.049     (0.000,0.323) (0.000,0.050) (0.000,0.935) (0.000,0.653) (0.000,0.038) (0.000,0.162) (0.000,0.248) (0.000,0.193) (0.000,0.059) (0.000,0.901) (0.000,0.042) (0.000,0.070) (0.000,0.230) (0.000,0.300) (0.000,0.192) (0.000,0.034) (0.000,0.340) (0.000,0.550) (0.000,0.353) (0.000,0.378) 
338      864    (0)   18 :  0.035 0.009 0.078 0.137 0.007 0.024 0.061 0.053 0.008 0.132 0.008 0.029 0.041 0.033 0.051 0.010 0.106 0.066 0.061 0.052     (0.000,0.241) (0.000,0.050) (0.000,0.624) (0.000,0.849) (0.000,0.036) (0.000,0.148) (0.000,0.497) (0.000,0.419) (0.000,0.043) (0.000,0.845) (0.000,0.045) (0.000,0.202) (0.000,0.302) (0.000,0.217) (0.000,0.392) (0.000,0.057) (0.000,0.736) (0.000,0.551) (0.000,0.496) (0.000,0.408) 
339      866    (0)    3 :  0.084 0.031 0.078 0.057 0.009 0.047 0.056 0.042 0.032 0.085 0.029 0.025 0.038 0.058 0.033 0.010 0.037 0.110 0.068 0.071     (0.000,0.568) (0.000,0.228) (0.000,0.533) (0.000,0.418) (0.000,0.046) (0.000,0.340) (0.000,0.401) (0.000,0.305) (0.000,0.237) (0.000,0.573) (0.000,0.213) (0.000,0.171) (0.000,0.266) (0.000,0.407) (0.000,0.234) (0.000,0.056) (0.000,0.266) (0.000,0.636) (0.000,0.464) (0.000,0.493) 
340      868    (0)   12 :  0.016 0.008 0.036 0.020 0.007 0.011 0.017 0.013 0.007 0.021 0.007 0.684 0.011 0.020 0.008 0.013 0.043 0.020 0.026 0.012     (0.000,0.097) (0.000,0.046) (0.000,0.264) (0.000,0.136) (0.000,0.041) (0.000,0.062) (0.000,0.106) (0.000,0.074) (0.000,0.039) (0.000,0.135) (0.000,0.037) (0.194,0.985) (0.000,0.059) (0.000,0.125) (0.000,0.047) (0.000,0.084) (0.000,0.322) (0.000,0.120) (0.000,0.176) (0.000,0.070) 
341      869    (0)    3 :  0.071 0.009 0.248 0.055 0.009 0.036 0.054 0.042 0.013 0.097 0.008 0.034 0.033 0.046 0.014 0.006 0.057 0.073 0.028 0.063     (0.000,0.568) (0.000,0.055) (0.000,0.923) (0.000,0.431) (0.000,0.050) (0.000,0.267) (0.000,0.419) (0.000,0.318) (0.000,0.087) (0.000,0.676) (0.000,0.046) (0.000,0.255) (0.000,0.229) (0.000,0.352) (0.000,0.082) (0.000,0.033) (0.000,0.425) (0.000,0.593) (0.000,0.183) (0.000,0.503) 
342      872    (0)    3 :  0.050 0.020 0.361 0.053 0.020 0.012 0.075 0.026 0.021 0.050 0.013 0.015 0.020 0.045 0.031 0.006 0.035 0.059 0.058 0.029     (0.000,0.383) (0.000,0.140) (0.000,0.949) (0.000,0.420) (0.000,0.139) (0.000,0.066) (0.000,0.556) (0.000,0.176) (0.000,0.151) (0.000,0.381) (0.000,0.078) (0.000,0.092) (0.000,0.117) (0.000,0.336) (0.000,0.219) (0.000,0.034) (0.000,0.257) (0.000,0.479) (0.000,0.447) (0.000,0.192) 
343      873    (0)    3 :  0.036 0.017 0.428 0.085 0.007 0.012 0.052 0.021 0.026 0.049 0.014 0.025 0.018 0.025 0.019 0.007 0.046 0.044 0.037 0.032     (0.000,0.253) (0.000,0.117) (0.000,0.972) (0.000,0.660) (0.000,0.037) (0.000,0.065) (0.000,0.407) (0.000,0.131) (0.000,0.191) (0.000,0.384) (0.000,0.093) (0.000,0.168) (0.000,0.103) (0.000,0.156) (0.000,0.120) (0.000,0.036) (0.000,0.348) (0.000,0.326) (0.000,0.266) (0.000,0.211) 
344      878    (0)   18 :  0.047 0.018 0.053 0.086 0.009 0.037 0.048 0.072 0.024 0.089 0.018 0.031 0.087 0.040 0.035 0.012 0.179 0.047 0.033 0.036     (0.000,0.362) (0.000,0.127) (0.000,0.416) (0.000,0.638) (0.000,0.051) (0.000,0.267) (0.000,0.371) (0.000,0.578) (0.000,0.174) (0.000,0.680) (0.000,0.127) (0.000,0.221) (0.000,0.652) (0.000,0.291) (0.000,0.250) (0.000,0.074) (0.000,0.890) (0.000,0.361) (0.000,0.223) (0.000,0.253) 
345      880    (0)    1 :  0.100 0.009 0.116 0.084 0.007 0.079 0.037 0.034 0.012 0.117 0.006 0.012 0.106 0.039 0.018 0.007 0.018 0.118 0.029 0.052     (0.000,0.755) (0.000,0.055) (0.000,0.696) (0.000,0.633) (0.000,0.036) (0.000,0.571) (0.000,0.262) (0.000,0.248) (0.000,0.075) (0.000,0.756) (0.000,0.031) (0.000,0.066) (0.000,0.751) (0.000,0.279) (0.000,0.107) (0.000,0.038) (0.000,0.109) (0.000,0.803) (0.000,0.192) (0.000,0.405) 
346      887    (0)   14 :  0.040 0.006 0.047 0.045 0.007 0.130 0.023 0.049 0.005 0.083 0.006 0.015 0.219 0.054 0.033 0.010 0.073 0.059 0.049 0.048     (0.000,0.289) (0.000,0.032) (0.000,0.354) (0.000,0.339) (0.000,0.035) (0.000,0.790) (0.000,0.145) (0.000,0.382) (0.000,0.027) (0.000,0.624) (0.000,0.031) (0.000,0.091) (0.000,0.937) (0.000,0.429) (0.000,0.229) (0.000,0.054) (0.000,0.572) (0.000,0.482) (0.000,0.376) (0.000,0.367) 
347      888    (0)    3 :  0.065 0.015 0.082 0.042 0.008 0.090 0.057 0.031 0.009 0.085 0.010 0.043 0.091 0.062 0.057 0.014 0.033 0.059 0.076 0.069     (0.000,0.533) (0.000,0.097) (0.000,0.613) (0.000,0.313) (0.000,0.044) (0.000,0.620) (0.000,0.451) (0.000,0.206) (0.000,0.055) (0.000,0.631) (0.000,0.061) (0.000,0.325) (0.000,0.648) (0.000,0.493) (0.000,0.429) (0.000,0.090) (0.000,0.237) (0.000,0.479) (0.000,0.597) (0.000,0.555) 
348      891    (0)    7 :  0.077 0.023 0.096 0.075 0.006 0.052 0.056 0.030 0.018 0.132 0.020 0.036 0.048 0.052 0.028 0.011 0.045 0.058 0.077 0.061     (0.000,0.633) (0.000,0.164) (0.000,0.710) (0.000,0.596) (0.000,0.033) (0.000,0.408) (0.000,0.444) (0.000,0.198) (0.000,0.124) (0.000,0.834) (0.000,0.138) (0.000,0.258) (0.000,0.376) (0.000,0.416) (0.000,0.185) (0.000,0.059) (0.000,0.337) (0.000,0.479) (0.000,0.628) (0.000,0.497) 
349      895   (12)   13 :  0.033 0.009 0.059 0.023 0.011 0.014 0.180 0.081 0.009 0.052 0.008 0.076 0.035 0.023 0.046 0.010 0.188 0.056 0.024 0.064     (0.000,0.222) (0.000,0.053) (0.000,0.469) (0.000,0.141) (0.000,0.058) (0.000,0.080) (0.000,0.903) (0.000,0.612) (0.000,0.049) (0.000,0.419) (0.000,0.045) (0.000,0.429) (0.000,0.246) (0.000,0.137) (0.000,0.355) (0.000,0.055) (0.000,0.899) (0.000,0.446) (0.000,0.148) (0.000,0.500) 
350      896    (0)   17 :  0.016 0.007 0.086 0.022 0.009 0.016 0.028 0.043 0.006 0.265 0.006 0.009 0.050 0.036 0.018 0.013 0.135 0.116 0.094 0.024     (0.000,0.090) (0.000,0.039) (0.000,0.670) (0.000,0.135) (0.000,0.044) (0.000,0.092) (0.000,0.180) (0.000,0.326) (0.000,0.034) (0.000,0.951) (0.000,0.031) (0.000,0.047) (0.000,0.390) (0.000,0.259) (0.000,0.110) (0.000,0.085) (0.000,0.842) (0.000,0.806) (0.000,0.712) (0.000,0.151) 
351      901    (0)    1 :  0.086 0.030 0.089 0.043 0.015 0.138 0.067 0.025 0.078 0.087 0.039 0.031 0.032 0.036 0.045 0.013 0.045 0.037 0.028 0.035     (0.000,0.652) (0.000,0.223) (0.000,0.618) (0.000,0.334) (0.000,0.096) (0.000,0.785) (0.000,0.508) (0.000,0.169) (0.000,0.429) (0.000,0.624) (0.000,0.282) (0.000,0.227) (0.000,0.221) (0.000,0.262) (0.000,0.348) (0.000,0.086) (0.000,0.350) (0.000,0.273) (0.000,0.185) (0.000,0.253) 
352      904    (0)    3 :  0.038 0.011 0.212 0.141 0.006 0.035 0.028 0.055 0.011 0.087 0.014 0.014 0.085 0.030 0.028 0.013 0.066 0.049 0.033 0.044     (0.000,0.266) (0.000,0.067) (0.000,0.924) (0.000,0.857) (0.000,0.031) (0.000,0.255) (0.000,0.182) (0.000,0.442) (0.000,0.064) (0.000,0.687) (0.000,0.093) (0.000,0.076) (0.000,0.656) (0.000,0.199) (0.000,0.184) (0.000,0.077) (0.000,0.527) (0.000,0.385) (0.000,0.226) (0.000,0.331) 
353      905    (0)    1 :  0.076 0.009 0.066 0.082 0.013 0.094 0.111 0.030 0.008 0.094 0.008 0.014 0.073 0.056 0.066 0.007 0.067 0.044 0.034 0.050     (0.000,0.608) (0.000,0.055) (0.000,0.515) (0.000,0.609) (0.000,0.075) (0.000,0.637) (0.000,0.731) (0.000,0.197) (0.000,0.043) (0.000,0.678) (0.000,0.044) (0.000,0.088) (0.000,0.545) (0.000,0.440) (0.000,0.493) (0.000,0.038) (0.000,0.516) (0.000,0.325) (0.000,0.241) (0.000,0.382) 
354      910    (0)   12 :  0.029 0.117 0.058 0.084 0.007 0.015 0.032 0.017 0.133 0.042 0.081 0.113 0.023 0.046 0.013 0.024 0.046 0.033 0.058 0.031     (0.000,0.200) (0.000,0.587) (0.000,0.423) (0.000,0.564) (0.000,0.038) (0.000,0.089) (0.000,0.233) (0.000,0.102) (0.000,0.578) (0.000,0.322) (0.000,0.491) (0.000,0.734) (0.000,0.154) (0.000,0.351) (0.000,0.074) (0.000,0.176) (0.000,0.337) (0.000,0.241) (0.000,0.435) (0.000,0.223) 
355      912    (0)   17 :  0.049 0.015 0.033 0.019 0.008 0.028 0.034 0.046 0.014 0.059 0.013 0.034 0.265 0.066 0.010 0.015 0.149 0.049 0.049 0.047     (0.000,0.381) (0.000,0.096) (0.000,0.227) (0.000,0.110) (0.000,0.043) (0.000,0.178) (0.000,0.225) (0.000,0.354) (0.000,0.095) (0.000,0.477) (0.000,0.086) (0.000,0.251) (0.000,0.950) (0.000,0.550) (0.000,0.053) (0.000,0.087) (0.000,0.872) (0.000,0.385) (0.000,0.390) (0.000,0.360) 
356      913    (0)   13 :  0.031 0.010 0.029 0.020 0.007 0.015 0.034 0.032 0.011 0.039 0.010 0.017 0.118 0.047 0.013 0.016 0.450 0.045 0.031 0.026     (0.000,0.195) (0.000,0.058) (0.000,0.191) (0.000,0.116) (0.000,0.036) (0.000,0.079) (0.000,0.233) (0.000,0.203) (0.000,0.066) (0.000,0.279) (0.000,0.064) (0.000,0.114) (0.000,0.807) (0.000,0.362) (0.000,0.070) (0.000,0.098) (0.000,0.982) (0.000,0.337) (0.000,0.197) (0.000,0.153) 
357      917    (0)    8 :  0.038 0.005 0.074 0.040 0.006 0.025 0.060 0.073 0.004 0.071 0.005 0.007 0.045 0.062 0.044 0.012 0.299 0.060 0.041 0.030     (0.000,0.262) (0.000,0.027) (0.000,0.615) (0.000,0.285) (0.000,0.032) (0.000,0.155) (0.000,0.488) (0.000,0.599) (0.000,0.024) (0.000,0.592) (0.000,0.026) (0.000,0.040) (0.000,0.335) (0.000,0.513) (0.000,0.331) (0.000,0.071) (0.000,0.967) (0.000,0.496) (0.000,0.295) (0.000,0.190) 
358      925    (0)   14 :  0.096 0.018 0.068 0.079 0.011 0.026 0.050 0.056 0.013 0.121 0.017 0.099 0.016 0.063 0.012 0.034 0.038 0.048 0.040 0.095     (0.000,0.700) (0.000,0.121) (0.000,0.526) (0.000,0.587) (0.000,0.062) (0.000,0.178) (0.000,0.384) (0.000,0.425) (0.000,0.085) (0.000,0.721) (0.000,0.120) (0.000,0.578) (0.000,0.092) (0.000,0.494) (0.000,0.064) (0.000,0.253) (0.000,0.283) (0.000,0.367) (0.000,0.293) (0.000,0.672) 
359      930    (0)   14 :  0.080 0.009 0.080 0.056 0.009 0.043 0.074 0.042 0.007 0.134 0.011 0.015 0.066 0.068 0.024 0.051 0.038 0.057 0.088 0.049     (0.000,0.655) (0.000,0.050) (0.000,0.628) (0.000,0.444) (0.000,0.049) (0.000,0.326) (0.000,0.596) (0.000,0.315) (0.000,0.036) (0.000,0.845) (0.000,0.063) (0.000,0.093) (0.000,0.544) (0.000,0.566) (0.000,0.149) (0.000,0.377) (0.000,0.280) (0.000,0.461) (0.000,0.697) (0.000,0.379) 
360      934   (12)    3 :  0.029 0.006 0.099 0.086 0.010 0.031 0.039 0.106 0.006 0.116 0.006 0.023 0.064 0.035 0.025 0.010 0.143 0.052 0.066 0.049     (0.000,0.182) (0.000,0.034) (0.000,0.748) (0.000,0.689) (0.000,0.051) (0.000,0.208) (0.000,0.273) (0.000,0.776) (0.000,0.032) (0.000,0.816) (0.000,0.033) (0.000,0.136) (0.000,0.534) (0.000,0.236) (0.000,0.151) (0.000,0.057) (0.000,0.863) (0.000,0.414) (0.000,0.550) (0.000,0.378) 
361      935   (12)   15 :  0.061 0.017 0.060 0.059 0.020 0.018 0.134 0.027 0.007 0.149 0.010 0.156 0.027 0.034 0.018 0.035 0.026 0.027 0.075 0.040     (0.000,0.509) (0.000,0.099) (0.000,0.482) (0.000,0.477) (0.000,0.124) (0.000,0.106) (0.000,0.846) (0.000,0.173) (0.000,0.038) (0.000,0.873) (0.000,0.053) (0.000,0.879) (0.000,0.170) (0.000,0.229) (0.000,0.098) (0.000,0.263) (0.000,0.177) (0.000,0.167) (0.000,0.608) (0.000,0.290) 
362      936   (12)   14 :  0.075 0.008 0.068 0.073 0.007 0.083 0.039 0.061 0.007 0.150 0.008 0.013 0.080 0.060 0.031 0.015 0.068 0.059 0.050 0.045     (0.000,0.627) (0.000,0.041) (0.000,0.547) (0.000,0.598) (0.000,0.038) (0.000,0.646) (0.000,0.274) (0.000,0.504) (0.000,0.037) (0.000,0.888) (0.000,0.045) (0.000,0.072) (0.000,0.660) (0.000,0.495) (0.000,0.208) (0.000,0.091) (0.000,0.559) (0.000,0.493) (0.000,0.395) (0.000,0.341) 
363      937   (25)   18 :  0.041 0.012 0.064 0.059 0.015 0.043 0.082 0.066 0.016 0.086 0.016 0.034 0.169 0.037 0.034 0.007 0.121 0.038 0.026 0.035     (0.000,0.302) (0.000,0.076) (0.000,0.506) (0.000,0.472) (0.000,0.086) (0.000,0.324) (0.000,0.647) (0.000,0.542) (0.000,0.106) (0.000,0.676) (0.000,0.103) (0.000,0.253) (0.000,0.892) (0.000,0.258) (0.000,0.249) (0.000,0.040) (0.000,0.807) (0.000,0.264) (0.000,0.156) (0.000,0.237) 
364      938    (0)   10 :  0.051 0.009 0.052 0.064 0.011 0.037 0.065 0.174 0.007 0.060 0.007 0.012 0.067 0.045 0.177 0.012 0.035 0.045 0.031 0.041     (0.000,0.401) (0.000,0.047) (0.000,0.417) (0.000,0.517) (0.000,0.064) (0.000,0.263) (0.000,0.532) (0.000,0.905) (0.000,0.038) (0.000,0.498) (0.000,0.041) (0.000,0.070) (0.000,0.554) (0.000,0.334) (0.000,0.906) (0.000,0.067) (0.000,0.236) (0.000,0.332) (0.000,0.198) (0.000,0.293) 
365      939    (0)   13 :  0.040 0.042 0.078 0.178 0.012 0.037 0.057 0.048 0.046 0.041 0.051 0.024 0.052 0.067 0.077 0.006 0.022 0.038 0.034 0.051     (0.000,0.285) (0.000,0.319) (0.000,0.619) (0.000,0.894) (0.000,0.074) (0.000,0.266) (0.000,0.454) (0.000,0.370) (0.000,0.338) (0.000,0.304) (0.000,0.373) (0.000,0.162) (0.000,0.409) (0.000,0.532) (0.000,0.576) (0.000,0.033) (0.000,0.132) (0.000,0.269) (0.000,0.231) (0.000,0.396) 
366      941    (0)   19 :  0.029 0.014 0.027 0.042 0.022 0.025 0.038 0.030 0.019 0.025 0.018 0.023 0.116 0.060 0.026 0.008 0.046 0.157 0.249 0.027     (0.000,0.195) (0.000,0.091) (0.000,0.180) (0.000,0.315) (0.000,0.148) (0.000,0.168) (0.000,0.278) (0.000,0.208) (0.000,0.131) (0.000,0.161) (0.000,0.128) (0.000,0.161) (0.000,0.705) (0.000,0.468) (0.000,0.173) (0.000,0.046) (0.000,0.359) (0.000,0.816) (0.000,0.893) (0.000,0.173) 
367      943    (0)    7 :  0.112 0.007 0.063 0.090 0.088 0.016 0.127 0.030 0.005 0.140 0.007 0.011 0.024 0.027 0.098 0.004 0.048 0.025 0.034 0.043     (0.000,0.745) (0.000,0.040) (0.000,0.485) (0.000,0.630) (0.000,0.439) (0.000,0.094) (0.000,0.707) (0.000,0.208) (0.000,0.028) (0.000,0.751) (0.000,0.037) (0.000,0.064) (0.000,0.158) (0.000,0.183) (0.000,0.644) (0.000,0.021) (0.000,0.365) (0.000,0.160) (0.000,0.243) (0.000,0.320) 
368      946    (0)    1 :  0.050 0.021 0.104 0.047 0.016 0.023 0.090 0.056 0.017 0.047 0.018 0.012 0.073 0.148 0.039 0.006 0.094 0.045 0.054 0.041     (0.000,0.391) (0.000,0.148) (0.000,0.763) (0.000,0.356) (0.000,0.095) (0.000,0.141) (0.000,0.697) (0.000,0.452) (0.000,0.122) (0.000,0.359) (0.000,0.122) (0.000,0.068) (0.000,0.582) (0.000,0.869) (0.000,0.286) (0.000,0.030) (0.000,0.707) (0.000,0.343) (0.000,0.431) (0.000,0.306) 
369      947    (0)   20 :  0.047 0.032 0.063 0.036 0.023 0.081 0.043 0.114 0.032 0.031 0.026 0.031 0.108 0.086 0.043 0.033 0.030 0.044 0.042 0.057     (0.000,0.363) (0.000,0.230) (0.000,0.504) (0.000,0.259) (0.000,0.156) (0.000,0.591) (0.000,0.329) (0.000,0.722) (0.000,0.232) (0.000,0.208) (0.000,0.186) (0.000,0.224) (0.000,0.746) (0.000,0.636) (0.000,0.327) (0.000,0.230) (0.000,0.199) (0.000,0.336) (0.000,0.317) (0.000,0.460) 
370      948    (0)   14 :  0.040 0.007 0.079 0.067 0.012 0.029 0.041 0.085 0.007 0.037 0.007 0.007 0.199 0.083 0.043 0.007 0.109 0.058 0.039 0.044     (0.000,0.289) (0.000,0.039) (0.000,0.627) (0.000,0.527) (0.000,0.073) (0.000,0.192) (0.000,0.303) (0.000,0.679) (0.000,0.038) (0.000,0.261) (0.000,0.039) (0.000,0.036) (0.000,0.918) (0.000,0.648) (0.000,0.323) (0.000,0.038) (0.000,0.779) (0.000,0.473) (0.000,0.279) (0.000,0.328) 
371      950    (0)   13 :  0.040 0.010 0.072 0.122 0.015 0.039 0.058 0.100 0.010 0.041 0.010 0.011 0.091 0.113 0.058 0.007 0.070 0.046 0.041 0.044     (0.000,0.288) (0.000,0.058) (0.000,0.602) (0.000,0.827) (0.000,0.087) (0.000,0.288) (0.000,0.469) (0.000,0.752) (0.000,0.063) (0.000,0.305) (0.000,0.061) (0.000,0.063) (0.000,0.717) (0.000,0.806) (0.000,0.460) (0.000,0.035) (0.000,0.577) (0.000,0.347) (0.000,0.300) (0.000,0.331) 
372      955    (0)   14 :  0.030 0.007 0.079 0.047 0.012 0.024 0.094 0.193 0.007 0.034 0.007 0.010 0.094 0.082 0.078 0.008 0.076 0.046 0.032 0.042     (0.000,0.193) (0.000,0.036) (0.000,0.660) (0.000,0.354) (0.000,0.069) (0.000,0.146) (0.000,0.727) (0.000,0.925) (0.000,0.036) (0.000,0.224) (0.000,0.039) (0.000,0.054) (0.000,0.734) (0.000,0.670) (0.000,0.614) (0.000,0.042) (0.000,0.628) (0.000,0.350) (0.000,0.205) (0.000,0.312) 
373      956   (25)    4 :  0.034 0.014 0.051 0.026 0.058 0.014 0.222 0.055 0.008 0.028 0.007 0.030 0.039 0.139 0.041 0.015 0.020 0.033 0.118 0.047     (0.000,0.223) (0.000,0.085) (0.000,0.408) (0.000,0.155) (0.000,0.444) (0.000,0.077) (0.000,0.943) (0.000,0.445) (0.000,0.046) (0.000,0.170) (0.000,0.038) (0.000,0.206) (0.000,0.280) (0.000,0.872) (0.000,0.305) (0.000,0.098) (0.000,0.123) (0.000,0.218) (0.000,0.823) (0.000,0.366) 
374      958    (0)    1 :  0.057 0.006 0.038 0.025 0.014 0.039 0.036 0.084 0.005 0.045 0.005 0.010 0.209 0.124 0.020 0.012 0.084 0.054 0.086 0.048     (0.000,0.465) (0.000,0.033) (0.000,0.261) (0.000,0.150) (0.000,0.082) (0.000,0.282) (0.000,0.248) (0.000,0.698) (0.000,0.028) (0.000,0.335) (0.000,0.029) (0.000,0.053) (0.000,0.939) (0.000,0.847) (0.000,0.119) (0.000,0.069) (0.000,0.688) (0.000,0.434) (0.000,0.701) (0.000,0.373) 
375      961    (0)   13 :  0.039 0.005 0.041 0.040 0.012 0.052 0.033 0.123 0.005 0.038 0.005 0.009 0.237 0.077 0.025 0.011 0.072 0.060 0.052 0.067     (0.000,0.275) (0.000,0.024) (0.000,0.290) (0.000,0.286) (0.000,0.069) (0.000,0.411) (0.000,0.221) (0.000,0.842) (0.000,0.024) (0.000,0.262) (0.000,0.024) (0.000,0.047) (0.000,0.952) (0.000,0.638) (0.000,0.157) (0.000,0.064) (0.000,0.588) (0.000,0.504) (0.000,0.407) (0.000,0.552) 
376      962   (12)   18 :  0.049 0.036 0.059 0.034 0.028 0.047 0.048 0.038 0.034 0.025 0.032 0.063 0.120 0.080 0.027 0.073 0.049 0.040 0.081 0.038     (0.000,0.382) (0.000,0.264) (0.000,0.474) (0.000,0.241) (0.000,0.192) (0.000,0.359) (0.000,0.376) (0.000,0.285) (0.000,0.243) (0.000,0.162) (0.000,0.237) (0.000,0.462) (0.000,0.778) (0.000,0.595) (0.000,0.182) (0.000,0.474) (0.000,0.387) (0.000,0.300) (0.000,0.630) (0.000,0.277) 
377      967    (0)   14 :  0.061 0.006 0.060 0.115 0.018 0.041 0.108 0.045 0.006 0.043 0.006 0.011 0.092 0.112 0.062 0.010 0.044 0.045 0.071 0.045     (0.000,0.502) (0.000,0.032) (0.000,0.497) (0.000,0.810) (0.000,0.116) (0.000,0.303) (0.000,0.784) (0.000,0.334) (0.000,0.029) (0.000,0.315) (0.000,0.031) (0.000,0.066) (0.000,0.723) (0.000,0.809) (0.000,0.499) (0.000,0.059) (0.000,0.337) (0.000,0.336) (0.000,0.584) (0.000,0.337) 
378      969    (0)   14 :  0.034 0.006 0.064 0.069 0.011 0.040 0.023 0.076 0.005 0.034 0.007 0.008 0.365 0.059 0.027 0.013 0.043 0.043 0.037 0.035     (0.000,0.229) (0.000,0.031) (0.000,0.531) (0.000,0.574) (0.000,0.060) (0.000,0.300) (0.000,0.130) (0.000,0.640) (0.000,0.028) (0.000,0.230) (0.000,0.037) (0.000,0.045) (0.000,0.977) (0.000,0.487) (0.000,0.168) (0.000,0.075) (0.000,0.314) (0.000,0.315) (0.000,0.253) (0.000,0.234) 
379      971    (0)   13 :  0.030 0.018 0.031 0.026 0.020 0.074 0.030 0.069 0.015 0.022 0.027 0.155 0.084 0.149 0.021 0.020 0.100 0.061 0.027 0.022     (0.000,0.199) (0.000,0.126) (0.000,0.223) (0.000,0.178) (0.000,0.137) (0.000,0.546) (0.000,0.206) (0.000,0.541) (0.000,0.104) (0.000,0.138) (0.000,0.197) (0.000,0.673) (0.000,0.590) (0.000,0.841) (0.000,0.140) (0.000,0.139) (0.000,0.688) (0.000,0.483) (0.000,0.178) (0.000,0.139) 
380      973    (0)    1 :  0.077 0.040 0.064 0.076 0.015 0.024 0.179 0.019 0.026 0.062 0.071 0.013 0.028 0.038 0.136 0.011 0.028 0.034 0.033 0.025     (0.000,0.625) (0.000,0.300) (0.000,0.522) (0.000,0.593) (0.000,0.098) (0.000,0.150) (0.000,0.892) (0.000,0.115) (0.000,0.192) (0.000,0.509) (0.000,0.459) (0.000,0.075) (0.000,0.178) (0.000,0.276) (0.000,0.781) (0.000,0.069) (0.000,0.191) (0.000,0.231) (0.000,0.221) (0.000,0.150) 
381      975   (12)   13 :  0.027 0.009 0.088 0.041 0.029 0.024 0.055 0.128 0.007 0.048 0.012 0.010 0.130 0.142 0.040 0.014 0.055 0.043 0.066 0.032     (0.000,0.161) (0.000,0.052) (0.000,0.712) (0.000,0.293) (0.000,0.196) (0.000,0.151) (0.000,0.437) (0.000,0.839) (0.000,0.038) (0.000,0.375) (0.000,0.072) (0.000,0.054) (0.000,0.856) (0.000,0.876) (0.000,0.284) (0.000,0.087) (0.000,0.440) (0.000,0.320) (0.000,0.555) (0.000,0.206) 
382      980    (0)   13 :  0.031 0.024 0.040 0.040 0.029 0.016 0.077 0.038 0.017 0.029 0.026 0.030 0.124 0.191 0.033 0.053 0.049 0.041 0.084 0.030     (0.000,0.205) (0.000,0.171) (0.000,0.301) (0.000,0.300) (0.000,0.208) (0.000,0.092) (0.000,0.590) (0.000,0.275) (0.000,0.118) (0.000,0.187) (0.000,0.194) (0.000,0.220) (0.000,0.791) (0.000,0.904) (0.000,0.235) (0.000,0.370) (0.000,0.384) (0.000,0.307) (0.000,0.647) (0.000,0.199) 
383      981    (0)    7 :  0.084 0.010 0.065 0.030 0.014 0.034 0.287 0.035 0.009 0.033 0.008 0.010 0.053 0.078 0.073 0.006 0.021 0.041 0.043 0.065     (0.000,0.693) (0.000,0.057) (0.000,0.539) (0.000,0.190) (0.000,0.083) (0.000,0.236) (0.000,0.964) (0.000,0.241) (0.000,0.055) (0.000,0.223) (0.000,0.046) (0.000,0.054) (0.000,0.421) (0.000,0.647) (0.000,0.571) (0.000,0.033) (0.000,0.128) (0.000,0.291) (0.000,0.313) (0.000,0.531) 
384      982    (0)   12 :  0.008 0.031 0.009 0.007 0.007 0.009 0.009 0.008 0.042 0.007 0.023 0.742 0.007 0.008 0.007 0.039 0.007 0.008 0.010 0.010     (0.000,0.047) (0.000,0.236) (0.000,0.049) (0.000,0.036) (0.000,0.035) (0.000,0.048) (0.000,0.052) (0.000,0.043) (0.000,0.318) (0.000,0.039) (0.000,0.167) (0.258,0.992) (0.000,0.041) (0.000,0.046) (0.000,0.040) (0.000,0.279) (0.000,0.035) (0.000,0.045) (0.000,0.058) (0.000,0.057) 
385      987    (0)   16 :  0.013 0.019 0.009 0.009 0.007 0.011 0.011 0.012 0.013 0.012 0.014 0.017 0.010 0.012 0.010 0.775 0.009 0.011 0.015 0.011     (0.000,0.077) (0.000,0.126) (0.000,0.052) (0.000,0.048) (0.000,0.038) (0.000,0.065) (0.000,0.065) (0.000,0.069) (0.000,0.087) (0.000,0.068) (0.000,0.087) (0.000,0.098) (0.000,0.056) (0.000,0.069) (0.000,0.056) (0.392,0.991) (0.000,0.049) (0.000,0.062) (0.000,0.088) (0.000,0.063) 
386      988    (0)   16 :  0.021 0.075 0.023 0.020 0.007 0.021 0.020 0.019 0.089 0.021 0.147 0.036 0.021 0.024 0.024 0.355 0.023 0.020 0.018 0.018     (0.000,0.144) (0.000,0.490) (0.000,0.161) (0.000,0.135) (0.000,0.040) (0.000,0.140) (0.000,0.138) (0.000,0.124) (0.000,0.519) (0.000,0.141) (0.000,0.658) (0.000,0.269) (0.000,0.140) (0.000,0.170) (0.000,0.168) (0.000,0.752) (0.000,0.158) (0.000,0.134) (0.000,0.121) (0.000,0.114) 
387      990    (0)   16 :  0.019 0.088 0.011 0.012 0.012 0.014 0.017 0.014 0.041 0.021 0.071 0.067 0.023 0.013 0.011 0.505 0.018 0.013 0.015 0.012     (0.000,0.126) (0.000,0.510) (0.000,0.060) (0.000,0.071) (0.000,0.073) (0.000,0.084) (0.000,0.112) (0.000,0.081) (0.000,0.309) (0.000,0.145) (0.000,0.454) (0.000,0.483) (0.000,0.149) (0.000,0.076) (0.000,0.064) (0.001,0.893) (0.000,0.115) (0.000,0.075) (0.000,0.089) (0.000,0.072) 
388      992   (12)   12 :  0.012 0.076 0.010 0.010 0.009 0.011 0.015 0.011 0.089 0.009 0.038 0.320 0.010 0.012 0.009 0.306 0.008 0.012 0.016 0.017     (0.000,0.071) (0.000,0.539) (0.000,0.055) (0.000,0.053) (0.000,0.049) (0.000,0.060) (0.000,0.091) (0.000,0.060) (0.000,0.552) (0.000,0.051) (0.000,0.293) (0.000,0.972) (0.000,0.051) (0.000,0.070) (0.000,0.053) (0.000,0.852) (0.000,0.043) (0.000,0.065) (0.000,0.093) (0.000,0.102) 
389      994    (0)   12 :  0.008 0.031 0.006 0.008 0.005 0.010 0.007 0.006 0.036 0.006 0.015 0.806 0.009 0.008 0.006 0.005 0.006 0.009 0.006 0.007     (0.000,0.041) (0.000,0.229) (0.000,0.034) (0.000,0.048) (0.000,0.029) (0.000,0.056) (0.000,0.039) (0.000,0.033) (0.000,0.268) (0.000,0.032) (0.000,0.093) (0.438,0.994) (0.000,0.051) (0.000,0.043) (0.000,0.032) (0.000,0.027) (0.000,0.031) (0.000,0.051) (0.000,0.034) (0.000,0.035) 
390      996   (12)   12 :  0.009 0.008 0.007 0.009 0.007 0.011 0.009 0.009 0.007 0.008 0.007 0.841 0.008 0.009 0.008 0.007 0.008 0.009 0.009 0.010     (0.000,0.049) (0.000,0.045) (0.000,0.038) (0.000,0.048) (0.000,0.035) (0.000,0.060) (0.000,0.052) (0.000,0.047) (0.000,0.036) (0.000,0.044) (0.000,0.036) (0.524,0.995) (0.000,0.040) (0.000,0.051) (0.000,0.045) (0.000,0.036) (0.000,0.040) (0.000,0.050) (0.000,0.050) (0.000,0.055) 
391      998    (0)   12 :  0.007 0.009 0.006 0.007 0.005 0.009 0.007 0.008 0.008 0.007 0.007 0.862 0.007 0.008 0.007 0.006 0.007 0.008 0.007 0.008     (0.000,0.039) (0.000,0.047) (0.000,0.034) (0.000,0.038) (0.000,0.026) (0.000,0.050) (0.000,0.039) (0.000,0.043) (0.000,0.042) (0.000,0.037) (0.000,0.040) (0.580,0.996) (0.000,0.040) (0.000,0.041) (0.000,0.035) (0.000,0.031) (0.000,0.039) (0.000,0.041) (0.000,0.040) (0.000,0.043) 
392     1000    (0)   10 :  0.090 0.021 0.087 0.063 0.009 0.049 0.053 0.027 0.018 0.097 0.014 0.031 0.050 0.049 0.101 0.009 0.019 0.080 0.036 0.096     (0.000,0.664) (0.000,0.146) (0.000,0.581) (0.000,0.476) (0.000,0.048) (0.000,0.361) (0.000,0.412) (0.000,0.183) (0.000,0.126) (0.000,0.664) (0.000,0.093) (0.000,0.228) (0.000,0.375) (0.000,0.377) (0.000,0.634) (0.000,0.049) (0.000,0.124) (0.000,0.621) (0.000,0.261) (0.000,0.707) 
393     1001    (0)   18 :  0.113 0.017 0.162 0.116 0.007 0.033 0.087 0.023 0.020 0.078 0.016 0.035 0.026 0.024 0.067 0.005 0.013 0.056 0.026 0.075     (0.000,0.785) (0.000,0.117) (0.000,0.810) (0.000,0.762) (0.000,0.035) (0.000,0.236) (0.000,0.617) (0.000,0.152) (0.000,0.137) (0.000,0.577) (0.000,0.105) (0.000,0.260) (0.000,0.171) (0.000,0.147) (0.000,0.508) (0.000,0.026) (0.000,0.076) (0.000,0.445) (0.000,0.169) (0.000,0.593) 
394     1002    (0)   11 :  0.013 0.099 0.009 0.017 0.008 0.011 0.015 0.007 0.037 0.013 0.594 0.089 0.009 0.011 0.012 0.011 0.005 0.011 0.015 0.016     (0.000,0.082) (0.000,0.656) (0.000,0.051) (0.000,0.116) (0.000,0.044) (0.000,0.065) (0.000,0.094) (0.000,0.039) (0.000,0.279) (0.000,0.077) (0.064,0.961) (0.000,0.552) (0.000,0.049) (0.000,0.066) (0.000,0.071) (0.000,0.071) (0.000,0.029) (0.000,0.063) (0.000,0.098) (0.000,0.104) 
395     1003    (0)   11 :  0.012 0.223 0.012 0.016 0.007 0.010 0.018 0.015 0.046 0.017 0.073 0.435 0.024 0.016 0.016 0.005 0.012 0.014 0.014 0.017     (0.000,0.062) (0.000,0.945) (0.000,0.070) (0.000,0.096) (0.000,0.037) (0.000,0.055) (0.000,0.105) (0.000,0.089) (0.000,0.364) (0.000,0.100) (0.000,0.612) (0.000,0.982) (0.000,0.147) (0.000,0.089) (0.000,0.100) (0.000,0.028) (0.000,0.065) (0.000,0.076) (0.000,0.079) (0.000,0.097) 
396     1006    (0)   12 :  0.007 0.014 0.006 0.007 0.007 0.008 0.006 0.007 0.016 0.007 0.013 0.845 0.007 0.007 0.006 0.010 0.007 0.007 0.007 0.007     (0.000,0.038) (0.000,0.085) (0.000,0.031) (0.000,0.037) (0.000,0.038) (0.000,0.044) (0.000,0.032) (0.000,0.036) (0.000,0.107) (0.000,0.037) (0.000,0.081) (0.532,0.995) (0.000,0.036) (0.000,0.039) (0.000,0.030) (0.000,0.059) (0.000,0.039) (0.000,0.035) (0.000,0.037) (0.000,0.035) 
397     1008    (0)   11 :  0.007 0.162 0.006 0.008 0.004 0.008 0.006 0.006 0.531 0.006 0.179 0.028 0.007 0.006 0.007 0.005 0.005 0.006 0.006 0.007     (0.000,0.035) (0.000,0.942) (0.000,0.032) (0.000,0.043) (0.000,0.024) (0.000,0.043) (0.000,0.034) (0.000,0.032) (0.000,0.991) (0.000,0.035) (0.000,0.953) (0.000,0.169) (0.000,0.037) (0.000,0.030) (0.000,0.040) (0.000,0.028) (0.000,0.026) (0.000,0.033) (0.000,0.031) (0.000,0.041) 
398     1009    (0)    2 :  0.013 0.460 0.009 0.010 0.041 0.011 0.011 0.013 0.066 0.022 0.131 0.106 0.019 0.011 0.018 0.009 0.013 0.010 0.016 0.011     (0.000,0.079) (0.000,0.974) (0.000,0.050) (0.000,0.054) (0.000,0.245) (0.000,0.062) (0.000,0.060) (0.000,0.078) (0.000,0.520) (0.000,0.158) (0.000,0.797) (0.000,0.728) (0.000,0.128) (0.000,0.062) (0.000,0.122) (0.000,0.051) (0.000,0.083) (0.000,0.060) (0.000,0.105) (0.000,0.064) 
399     1012   (25)    2 :  0.011 0.339 0.010 0.013 0.011 0.012 0.013 0.011 0.103 0.014 0.167 0.212 0.016 0.010 0.012 0.008 0.009 0.009 0.009 0.011     (0.000,0.060) (0.000,0.975) (0.000,0.056) (0.000,0.074) (0.000,0.058) (0.000,0.066) (0.000,0.077) (0.000,0.066) (0.000,0.767) (0.000,0.079) (0.000,0.910) (0.000,0.943) (0.000,0.095) (0.000,0.055) (0.000,0.074) (0.000,0.041) (0.000,0.052) (0.000,0.052) (0.000,0.049) (0.000,0.063) 
400     1013    (0)    2 :  0.006 0.543 0.005 0.006 0.007 0.006 0.006 0.004 0.239 0.006 0.121 0.009 0.005 0.006 0.007 0.004 0.004 0.005 0.006 0.006     (0.000,0.033) (0.000,0.993) (0.000,0.026) (0.000,0.032) (0.000,0.039) (0.000,0.031) (0.000,0.034) (0.000,0.023) (0.000,0.971) (0.000,0.031) (0.000,0.910) (0.000,0.048) (0.000,0.025) (0.000,0.030) (0.000,0.036) (0.000,0.020) (0.000,0.022) (0.000,0.028) (0.000,0.030) (0.000,0.029) 
401     1024   (25)   11 :  0.020 0.357 0.015 0.027 0.010 0.017 0.024 0.014 0.089 0.028 0.197 0.089 0.017 0.013 0.022 0.006 0.012 0.014 0.012 0.018     (0.000,0.116) (0.000,0.973) (0.000,0.090) (0.000,0.175) (0.000,0.052) (0.000,0.101) (0.000,0.148) (0.000,0.082) (0.000,0.684) (0.000,0.181) (0.000,0.917) (0.000,0.697) (0.000,0.104) (0.000,0.075) (0.000,0.143) (0.000,0.030) (0.000,0.065) (0.000,0.076) (0.000,0.069) (0.000,0.102) 
402     1025    (0)    1 :  0.194 0.019 0.018 0.107 0.007 0.041 0.036 0.031 0.012 0.167 0.011 0.023 0.014 0.032 0.039 0.009 0.012 0.034 0.027 0.168     (0.000,0.928) (0.000,0.123) (0.000,0.102) (0.000,0.764) (0.000,0.037) (0.000,0.307) (0.000,0.254) (0.000,0.208) (0.000,0.070) (0.000,0.894) (0.000,0.066) (0.000,0.163) (0.000,0.077) (0.000,0.211) (0.000,0.285) (0.000,0.051) (0.000,0.064) (0.000,0.222) (0.000,0.172) (0.000,0.901) 
403     1026    (0)    2 :  0.007 0.427 0.005 0.008 0.004 0.007 0.007 0.005 0.443 0.006 0.023 0.011 0.006 0.006 0.007 0.004 0.005 0.007 0.006 0.006     (0.000,0.037) (0.000,0.990) (0.000,0.027) (0.000,0.042) (0.000,0.022) (0.000,0.038) (0.000,0.035) (0.000,0.026) (0.000,0.989) (0.000,0.034) (0.000,0.134) (0.000,0.061) (0.000,0.034) (0.000,0.033) (0.000,0.038) (0.000,0.019) (0.000,0.025) (0.000,0.037) (0.000,0.033) (0.000,0.033) 
404     1033    (0)   12 :  0.020 0.035 0.014 0.029 0.008 0.028 0.015 0.021 0.033 0.014 0.022 0.609 0.010 0.031 0.011 0.006 0.031 0.025 0.016 0.023     (0.000,0.111) (0.000,0.262) (0.000,0.077) (0.000,0.192) (0.000,0.042) (0.000,0.185) (0.000,0.086) (0.000,0.131) (0.000,0.247) (0.000,0.077) (0.000,0.154) (0.000,0.985) (0.000,0.056) (0.000,0.206) (0.000,0.059) (0.000,0.035) (0.000,0.227) (0.000,0.145) (0.000,0.092) (0.000,0.132) 
405     1034    (0)    9 :  0.011 0.067 0.008 0.009 0.012 0.010 0.008 0.010 0.041 0.010 0.726 0.015 0.009 0.009 0.009 0.008 0.008 0.009 0.010 0.010     (0.000,0.063) (0.000,0.525) (0.000,0.048) (0.000,0.052) (0.000,0.077) (0.000,0.056) (0.000,0.046) (0.000,0.059) (0.000,0.313) (0.000,0.061) (0.168,0.990) (0.000,0.095) (0.000,0.054) (0.000,0.051) (0.000,0.050) (0.000,0.049) (0.000,0.048) (0.000,0.054) (0.000,0.057) (0.000,0.055) 
406     1037    (0)    9 :  0.007 0.111 0.007 0.010 0.004 0.008 0.006 0.007 0.472 0.007 0.297 0.013 0.007 0.006 0.007 0.005 0.006 0.006 0.006 0.008     (0.000,0.038) (0.000,0.877) (0.000,0.039) (0.000,0.054) (0.000,0.023) (0.000,0.045) (0.000,0.034) (0.000,0.037) (0.000,0.990) (0.000,0.037) (0.000,0.980) (0.000,0.069) (0.000,0.037) (0.000,0.033) (0.000,0.038) (0.000,0.028) (0.000,0.031) (0.000,0.035) (0.000,0.032) (0.000,0.041) 
407     1038    (0)    2 :  0.008 0.271 0.006 0.008 0.005 0.007 0.008 0.006 0.370 0.007 0.235 0.018 0.006 0.006 0.007 0.005 0.006 0.006 0.006 0.007     (0.000,0.042) (0.000,0.976) (0.000,0.034) (0.000,0.042) (0.000,0.027) (0.000,0.038) (0.000,0.043) (0.000,0.032) (0.000,0.985) (0.000,0.039) (0.000,0.970) (0.000,0.095) (0.000,0.033) (0.000,0.032) (0.000,0.037) (0.000,0.028) (0.000,0.032) (0.000,0.033) (0.000,0.033) (0.000,0.039) 
408     1040    (0)   11 :  0.008 0.374 0.007 0.007 0.005 0.007 0.007 0.006 0.322 0.007 0.188 0.012 0.006 0.007 0.007 0.006 0.006 0.007 0.007 0.007     (0.000,0.042) (0.000,0.987) (0.000,0.036) (0.000,0.037) (0.000,0.024) (0.000,0.035) (0.000,0.035) (0.000,0.031) (0.000,0.981) (0.000,0.037) (0.000,0.956) (0.000,0.061) (0.000,0.030) (0.000,0.038) (0.000,0.036) (0.000,0.033) (0.000,0.032) (0.000,0.035) (0.000,0.039) (0.000,0.036) 
409     1047    (0)    9 :  0.011 0.286 0.006 0.009 0.015 0.008 0.009 0.006 0.299 0.009 0.264 0.016 0.007 0.009 0.008 0.005 0.007 0.008 0.009 0.007     (0.000,0.058) (0.000,0.971) (0.000,0.034) (0.000,0.050) (0.000,0.103) (0.000,0.045) (0.000,0.048) (0.000,0.032) (0.000,0.971) (0.000,0.049) (0.000,0.970) (0.000,0.096) (0.000,0.037) (0.000,0.051) (0.000,0.043) (0.000,0.028) (0.000,0.037) (0.000,0.042) (0.000,0.047) (0.000,0.037) 
410     1052    (0)    9 :  0.006 0.085 0.005 0.006 0.004 0.005 0.005 0.004 0.736 0.005 0.094 0.007 0.004 0.005 0.005 0.004 0.004 0.005 0.005 0.005     (0.000,0.029) (0.000,0.823) (0.000,0.025) (0.000,0.029) (0.000,0.022) (0.000,0.028) (0.000,0.026) (0.000,0.023) (0.000,0.996) (0.000,0.027) (0.000,0.875) (0.000,0.040) (0.000,0.023) (0.000,0.026) (0.000,0.027) (0.000,0.019) (0.000,0.023) (0.000,0.025) (0.000,0.026) (0.000,0.027) 
411     1053    (0)    2 :  0.006 0.327 0.005 0.006 0.004 0.005 0.006 0.004 0.424 0.006 0.162 0.007 0.004 0.005 0.005 0.004 0.005 0.005 0.005 0.005     (0.000,0.031) (0.000,0.986) (0.000,0.027) (0.000,0.032) (0.000,0.021) (0.000,0.028) (0.000,0.030) (0.000,0.023) (0.000,0.991) (0.000,0.030) (0.000,0.955) (0.000,0.039) (0.000,0.023) (0.000,0.026) (0.000,0.028) (0.000,0.019) (0.000,0.024) (0.000,0.027) (0.000,0.026) (0.000,0.027) 
412     1054    (0)    9 :  0.007 0.315 0.006 0.006 0.004 0.006 0.006 0.005 0.458 0.006 0.122 0.010 0.006 0.006 0.006 0.005 0.006 0.006 0.007 0.006     (0.000,0.037) (0.000,0.984) (0.000,0.030) (0.000,0.035) (0.000,0.023) (0.000,0.031) (0.000,0.033) (0.000,0.029) (0.000,0.990) (0.000,0.033) (0.000,0.913) (0.000,0.054) (0.000,0.030) (0.000,0.034) (0.000,0.033) (0.000,0.025) (0.000,0.031) (0.000,0.033) (0.000,0.035) (0.000,0.033) 
413     1060    (0)    9 :  0.009 0.179 0.006 0.010 0.007 0.008 0.008 0.006 0.378 0.009 0.303 0.022 0.007 0.007 0.007 0.005 0.007 0.007 0.007 0.007     (0.000,0.051) (0.000,0.945) (0.000,0.034) (0.000,0.052) (0.000,0.038) (0.000,0.042) (0.000,0.041) (0.000,0.030) (0.000,0.983) (0.000,0.049) (0.000,0.979) (0.000,0.127) (0.000,0.035) (0.000,0.038) (0.000,0.037) (0.000,0.028) (0.000,0.039) (0.000,0.037) (0.000,0.039) (0.000,0.037) 
414     1065   (12)   13 :  0.103 0.012 0.118 0.062 0.009 0.058 0.036 0.046 0.015 0.091 0.012 0.057 0.030 0.039 0.027 0.008 0.063 0.116 0.033 0.066     (0.000,0.741) (0.000,0.077) (0.000,0.719) (0.000,0.477) (0.000,0.047) (0.000,0.452) (0.000,0.256) (0.000,0.354) (0.000,0.099) (0.000,0.640) (0.000,0.073) (0.000,0.393) (0.000,0.202) (0.000,0.283) (0.000,0.188) (0.000,0.045) (0.000,0.461) (0.000,0.787) (0.000,0.230) (0.000,0.528) 
415     1066    (0)   12 :  0.017 0.018 0.008 0.014 0.010 0.029 0.014 0.009 0.015 0.010 0.007 0.752 0.012 0.015 0.008 0.012 0.008 0.016 0.013 0.013     (0.000,0.093) (0.000,0.112) (0.000,0.040) (0.000,0.084) (0.000,0.058) (0.000,0.188) (0.000,0.084) (0.000,0.048) (0.000,0.099) (0.000,0.055) (0.000,0.038) (0.167,0.992) (0.000,0.073) (0.000,0.086) (0.000,0.046) (0.000,0.071) (0.000,0.042) (0.000,0.098) (0.000,0.072) (0.000,0.072) 
416     1071    (0)    2 :  0.063 0.100 0.028 0.073 0.012 0.059 0.062 0.014 0.050 0.043 0.082 0.208 0.022 0.022 0.033 0.014 0.013 0.024 0.026 0.053     (0.000,0.482) (0.000,0.596) (0.000,0.199) (0.000,0.541) (0.000,0.067) (0.000,0.450) (0.000,0.459) (0.000,0.086) (0.000,0.370) (0.000,0.330) (0.000,0.517) (0.000,0.836) (0.000,0.149) (0.000,0.145) (0.000,0.239) (0.000,0.097) (0.000,0.078) (0.000,0.156) (0.000,0.175) (0.000,0.408) 
417     1074    (0)   12 :  0.028 0.021 0.020 0.017 0.007 0.046 0.018 0.024 0.011 0.018 0.013 0.613 0.012 0.032 0.012 0.013 0.026 0.028 0.019 0.023     (0.000,0.174) (0.000,0.141) (0.000,0.114) (0.000,0.091) (0.000,0.036) (0.000,0.354) (0.000,0.098) (0.000,0.152) (0.000,0.069) (0.000,0.104) (0.000,0.082) (0.000,0.987) (0.000,0.070) (0.000,0.205) (0.000,0.068) (0.000,0.077) (0.000,0.176) (0.000,0.167) (0.000,0.116) (0.000,0.130) 
418     1084    (0)   12 :  0.112 0.021 0.030 0.069 0.009 0.029 0.227 0.018 0.015 0.029 0.016 0.197 0.019 0.018 0.029 0.009 0.014 0.030 0.032 0.080     (0.000,0.806) (0.000,0.142) (0.000,0.203) (0.000,0.565) (0.000,0.047) (0.000,0.193) (0.000,0.933) (0.000,0.105) (0.000,0.096) (0.000,0.188) (0.000,0.103) (0.000,0.904) (0.000,0.115) (0.000,0.100) (0.000,0.185) (0.000,0.049) (0.000,0.079) (0.000,0.190) (0.000,0.214) (0.000,0.654) 
419     1091    (0)    9 :  0.009 0.222 0.007 0.010 0.006 0.009 0.009 0.006 0.091 0.010 0.529 0.030 0.009 0.007 0.008 0.008 0.007 0.008 0.008 0.008     (0.000,0.050) (0.000,0.961) (0.000,0.039) (0.000,0.058) (0.000,0.030) (0.000,0.050) (0.000,0.046) (0.000,0.032) (0.000,0.783) (0.000,0.054) (0.000,0.990) (0.000,0.201) (0.000,0.047) (0.000,0.040) (0.000,0.043) (0.000,0.045) (0.000,0.035) (0.000,0.042) (0.000,0.043) (0.000,0.045) 
420     1098    (0)    9 :  0.010 0.341 0.009 0.007 0.006 0.010 0.010 0.010 0.200 0.010 0.278 0.030 0.009 0.008 0.009 0.017 0.007 0.009 0.009 0.010     (0.000,0.061) (0.000,0.978) (0.000,0.050) (0.000,0.041) (0.000,0.033) (0.000,0.061) (0.000,0.055) (0.000,0.060) (0.000,0.889) (0.000,0.056) (0.000,0.961) (0.000,0.205) (0.000,0.054) (0.000,0.045) (0.000,0.052) (0.000,0.118) (0.000,0.040) (0.000,0.051) (0.000,0.054) (0.000,0.060) 
421     1102    (0)    9 :  0.010 0.044 0.008 0.008 0.012 0.009 0.008 0.009 0.027 0.010 0.771 0.014 0.009 0.008 0.008 0.009 0.008 0.009 0.010 0.009     (0.000,0.057) (0.000,0.346) (0.000,0.046) (0.000,0.045) (0.000,0.077) (0.000,0.052) (0.000,0.045) (0.000,0.053) (0.000,0.185) (0.000,0.055) (0.317,0.991) (0.000,0.084) (0.000,0.053) (0.000,0.047) (0.000,0.046) (0.000,0.057) (0.000,0.044) (0.000,0.050) (0.000,0.056) (0.000,0.051) 
422     1105    (0)    9 :  0.008 0.134 0.007 0.009 0.005 0.008 0.008 0.006 0.179 0.008 0.558 0.016 0.007 0.006 0.007 0.007 0.006 0.007 0.006 0.008     (0.000,0.042) (0.000,0.911) (0.000,0.037) (0.000,0.047) (0.000,0.029) (0.000,0.043) (0.000,0.042) (0.000,0.034) (0.000,0.946) (0.000,0.041) (0.000,0.992) (0.000,0.094) (0.000,0.040) (0.000,0.034) (0.000,0.036) (0.000,0.037) (0.000,0.032) (0.000,0.036) (0.000,0.035) (0.000,0.041) 
423     1108    (0)    2 :  0.011 0.189 0.012 0.014 0.006 0.009 0.011 0.012 0.092 0.013 0.516 0.025 0.013 0.013 0.010 0.008 0.010 0.011 0.011 0.012     (0.000,0.059) (0.000,0.936) (0.000,0.070) (0.000,0.082) (0.000,0.032) (0.000,0.051) (0.000,0.062) (0.000,0.072) (0.000,0.738) (0.000,0.071) (0.000,0.987) (0.000,0.162) (0.000,0.079) (0.000,0.071) (0.000,0.057) (0.000,0.045) (0.000,0.058) (0.000,0.061) (0.000,0.062) (0.000,0.064) 
424     1112    (0)    7 :  0.054 0.039 0.032 0.132 0.011 0.037 0.024 0.030 0.026 0.076 0.053 0.037 0.033 0.064 0.022 0.030 0.067 0.066 0.111 0.055     (0.000,0.435) (0.000,0.295) (0.000,0.218) (0.000,0.795) (0.000,0.058) (0.000,0.264) (0.000,0.144) (0.000,0.207) (0.000,0.187) (0.000,0.612) (0.000,0.369) (0.000,0.271) (0.000,0.233) (0.000,0.519) (0.000,0.134) (0.000,0.223) (0.000,0.510) (0.000,0.535) (0.000,0.746) (0.000,0.439) 
425     1115    (0)    4 :  0.076 0.088 0.032 0.031 0.073 0.026 0.053 0.022 0.019 0.182 0.073 0.030 0.027 0.031 0.041 0.010 0.037 0.030 0.082 0.037     (0.000,0.604) (0.000,0.553) (0.000,0.230) (0.000,0.214) (0.000,0.421) (0.000,0.169) (0.000,0.423) (0.000,0.144) (0.000,0.129) (0.000,0.892) (0.000,0.466) (0.000,0.220) (0.000,0.183) (0.000,0.213) (0.000,0.307) (0.000,0.060) (0.000,0.282) (0.000,0.202) (0.000,0.600) (0.000,0.274) 
426     1119   (25)    2 :  0.010 0.397 0.011 0.009 0.014 0.008 0.019 0.014 0.054 0.014 0.337 0.025 0.015 0.012 0.012 0.008 0.010 0.010 0.010 0.011     (0.000,0.053) (0.000,0.982) (0.000,0.067) (0.000,0.047) (0.000,0.074) (0.000,0.042) (0.000,0.116) (0.000,0.089) (0.000,0.456) (0.000,0.079) (0.000,0.968) (0.000,0.165) (0.000,0.083) (0.000,0.067) (0.000,0.067) (0.000,0.042) (0.000,0.056) (0.000,0.055) (0.000,0.057) (0.000,0.059) 
427     1120    (0)   11 :  0.017 0.261 0.010 0.012 0.010 0.012 0.015 0.011 0.060 0.015 0.252 0.075 0.015 0.015 0.010 0.151 0.008 0.014 0.020 0.016     (0.000,0.107) (0.000,0.947) (0.000,0.059) (0.000,0.075) (0.000,0.054) (0.000,0.070) (0.000,0.093) (0.000,0.061) (0.000,0.468) (0.000,0.092) (0.000,0.862) (0.000,0.503) (0.000,0.086) (0.000,0.090) (0.000,0.054) (0.000,0.680) (0.000,0.044) (0.000,0.079) (0.000,0.134) (0.000,0.100) 
428     1121   (12)   12 :  0.019 0.020 0.016 0.028 0.010 0.034 0.013 0.021 0.017 0.016 0.019 0.536 0.014 0.043 0.009 0.006 0.095 0.035 0.024 0.022     (0.000,0.103) (0.000,0.138) (0.000,0.089) (0.000,0.188) (0.000,0.052) (0.000,0.234) (0.000,0.070) (0.000,0.124) (0.000,0.112) (0.000,0.095) (0.000,0.128) (0.000,0.983) (0.000,0.082) (0.000,0.325) (0.000,0.050) (0.000,0.031) (0.000,0.657) (0.000,0.235) (0.000,0.160) (0.000,0.125) 
429     1122    (0)    7 :  0.036 0.161 0.030 0.030 0.008 0.028 0.036 0.041 0.085 0.036 0.106 0.171 0.042 0.029 0.026 0.010 0.025 0.029 0.027 0.045     (0.000,0.257) (0.000,0.762) (0.000,0.214) (0.000,0.216) (0.000,0.044) (0.000,0.198) (0.000,0.261) (0.000,0.309) (0.000,0.548) (0.000,0.259) (0.000,0.637) (0.000,0.863) (0.000,0.314) (0.000,0.197) (0.000,0.175) (0.000,0.057) (0.000,0.172) (0.000,0.198) (0.000,0.185) (0.000,0.344) 
430     1123   (12)   11 :  0.009 0.177 0.007 0.008 0.005 0.008 0.008 0.007 0.540 0.007 0.150 0.018 0.007 0.007 0.008 0.005 0.006 0.008 0.007 0.009     (0.000,0.046) (0.000,0.947) (0.000,0.037) (0.000,0.044) (0.000,0.025) (0.000,0.042) (0.000,0.043) (0.000,0.036) (0.000,0.991) (0.000,0.040) (0.000,0.930) (0.000,0.097) (0.000,0.039) (0.000,0.037) (0.000,0.043) (0.000,0.024) (0.000,0.032) (0.000,0.041) (0.000,0.040) (0.000,0.046) 
431     1124   (12)   11 :  0.009 0.141 0.008 0.010 0.005 0.009 0.009 0.008 0.463 0.009 0.238 0.027 0.009 0.008 0.009 0.005 0.007 0.009 0.008 0.010     (0.000,0.051) (0.000,0.907) (0.000,0.044) (0.000,0.059) (0.000,0.028) (0.000,0.053) (0.000,0.046) (0.000,0.041) (0.000,0.988) (0.000,0.046) (0.000,0.965) (0.000,0.155) (0.000,0.050) (0.000,0.042) (0.000,0.047) (0.000,0.028) (0.000,0.038) (0.000,0.046) (0.000,0.044) (0.000,0.055) 
432     1125   (12)   11 :  0.012 0.240 0.007 0.012 0.008 0.010 0.012 0.007 0.178 0.011 0.334 0.101 0.010 0.008 0.008 0.006 0.008 0.008 0.008 0.010     (0.000,0.067) (0.000,0.962) (0.000,0.040) (0.000,0.067) (0.000,0.042) (0.000,0.053) (0.000,0.068) (0.000,0.038) (0.000,0.936) (0.000,0.063) (0.000,0.979) (0.000,0.821) (0.000,0.056) (0.000,0.042) (0.000,0.043) (0.000,0.030) (0.000,0.044) (0.000,0.046) (0.000,0.043) (0.000,0.054) 
433     1131    (0)   12 :  0.012 0.026 0.010 0.011 0.007 0.035 0.010 0.010 0.044 0.012 0.032 0.704 0.013 0.011 0.012 0.007 0.010 0.012 0.009 0.012     (0.000,0.062) (0.000,0.172) (0.000,0.056) (0.000,0.060) (0.000,0.039) (0.000,0.252) (0.000,0.054) (0.000,0.057) (0.000,0.343) (0.000,0.067) (0.000,0.232) (0.000,0.992) (0.000,0.071) (0.000,0.056) (0.000,0.067) (0.000,0.037) (0.000,0.056) (0.000,0.065) (0.000,0.050) (0.000,0.067) 
434     1132    (0)   14 :  0.042 0.014 0.047 0.056 0.007 0.061 0.034 0.058 0.011 0.075 0.012 0.022 0.068 0.076 0.053 0.010 0.043 0.100 0.067 0.146     (0.000,0.312) (0.000,0.088) (0.000,0.362) (0.000,0.443) (0.000,0.034) (0.000,0.489) (0.000,0.229) (0.000,0.464) (0.000,0.069) (0.000,0.611) (0.000,0.071) (0.000,0.145) (0.000,0.552) (0.000,0.620) (0.000,0.418) (0.000,0.060) (0.000,0.323) (0.000,0.756) (0.000,0.547) (0.000,0.875) 
435     1133    (0)    7 :  0.096 0.008 0.025 0.021 0.007 0.071 0.167 0.033 0.007 0.052 0.007 0.011 0.047 0.065 0.042 0.006 0.016 0.160 0.030 0.132     (0.000,0.753) (0.000,0.043) (0.000,0.150) (0.000,0.125) (0.000,0.033) (0.000,0.562) (0.000,0.882) (0.000,0.226) (0.000,0.037) (0.000,0.415) (0.000,0.036) (0.000,0.059) (0.000,0.365) (0.000,0.529) (0.000,0.320) (0.000,0.031) (0.000,0.091) (0.000,0.893) (0.000,0.191) (0.000,0.860) 
436     1134   (12)   13 :  0.041 0.072 0.015 0.017 0.011 0.034 0.030 0.025 0.047 0.042 0.041 0.099 0.319 0.040 0.021 0.010 0.035 0.036 0.031 0.036     (0.000,0.302) (0.000,0.533) (0.000,0.085) (0.000,0.101) (0.000,0.060) (0.000,0.244) (0.000,0.200) (0.000,0.157) (0.000,0.356) (0.000,0.319) (0.000,0.315) (0.000,0.647) (0.000,0.963) (0.000,0.289) (0.000,0.138) (0.000,0.052) (0.000,0.241) (0.000,0.256) (0.000,0.216) (0.000,0.261) 
437     1137    (0)    2 :  0.035 0.191 0.028 0.027 0.008 0.030 0.037 0.028 0.049 0.051 0.065 0.170 0.060 0.035 0.042 0.009 0.022 0.034 0.041 0.038     (0.000,0.244) (0.000,0.888) (0.000,0.186) (0.000,0.179) (0.000,0.043) (0.000,0.205) (0.000,0.264) (0.000,0.184) (0.000,0.367) (0.000,0.405) (0.000,0.480) (0.000,0.881) (0.000,0.475) (0.000,0.242) (0.000,0.324) (0.000,0.048) (0.000,0.135) (0.000,0.238) (0.000,0.305) (0.000,0.270) 
438     1138    (0)    1 :  0.053 0.012 0.032 0.058 0.007 0.132 0.057 0.070 0.013 0.066 0.011 0.015 0.054 0.043 0.141 0.005 0.016 0.061 0.031 0.123     (0.000,0.421) (0.000,0.074) (0.000,0.202) (0.000,0.476) (0.000,0.034) (0.000,0.842) (0.000,0.467) (0.000,0.577) (0.000,0.079) (0.000,0.558) (0.000,0.062) (0.000,0.090) (0.000,0.432) (0.000,0.315) (0.000,0.857) (0.000,0.026) (0.000,0.091) (0.000,0.511) (0.000,0.198) (0.000,0.848) 
439     1139    (0)   18 :  0.052 0.011 0.034 0.085 0.007 0.132 0.041 0.068 0.010 0.079 0.011 0.016 0.077 0.054 0.098 0.006 0.021 0.063 0.036 0.098     (0.000,0.416) (0.000,0.066) (0.000,0.228) (0.000,0.689) (0.000,0.034) (0.000,0.844) (0.000,0.299) (0.000,0.567) (0.000,0.058) (0.000,0.658) (0.000,0.062) (0.000,0.098) (0.000,0.644) (0.000,0.435) (0.000,0.737) (0.000,0.032) (0.000,0.121) (0.000,0.535) (0.000,0.239) (0.000,0.770) 
440     1143    (0)   19 :  0.076 0.021 0.041 0.040 0.006 0.048 0.048 0.038 0.012 0.095 0.013 0.024 0.030 0.038 0.179 0.021 0.038 0.085 0.089 0.058     (0.000,0.636) (0.000,0.137) (0.000,0.294) (0.000,0.290) (0.000,0.033) (0.000,0.375) (0.000,0.377) (0.000,0.276) (0.000,0.072) (0.000,0.737) (0.000,0.079) (0.000,0.157) (0.000,0.191) (0.000,0.262) (0.000,0.903) (0.000,0.142) (0.000,0.274) (0.000,0.693) (0.000,0.706) (0.000,0.482) 
441     1146    (0)   19 :  0.083 0.020 0.034 0.061 0.008 0.045 0.053 0.043 0.014 0.097 0.014 0.030 0.046 0.046 0.082 0.011 0.056 0.085 0.102 0.069     (0.000,0.672) (0.000,0.129) (0.000,0.225) (0.000,0.495) (0.000,0.040) (0.000,0.338) (0.000,0.420) (0.000,0.323) (0.000,0.089) (0.000,0.747) (0.000,0.083) (0.000,0.211) (0.000,0.349) (0.000,0.346) (0.000,0.633) (0.000,0.063) (0.000,0.446) (0.000,0.693) (0.000,0.766) (0.000,0.579) 
442     1147    (0)    1 :  0.078 0.041 0.044 0.132 0.008 0.060 0.062 0.019 0.023 0.080 0.030 0.051 0.036 0.050 0.073 0.010 0.016 0.048 0.068 0.071     (0.000,0.640) (0.000,0.307) (0.000,0.331) (0.000,0.839) (0.000,0.043) (0.000,0.491) (0.000,0.508) (0.000,0.110) (0.000,0.157) (0.000,0.650) (0.000,0.217) (0.000,0.396) (0.000,0.252) (0.000,0.393) (0.000,0.571) (0.000,0.060) (0.000,0.095) (0.000,0.371) (0.000,0.559) (0.000,0.586) 
443     1156    (0)    8 :  0.058 0.027 0.036 0.065 0.009 0.045 0.051 0.072 0.021 0.061 0.020 0.038 0.079 0.079 0.025 0.009 0.024 0.061 0.048 0.169     (0.000,0.473) (0.000,0.191) (0.000,0.245) (0.000,0.529) (0.000,0.049) (0.000,0.348) (0.000,0.402) (0.000,0.575) (0.000,0.150) (0.000,0.503) (0.000,0.137) (0.000,0.289) (0.000,0.615) (0.000,0.639) (0.000,0.156) (0.000,0.053) (0.000,0.155) (0.000,0.511) (0.000,0.374) (0.000,0.898) 
444     1157    (0)   18 :  0.074 0.011 0.035 0.017 0.007 0.024 0.071 0.205 0.008 0.093 0.008 0.012 0.046 0.035 0.079 0.014 0.094 0.074 0.038 0.055     (0.000,0.623) (0.000,0.067) (0.000,0.230) (0.000,0.092) (0.000,0.036) (0.000,0.149) (0.000,0.600) (0.000,0.933) (0.000,0.042) (0.000,0.744) (0.000,0.043) (0.000,0.069) (0.000,0.352) (0.000,0.242) (0.000,0.610) (0.000,0.082) (0.000,0.726) (0.000,0.624) (0.000,0.267) (0.000,0.446) 
445     1162   (12)   13 :  0.039 0.027 0.036 0.037 0.011 0.258 0.025 0.098 0.031 0.041 0.026 0.034 0.079 0.029 0.056 0.019 0.015 0.037 0.021 0.080     (0.000,0.277) (0.000,0.193) (0.000,0.251) (0.000,0.265) (0.000,0.060) (0.000,0.945) (0.000,0.159) (0.000,0.695) (0.000,0.226) (0.000,0.310) (0.000,0.187) (0.000,0.245) (0.000,0.643) (0.000,0.191) (0.000,0.451) (0.000,0.128) (0.000,0.083) (0.000,0.267) (0.000,0.118) (0.000,0.648) 
446     1167   (12)   14 :  0.086 0.017 0.030 0.038 0.010 0.084 0.035 0.064 0.013 0.092 0.012 0.014 0.091 0.085 0.034 0.008 0.060 0.078 0.069 0.080     (0.000,0.702) (0.000,0.110) (0.000,0.189) (0.000,0.266) (0.000,0.050) (0.000,0.672) (0.000,0.236) (0.000,0.528) (0.000,0.081) (0.000,0.735) (0.000,0.071) (0.000,0.077) (0.000,0.713) (0.000,0.699) (0.000,0.236) (0.000,0.043) (0.000,0.489) (0.000,0.653) (0.000,0.577) (0.000,0.658) 
447     1173    (0)    9 :  0.012 0.193 0.011 0.013 0.006 0.014 0.011 0.010 0.413 0.012 0.179 0.038 0.013 0.010 0.013 0.007 0.009 0.011 0.011 0.013     (0.000,0.069) (0.000,0.936) (0.000,0.058) (0.000,0.075) (0.000,0.029) (0.000,0.085) (0.000,0.064) (0.000,0.058) (0.000,0.980) (0.000,0.067) (0.000,0.927) (0.000,0.261) (0.000,0.077) (0.000,0.058) (0.000,0.079) (0.000,0.037) (0.000,0.047) (0.000,0.064) (0.000,0.059) (0.000,0.078) 
448     1176    (0)    3 :  0.056 0.018 0.056 0.047 0.007 0.126 0.039 0.060 0.014 0.048 0.013 0.036 0.024 0.079 0.072 0.007 0.105 0.094 0.046 0.051     (0.000,0.450) (0.000,0.119) (0.000,0.445) (0.000,0.360) (0.000,0.039) (0.000,0.817) (0.000,0.280) (0.000,0.483) (0.000,0.093) (0.000,0.377) (0.000,0.081) (0.000,0.267) (0.000,0.145) (0.000,0.635) (0.000,0.556) (0.000,0.042) (0.000,0.704) (0.000,0.725) (0.000,0.349) (0.000,0.402) 
449     1182    (0)    6 :  0.037 0.016 0.031 0.026 0.029 0.109 0.019 0.048 0.011 0.072 0.014 0.011 0.088 0.048 0.254 0.007 0.039 0.048 0.044 0.050     (0.000,0.261) (0.000,0.102) (0.000,0.208) (0.000,0.170) (0.000,0.189) (0.000,0.708) (0.000,0.110) (0.000,0.371) (0.000,0.065) (0.000,0.549) (0.000,0.085) (0.000,0.063) (0.000,0.651) (0.000,0.375) (0.000,0.941) (0.000,0.042) (0.000,0.285) (0.000,0.371) (0.000,0.334) (0.000,0.394) 
450     1185    (0)   18 :  0.046 0.015 0.035 0.069 0.007 0.090 0.027 0.119 0.012 0.066 0.012 0.018 0.060 0.074 0.060 0.013 0.038 0.082 0.052 0.107     (0.000,0.350) (0.000,0.091) (0.000,0.235) (0.000,0.567) (0.000,0.034) (0.000,0.693) (0.000,0.164) (0.000,0.809) (0.000,0.077) (0.000,0.555) (0.000,0.069) (0.000,0.109) (0.000,0.493) (0.000,0.612) (0.000,0.486) (0.000,0.075) (0.000,0.265) (0.000,0.681) (0.000,0.412) (0.000,0.796) 
451     1200    (0)    7 :  0.081 0.037 0.033 0.083 0.010 0.048 0.054 0.040 0.023 0.074 0.018 0.067 0.038 0.055 0.042 0.013 0.025 0.059 0.102 0.096     (0.000,0.657) (0.000,0.272) (0.000,0.216) (0.000,0.646) (0.000,0.056) (0.000,0.374) (0.000,0.435) (0.000,0.294) (0.000,0.165) (0.000,0.609) (0.000,0.116) (0.000,0.532) (0.000,0.275) (0.000,0.447) (0.000,0.312) (0.000,0.075) (0.000,0.163) (0.000,0.487) (0.000,0.750) (0.000,0.742) 
452     1205    (0)    9 :  0.020 0.358 0.013 0.016 0.013 0.017 0.021 0.010 0.280 0.018 0.123 0.008 0.010 0.013 0.027 0.004 0.011 0.013 0.012 0.013     (0.000,0.134) (0.000,0.952) (0.000,0.085) (0.000,0.107) (0.000,0.085) (0.000,0.117) (0.000,0.148) (0.000,0.057) (0.000,0.906) (0.000,0.122) (0.000,0.826) (0.000,0.044) (0.000,0.061) (0.000,0.079) (0.000,0.194) (0.000,0.020) (0.000,0.068) (0.000,0.082) (0.000,0.072) (0.000,0.084) 
453     1207    (0)    9 :  0.010 0.341 0.007 0.008 0.005 0.009 0.009 0.007 0.424 0.009 0.091 0.014 0.008 0.009 0.010 0.005 0.007 0.009 0.009 0.009     (0.000,0.054) (0.000,0.982) (0.000,0.039) (0.000,0.045) (0.000,0.026) (0.000,0.048) (0.000,0.048) (0.000,0.037) (0.000,0.985) (0.000,0.050) (0.000,0.807) (0.000,0.076) (0.000,0.045) (0.000,0.048) (0.000,0.055) (0.000,0.025) (0.000,0.039) (0.000,0.048) (0.000,0.052) (0.000,0.049) 
454     1208    (0)    2 :  0.010 0.411 0.007 0.009 0.005 0.009 0.009 0.006 0.312 0.009 0.136 0.015 0.008 0.008 0.009 0.005 0.007 0.008 0.008 0.008     (0.000,0.054) (0.000,0.987) (0.000,0.038) (0.000,0.051) (0.000,0.028) (0.000,0.047) (0.000,0.049) (0.000,0.033) (0.000,0.976) (0.000,0.052) (0.000,0.910) (0.000,0.081) (0.000,0.042) (0.000,0.042) (0.000,0.051) (0.000,0.024) (0.000,0.038) (0.000,0.044) (0.000,0.046) (0.000,0.045) 
455     1212   (12)    7 :  0.087 0.017 0.062 0.083 0.008 0.030 0.328 0.020 0.018 0.026 0.016 0.044 0.019 0.012 0.137 0.005 0.015 0.025 0.017 0.031     (0.000,0.725) (0.000,0.107) (0.000,0.514) (0.000,0.686) (0.000,0.042) (0.000,0.201) (0.000,0.967) (0.000,0.115) (0.000,0.113) (0.000,0.166) (0.000,0.101) (0.000,0.334) (0.000,0.109) (0.000,0.064) (0.000,0.864) (0.000,0.028) (0.000,0.079) (0.000,0.148) (0.000,0.089) (0.000,0.198) 
456     1214    (0)    7 :  0.092 0.024 0.031 0.052 0.011 0.049 0.046 0.045 0.011 0.096 0.011 0.049 0.042 0.061 0.045 0.023 0.030 0.059 0.152 0.070     (0.000,0.736) (0.000,0.156) (0.000,0.202) (0.000,0.413) (0.000,0.056) (0.000,0.382) (0.000,0.354) (0.000,0.346) (0.000,0.066) (0.000,0.745) (0.000,0.061) (0.000,0.381) (0.000,0.311) (0.000,0.508) (0.000,0.346) (0.000,0.155) (0.000,0.206) (0.000,0.488) (0.000,0.880) (0.000,0.583) 
457     1218   (25)   10 :  0.101 0.012 0.025 0.111 0.010 0.022 0.015 0.048 0.012 0.332 0.010 0.011 0.016 0.033 0.019 0.006 0.037 0.029 0.028 0.122     (0.000,0.785) (0.000,0.073) (0.000,0.144) (0.000,0.814) (0.000,0.052) (0.000,0.133) (0.000,0.083) (0.000,0.376) (0.000,0.069) (0.000,0.971) (0.000,0.055) (0.000,0.058) (0.000,0.092) (0.000,0.216) (0.000,0.108) (0.000,0.030) (0.000,0.261) (0.000,0.178) (0.000,0.181) (0.000,0.842) 
458     1222    (0)    9 :  0.005 0.140 0.004 0.004 0.011 0.005 0.005 0.004 0.689 0.005 0.085 0.007 0.004 0.005 0.005 0.004 0.004 0.004 0.005 0.004     (0.000,0.026) (0.000,0.936) (0.000,0.022) (0.000,0.022) (0.000,0.068) (0.000,0.026) (0.000,0.026) (0.000,0.022) (0.000,0.996) (0.000,0.024) (0.000,0.830) (0.000,0.039) (0.000,0.023) (0.000,0.027) (0.000,0.025) (0.000,0.023) (0.000,0.022) (0.000,0.023) (0.000,0.024) (0.000,0.023) 
459     1224    (0)    2 :  0.027 0.223 0.015 0.014 0.007 0.013 0.027 0.032 0.372 0.017 0.032 0.013 0.014 0.014 0.039 0.051 0.032 0.032 0.013 0.014     (0.000,0.200) (0.000,0.811) (0.000,0.093) (0.000,0.088) (0.000,0.036) (0.000,0.077) (0.000,0.196) (0.000,0.238) (0.000,0.854) (0.000,0.112) (0.000,0.241) (0.000,0.065) (0.000,0.086) (0.000,0.088) (0.000,0.269) (0.000,0.332) (0.000,0.234) (0.000,0.238) (0.000,0.079) (0.000,0.086) 
460     1226    (0)    9 :  0.005 0.075 0.004 0.004 0.005 0.005 0.004 0.004 0.765 0.005 0.083 0.008 0.004 0.004 0.004 0.004 0.004 0.004 0.004 0.004     (0.000,0.024) (0.000,0.758) (0.000,0.021) (0.000,0.022) (0.000,0.027) (0.000,0.026) (0.000,0.023) (0.000,0.021) (0.000,0.997) (0.000,0.024) (0.000,0.845) (0.000,0.041) (0.000,0.022) (0.000,0.022) (0.000,0.022) (0.000,0.023) (0.000,0.022) (0.000,0.022) (0.000,0.021) (0.000,0.022) 
461     1233    (0)    9 :  0.005 0.119 0.005 0.005 0.004 0.006 0.005 0.005 0.730 0.005 0.060 0.008 0.005 0.005 0.005 0.005 0.005 0.005 0.005 0.006     (0.000,0.029) (0.000,0.919) (0.000,0.027) (0.000,0.025) (0.000,0.023) (0.000,0.030) (0.000,0.029) (0.000,0.028) (0.000,0.996) (0.000,0.027) (0.000,0.572) (0.000,0.043) (0.000,0.027) (0.000,0.027) (0.000,0.029) (0.000,0.026) (0.000,0.025) (0.000,0.027) (0.000,0.027) (0.000,0.029) 
462     1236    (0)    9 :  0.009 0.588 0.007 0.006 0.006 0.009 0.007 0.008 0.245 0.008 0.023 0.016 0.009 0.008 0.007 0.012 0.007 0.009 0.008 0.007     (0.000,0.051) (0.000,0.992) (0.000,0.039) (0.000,0.034) (0.000,0.030) (0.000,0.054) (0.000,0.041) (0.000,0.048) (0.000,0.919) (0.000,0.044) (0.000,0.129) (0.000,0.095) (0.000,0.053) (0.000,0.047) (0.000,0.040) (0.000,0.073) (0.000,0.039) (0.000,0.049) (0.000,0.047) (0.000,0.041) 
463     1237    (0)   12 :  0.016 0.024 0.014 0.009 0.010 0.013 0.013 0.010 0.026 0.011 0.015 0.751 0.007 0.012 0.008 0.018 0.011 0.011 0.011 0.010     (0.000,0.088) (0.000,0.171) (0.000,0.082) (0.000,0.050) (0.000,0.054) (0.000,0.070) (0.000,0.070) (0.000,0.053) (0.000,0.192) (0.000,0.060) (0.000,0.097) (0.250,0.992) (0.000,0.039) (0.000,0.066) (0.000,0.042) (0.000,0.117) (0.000,0.061) (0.000,0.059) (0.000,0.060) (0.000,0.053) 
464     1239    (0)   18 :  0.037 0.015 0.034 0.020 0.008 0.050 0.030 0.407 0.010 0.059 0.009 0.012 0.040 0.048 0.057 0.009 0.028 0.041 0.029 0.058     (0.000,0.254) (0.000,0.091) (0.000,0.218) (0.000,0.110) (0.000,0.038) (0.000,0.399) (0.000,0.179) (0.000,0.981) (0.000,0.060) (0.000,0.504) (0.000,0.048) (0.000,0.063) (0.000,0.282) (0.000,0.373) (0.000,0.469) (0.000,0.048) (0.000,0.168) (0.000,0.296) (0.000,0.169) (0.000,0.492) 
465     1240    (0)    9 :  0.014 0.439 0.015 0.013 0.028 0.011 0.026 0.029 0.114 0.016 0.129 0.034 0.027 0.023 0.019 0.005 0.016 0.014 0.014 0.015     (0.000,0.081) (0.000,0.977) (0.000,0.092) (0.000,0.073) (0.000,0.191) (0.000,0.061) (0.000,0.173) (0.000,0.205) (0.000,0.732) (0.000,0.097) (0.000,0.821) (0.000,0.242) (0.000,0.176) (0.000,0.147) (0.000,0.119) (0.000,0.028) (0.000,0.095) (0.000,0.082) (0.000,0.081) (0.000,0.088) 
466     1241   (25)    2 :  0.013 0.465 0.015 0.009 0.013 0.010 0.022 0.037 0.161 0.016 0.060 0.035 0.030 0.022 0.020 0.006 0.022 0.014 0.015 0.015     (0.000,0.070) (0.000,0.984) (0.000,0.087) (0.000,0.050) (0.000,0.066) (0.000,0.055) (0.000,0.135) (0.000,0.266) (0.000,0.848) (0.000,0.092) (0.000,0.511) (0.000,0.239) (0.000,0.186) (0.000,0.130) (0.000,0.125) (0.000,0.031) (0.000,0.124) (0.000,0.079) (0.000,0.084) (0.000,0.084) 
467     1248    (0)   16 :  0.066 0.037 0.031 0.022 0.009 0.082 0.027 0.104 0.035 0.041 0.022 0.023 0.032 0.034 0.065 0.168 0.047 0.060 0.039 0.055     (0.000,0.535) (0.000,0.269) (0.000,0.204) (0.000,0.135) (0.000,0.049) (0.000,0.617) (0.000,0.180) (0.000,0.692) (0.000,0.251) (0.000,0.312) (0.000,0.155) (0.000,0.159) (0.000,0.217) (0.000,0.244) (0.000,0.511) (0.000,0.735) (0.000,0.372) (0.000,0.482) (0.000,0.292) (0.000,0.436) 
468     1250    (0)   11 :  0.015 0.490 0.011 0.009 0.006 0.012 0.011 0.012 0.195 0.012 0.104 0.025 0.012 0.012 0.011 0.014 0.012 0.012 0.014 0.012     (0.000,0.088) (0.000,0.987) (0.000,0.060) (0.000,0.047) (0.000,0.033) (0.000,0.070) (0.000,0.061) (0.000,0.074) (0.000,0.868) (0.000,0.071) (0.000,0.801) (0.000,0.151) (0.000,0.068) (0.000,0.071) (0.000,0.064) (0.000,0.091) (0.000,0.067) (0.000,0.068) (0.000,0.082) (0.000,0.067) 
469     1259    (0)    9 :  0.010 0.162 0.010 0.010 0.005 0.011 0.009 0.009 0.484 0.009 0.200 0.012 0.009 0.009 0.010 0.006 0.008 0.009 0.009 0.010     (0.000,0.057) (0.000,0.927) (0.000,0.057) (0.000,0.053) (0.000,0.026) (0.000,0.058) (0.000,0.048) (0.000,0.052) (0.000,0.988) (0.000,0.049) (0.000,0.953) (0.000,0.063) (0.000,0.047) (0.000,0.047) (0.000,0.053) (0.000,0.034) (0.000,0.042) (0.000,0.050) (0.000,0.048) (0.000,0.055) 
470     1265    (0)    2 :  0.010 0.447 0.008 0.007 0.006 0.010 0.009 0.010 0.304 0.009 0.076 0.024 0.011 0.010 0.008 0.012 0.009 0.009 0.010 0.009     (0.000,0.061) (0.000,0.987) (0.000,0.044) (0.000,0.037) (0.000,0.032) (0.000,0.057) (0.000,0.048) (0.000,0.062) (0.000,0.930) (0.000,0.055) (0.000,0.715) (0.000,0.147) (0.000,0.065) (0.000,0.055) (0.000,0.048) (0.000,0.079) (0.000,0.054) (0.000,0.055) (0.000,0.061) (0.000,0.054) 
471     1276    (0)   11 :  0.009 0.226 0.011 0.010 0.006 0.009 0.011 0.014 0.465 0.010 0.135 0.015 0.011 0.011 0.012 0.005 0.009 0.010 0.009 0.011     (0.000,0.051) (0.000,0.956) (0.000,0.067) (0.000,0.056) (0.000,0.031) (0.000,0.052) (0.000,0.066) (0.000,0.087) (0.000,0.982) (0.000,0.059) (0.000,0.896) (0.000,0.080) (0.000,0.066) (0.000,0.060) (0.000,0.069) (0.000,0.024) (0.000,0.053) (0.000,0.055) (0.000,0.053) (0.000,0.067) 
472     1283    (0)   18 :  0.061 0.013 0.034 0.065 0.008 0.091 0.022 0.128 0.011 0.075 0.010 0.014 0.053 0.061 0.049 0.022 0.080 0.074 0.064 0.066     (0.000,0.500) (0.000,0.077) (0.000,0.228) (0.000,0.541) (0.000,0.040) (0.000,0.720) (0.000,0.125) (0.000,0.847) (0.000,0.065) (0.000,0.628) (0.000,0.058) (0.000,0.076) (0.000,0.426) (0.000,0.507) (0.000,0.378) (0.000,0.142) (0.000,0.645) (0.000,0.623) (0.000,0.531) (0.000,0.560) 
473     1291    (0)    1 :  0.049 0.054 0.024 0.045 0.008 0.062 0.022 0.081 0.067 0.043 0.045 0.040 0.094 0.066 0.033 0.037 0.069 0.062 0.043 0.056     (0.000,0.387) (0.000,0.393) (0.000,0.150) (0.000,0.352) (0.000,0.044) (0.000,0.483) (0.000,0.129) (0.000,0.616) (0.000,0.444) (0.000,0.327) (0.000,0.337) (0.000,0.298) (0.000,0.681) (0.000,0.532) (0.000,0.233) (0.000,0.268) (0.000,0.545) (0.000,0.493) (0.000,0.326) (0.000,0.447) 
474     1301    (0)    9 :  0.013 0.223 0.011 0.010 0.005 0.010 0.011 0.009 0.491 0.010 0.120 0.010 0.008 0.010 0.012 0.005 0.008 0.010 0.010 0.012     (0.000,0.070) (0.000,0.958) (0.000,0.058) (0.000,0.054) (0.000,0.025) (0.000,0.057) (0.000,0.059) (0.000,0.049) (0.000,0.989) (0.000,0.054) (0.000,0.880) (0.000,0.050) (0.000,0.043) (0.000,0.051) (0.000,0.065) (0.000,0.026) (0.000,0.044) (0.000,0.056) (0.000,0.055) (0.000,0.061) 
475     1302    (0)    2 :  0.017 0.126 0.020 0.025 0.005 0.018 0.013 0.014 0.331 0.016 0.294 0.015 0.014 0.014 0.016 0.006 0.012 0.014 0.013 0.017     (0.000,0.098) (0.000,0.848) (0.000,0.108) (0.000,0.150) (0.000,0.028) (0.000,0.104) (0.000,0.069) (0.000,0.079) (0.000,0.971) (0.000,0.089) (0.000,0.968) (0.000,0.080) (0.000,0.080) (0.000,0.074) (0.000,0.091) (0.000,0.034) (0.000,0.066) (0.000,0.079) (0.000,0.069) (0.000,0.098) 
476     1306    (0)    9 :  0.008 0.158 0.007 0.007 0.004 0.007 0.008 0.007 0.643 0.007 0.083 0.007 0.006 0.007 0.008 0.004 0.006 0.007 0.007 0.008     (0.000,0.042) (0.000,0.940) (0.000,0.038) (0.000,0.038) (0.000,0.023) (0.000,0.040) (0.000,0.040) (0.000,0.037) (0.000,0.994) (0.000,0.037) (0.000,0.791) (0.000,0.038) (0.000,0.033) (0.000,0.037) (0.000,0.045) (0.000,0.021) (0.000,0.032) (0.000,0.039) (0.000,0.037) (0.000,0.043) 
477     1307   (12)   13 :  0.090 0.090 0.031 0.061 0.017 0.037 0.077 0.040 0.046 0.052 0.026 0.057 0.026 0.058 0.047 0.037 0.017 0.043 0.076 0.073     (0.000,0.712) (0.000,0.670) (0.000,0.204) (0.000,0.492) (0.000,0.094) (0.000,0.266) (0.000,0.628) (0.000,0.289) (0.000,0.351) (0.000,0.413) (0.000,0.171) (0.000,0.446) (0.000,0.161) (0.000,0.474) (0.000,0.358) (0.000,0.270) (0.000,0.098) (0.000,0.315) (0.000,0.610) (0.000,0.599) 
478     1308   (12)    2 :  0.019 0.370 0.012 0.011 0.007 0.013 0.014 0.012 0.290 0.015 0.111 0.016 0.013 0.016 0.016 0.008 0.014 0.014 0.016 0.013     (0.000,0.104) (0.000,0.980) (0.000,0.062) (0.000,0.057) (0.000,0.035) (0.000,0.070) (0.000,0.075) (0.000,0.065) (0.000,0.967) (0.000,0.080) (0.000,0.839) (0.000,0.081) (0.000,0.071) (0.000,0.087) (0.000,0.085) (0.000,0.046) (0.000,0.074) (0.000,0.078) (0.000,0.089) (0.000,0.068) 
479     1309    (0)    2 :  0.011 0.394 0.008 0.009 0.006 0.009 0.010 0.007 0.277 0.010 0.178 0.013 0.008 0.009 0.008 0.006 0.009 0.009 0.009 0.009     (0.000,0.060) (0.000,0.985) (0.000,0.044) (0.000,0.048) (0.000,0.031) (0.000,0.046) (0.000,0.052) (0.000,0.039) (0.000,0.971) (0.000,0.054) (0.000,0.943) (0.000,0.065) (0.000,0.043) (0.000,0.048) (0.000,0.045) (0.000,0.032) (0.000,0.050) (0.000,0.046) (0.000,0.050) (0.000,0.045) 
480     1310   (12)    2 :  0.023 0.311 0.014 0.018 0.009 0.018 0.017 0.013 0.174 0.024 0.238 0.023 0.018 0.015 0.016 0.009 0.017 0.014 0.014 0.014     (0.000,0.137) (0.000,0.968) (0.000,0.080) (0.000,0.102) (0.000,0.045) (0.000,0.103) (0.000,0.090) (0.000,0.073) (0.000,0.909) (0.000,0.142) (0.000,0.951) (0.000,0.135) (0.000,0.101) (0.000,0.087) (0.000,0.088) (0.000,0.051) (0.000,0.099) (0.000,0.079) (0.000,0.081) (0.000,0.075) 
481     1313    (0)   12 :  0.016 0.015 0.012 0.014 0.008 0.018 0.012 0.019 0.018 0.015 0.018 0.674 0.048 0.016 0.012 0.012 0.018 0.018 0.020 0.017     (0.000,0.099) (0.000,0.088) (0.000,0.070) (0.000,0.082) (0.000,0.042) (0.000,0.115) (0.000,0.070) (0.000,0.116) (0.000,0.116) (0.000,0.090) (0.000,0.113) (0.136,0.986) (0.000,0.377) (0.000,0.095) (0.000,0.066) (0.000,0.065) (0.000,0.107) (0.000,0.106) (0.000,0.121) (0.000,0.108) 
482     1317    (0)    7 :  0.091 0.009 0.137 0.076 0.008 0.028 0.044 0.035 0.012 0.095 0.009 0.015 0.043 0.048 0.040 0.023 0.037 0.104 0.064 0.082     (0.000,0.706) (0.000,0.051) (0.000,0.808) (0.000,0.606) (0.000,0.043) (0.000,0.186) (0.000,0.334) (0.000,0.247) (0.000,0.074) (0.000,0.704) (0.000,0.049) (0.000,0.092) (0.000,0.317) (0.000,0.370) (0.000,0.299) (0.000,0.165) (0.000,0.272) (0.000,0.767) (0.000,0.513) (0.000,0.656) 
483     1318    (0)    7 :  0.098 0.018 0.192 0.050 0.007 0.060 0.033 0.028 0.032 0.107 0.019 0.012 0.047 0.042 0.037 0.007 0.021 0.072 0.040 0.079     (0.000,0.742) (0.000,0.120) (0.000,0.895) (0.000,0.391) (0.000,0.035) (0.000,0.478) (0.000,0.228) (0.000,0.187) (0.000,0.238) (0.000,0.763) (0.000,0.130) (0.000,0.068) (0.000,0.359) (0.000,0.316) (0.000,0.272) (0.000,0.036) (0.000,0.128) (0.000,0.589) (0.000,0.291) (0.000,0.638) 
484     1320   (25)    3 :  0.058 0.009 0.177 0.052 0.015 0.045 0.031 0.055 0.014 0.122 0.009 0.016 0.081 0.036 0.026 0.006 0.041 0.074 0.052 0.080     (0.000,0.471) (0.000,0.052) (0.000,0.891) (0.000,0.408) (0.000,0.080) (0.000,0.345) (0.000,0.203) (0.000,0.442) (0.000,0.087) (0.000,0.817) (0.000,0.048) (0.000,0.094) (0.000,0.658) (0.000,0.246) (0.000,0.164) (0.000,0.034) (0.000,0.311) (0.000,0.617) (0.000,0.414) (0.000,0.656) 
485     1322    (0)   13 :  0.041 0.009 0.031 0.047 0.008 0.050 0.030 0.056 0.012 0.051 0.011 0.019 0.227 0.049 0.013 0.005 0.070 0.066 0.043 0.162     (0.000,0.297) (0.000,0.053) (0.000,0.193) (0.000,0.363) (0.000,0.043) (0.000,0.394) (0.000,0.187) (0.000,0.460) (0.000,0.076) (0.000,0.410) (0.000,0.066) (0.000,0.118) (0.000,0.944) (0.000,0.381) (0.000,0.072) (0.000,0.025) (0.000,0.580) (0.000,0.561) (0.000,0.316) (0.000,0.909) 
486     1323    (0)   14 :  0.103 0.010 0.021 0.018 0.009 0.063 0.028 0.097 0.009 0.076 0.009 0.025 0.063 0.127 0.019 0.006 0.144 0.067 0.022 0.085     (0.000,0.747) (0.000,0.064) (0.000,0.122) (0.000,0.106) (0.000,0.049) (0.000,0.494) (0.000,0.182) (0.000,0.726) (0.000,0.056) (0.000,0.564) (0.000,0.051) (0.000,0.182) (0.000,0.478) (0.000,0.832) (0.000,0.118) (0.000,0.035) (0.000,0.839) (0.000,0.554) (0.000,0.131) (0.000,0.642) 
487     1325    (0)   13 :  0.042 0.007 0.041 0.026 0.010 0.054 0.044 0.158 0.006 0.086 0.006 0.016 0.143 0.041 0.028 0.006 0.057 0.060 0.060 0.111     (0.000,0.308) (0.000,0.036) (0.000,0.288) (0.000,0.161) (0.000,0.049) (0.000,0.435) (0.000,0.322) (0.000,0.903) (0.000,0.032) (0.000,0.708) (0.000,0.029) (0.000,0.090) (0.000,0.883) (0.000,0.295) (0.000,0.177) (0.000,0.030) (0.000,0.460) (0.000,0.503) (0.000,0.495) (0.000,0.822) 
488     1326    (0)   13 :  0.046 0.007 0.033 0.021 0.008 0.079 0.038 0.185 0.006 0.076 0.005 0.013 0.140 0.040 0.030 0.006 0.034 0.060 0.043 0.130     (0.000,0.344) (0.000,0.035) (0.000,0.218) (0.000,0.124) (0.000,0.040) (0.000,0.648) (0.000,0.262) (0.000,0.925) (0.000,0.031) (0.000,0.646) (0.000,0.029) (0.000,0.075) (0.000,0.881) (0.000,0.287) (0.000,0.198) (0.000,0.032) (0.000,0.229) (0.000,0.500) (0.000,0.313) (0.000,0.868) 
489     1328    (0)   10 :  0.044 0.015 0.032 0.045 0.010 0.059 0.049 0.080 0.008 0.056 0.006 0.020 0.143 0.124 0.034 0.007 0.036 0.114 0.071 0.047     (0.000,0.330) (0.000,0.097) (0.000,0.212) (0.000,0.338) (0.000,0.055) (0.000,0.465) (0.000,0.383) (0.000,0.619) (0.000,0.048) (0.000,0.449) (0.000,0.032) (0.000,0.119) (0.000,0.870) (0.000,0.834) (0.000,0.234) (0.000,0.038) (0.000,0.255) (0.000,0.806) (0.000,0.580) (0.000,0.361) 
490     1337   (25)   13 :  0.090 0.011 0.030 0.023 0.009 0.073 0.053 0.094 0.010 0.071 0.009 0.011 0.104 0.055 0.053 0.010 0.054 0.093 0.050 0.097     (0.000,0.726) (0.000,0.060) (0.000,0.185) (0.000,0.140) (0.000,0.045) (0.000,0.601) (0.000,0.423) (0.000,0.733) (0.000,0.056) (0.000,0.594) (0.000,0.048) (0.000,0.063) (0.000,0.770) (0.000,0.451) (0.000,0.418) (0.000,0.057) (0.000,0.432) (0.000,0.743) (0.000,0.387) (0.000,0.759) 
491     1338    (0)   12 :  0.050 0.058 0.022 0.020 0.019 0.072 0.036 0.028 0.032 0.053 0.031 0.272 0.091 0.024 0.022 0.024 0.032 0.031 0.042 0.041     (0.000,0.398) (0.000,0.412) (0.000,0.139) (0.000,0.129) (0.000,0.113) (0.000,0.568) (0.000,0.267) (0.000,0.197) (0.000,0.237) (0.000,0.417) (0.000,0.231) (0.000,0.935) (0.000,0.673) (0.000,0.155) (0.000,0.143) (0.000,0.169) (0.000,0.224) (0.000,0.213) (0.000,0.325) (0.000,0.315) 
492     1343    (0)   13 :  0.062 0.008 0.040 0.040 0.006 0.068 0.059 0.113 0.009 0.036 0.009 0.026 0.034 0.044 0.074 0.009 0.177 0.110 0.026 0.049     (0.000,0.514) (0.000,0.046) (0.000,0.284) (0.000,0.290) (0.000,0.032) (0.000,0.530) (0.000,0.481) (0.000,0.792) (0.000,0.053) (0.000,0.257) (0.000,0.054) (0.000,0.189) (0.000,0.236) (0.000,0.333) (0.000,0.556) (0.000,0.050) (0.000,0.891) (0.000,0.803) (0.000,0.158) (0.000,0.379) 
493     1344    (0)    3 :  0.057 0.018 0.063 0.051 0.008 0.135 0.048 0.046 0.020 0.041 0.018 0.053 0.036 0.078 0.043 0.005 0.084 0.086 0.045 0.063     (0.000,0.469) (0.000,0.125) (0.000,0.513) (0.000,0.402) (0.000,0.040) (0.000,0.831) (0.000,0.369) (0.000,0.353) (0.000,0.137) (0.000,0.308) (0.000,0.125) (0.000,0.399) (0.000,0.250) (0.000,0.624) (0.000,0.322) (0.000,0.028) (0.000,0.612) (0.000,0.680) (0.000,0.348) (0.000,0.520) 
494     1351    (0)    1 :  0.051 0.020 0.081 0.069 0.008 0.063 0.086 0.058 0.022 0.069 0.019 0.022 0.051 0.046 0.094 0.005 0.033 0.056 0.049 0.099     (0.000,0.400) (0.000,0.138) (0.000,0.660) (0.000,0.558) (0.000,0.042) (0.000,0.519) (0.000,0.684) (0.000,0.464) (0.000,0.152) (0.000,0.571) (0.000,0.127) (0.000,0.137) (0.000,0.402) (0.000,0.355) (0.000,0.696) (0.000,0.024) (0.000,0.230) (0.000,0.454) (0.000,0.385) (0.000,0.757) 
495     1356    (0)    3 :  0.086 0.039 0.035 0.074 0.009 0.091 0.044 0.027 0.022 0.058 0.014 0.031 0.090 0.076 0.035 0.009 0.029 0.108 0.081 0.043     (0.000,0.689) (0.000,0.292) (0.000,0.251) (0.000,0.579) (0.000,0.046) (0.000,0.702) (0.000,0.329) (0.000,0.171) (0.000,0.151) (0.000,0.468) (0.000,0.084) (0.000,0.206) (0.000,0.685) (0.000,0.614) (0.000,0.247) (0.000,0.047) (0.000,0.198) (0.000,0.776) (0.000,0.642) (0.000,0.323) 
496     1365    (0)    1 :  0.089 0.033 0.051 0.071 0.008 0.061 0.096 0.025 0.027 0.059 0.024 0.037 0.036 0.056 0.068 0.009 0.018 0.055 0.077 0.100     (0.000,0.702) (0.000,0.244) (0.000,0.397) (0.000,0.570) (0.000,0.044) (0.000,0.495) (0.000,0.725) (0.000,0.158) (0.000,0.198) (0.000,0.480) (0.000,0.169) (0.000,0.269) (0.000,0.256) (0.000,0.450) (0.000,0.539) (0.000,0.055) (0.000,0.107) (0.000,0.447) (0.000,0.619) (0.000,0.751) 
497     1366    (0)   10 :  0.062 0.100 0.037 0.058 0.009 0.034 0.048 0.019 0.056 0.043 0.052 0.099 0.031 0.059 0.027 0.015 0.019 0.049 0.104 0.078     (0.000,0.500) (0.000,0.657) (0.000,0.260) (0.000,0.462) (0.000,0.047) (0.000,0.238) (0.000,0.374) (0.000,0.110) (0.000,0.416) (0.000,0.320) (0.000,0.393) (0.000,0.709) (0.000,0.212) (0.000,0.474) (0.000,0.180) (0.000,0.093) (0.000,0.118) (0.000,0.376) (0.000,0.747) (0.000,0.629) 
498     1368   (12)   13 :  0.075 0.030 0.020 0.010 0.012 0.023 0.054 0.086 0.026 0.043 0.017 0.017 0.163 0.068 0.020 0.013 0.167 0.065 0.039 0.052     (0.000,0.620) (0.000,0.221) (0.000,0.113) (0.000,0.052) (0.000,0.062) (0.000,0.136) (0.000,0.434) (0.000,0.686) (0.000,0.194) (0.000,0.326) (0.000,0.116) (0.000,0.108) (0.000,0.869) (0.000,0.566) (0.000,0.124) (0.000,0.077) (0.000,0.895) (0.000,0.547) (0.000,0.281) (0.000,0.412) 
499     1370    (0)   13 :  0.047 0.008 0.032 0.019 0.006 0.048 0.037 0.291 0.010 0.027 0.009 0.020 0.040 0.030 0.027 0.009 0.183 0.083 0.017 0.057     (0.000,0.365) (0.000,0.046) (0.000,0.199) (0.000,0.108) (0.000,0.031) (0.000,0.371) (0.000,0.261) (0.000,0.964) (0.000,0.058) (0.000,0.167) (0.000,0.051) (0.000,0.133) (0.000,0.292) (0.000,0.191) (0.000,0.180) (0.000,0.049) (0.000,0.911) (0.000,0.696) (0.000,0.092) (0.000,0.470) 
500     1372    (0)   18 :  0.068 0.016 0.022 0.024 0.008 0.086 0.033 0.093 0.010 0.042 0.007 0.011 0.174 0.136 0.019 0.009 0.032 0.120 0.039 0.051     (0.000,0.573) (0.000,0.102) (0.000,0.128) (0.000,0.149) (0.000,0.042) (0.000,0.670) (0.000,0.213) (0.000,0.691) (0.000,0.061) (0.000,0.312) (0.000,0.038) (0.000,0.060) (0.000,0.907) (0.000,0.866) (0.000,0.109) (0.000,0.050) (0.000,0.214) (0.000,0.830) (0.000,0.282) (0.000,0.407) 
501     1374    (0)   20 :  0.036 0.007 0.034 0.024 0.008 0.049 0.022 0.221 0.006 0.060 0.006 0.010 0.113 0.069 0.021 0.012 0.106 0.067 0.051 0.080     (0.000,0.236) (0.000,0.036) (0.000,0.218) (0.000,0.142) (0.000,0.041) (0.000,0.385) (0.000,0.122) (0.000,0.948) (0.000,0.031) (0.000,0.500) (0.000,0.031) (0.000,0.057) (0.000,0.818) (0.000,0.588) (0.000,0.119) (0.000,0.071) (0.000,0.789) (0.000,0.574) (0.000,0.400) (0.000,0.682) 
502     1377    (0)    7 :  0.074 0.011 0.085 0.011 0.007 0.015 0.412 0.038 0.010 0.027 0.008 0.017 0.020 0.035 0.016 0.007 0.033 0.110 0.021 0.045     (0.000,0.612) (0.000,0.067) (0.000,0.636) (0.000,0.057) (0.000,0.034) (0.000,0.082) (0.000,0.975) (0.000,0.287) (0.000,0.062) (0.000,0.176) (0.000,0.049) (0.000,0.107) (0.000,0.123) (0.000,0.241) (0.000,0.096) (0.000,0.037) (0.000,0.233) (0.000,0.790) (0.000,0.123) (0.000,0.340) 
503     1380    (0)   19 :  0.063 0.017 0.072 0.039 0.007 0.030 0.093 0.082 0.019 0.028 0.013 0.023 0.053 0.074 0.033 0.008 0.081 0.094 0.056 0.112     (0.000,0.507) (0.000,0.115) (0.000,0.573) (0.000,0.278) (0.000,0.038) (0.000,0.199) (0.000,0.669) (0.000,0.639) (0.000,0.137) (0.000,0.176) (0.000,0.086) (0.000,0.159) (0.000,0.422) (0.000,0.594) (0.000,0.235) (0.000,0.047) (0.000,0.642) (0.000,0.726) (0.000,0.452) (0.000,0.792) 
504     1381   (12)    4 :  0.076 0.015 0.044 0.026 0.015 0.036 0.148 0.120 0.013 0.092 0.011 0.013 0.050 0.032 0.049 0.006 0.094 0.053 0.029 0.080     (0.000,0.630) (0.000,0.092) (0.000,0.329) (0.000,0.162) (0.000,0.084) (0.000,0.252) (0.000,0.876) (0.000,0.795) (0.000,0.076) (0.000,0.724) (0.000,0.065) (0.000,0.071) (0.000,0.386) (0.000,0.215) (0.000,0.375) (0.000,0.030) (0.000,0.722) (0.000,0.430) (0.000,0.185) (0.000,0.656) 
505     1387    (0)   13 :  0.042 0.021 0.040 0.019 0.008 0.047 0.047 0.256 0.015 0.049 0.012 0.015 0.047 0.084 0.044 0.008 0.038 0.060 0.049 0.099     (0.000,0.311) (0.000,0.141) (0.000,0.287) (0.000,0.107) (0.000,0.041) (0.000,0.369) (0.000,0.363) (0.000,0.953) (0.000,0.099) (0.000,0.379) (0.000,0.069) (0.000,0.085) (0.000,0.366) (0.000,0.695) (0.000,0.330) (0.000,0.040) (0.000,0.265) (0.000,0.508) (0.000,0.380) (0.000,0.772) 
506     1388    (0)   20 :  0.022 0.109 0.047 0.031 0.010 0.018 0.028 0.060 0.071 0.030 0.079 0.087 0.065 0.081 0.023 0.015 0.096 0.041 0.048 0.040     (0.000,0.128) (0.000,0.617) (0.000,0.366) (0.000,0.214) (0.000,0.050) (0.000,0.108) (0.000,0.185) (0.000,0.457) (0.000,0.460) (0.000,0.208) (0.000,0.511) (0.000,0.641) (0.000,0.495) (0.000,0.607) (0.000,0.155) (0.000,0.094) (0.000,0.652) (0.000,0.313) (0.000,0.370) (0.000,0.297) 
507     1389   (12)   17 :  0.025 0.009 0.054 0.035 0.010 0.021 0.041 0.235 0.008 0.048 0.008 0.012 0.043 0.055 0.061 0.011 0.178 0.059 0.044 0.045     (0.000,0.147) (0.000,0.049) (0.000,0.441) (0.000,0.232) (0.000,0.051) (0.000,0.118) (0.000,0.295) (0.000,0.951) (0.000,0.044) (0.000,0.374) (0.000,0.042) (0.000,0.065) (0.000,0.316) (0.000,0.445) (0.000,0.507) (0.000,0.062) (0.000,0.915) (0.000,0.497) (0.000,0.331) (0.000,0.330) 
508     1391    (0)   13 :  0.044 0.011 0.025 0.029 0.010 0.068 0.047 0.053 0.012 0.032 0.010 0.058 0.060 0.073 0.040 0.010 0.073 0.103 0.046 0.196     (0.000,0.334) (0.000,0.068) (0.000,0.151) (0.000,0.198) (0.000,0.055) (0.000,0.530) (0.000,0.358) (0.000,0.422) (0.000,0.077) (0.000,0.218) (0.000,0.056) (0.000,0.347) (0.000,0.486) (0.000,0.586) (0.000,0.297) (0.000,0.058) (0.000,0.582) (0.000,0.753) (0.000,0.354) (0.000,0.914) 
509     1396    (0)   13 :  0.060 0.008 0.037 0.036 0.009 0.054 0.026 0.075 0.007 0.081 0.007 0.010 0.122 0.075 0.021 0.008 0.189 0.059 0.065 0.050     (0.000,0.497) (0.000,0.043) (0.000,0.247) (0.000,0.249) (0.000,0.046) (0.000,0.435) (0.000,0.157) (0.000,0.637) (0.000,0.037) (0.000,0.680) (0.000,0.040) (0.000,0.055) (0.000,0.838) (0.000,0.648) (0.000,0.121) (0.000,0.046) (0.000,0.929) (0.000,0.500) (0.000,0.550) (0.000,0.395) 
510     1400    (0)   17 :  0.063 0.011 0.029 0.027 0.006 0.041 0.026 0.106 0.010 0.050 0.010 0.011 0.074 0.078 0.025 0.030 0.167 0.102 0.058 0.076     (0.000,0.530) (0.000,0.065) (0.000,0.173) (0.000,0.171) (0.000,0.033) (0.000,0.303) (0.000,0.157) (0.000,0.780) (0.000,0.060) (0.000,0.391) (0.000,0.057) (0.000,0.064) (0.000,0.604) (0.000,0.647) (0.000,0.155) (0.000,0.209) (0.000,0.900) (0.000,0.780) (0.000,0.475) (0.000,0.635) 
511     1402    (0)    1 :  0.095 0.014 0.054 0.069 0.007 0.031 0.025 0.058 0.016 0.124 0.014 0.010 0.030 0.074 0.021 0.007 0.093 0.057 0.037 0.163     (0.000,0.728) (0.000,0.093) (0.000,0.435) (0.000,0.550) (0.000,0.036) (0.000,0.213) (0.000,0.157) (0.000,0.467) (0.000,0.109) (0.000,0.812) (0.000,0.091) (0.000,0.058) (0.000,0.204) (0.000,0.605) (0.000,0.134) (0.000,0.037) (0.000,0.692) (0.000,0.466) (0.000,0.263) (0.000,0.891) 
512     1403    (0)   13 :  0.049 0.022 0.020 0.021 0.008 0.059 0.022 0.088 0.025 0.039 0.023 0.029 0.310 0.054 0.014 0.013 0.057 0.049 0.029 0.069     (0.000,0.389) (0.000,0.151) (0.000,0.112) (0.000,0.128) (0.000,0.042) (0.000,0.486) (0.000,0.120) (0.000,0.690) (0.000,0.184) (0.000,0.279) (0.000,0.164) (0.000,0.206) (0.000,0.961) (0.000,0.436) (0.000,0.080) (0.000,0.075) (0.000,0.470) (0.000,0.390) (0.000,0.182) (0.000,0.569) 
513     1408    (0)   12 :  0.038 0.093 0.020 0.025 0.015 0.040 0.035 0.025 0.078 0.027 0.059 0.332 0.043 0.019 0.017 0.032 0.016 0.022 0.023 0.043     (0.000,0.280) (0.000,0.600) (0.000,0.125) (0.000,0.171) (0.000,0.084) (0.000,0.303) (0.000,0.263) (0.000,0.176) (0.000,0.509) (0.000,0.183) (0.000,0.439) (0.000,0.958) (0.000,0.323) (0.000,0.121) (0.000,0.104) (0.000,0.234) (0.000,0.095) (0.000,0.139) (0.000,0.148) (0.000,0.327) 
514     1409    (0)    2 :  0.018 0.235 0.014 0.012 0.008 0.020 0.014 0.021 0.250 0.016 0.105 0.114 0.037 0.020 0.012 0.028 0.022 0.018 0.020 0.018     (0.000,0.125) (0.000,0.885) (0.000,0.090) (0.000,0.070) (0.000,0.044) (0.000,0.135) (0.000,0.085) (0.000,0.151) (0.000,0.817) (0.000,0.104) (0.000,0.710) (0.000,0.788) (0.000,0.275) (0.000,0.134) (0.000,0.071) (0.000,0.202) (0.000,0.154) (0.000,0.122) (0.000,0.140) (0.000,0.124) 
515     1410    (0)    1 :  0.067 0.108 0.029 0.020 0.009 0.045 0.034 0.050 0.128 0.031 0.060 0.029 0.031 0.049 0.034 0.055 0.053 0.060 0.053 0.055     (0.000,0.516) (0.000,0.597) (0.000,0.191) (0.000,0.121) (0.000,0.048) (0.000,0.337) (0.000,0.252) (0.000,0.380) (0.000,0.605) (0.000,0.220) (0.000,0.424) (0.000,0.205) (0.000,0.220) (0.000,0.380) (0.000,0.256) (0.000,0.383) (0.000,0.407) (0.000,0.462) (0.000,0.416) (0.000,0.431) 
516     1411    (0)   14 :  0.069 0.086 0.024 0.015 0.014 0.091 0.034 0.052 0.065 0.037 0.040 0.045 0.094 0.061 0.036 0.055 0.046 0.046 0.049 0.042     (0.000,0.536) (0.000,0.514) (0.000,0.153) (0.000,0.087) (0.000,0.075) (0.000,0.642) (0.000,0.255) (0.000,0.409) (0.000,0.412) (0.000,0.280) (0.000,0.295) (0.000,0.338) (0.000,0.672) (0.000,0.480) (0.000,0.269) (0.000,0.385) (0.000,0.360) (0.000,0.361) (0.000,0.384) (0.000,0.320) 
517     1412    (0)   18 :  0.047 0.015 0.020 0.035 0.008 0.114 0.021 0.053 0.011 0.025 0.007 0.025 0.050 0.180 0.017 0.013 0.101 0.180 0.049 0.030     (0.000,0.356) (0.000,0.097) (0.000,0.114) (0.000,0.244) (0.000,0.044) (0.000,0.782) (0.000,0.123) (0.000,0.419) (0.000,0.067) (0.000,0.153) (0.000,0.036) (0.000,0.167) (0.000,0.387) (0.000,0.914) (0.000,0.095) (0.000,0.074) (0.000,0.692) (0.000,0.914) (0.000,0.387) (0.000,0.194) 
518     1414    (0)   18 :  0.049 0.014 0.033 0.031 0.008 0.134 0.025 0.124 0.014 0.033 0.012 0.039 0.042 0.089 0.021 0.009 0.127 0.090 0.043 0.064     (0.000,0.387) (0.000,0.086) (0.000,0.215) (0.000,0.204) (0.000,0.040) (0.000,0.838) (0.000,0.147) (0.000,0.826) (0.000,0.091) (0.000,0.230) (0.000,0.072) (0.000,0.288) (0.000,0.311) (0.000,0.707) (0.000,0.122) (0.000,0.046) (0.000,0.820) (0.000,0.726) (0.000,0.325) (0.000,0.530) 
519     1416    (0)   13 :  0.057 0.050 0.017 0.046 0.042 0.092 0.041 0.117 0.022 0.027 0.007 0.011 0.085 0.097 0.025 0.039 0.016 0.144 0.033 0.034     (0.000,0.458) (0.000,0.360) (0.000,0.102) (0.000,0.352) (0.000,0.260) (0.000,0.638) (0.000,0.302) (0.000,0.674) (0.000,0.153) (0.000,0.180) (0.000,0.038) (0.000,0.061) (0.000,0.619) (0.000,0.689) (0.000,0.163) (0.000,0.238) (0.000,0.094) (0.000,0.815) (0.000,0.225) (0.000,0.247) 
520     1417    (0)   18 :  0.071 0.020 0.035 0.052 0.010 0.048 0.072 0.106 0.015 0.050 0.008 0.016 0.086 0.071 0.049 0.009 0.059 0.129 0.051 0.042     (0.000,0.585) (0.000,0.137) (0.000,0.249) (0.000,0.399) (0.000,0.051) (0.000,0.365) (0.000,0.585) (0.000,0.729) (0.000,0.096) (0.000,0.393) (0.000,0.045) (0.000,0.090) (0.000,0.665) (0.000,0.572) (0.000,0.380) (0.000,0.052) (0.000,0.470) (0.000,0.837) (0.000,0.396) (0.000,0.316) 
521     1422    (0)   19 :  0.056 0.014 0.035 0.030 0.026 0.020 0.078 0.076 0.008 0.037 0.009 0.011 0.030 0.168 0.096 0.024 0.049 0.078 0.113 0.041     (0.000,0.450) (0.000,0.088) (0.000,0.240) (0.000,0.201) (0.000,0.178) (0.000,0.121) (0.000,0.619) (0.000,0.605) (0.000,0.048) (0.000,0.262) (0.000,0.048) (0.000,0.064) (0.000,0.202) (0.000,0.893) (0.000,0.704) (0.000,0.174) (0.000,0.383) (0.000,0.643) (0.000,0.783) (0.000,0.305) 
522     1424    (0)   14 :  0.076 0.012 0.043 0.035 0.010 0.060 0.078 0.126 0.009 0.066 0.008 0.016 0.051 0.083 0.066 0.014 0.028 0.059 0.065 0.094     (0.000,0.635) (0.000,0.072) (0.000,0.320) (0.000,0.243) (0.000,0.052) (0.000,0.489) (0.000,0.633) (0.000,0.833) (0.000,0.051) (0.000,0.557) (0.000,0.044) (0.000,0.098) (0.000,0.404) (0.000,0.679) (0.000,0.542) (0.000,0.087) (0.000,0.179) (0.000,0.488) (0.000,0.541) (0.000,0.741) 
523     1426    (0)   17 :  0.063 0.011 0.041 0.019 0.007 0.022 0.081 0.172 0.008 0.059 0.008 0.009 0.029 0.040 0.144 0.014 0.139 0.061 0.039 0.034     (0.000,0.530) (0.000,0.060) (0.000,0.290) (0.000,0.106) (0.000,0.037) (0.000,0.132) (0.000,0.682) (0.000,0.913) (0.000,0.045) (0.000,0.497) (0.000,0.044) (0.000,0.052) (0.000,0.186) (0.000,0.282) (0.000,0.870) (0.000,0.084) (0.000,0.876) (0.000,0.510) (0.000,0.271) (0.000,0.221) 
524     1433    (0)   20 :  0.052 0.017 0.046 0.040 0.009 0.057 0.037 0.147 0.016 0.061 0.013 0.019 0.068 0.076 0.034 0.009 0.067 0.069 0.072 0.091     (0.000,0.410) (0.000,0.111) (0.000,0.347) (0.000,0.292) (0.000,0.046) (0.000,0.464) (0.000,0.260) (0.000,0.870) (0.000,0.102) (0.000,0.514) (0.000,0.080) (0.000,0.113) (0.000,0.564) (0.000,0.635) (0.000,0.230) (0.000,0.046) (0.000,0.553) (0.000,0.583) (0.000,0.599) (0.000,0.726) 
525     1435    (0)   14 :  0.039 0.016 0.038 0.029 0.008 0.020 0.036 0.099 0.012 0.047 0.011 0.016 0.032 0.073 0.039 0.018 0.241 0.079 0.100 0.048     (0.000,0.271) (0.000,0.102) (0.000,0.264) (0.000,0.181) (0.000,0.041) (0.000,0.112) (0.000,0.247) (0.000,0.755) (0.000,0.077) (0.000,0.358) (0.000,0.064) (0.000,0.090) (0.000,0.206) (0.000,0.616) (0.000,0.283) (0.000,0.112) (0.000,0.947) (0.000,0.666) (0.000,0.761) (0.000,0.370) 
526     1438    (0)   20 :  0.042 0.180 0.037 0.027 0.012 0.028 0.041 0.037 0.060 0.054 0.103 0.099 0.059 0.037 0.023 0.012 0.049 0.030 0.034 0.035     (0.000,0.317) (0.000,0.795) (0.000,0.276) (0.000,0.184) (0.000,0.066) (0.000,0.190) (0.000,0.309) (0.000,0.274) (0.000,0.433) (0.000,0.419) (0.000,0.619) (0.000,0.701) (0.000,0.447) (0.000,0.271) (0.000,0.149) (0.000,0.075) (0.000,0.373) (0.000,0.205) (0.000,0.247) (0.000,0.252) 
527     1439    (0)    1 :  0.060 0.013 0.078 0.038 0.007 0.020 0.168 0.073 0.013 0.026 0.010 0.015 0.024 0.038 0.148 0.010 0.097 0.071 0.043 0.047     (0.000,0.490) (0.000,0.080) (0.000,0.635) (0.000,0.271) (0.000,0.034) (0.000,0.117) (0.000,0.881) (0.000,0.590) (0.000,0.085) (0.000,0.164) (0.000,0.062) (0.000,0.090) (0.000,0.148) (0.000,0.275) (0.000,0.854) (0.000,0.057) (0.000,0.729) (0.000,0.593) (0.000,0.316) (0.000,0.362) 
528     1447   (12)   14 :  0.041 0.010 0.039 0.024 0.007 0.023 0.074 0.206 0.011 0.038 0.008 0.010 0.026 0.031 0.182 0.013 0.097 0.073 0.032 0.054     (0.000,0.297) (0.000,0.059) (0.000,0.266) (0.000,0.141) (0.000,0.038) (0.000,0.140) (0.000,0.621) (0.000,0.938) (0.000,0.065) (0.000,0.261) (0.000,0.047) (0.000,0.054) (0.000,0.158) (0.000,0.196) (0.000,0.917) (0.000,0.077) (0.000,0.746) (0.000,0.623) (0.000,0.204) (0.000,0.443) 
529     1448    (0)   14 :  0.047 0.013 0.054 0.051 0.008 0.033 0.044 0.182 0.012 0.063 0.013 0.018 0.062 0.046 0.044 0.011 0.123 0.065 0.048 0.063     (0.000,0.361) (0.000,0.078) (0.000,0.433) (0.000,0.397) (0.000,0.043) (0.000,0.219) (0.000,0.330) (0.000,0.912) (0.000,0.077) (0.000,0.530) (0.000,0.077) (0.000,0.110) (0.000,0.509) (0.000,0.346) (0.000,0.333) (0.000,0.062) (0.000,0.825) (0.000,0.544) (0.000,0.377) (0.000,0.529) 
530     1451   (12)   13 :  0.028 0.124 0.022 0.016 0.015 0.023 0.029 0.053 0.077 0.030 0.062 0.102 0.167 0.054 0.022 0.017 0.069 0.031 0.034 0.026     (0.000,0.188) (0.000,0.722) (0.000,0.143) (0.000,0.094) (0.000,0.081) (0.000,0.143) (0.000,0.199) (0.000,0.413) (0.000,0.531) (0.000,0.202) (0.000,0.477) (0.000,0.711) (0.000,0.883) (0.000,0.423) (0.000,0.137) (0.000,0.098) (0.000,0.553) (0.000,0.209) (0.000,0.245) (0.000,0.171) 
531     1452   (12)   13 :  0.042 0.074 0.029 0.019 0.018 0.026 0.045 0.071 0.044 0.046 0.029 0.046 0.091 0.091 0.030 0.011 0.121 0.049 0.079 0.038     (0.000,0.310) (0.000,0.516) (0.000,0.197) (0.000,0.115) (0.000,0.103) (0.000,0.162) (0.000,0.348) (0.000,0.573) (0.000,0.327) (0.000,0.348) (0.000,0.211) (0.000,0.343) (0.000,0.684) (0.000,0.706) (0.000,0.201) (0.000,0.062) (0.000,0.806) (0.000,0.385) (0.000,0.621) (0.000,0.278) 
532     1453    (0)   14 :  0.032 0.008 0.099 0.027 0.007 0.037 0.028 0.048 0.007 0.036 0.007 0.007 0.032 0.190 0.045 0.009 0.165 0.087 0.095 0.033     (0.000,0.219) (0.000,0.043) (0.000,0.731) (0.000,0.177) (0.000,0.038) (0.000,0.267) (0.000,0.186) (0.000,0.372) (0.000,0.037) (0.000,0.255) (0.000,0.038) (0.000,0.039) (0.000,0.220) (0.000,0.924) (0.000,0.348) (0.000,0.053) (0.000,0.895) (0.000,0.693) (0.000,0.712) (0.000,0.217) 
533     1461    (0)    1 :  0.065 0.024 0.043 0.027 0.009 0.157 0.041 0.054 0.017 0.043 0.015 0.027 0.083 0.062 0.088 0.016 0.022 0.058 0.053 0.094     (0.000,0.536) (0.000,0.173) (0.000,0.322) (0.000,0.174) (0.000,0.047) (0.000,0.854) (0.000,0.303) (0.000,0.435) (0.000,0.116) (0.000,0.319) (0.000,0.093) (0.000,0.182) (0.000,0.619) (0.000,0.507) (0.000,0.668) (0.000,0.105) (0.000,0.131) (0.000,0.476) (0.000,0.417) (0.000,0.723) 
534     1469    (0)    7 :  0.097 0.097 0.035 0.027 0.012 0.061 0.089 0.035 0.063 0.071 0.062 0.037 0.056 0.036 0.056 0.009 0.043 0.037 0.033 0.044     (0.000,0.704) (0.000,0.576) (0.000,0.253) (0.000,0.182) (0.000,0.067) (0.000,0.477) (0.000,0.653) (0.000,0.253) (0.000,0.432) (0.000,0.561) (0.000,0.436) (0.000,0.274) (0.000,0.432) (0.000,0.256) (0.000,0.434) (0.000,0.053) (0.000,0.327) (0.000,0.270) (0.000,0.235) (0.000,0.335) 
535     1470    (0)    1 :  0.108 0.014 0.032 0.017 0.007 0.027 0.090 0.093 0.011 0.054 0.009 0.009 0.024 0.040 0.163 0.018 0.118 0.076 0.051 0.037     (0.000,0.810) (0.000,0.086) (0.000,0.203) (0.000,0.096) (0.000,0.035) (0.000,0.171) (0.000,0.735) (0.000,0.738) (0.000,0.065) (0.000,0.442) (0.000,0.051) (0.000,0.050) (0.000,0.141) (0.000,0.287) (0.000,0.895) (0.000,0.105) (0.000,0.829) (0.000,0.650) (0.000,0.403) (0.000,0.255) 
536     1479    (0)    3 :  0.060 0.019 0.030 0.077 0.011 0.036 0.044 0.039 0.015 0.041 0.013 0.070 0.036 0.076 0.025 0.092 0.026 0.060 0.126 0.105     (0.000,0.489) (0.000,0.127) (0.000,0.195) (0.000,0.624) (0.000,0.057) (0.000,0.252) (0.000,0.335) (0.000,0.283) (0.000,0.099) (0.000,0.301) (0.000,0.077) (0.000,0.545) (0.000,0.251) (0.000,0.620) (0.000,0.157) (0.000,0.608) (0.000,0.172) (0.000,0.486) (0.000,0.830) (0.000,0.774) 
537     1481    (0)   18 :  0.098 0.021 0.034 0.032 0.007 0.052 0.040 0.098 0.018 0.060 0.016 0.015 0.049 0.067 0.049 0.028 0.086 0.090 0.071 0.068     (0.000,0.756) (0.000,0.144) (0.000,0.227) (0.000,0.212) (0.000,0.036) (0.000,0.413) (0.000,0.289) (0.000,0.738) (0.000,0.123) (0.000,0.497) (0.000,0.102) (0.000,0.091) (0.000,0.378) (0.000,0.556) (0.000,0.382) (0.000,0.183) (0.000,0.685) (0.000,0.718) (0.000,0.590) (0.000,0.572) 
538     1483    (0)    1 :  0.045 0.114 0.030 0.026 0.008 0.032 0.026 0.033 0.088 0.035 0.066 0.063 0.059 0.068 0.026 0.037 0.074 0.054 0.075 0.041     (0.000,0.342) (0.000,0.632) (0.000,0.215) (0.000,0.174) (0.000,0.043) (0.000,0.224) (0.000,0.160) (0.000,0.238) (0.000,0.526) (0.000,0.251) (0.000,0.460) (0.000,0.486) (0.000,0.458) (0.000,0.525) (0.000,0.172) (0.000,0.275) (0.000,0.549) (0.000,0.422) (0.000,0.554) (0.000,0.310) 
539     1487    (0)   20 :  0.067 0.019 0.032 0.086 0.011 0.032 0.053 0.029 0.014 0.042 0.013 0.034 0.033 0.128 0.030 0.062 0.035 0.060 0.147 0.074     (0.000,0.550) (0.000,0.125) (0.000,0.214) (0.000,0.685) (0.000,0.060) (0.000,0.213) (0.000,0.418) (0.000,0.186) (0.000,0.085) (0.000,0.312) (0.000,0.076) (0.000,0.245) (0.000,0.221) (0.000,0.841) (0.000,0.204) (0.000,0.449) (0.000,0.252) (0.000,0.496) (0.000,0.869) (0.000,0.613) 
540     1489    (0)   14 :  0.065 0.021 0.037 0.045 0.006 0.027 0.066 0.096 0.038 0.036 0.021 0.015 0.027 0.038 0.090 0.018 0.117 0.107 0.046 0.083     (0.000,0.538) (0.000,0.149) (0.000,0.258) (0.000,0.335) (0.000,0.032) (0.000,0.172) (0.000,0.540) (0.000,0.715) (0.000,0.288) (0.000,0.244) (0.000,0.143) (0.000,0.093) (0.000,0.172) (0.000,0.268) (0.000,0.657) (0.000,0.110) (0.000,0.783) (0.000,0.783) (0.000,0.347) (0.000,0.674) 
541     1491    (0)   14 :  0.065 0.021 0.035 0.054 0.006 0.050 0.045 0.092 0.037 0.038 0.020 0.015 0.037 0.057 0.060 0.015 0.072 0.109 0.052 0.120     (0.000,0.543) (0.000,0.146) (0.000,0.233) (0.000,0.427) (0.000,0.033) (0.000,0.394) (0.000,0.345) (0.000,0.698) (0.000,0.278) (0.000,0.267) (0.000,0.136) (0.000,0.092) (0.000,0.262) (0.000,0.466) (0.000,0.476) (0.000,0.088) (0.000,0.575) (0.000,0.785) (0.000,0.415) (0.000,0.822) 
542     1492    (0)   13 :  0.065 0.025 0.032 0.071 0.007 0.099 0.021 0.062 0.030 0.048 0.029 0.019 0.077 0.101 0.022 0.017 0.051 0.074 0.060 0.088     (0.000,0.549) (0.000,0.179) (0.000,0.210) (0.000,0.593) (0.000,0.036) (0.000,0.723) (0.000,0.119) (0.000,0.507) (0.000,0.224) (0.000,0.378) (0.000,0.212) (0.000,0.119) (0.000,0.626) (0.000,0.766) (0.000,0.127) (0.000,0.093) (0.000,0.407) (0.000,0.618) (0.000,0.498) (0.000,0.703) 
543     1493   (12)   14 :  0.069 0.011 0.034 0.038 0.007 0.066 0.047 0.130 0.014 0.046 0.010 0.010 0.040 0.047 0.120 0.016 0.064 0.096 0.046 0.088     (0.000,0.584) (0.000,0.066) (0.000,0.227) (0.000,0.264) (0.000,0.038) (0.000,0.538) (0.000,0.367) (0.000,0.852) (0.000,0.088) (0.000,0.346) (0.000,0.055) (0.000,0.056) (0.000,0.290) (0.000,0.356) (0.000,0.820) (0.000,0.098) (0.000,0.522) (0.000,0.755) (0.000,0.345) (0.000,0.709) 
544     1495   (12)   14 :  0.111 0.037 0.032 0.080 0.023 0.045 0.115 0.028 0.018 0.071 0.019 0.075 0.032 0.045 0.033 0.029 0.019 0.039 0.067 0.082     (0.000,0.796) (0.000,0.274) (0.000,0.213) (0.000,0.649) (0.000,0.142) (0.000,0.341) (0.000,0.798) (0.000,0.182) (0.000,0.117) (0.000,0.592) (0.000,0.120) (0.000,0.589) (0.000,0.217) (0.000,0.338) (0.000,0.223) (0.000,0.210) (0.000,0.115) (0.000,0.274) (0.000,0.543) (0.000,0.659) 
545     1498   (12)   18 :  0.093 0.017 0.036 0.027 0.008 0.029 0.066 0.097 0.016 0.058 0.014 0.012 0.033 0.042 0.112 0.031 0.134 0.082 0.052 0.042     (0.000,0.740) (0.000,0.109) (0.000,0.245) (0.000,0.164) (0.000,0.042) (0.000,0.185) (0.000,0.557) (0.000,0.749) (0.000,0.098) (0.000,0.478) (0.000,0.081) (0.000,0.067) (0.000,0.218) (0.000,0.310) (0.000,0.790) (0.000,0.203) (0.000,0.857) (0.000,0.679) (0.000,0.409) (0.000,0.308) 
546     1499    (0)   18 :  0.120 0.037 0.031 0.069 0.013 0.064 0.058 0.036 0.018 0.086 0.021 0.043 0.043 0.064 0.025 0.030 0.032 0.051 0.075 0.084     (0.000,0.818) (0.000,0.279) (0.000,0.197) (0.000,0.562) (0.000,0.071) (0.000,0.514) (0.000,0.462) (0.000,0.252) (0.000,0.122) (0.000,0.686) (0.000,0.148) (0.000,0.327) (0.000,0.328) (0.000,0.525) (0.000,0.153) (0.000,0.217) (0.000,0.215) (0.000,0.408) (0.000,0.602) (0.000,0.671) 
547     1502   (25)   14 :  0.021 0.019 0.014 0.015 0.051 0.038 0.016 0.014 0.036 0.018 0.018 0.234 0.023 0.026 0.012 0.347 0.018 0.021 0.035 0.025     (0.000,0.132) (0.000,0.120) (0.000,0.078) (0.000,0.090) (0.000,0.362) (0.000,0.281) (0.000,0.097) (0.000,0.081) (0.000,0.261) (0.000,0.111) (0.000,0.120) (0.000,0.929) (0.000,0.150) (0.000,0.182) (0.000,0.071) (0.000,0.865) (0.000,0.121) (0.000,0.134) (0.000,0.259) (0.000,0.165) 
548     1512   (12)   14 :  0.038 0.016 0.041 0.021 0.014 0.154 0.020 0.090 0.015 0.036 0.016 0.029 0.166 0.065 0.021 0.063 0.038 0.049 0.046 0.062     (0.000,0.267) (0.000,0.111) (0.000,0.296) (0.000,0.122) (0.000,0.075) (0.000,0.867) (0.000,0.116) (0.000,0.668) (0.000,0.100) (0.000,0.257) (0.000,0.112) (0.000,0.207) (0.000,0.896) (0.000,0.541) (0.000,0.122) (0.000,0.413) (0.000,0.275) (0.000,0.390) (0.000,0.360) (0.000,0.519) 
549     1513    (0)    8 :  0.030 0.005 0.040 0.024 0.008 0.095 0.026 0.124 0.005 0.032 0.005 0.013 0.059 0.130 0.025 0.006 0.241 0.065 0.032 0.033     (0.000,0.188) (0.000,0.028) (0.000,0.286) (0.000,0.141) (0.000,0.040) (0.000,0.735) (0.000,0.160) (0.000,0.854) (0.000,0.024) (0.000,0.209) (0.000,0.028) (0.000,0.076) (0.000,0.484) (0.000,0.869) (0.000,0.154) (0.000,0.034) (0.000,0.953) (0.000,0.558) (0.000,0.209) (0.000,0.212) 
550     1514    (0)    1 :  0.036 0.009 0.045 0.017 0.009 0.041 0.100 0.070 0.008 0.022 0.008 0.037 0.033 0.143 0.014 0.007 0.080 0.199 0.040 0.082     (0.000,0.245) (0.000,0.049) (0.000,0.333) (0.000,0.100) (0.000,0.045) (0.000,0.308) (0.000,0.671) (0.000,0.554) (0.000,0.045) (0.000,0.135) (0.000,0.043) (0.000,0.275) (0.000,0.233) (0.000,0.865) (0.000,0.079) (0.000,0.036) (0.000,0.591) (0.000,0.920) (0.000,0.296) (0.000,0.656) 
551     1515    (0)   17 :  0.022 0.006 0.038 0.015 0.008 0.044 0.024 0.224 0.004 0.035 0.005 0.011 0.187 0.057 0.049 0.010 0.129 0.053 0.038 0.043     (0.000,0.124) (0.000,0.030) (0.000,0.259) (0.000,0.080) (0.000,0.043) (0.000,0.327) (0.000,0.145) (0.000,0.944) (0.000,0.023) (0.000,0.235) (0.000,0.026) (0.000,0.057) (0.000,0.920) (0.000,0.459) (0.000,0.374) (0.000,0.056) (0.000,0.855) (0.000,0.421) (0.000,0.268) (0.000,0.309) 
552     1521    (0)   13 :  0.023 0.008 0.045 0.031 0.009 0.028 0.022 0.140 0.006 0.043 0.007 0.016 0.090 0.121 0.019 0.013 0.153 0.065 0.101 0.062     (0.000,0.126) (0.000,0.044) (0.000,0.340) (0.000,0.189) (0.000,0.043) (0.000,0.175) (0.000,0.126) (0.000,0.873) (0.000,0.035) (0.000,0.313) (0.000,0.039) (0.000,0.089) (0.000,0.740) (0.000,0.849) (0.000,0.104) (0.000,0.076) (0.000,0.896) (0.000,0.556) (0.000,0.786) (0.000,0.527) 
553     1525   (12)   13 :  0.019 0.007 0.048 0.033 0.013 0.021 0.024 0.102 0.006 0.043 0.006 0.014 0.078 0.102 0.020 0.010 0.256 0.054 0.106 0.040     (0.000,0.104) (0.000,0.038) (0.000,0.369) (0.000,0.207) (0.000,0.066) (0.000,0.114) (0.000,0.137) (0.000,0.790) (0.000,0.030) (0.000,0.314) (0.000,0.032) (0.000,0.072) (0.000,0.671) (0.000,0.798) (0.000,0.111) (0.000,0.054) (0.000,0.960) (0.000,0.444) (0.000,0.810) (0.000,0.277) 
554     1526    (0)   13 :  0.023 0.016 0.028 0.018 0.010 0.028 0.025 0.141 0.012 0.036 0.014 0.046 0.276 0.079 0.016 0.014 0.083 0.042 0.044 0.047     (0.000,0.133) (0.000,0.106) (0.000,0.182) (0.000,0.102) (0.000,0.053) (0.000,0.178) (0.000,0.148) (0.000,0.856) (0.000,0.076) (0.000,0.244) (0.000,0.092) (0.000,0.348) (0.000,0.958) (0.000,0.666) (0.000,0.085) (0.000,0.085) (0.000,0.688) (0.000,0.306) (0.000,0.328) (0.000,0.367) 
555     1531   (12)   18 :  0.019 0.015 0.015 0.012 0.012 0.024 0.027 0.028 0.023 0.016 0.015 0.477 0.161 0.020 0.016 0.009 0.029 0.024 0.019 0.040     (0.000,0.118) (0.000,0.092) (0.000,0.085) (0.000,0.070) (0.000,0.060) (0.000,0.162) (0.000,0.173) (0.000,0.195) (0.000,0.160) (0.000,0.095) (0.000,0.094) (0.000,0.972) (0.000,0.885) (0.000,0.122) (0.000,0.094) (0.000,0.048) (0.000,0.186) (0.000,0.153) (0.000,0.113) (0.000,0.296) 
556     1534    (0)   20 :  0.084 0.005 0.026 0.019 0.007 0.089 0.021 0.078 0.005 0.073 0.005 0.006 0.097 0.129 0.031 0.005 0.095 0.063 0.030 0.132     (0.000,0.656) (0.000,0.028) (0.000,0.156) (0.000,0.114) (0.000,0.039) (0.000,0.639) (0.000,0.127) (0.000,0.631) (0.000,0.027) (0.000,0.556) (0.000,0.025) (0.000,0.030) (0.000,0.671) (0.000,0.854) (0.000,0.215) (0.000,0.026) (0.000,0.725) (0.000,0.521) (0.000,0.201) (0.000,0.842) 
557     1536    (0)   20 :  0.079 0.017 0.048 0.024 0.007 0.089 0.038 0.069 0.017 0.054 0.016 0.016 0.112 0.067 0.021 0.009 0.040 0.073 0.058 0.146     (0.000,0.661) (0.000,0.111) (0.000,0.369) (0.000,0.141) (0.000,0.035) (0.000,0.704) (0.000,0.263) (0.000,0.578) (0.000,0.118) (0.000,0.436) (0.000,0.108) (0.000,0.096) (0.000,0.782) (0.000,0.560) (0.000,0.128) (0.000,0.047) (0.000,0.292) (0.000,0.620) (0.000,0.472) (0.000,0.878) 
558     1543    (0)   14 :  0.018 0.030 0.025 0.015 0.010 0.023 0.015 0.034 0.036 0.017 0.036 0.109 0.413 0.022 0.014 0.063 0.046 0.027 0.025 0.025     (0.000,0.102) (0.000,0.220) (0.000,0.171) (0.000,0.085) (0.000,0.056) (0.000,0.149) (0.000,0.082) (0.000,0.248) (0.000,0.266) (0.000,0.093) (0.000,0.270) (0.000,0.691) (0.000,0.970) (0.000,0.137) (0.000,0.078) (0.000,0.424) (0.000,0.368) (0.000,0.185) (0.000,0.162) (0.000,0.157) 
559     1546    (0)    6 :  0.103 0.022 0.046 0.057 0.017 0.044 0.024 0.041 0.020 0.089 0.019 0.046 0.039 0.071 0.015 0.050 0.045 0.043 0.068 0.141     (0.000,0.728) (0.000,0.155) (0.000,0.353) (0.000,0.455) (0.000,0.102) (0.000,0.330) (0.000,0.154) (0.000,0.315) (0.000,0.142) (0.000,0.628) (0.000,0.134) (0.000,0.331) (0.000,0.293) (0.000,0.571) (0.000,0.083) (0.000,0.323) (0.000,0.355) (0.000,0.324) (0.000,0.541) (0.000,0.820) 
560     1549    (0)    8 :  0.024 0.012 0.036 0.030 0.007 0.060 0.016 0.091 0.015 0.020 0.019 0.071 0.303 0.047 0.012 0.009 0.114 0.055 0.020 0.039     (0.000,0.142) (0.000,0.073) (0.000,0.256) (0.000,0.205) (0.000,0.039) (0.000,0.461) (0.000,0.088) (0.000,0.697) (0.000,0.095) (0.000,0.118) (0.000,0.128) (0.000,0.486) (0.000,0.948) (0.000,0.359) (0.000,0.067) (0.000,0.050) (0.000,0.779) (0.000,0.443) (0.000,0.115) (0.000,0.280) 
561     1552    (0)    1 :  0.065 0.015 0.055 0.038 0.064 0.051 0.058 0.047 0.010 0.172 0.016 0.020 0.068 0.028 0.064 0.006 0.061 0.037 0.064 0.059     (0.000,0.531) (0.000,0.099) (0.000,0.440) (0.000,0.284) (0.000,0.379) (0.000,0.401) (0.000,0.466) (0.000,0.371) (0.000,0.062) (0.000,0.896) (0.000,0.105) (0.000,0.121) (0.000,0.546) (0.000,0.178) (0.000,0.503) (0.000,0.030) (0.000,0.486) (0.000,0.264) (0.000,0.510) (0.000,0.478) 
562     1560    (0)    1 :  0.089 0.019 0.074 0.050 0.017 0.058 0.159 0.033 0.010 0.152 0.015 0.020 0.038 0.031 0.047 0.006 0.057 0.034 0.039 0.054     (0.000,0.712) (0.000,0.128) (0.000,0.607) (0.000,0.388) (0.000,0.096) (0.000,0.470) (0.000,0.889) (0.000,0.232) (0.000,0.059) (0.000,0.887) (0.000,0.097) (0.000,0.123) (0.000,0.277) (0.000,0.202) (0.000,0.360) (0.000,0.030) (0.000,0.456) (0.000,0.229) (0.000,0.279) (0.000,0.432) 
563     1562    (0)   14 :  0.028 0.005 0.033 0.023 0.008 0.173 0.026 0.090 0.005 0.030 0.005 0.007 0.211 0.078 0.079 0.005 0.062 0.050 0.027 0.054     (0.000,0.173) (0.000,0.027) (0.000,0.217) (0.000,0.143) (0.000,0.039) (0.000,0.906) (0.000,0.168) (0.000,0.715) (0.000,0.026) (0.000,0.199) (0.000,0.027) (0.000,0.037) (0.000,0.941) (0.000,0.656) (0.000,0.631) (0.000,0.028) (0.000,0.513) (0.000,0.394) (0.000,0.167) (0.000,0.428) 
564     1568    (0)   18 :  0.038 0.009 0.046 0.046 0.008 0.064 0.028 0.136 0.008 0.054 0.008 0.018 0.136 0.068 0.021 0.009 0.073 0.067 0.069 0.095     (0.000,0.263) (0.000,0.048) (0.000,0.347) (0.000,0.350) (0.000,0.042) (0.000,0.528) (0.000,0.172) (0.000,0.863) (0.000,0.046) (0.000,0.438) (0.000,0.048) (0.000,0.109) (0.000,0.873) (0.000,0.576) (0.000,0.120) (0.000,0.050) (0.000,0.609) (0.000,0.568) (0.000,0.581) (0.000,0.751) 
565     1569    (0)   18 :  0.057 0.012 0.042 0.022 0.007 0.036 0.046 0.147 0.009 0.052 0.010 0.015 0.069 0.076 0.038 0.018 0.100 0.088 0.080 0.076     (0.000,0.470) (0.000,0.070) (0.000,0.301) (0.000,0.128) (0.000,0.037) (0.000,0.246) (0.000,0.351) (0.000,0.875) (0.000,0.055) (0.000,0.416) (0.000,0.056) (0.000,0.088) (0.000,0.579) (0.000,0.635) (0.000,0.268) (0.000,0.109) (0.000,0.765) (0.000,0.717) (0.000,0.669) (0.000,0.634) 
566     1573    (0)    7 :  0.066 0.011 0.071 0.066 0.012 0.024 0.281 0.030 0.008 0.033 0.009 0.036 0.029 0.044 0.047 0.012 0.043 0.051 0.060 0.066     (0.000,0.548) (0.000,0.067) (0.000,0.579) (0.000,0.542) (0.000,0.064) (0.000,0.148) (0.000,0.948) (0.000,0.205) (0.000,0.049) (0.000,0.225) (0.000,0.052) (0.000,0.269) (0.000,0.193) (0.000,0.334) (0.000,0.365) (0.000,0.077) (0.000,0.325) (0.000,0.397) (0.000,0.482) (0.000,0.546) 
567     1575    (0)   18 :  0.059 0.012 0.042 0.067 0.008 0.026 0.019 0.091 0.011 0.099 0.012 0.016 0.043 0.101 0.013 0.008 0.092 0.055 0.060 0.165     (0.000,0.487) (0.000,0.073) (0.000,0.307) (0.000,0.549) (0.000,0.042) (0.000,0.166) (0.000,0.110) (0.000,0.703) (0.000,0.071) (0.000,0.735) (0.000,0.072) (0.000,0.099) (0.000,0.327) (0.000,0.768) (0.000,0.070) (0.000,0.045) (0.000,0.724) (0.000,0.449) (0.000,0.490) (0.000,0.895) 
568     1576   (12)   13 :  0.030 0.008 0.118 0.020 0.008 0.028 0.047 0.077 0.008 0.031 0.007 0.011 0.035 0.084 0.052 0.010 0.144 0.120 0.110 0.053     (0.000,0.200) (0.000,0.043) (0.000,0.791) (0.000,0.117) (0.000,0.043) (0.000,0.182) (0.000,0.361) (0.000,0.590) (0.000,0.045) (0.000,0.208) (0.000,0.038) (0.000,0.058) (0.000,0.245) (0.000,0.644) (0.000,0.404) (0.000,0.059) (0.000,0.850) (0.000,0.817) (0.000,0.760) (0.000,0.419) 
569     1577    (0)    7 :  0.074 0.010 0.298 0.018 0.008 0.031 0.136 0.038 0.008 0.063 0.008 0.023 0.029 0.036 0.032 0.006 0.049 0.052 0.044 0.036     (0.000,0.618) (0.000,0.058) (0.000,0.957) (0.000,0.104) (0.000,0.042) (0.000,0.215) (0.000,0.854) (0.000,0.280) (0.000,0.047) (0.000,0.520) (0.000,0.047) (0.000,0.149) (0.000,0.192) (0.000,0.250) (0.000,0.226) (0.000,0.032) (0.000,0.379) (0.000,0.413) (0.000,0.331) (0.000,0.254) 
570     1579    (0)   14 :  0.037 0.008 0.034 0.032 0.007 0.060 0.020 0.108 0.007 0.044 0.008 0.014 0.100 0.128 0.022 0.024 0.084 0.089 0.089 0.084     (0.000,0.254) (0.000,0.047) (0.000,0.221) (0.000,0.209) (0.000,0.036) (0.000,0.491) (0.000,0.111) (0.000,0.797) (0.000,0.041) (0.000,0.323) (0.000,0.043) (0.000,0.080) (0.000,0.775) (0.000,0.859) (0.000,0.127) (0.000,0.159) (0.000,0.688) (0.000,0.729) (0.000,0.725) (0.000,0.699) 
571     1581   (25)    7 :  0.065 0.017 0.287 0.019 0.012 0.028 0.112 0.033 0.014 0.056 0.013 0.042 0.031 0.041 0.026 0.007 0.052 0.054 0.055 0.036     (0.000,0.534) (0.000,0.109) (0.000,0.950) (0.000,0.113) (0.000,0.062) (0.000,0.184) (0.000,0.785) (0.000,0.237) (0.000,0.091) (0.000,0.449) (0.000,0.078) (0.000,0.313) (0.000,0.213) (0.000,0.305) (0.000,0.165) (0.000,0.035) (0.000,0.411) (0.000,0.433) (0.000,0.438) (0.000,0.255) 
572     1585    (0)    8 :  0.070 0.006 0.034 0.029 0.007 0.085 0.033 0.168 0.006 0.062 0.007 0.012 0.105 0.039 0.044 0.028 0.061 0.077 0.051 0.078     (0.000,0.598) (0.000,0.034) (0.000,0.225) (0.000,0.177) (0.000,0.033) (0.000,0.686) (0.000,0.214) (0.000,0.911) (0.000,0.032) (0.000,0.519) (0.000,0.035) (0.000,0.065) (0.000,0.790) (0.000,0.276) (0.000,0.325) (0.000,0.181) (0.000,0.497) (0.000,0.650) (0.000,0.400) (0.000,0.663) 
573     1586    (0)    5 :  0.055 0.006 0.033 0.037 0.007 0.121 0.023 0.113 0.006 0.066 0.007 0.014 0.149 0.051 0.023 0.015 0.058 0.065 0.072 0.079     (0.000,0.446) (0.000,0.034) (0.000,0.210) (0.000,0.254) (0.000,0.038) (0.000,0.843) (0.000,0.126) (0.000,0.822) (0.000,0.032) (0.000,0.561) (0.000,0.035) (0.000,0.075) (0.000,0.896) (0.000,0.407) (0.000,0.132) (0.000,0.083) (0.000,0.477) (0.000,0.551) (0.000,0.619) (0.000,0.673) 
574     1587    (0)   18 :  0.073 0.007 0.034 0.026 0.007 0.070 0.029 0.129 0.006 0.066 0.007 0.012 0.101 0.051 0.037 0.054 0.084 0.080 0.067 0.060     (0.000,0.626) (0.000,0.037) (0.000,0.220) (0.000,0.161) (0.000,0.035) (0.000,0.573) (0.000,0.180) (0.000,0.854) (0.000,0.031) (0.000,0.563) (0.000,0.036) (0.000,0.068) (0.000,0.773) (0.000,0.408) (0.000,0.257) (0.000,0.428) (0.000,0.691) (0.000,0.671) (0.000,0.566) (0.000,0.496) 
575     1588    (0)    1 :  0.067 0.008 0.031 0.025 0.008 0.084 0.025 0.083 0.007 0.067 0.007 0.014 0.101 0.078 0.024 0.019 0.078 0.074 0.134 0.068     (0.000,0.574) (0.000,0.045) (0.000,0.191) (0.000,0.145) (0.000,0.041) (0.000,0.690) (0.000,0.142) (0.000,0.692) (0.000,0.036) (0.000,0.570) (0.000,0.037) (0.000,0.079) (0.000,0.784) (0.000,0.665) (0.000,0.135) (0.000,0.110) (0.000,0.650) (0.000,0.635) (0.000,0.874) (0.000,0.577) 
576     1589    (0)   14 :  0.076 0.008 0.026 0.021 0.007 0.132 0.023 0.100 0.007 0.060 0.007 0.012 0.102 0.077 0.027 0.029 0.045 0.076 0.088 0.079     (0.000,0.655) (0.000,0.046) (0.000,0.154) (0.000,0.116) (0.000,0.035) (0.000,0.861) (0.000,0.133) (0.000,0.778) (0.000,0.036) (0.000,0.507) (0.000,0.037) (0.000,0.066) (0.000,0.790) (0.000,0.653) (0.000,0.162) (0.000,0.184) (0.000,0.332) (0.000,0.656) (0.000,0.724) (0.000,0.670) 
577     1593   (12)    8 :  0.105 0.012 0.045 0.046 0.011 0.105 0.089 0.046 0.010 0.091 0.012 0.019 0.081 0.042 0.049 0.010 0.061 0.051 0.047 0.067     (0.000,0.791) (0.000,0.070) (0.000,0.342) (0.000,0.354) (0.000,0.058) (0.000,0.787) (0.000,0.705) (0.000,0.359) (0.000,0.054) (0.000,0.726) (0.000,0.069) (0.000,0.115) (0.000,0.663) (0.000,0.303) (0.000,0.380) (0.000,0.057) (0.000,0.506) (0.000,0.406) (0.000,0.365) (0.000,0.569) 
578     1596    (0)   14 :  0.044 0.006 0.026 0.020 0.008 0.200 0.026 0.047 0.006 0.032 0.006 0.007 0.149 0.109 0.072 0.006 0.077 0.067 0.044 0.048     (0.000,0.332) (0.000,0.034) (0.000,0.153) (0.000,0.120) (0.000,0.038) (0.000,0.930) (0.000,0.166) (0.000,0.360) (0.000,0.033) (0.000,0.208) (0.000,0.031) (0.000,0.037) (0.000,0.883) (0.000,0.812) (0.000,0.580) (0.000,0.034) (0.000,0.640) (0.000,0.570) (0.000,0.331) (0.000,0.370) 
579     1599    (0)    3 :  0.053 0.011 0.039 0.046 0.009 0.054 0.032 0.063 0.011 0.056 0.010 0.022 0.090 0.067 0.021 0.009 0.111 0.074 0.140 0.081     (0.000,0.425) (0.000,0.064) (0.000,0.271) (0.000,0.352) (0.000,0.048) (0.000,0.438) (0.000,0.208) (0.000,0.523) (0.000,0.069) (0.000,0.454) (0.000,0.060) (0.000,0.133) (0.000,0.728) (0.000,0.570) (0.000,0.119) (0.000,0.048) (0.000,0.801) (0.000,0.631) (0.000,0.875) (0.000,0.677) 
580     1603    (0)   18 :  0.074 0.016 0.022 0.035 0.009 0.031 0.015 0.075 0.016 0.084 0.014 0.029 0.079 0.101 0.013 0.036 0.116 0.062 0.057 0.118     (0.000,0.583) (0.000,0.104) (0.000,0.132) (0.000,0.248) (0.000,0.046) (0.000,0.211) (0.000,0.085) (0.000,0.600) (0.000,0.108) (0.000,0.625) (0.000,0.093) (0.000,0.208) (0.000,0.586) (0.000,0.753) (0.000,0.070) (0.000,0.267) (0.000,0.790) (0.000,0.507) (0.000,0.462) (0.000,0.775) 
581     1607    (0)    7 :  0.070 0.011 0.040 0.034 0.008 0.035 0.054 0.055 0.011 0.051 0.010 0.012 0.055 0.075 0.042 0.011 0.190 0.087 0.095 0.054     (0.000,0.597) (0.000,0.066) (0.000,0.278) (0.000,0.233) (0.000,0.040) (0.000,0.240) (0.000,0.431) (0.000,0.448) (0.000,0.065) (0.000,0.407) (0.000,0.060) (0.000,0.069) (0.000,0.441) (0.000,0.634) (0.000,0.309) (0.000,0.062) (0.000,0.923) (0.000,0.715) (0.000,0.744) (0.000,0.436) 
582     1610   (12)   20 :  0.064 0.008 0.030 0.030 0.007 0.195 0.033 0.106 0.010 0.044 0.008 0.011 0.097 0.051 0.042 0.009 0.027 0.069 0.042 0.114     (0.000,0.549) (0.000,0.047) (0.000,0.181) (0.000,0.187) (0.000,0.037) (0.000,0.934) (0.000,0.217) (0.000,0.803) (0.000,0.055) (0.000,0.327) (0.000,0.045) (0.000,0.060) (0.000,0.773) (0.000,0.406) (0.000,0.304) (0.000,0.048) (0.000,0.164) (0.000,0.601) (0.000,0.308) (0.000,0.835) 
583     1613   (12)   14 :  0.055 0.008 0.032 0.035 0.007 0.053 0.028 0.080 0.007 0.047 0.008 0.011 0.072 0.080 0.043 0.053 0.141 0.102 0.081 0.057     (0.000,0.443) (0.000,0.042) (0.000,0.201) (0.000,0.231) (0.000,0.038) (0.000,0.419) (0.000,0.176) (0.000,0.664) (0.000,0.038) (0.000,0.360) (0.000,0.041) (0.000,0.059) (0.000,0.604) (0.000,0.664) (0.000,0.314) (0.000,0.417) (0.000,0.871) (0.000,0.786) (0.000,0.678) (0.000,0.467) 
584     1615   (12)   12 :  0.014 0.327 0.009 0.010 0.008 0.010 0.012 0.009 0.240 0.012 0.200 0.055 0.016 0.012 0.009 0.008 0.013 0.011 0.013 0.011     (0.000,0.075) (0.000,0.977) (0.000,0.047) (0.000,0.053) (0.000,0.043) (0.000,0.056) (0.000,0.068) (0.000,0.046) (0.000,0.956) (0.000,0.067) (0.000,0.945) (0.000,0.464) (0.000,0.088) (0.000,0.067) (0.000,0.049) (0.000,0.042) (0.000,0.070) (0.000,0.061) (0.000,0.073) (0.000,0.059) 
585     1616   (25)   18 :  0.056 0.094 0.031 0.018 0.013 0.045 0.048 0.037 0.109 0.037 0.055 0.051 0.090 0.059 0.032 0.014 0.047 0.050 0.066 0.049     (0.000,0.446) (0.000,0.597) (0.000,0.221) (0.000,0.108) (0.000,0.069) (0.000,0.344) (0.000,0.367) (0.000,0.269) (0.000,0.625) (0.000,0.260) (0.000,0.409) (0.000,0.393) (0.000,0.648) (0.000,0.464) (0.000,0.221) (0.000,0.080) (0.000,0.361) (0.000,0.383) (0.000,0.515) (0.000,0.378) 
586     1620    (0)   13 :  0.046 0.017 0.021 0.014 0.013 0.034 0.036 0.023 0.012 0.171 0.018 0.013 0.241 0.050 0.017 0.022 0.070 0.097 0.047 0.038     (0.000,0.353) (0.000,0.114) (0.000,0.122) (0.000,0.081) (0.000,0.077) (0.000,0.246) (0.000,0.263) (0.000,0.141) (0.000,0.073) (0.000,0.871) (0.000,0.127) (0.000,0.080) (0.000,0.928) (0.000,0.394) (0.000,0.102) (0.000,0.161) (0.000,0.554) (0.000,0.714) (0.000,0.362) (0.000,0.276) 
587     1623    (0)    4 :  0.095 0.008 0.033 0.035 0.016 0.099 0.093 0.048 0.013 0.120 0.013 0.010 0.066 0.036 0.098 0.007 0.047 0.070 0.030 0.063     (0.000,0.740) (0.000,0.042) (0.000,0.221) (0.000,0.244) (0.000,0.100) (0.000,0.722) (0.000,0.707) (0.000,0.377) (0.000,0.087) (0.000,0.820) (0.000,0.085) (0.000,0.060) (0.000,0.528) (0.000,0.245) (0.000,0.681) (0.000,0.039) (0.000,0.362) (0.000,0.582) (0.000,0.195) (0.000,0.518) 
588     1624    (0)    9 :  0.009 0.348 0.013 0.007 0.010 0.081 0.009 0.007 0.248 0.009 0.149 0.014 0.009 0.017 0.009 0.020 0.006 0.015 0.011 0.009     (0.000,0.050) (0.000,0.958) (0.000,0.081) (0.000,0.038) (0.000,0.062) (0.000,0.366) (0.000,0.052) (0.000,0.038) (0.000,0.879) (0.000,0.052) (0.000,0.813) (0.000,0.074) (0.000,0.048) (0.000,0.118) (0.000,0.053) (0.000,0.142) (0.000,0.034) (0.000,0.095) (0.000,0.064) (0.000,0.050) 
589     1625    (0)    9 :  0.008 0.461 0.006 0.007 0.005 0.008 0.008 0.006 0.370 0.007 0.041 0.012 0.009 0.008 0.008 0.006 0.006 0.009 0.008 0.007     (0.000,0.044) (0.000,0.989) (0.000,0.033) (0.000,0.039) (0.000,0.027) (0.000,0.046) (0.000,0.045) (0.000,0.031) (0.000,0.982) (0.000,0.040) (0.000,0.311) (0.000,0.065) (0.000,0.047) (0.000,0.044) (0.000,0.042) (0.000,0.035) (0.000,0.030) (0.000,0.047) (0.000,0.043) (0.000,0.037) 
590     1626    (0)    9 :  0.006 0.299 0.005 0.006 0.005 0.006 0.007 0.005 0.383 0.007 0.216 0.010 0.006 0.005 0.006 0.005 0.005 0.006 0.006 0.006     (0.000,0.034) (0.000,0.983) (0.000,0.028) (0.000,0.031) (0.000,0.026) (0.000,0.034) (0.000,0.035) (0.000,0.026) (0.000,0.986) (0.000,0.035) (0.000,0.967) (0.000,0.056) (0.000,0.032) (0.000,0.029) (0.000,0.034) (0.000,0.026) (0.000,0.026) (0.000,0.031) (0.000,0.032) (0.000,0.032) 
591     1633   (12)   13 :  0.057 0.026 0.044 0.027 0.013 0.058 0.074 0.080 0.018 0.084 0.020 0.014 0.054 0.069 0.083 0.010 0.027 0.076 0.091 0.075     (0.000,0.468) (0.000,0.181) (0.000,0.324) (0.000,0.172) (0.000,0.069) (0.000,0.470) (0.000,0.614) (0.000,0.646) (0.000,0.112) (0.000,0.681) (0.000,0.135) (0.000,0.078) (0.000,0.433) (0.000,0.576) (0.000,0.662) (0.000,0.056) (0.000,0.172) (0.000,0.636) (0.000,0.718) (0.000,0.625) 
592     1638    (0)    4 :  0.090 0.041 0.029 0.032 0.010 0.069 0.087 0.043 0.030 0.059 0.027 0.027 0.035 0.046 0.056 0.019 0.012 0.068 0.082 0.138     (0.000,0.709) (0.000,0.308) (0.000,0.185) (0.000,0.219) (0.000,0.050) (0.000,0.547) (0.000,0.685) (0.000,0.327) (0.000,0.219) (0.000,0.480) (0.000,0.193) (0.000,0.186) (0.000,0.243) (0.000,0.353) (0.000,0.451) (0.000,0.132) (0.000,0.065) (0.000,0.561) (0.000,0.654) (0.000,0.854) 
593     1659    (0)    9 :  0.006 0.172 0.005 0.005 0.005 0.006 0.007 0.006 0.521 0.006 0.201 0.011 0.007 0.006 0.006 0.006 0.005 0.006 0.006 0.006     (0.000,0.035) (0.000,0.952) (0.000,0.029) (0.000,0.029) (0.000,0.029) (0.000,0.034) (0.000,0.037) (0.000,0.031) (0.000,0.992) (0.000,0.033) (0.000,0.963) (0.000,0.057) (0.000,0.035) (0.000,0.030) (0.000,0.031) (0.000,0.030) (0.000,0.029) (0.000,0.031) (0.000,0.030) (0.000,0.034) 
594     1667    (0)    9 :  0.007 0.206 0.005 0.006 0.005 0.007 0.007 0.006 0.657 0.006 0.030 0.009 0.008 0.006 0.006 0.006 0.005 0.007 0.006 0.006     (0.000,0.035) (0.000,0.964) (0.000,0.029) (0.000,0.031) (0.000,0.027) (0.000,0.037) (0.000,0.036) (0.000,0.032) (0.000,0.994) (0.000,0.030) (0.000,0.189) (0.000,0.048) (0.000,0.043) (0.000,0.034) (0.000,0.032) (0.000,0.031) (0.000,0.027) (0.000,0.038) (0.000,0.032) (0.000,0.033) 
595     1668    (0)    9 :  0.007 0.178 0.007 0.006 0.005 0.007 0.006 0.007 0.419 0.007 0.285 0.010 0.007 0.007 0.006 0.008 0.006 0.007 0.007 0.007     (0.000,0.038) (0.000,0.953) (0.000,0.035) (0.000,0.033) (0.000,0.027) (0.000,0.038) (0.000,0.034) (0.000,0.036) (0.000,0.987) (0.000,0.036) (0.000,0.978) (0.000,0.052) (0.000,0.040) (0.000,0.037) (0.000,0.035) (0.000,0.043) (0.000,0.034) (0.000,0.037) (0.000,0.038) (0.000,0.036) 
596     1669    (0)   11 :  0.009 0.131 0.009 0.008 0.006 0.010 0.009 0.009 0.392 0.008 0.326 0.013 0.010 0.009 0.009 0.009 0.007 0.009 0.009 0.009     (0.000,0.050) (0.000,0.897) (0.000,0.048) (0.000,0.044) (0.000,0.029) (0.000,0.053) (0.000,0.047) (0.000,0.050) (0.000,0.983) (0.000,0.047) (0.000,0.978) (0.000,0.072) (0.000,0.057) (0.000,0.047) (0.000,0.047) (0.000,0.049) (0.000,0.040) (0.000,0.047) (0.000,0.048) (0.000,0.052) 
597     1672    (0)    9 :  0.006 0.115 0.005 0.005 0.005 0.006 0.006 0.006 0.669 0.006 0.113 0.009 0.007 0.006 0.006 0.006 0.005 0.006 0.006 0.006     (0.000,0.033) (0.000,0.905) (0.000,0.029) (0.000,0.027) (0.000,0.025) (0.000,0.032) (0.000,0.033) (0.000,0.031) (0.000,0.995) (0.000,0.030) (0.000,0.899) (0.000,0.048) (0.000,0.035) (0.000,0.031) (0.000,0.032) (0.000,0.032) (0.000,0.028) (0.000,0.032) (0.000,0.031) (0.000,0.033) 
598     1673    (0)   11 :  0.006 0.246 0.005 0.005 0.005 0.005 0.006 0.005 0.440 0.005 0.228 0.006 0.005 0.005 0.005 0.005 0.005 0.005 0.005 0.005     (0.000,0.029) (0.000,0.979) (0.000,0.027) (0.000,0.025) (0.000,0.024) (0.000,0.028) (0.000,0.029) (0.000,0.024) (0.000,0.991) (0.000,0.028) (0.000,0.974) (0.000,0.034) (0.000,0.025) (0.000,0.026) (0.000,0.027) (0.000,0.025) (0.000,0.024) (0.000,0.026) (0.000,0.027) (0.000,0.027) 
599     1675    (0)    6 :  0.049 0.030 0.166 0.050 0.042 0.019 0.068 0.042 0.020 0.062 0.092 0.015 0.065 0.019 0.121 0.008 0.032 0.033 0.038 0.028     (0.000,0.378) (0.000,0.217) (0.000,0.812) (0.000,0.385) (0.000,0.257) (0.000,0.115) (0.000,0.503) (0.000,0.321) (0.000,0.132) (0.000,0.475) (0.000,0.572) (0.000,0.091) (0.000,0.493) (0.000,0.113) (0.000,0.758) (0.000,0.044) (0.000,0.223) (0.000,0.225) (0.000,0.272) (0.000,0.186) 
600     1679    (0)   11 :  0.007 0.779 0.007 0.006 0.012 0.006 0.009 0.007 0.039 0.007 0.056 0.008 0.006 0.008 0.007 0.006 0.005 0.007 0.009 0.008     (0.000,0.039) (0.000,0.995) (0.000,0.038) (0.000,0.032) (0.000,0.077) (0.000,0.031) (0.000,0.049) (0.000,0.038) (0.000,0.288) (0.000,0.038) (0.000,0.489) (0.000,0.043) (0.000,0.031) (0.000,0.043) (0.000,0.040) (0.000,0.036) (0.000,0.028) (0.000,0.038) (0.000,0.050) (0.000,0.043) 
601     1687    (0)    9 :  0.020 0.176 0.016 0.021 0.006 0.024 0.019 0.012 0.491 0.014 0.081 0.011 0.017 0.014 0.017 0.006 0.008 0.021 0.012 0.016     (0.000,0.115) (0.000,0.903) (0.000,0.089) (0.000,0.129) (0.000,0.029) (0.000,0.151) (0.000,0.107) (0.000,0.071) (0.000,0.985) (0.000,0.076) (0.000,0.605) (0.000,0.058) (0.000,0.100) (0.000,0.075) (0.000,0.098) (0.000,0.031) (0.000,0.042) (0.000,0.123) (0.000,0.064) (0.000,0.093) 
602     1688    (0)    9 :  0.008 0.118 0.013 0.010 0.005 0.007 0.007 0.009 0.219 0.008 0.521 0.008 0.016 0.007 0.008 0.005 0.008 0.008 0.007 0.008     (0.000,0.042) (0.000,0.844) (0.000,0.080) (0.000,0.062) (0.000,0.026) (0.000,0.038) (0.000,0.039) (0.000,0.051) (0.000,0.917) (0.000,0.046) (0.000,0.990) (0.000,0.044) (0.000,0.106) (0.000,0.038) (0.000,0.045) (0.000,0.027) (0.000,0.044) (0.000,0.046) (0.000,0.040) (0.000,0.044) 
603     1695    (0)   19 :  0.051 0.032 0.043 0.071 0.008 0.029 0.038 0.060 0.047 0.049 0.055 0.016 0.037 0.058 0.042 0.031 0.105 0.092 0.075 0.060     (0.000,0.402) (0.000,0.237) (0.000,0.320) (0.000,0.564) (0.000,0.044) (0.000,0.196) (0.000,0.275) (0.000,0.473) (0.000,0.349) (0.000,0.384) (0.000,0.393) (0.000,0.095) (0.000,0.265) (0.000,0.467) (0.000,0.316) (0.000,0.224) (0.000,0.701) (0.000,0.697) (0.000,0.599) (0.000,0.488) 
604     1701    (0)    9 :  0.008 0.206 0.007 0.008 0.006 0.007 0.007 0.007 0.294 0.008 0.369 0.013 0.010 0.008 0.007 0.007 0.008 0.007 0.008 0.007     (0.000,0.045) (0.000,0.960) (0.000,0.036) (0.000,0.040) (0.000,0.030) (0.000,0.040) (0.000,0.039) (0.000,0.035) (0.000,0.975) (0.000,0.043) (0.000,0.984) (0.000,0.071) (0.000,0.052) (0.000,0.041) (0.000,0.035) (0.000,0.039) (0.000,0.041) (0.000,0.039) (0.000,0.041) (0.000,0.038) 
605     1704    (0)    9 :  0.011 0.192 0.009 0.008 0.005 0.010 0.011 0.009 0.427 0.010 0.221 0.011 0.010 0.010 0.010 0.007 0.008 0.010 0.011 0.011     (0.000,0.061) (0.000,0.946) (0.000,0.050) (0.000,0.045) (0.000,0.029) (0.000,0.052) (0.000,0.058) (0.000,0.050) (0.000,0.986) (0.000,0.051) (0.000,0.956) (0.000,0.058) (0.000,0.051) (0.000,0.054) (0.000,0.055) (0.000,0.036) (0.000,0.044) (0.000,0.056) (0.000,0.058) (0.000,0.057) 
606     1705    (0)    2 :  0.014 0.464 0.017 0.011 0.019 0.015 0.019 0.015 0.229 0.013 0.049 0.013 0.018 0.020 0.012 0.010 0.013 0.019 0.017 0.014     (0.000,0.088) (0.000,0.962) (0.000,0.114) (0.000,0.065) (0.000,0.131) (0.000,0.095) (0.000,0.126) (0.000,0.099) (0.000,0.866) (0.000,0.078) (0.000,0.408) (0.000,0.077) (0.000,0.126) (0.000,0.142) (0.000,0.072) (0.000,0.061) (0.000,0.083) (0.000,0.126) (0.000,0.116) (0.000,0.092) 
607     1708    (0)   10 :  0.075 0.019 0.039 0.033 0.016 0.042 0.047 0.037 0.012 0.113 0.024 0.016 0.105 0.062 0.013 0.013 0.111 0.061 0.094 0.066     (0.000,0.619) (0.000,0.131) (0.000,0.278) (0.000,0.227) (0.000,0.096) (0.000,0.305) (0.000,0.357) (0.000,0.260) (0.000,0.077) (0.000,0.801) (0.000,0.172) (0.000,0.101) (0.000,0.758) (0.000,0.517) (0.000,0.072) (0.000,0.082) (0.000,0.769) (0.000,0.504) (0.000,0.719) (0.000,0.549) 
608     1710    (0)   14 :  0.083 0.024 0.034 0.021 0.008 0.036 0.048 0.069 0.025 0.051 0.033 0.012 0.082 0.087 0.021 0.025 0.072 0.107 0.072 0.092     (0.000,0.667) (0.000,0.169) (0.000,0.224) (0.000,0.121) (0.000,0.041) (0.000,0.252) (0.000,0.375) (0.000,0.556) (0.000,0.180) (0.000,0.407) (0.000,0.244) (0.000,0.068) (0.000,0.645) (0.000,0.687) (0.000,0.131) (0.000,0.175) (0.000,0.577) (0.000,0.781) (0.000,0.602) (0.000,0.715) 
609     1711    (0)    3 :  0.052 0.018 0.035 0.033 0.009 0.049 0.026 0.051 0.019 0.053 0.031 0.014 0.149 0.108 0.012 0.017 0.069 0.082 0.085 0.089     (0.000,0.421) (0.000,0.118) (0.000,0.229) (0.000,0.223) (0.000,0.046) (0.000,0.385) (0.000,0.152) (0.000,0.407) (0.000,0.133) (0.000,0.425) (0.000,0.228) (0.000,0.081) (0.000,0.868) (0.000,0.792) (0.000,0.066) (0.000,0.106) (0.000,0.560) (0.000,0.674) (0.000,0.687) (0.000,0.703) 
610     1712    (0)   13 :  0.090 0.015 0.033 0.016 0.008 0.042 0.046 0.092 0.013 0.063 0.017 0.011 0.093 0.074 0.025 0.035 0.067 0.103 0.074 0.083     (0.000,0.720) (0.000,0.093) (0.000,0.218) (0.000,0.091) (0.000,0.040) (0.000,0.312) (0.000,0.353) (0.000,0.714) (0.000,0.080) (0.000,0.525) (0.000,0.119) (0.000,0.060) (0.000,0.716) (0.000,0.611) (0.000,0.156) (0.000,0.259) (0.000,0.549) (0.000,0.774) (0.000,0.612) (0.000,0.671) 
611     1716    (0)   13 :  0.058 0.011 0.029 0.025 0.011 0.043 0.021 0.118 0.011 0.068 0.014 0.029 0.050 0.099 0.016 0.020 0.204 0.072 0.034 0.068     (0.000,0.464) (0.000,0.070) (0.000,0.191) (0.000,0.166) (0.000,0.062) (0.000,0.320) (0.000,0.128) (0.000,0.789) (0.000,0.071) (0.000,0.510) (0.000,0.097) (0.000,0.211) (0.000,0.385) (0.000,0.736) (0.000,0.091) (0.000,0.140) (0.000,0.896) (0.000,0.585) (0.000,0.235) (0.000,0.528) 
612     1719    (0)    6 :  0.057 0.009 0.032 0.030 0.107 0.084 0.040 0.057 0.012 0.134 0.015 0.011 0.076 0.043 0.079 0.007 0.050 0.048 0.060 0.049     (0.000,0.456) (0.000,0.050) (0.000,0.221) (0.000,0.202) (0.000,0.520) (0.000,0.613) (0.000,0.304) (0.000,0.451) (0.000,0.079) (0.000,0.836) (0.000,0.102) (0.000,0.063) (0.000,0.601) (0.000,0.324) (0.000,0.601) (0.000,0.041) (0.000,0.389) (0.000,0.376) (0.000,0.476) (0.000,0.388) 
613     1720    (0)    1 :  0.040 0.007 0.052 0.033 0.009 0.060 0.036 0.128 0.006 0.069 0.009 0.009 0.090 0.089 0.047 0.019 0.070 0.083 0.080 0.064     (0.000,0.289) (0.000,0.040) (0.000,0.408) (0.000,0.221) (0.000,0.047) (0.000,0.484) (0.000,0.252) (0.000,0.843) (0.000,0.036) (0.000,0.576) (0.000,0.053) (0.000,0.047) (0.000,0.724) (0.000,0.713) (0.000,0.364) (0.000,0.133) (0.000,0.564) (0.000,0.684) (0.000,0.660) (0.000,0.537) 
614     1722    (0)    7 :  0.053 0.031 0.077 0.029 0.008 0.073 0.062 0.100 0.031 0.059 0.043 0.017 0.061 0.048 0.051 0.011 0.021 0.062 0.050 0.113     (0.000,0.420) (0.000,0.231) (0.000,0.622) (0.000,0.190) (0.000,0.041) (0.000,0.577) (0.000,0.505) (0.000,0.710) (0.000,0.232) (0.000,0.489) (0.000,0.316) (0.000,0.103) (0.000,0.493) (0.000,0.372) (0.000,0.400) (0.000,0.066) (0.000,0.124) (0.000,0.516) (0.000,0.393) (0.000,0.788) 
615     1723    (0)    7 :  0.081 0.014 0.050 0.029 0.009 0.018 0.043 0.153 0.012 0.144 0.015 0.011 0.026 0.047 0.028 0.013 0.063 0.060 0.053 0.129     (0.000,0.652) (0.000,0.092) (0.000,0.397) (0.000,0.183) (0.000,0.049) (0.000,0.105) (0.000,0.328) (0.000,0.871) (0.000,0.078) (0.000,0.855) (0.000,0.102) (0.000,0.061) (0.000,0.166) (0.000,0.360) (0.000,0.186) (0.000,0.083) (0.000,0.506) (0.000,0.500) (0.000,0.420) (0.000,0.830) 
616     1724    (0)   18 :  0.058 0.017 0.048 0.022 0.008 0.040 0.065 0.168 0.014 0.061 0.019 0.013 0.061 0.055 0.054 0.023 0.046 0.084 0.062 0.082     (0.000,0.481) (0.000,0.108) (0.000,0.367) (0.000,0.128) (0.000,0.041) (0.000,0.297) (0.000,0.543) (0.000,0.887) (0.000,0.091) (0.000,0.506) (0.000,0.131) (0.000,0.073) (0.000,0.501) (0.000,0.446) (0.000,0.433) (0.000,0.159) (0.000,0.351) (0.000,0.684) (0.000,0.506) (0.000,0.673) 
617     1725    (0)   13 :  0.036 0.033 0.028 0.020 0.011 0.039 0.028 0.084 0.023 0.047 0.046 0.034 0.229 0.080 0.018 0.043 0.048 0.051 0.056 0.046     (0.000,0.252) (0.000,0.244) (0.000,0.186) (0.000,0.118) (0.000,0.058) (0.000,0.293) (0.000,0.176) (0.000,0.647) (0.000,0.166) (0.000,0.364) (0.000,0.334) (0.000,0.246) (0.000,0.935) (0.000,0.644) (0.000,0.105) (0.000,0.324) (0.000,0.374) (0.000,0.408) (0.000,0.451) (0.000,0.358) 
618     1728   (12)   14 :  0.098 0.013 0.033 0.021 0.010 0.038 0.030 0.051 0.010 0.045 0.017 0.011 0.057 0.252 0.025 0.020 0.026 0.148 0.055 0.040     (0.000,0.708) (0.000,0.073) (0.000,0.228) (0.000,0.128) (0.000,0.055) (0.000,0.283) (0.000,0.200) (0.000,0.397) (0.000,0.055) (0.000,0.339) (0.000,0.108) (0.000,0.061) (0.000,0.456) (0.000,0.939) (0.000,0.161) (0.000,0.131) (0.000,0.169) (0.000,0.854) (0.000,0.434) (0.000,0.295) 
619     1729   (12)   14 :  0.049 0.016 0.048 0.025 0.013 0.047 0.042 0.093 0.012 0.073 0.017 0.012 0.086 0.108 0.035 0.018 0.057 0.075 0.116 0.057     (0.000,0.380) (0.000,0.102) (0.000,0.374) (0.000,0.153) (0.000,0.069) (0.000,0.364) (0.000,0.312) (0.000,0.724) (0.000,0.067) (0.000,0.615) (0.000,0.115) (0.000,0.064) (0.000,0.702) (0.000,0.798) (0.000,0.234) (0.000,0.118) (0.000,0.467) (0.000,0.627) (0.000,0.820) (0.000,0.474) 
620     1730   (12)    3 :  0.076 0.021 0.044 0.033 0.016 0.088 0.060 0.069 0.011 0.111 0.023 0.012 0.082 0.073 0.037 0.020 0.038 0.061 0.058 0.067     (0.000,0.625) (0.000,0.138) (0.000,0.329) (0.000,0.219) (0.000,0.090) (0.000,0.676) (0.000,0.478) (0.000,0.552) (0.000,0.065) (0.000,0.795) (0.000,0.165) (0.000,0.070) (0.000,0.661) (0.000,0.600) (0.000,0.262) (0.000,0.134) (0.000,0.273) (0.000,0.504) (0.000,0.471) (0.000,0.558) 
621     1735    (0)    7 :  0.045 0.013 0.035 0.039 0.009 0.053 0.022 0.052 0.011 0.056 0.017 0.014 0.079 0.102 0.021 0.055 0.076 0.090 0.149 0.062     (0.000,0.343) (0.000,0.079) (0.000,0.231) (0.000,0.278) (0.000,0.045) (0.000,0.426) (0.000,0.125) (0.000,0.411) (0.000,0.069) (0.000,0.456) (0.000,0.114) (0.000,0.077) (0.000,0.647) (0.000,0.772) (0.000,0.118) (0.000,0.413) (0.000,0.610) (0.000,0.723) (0.000,0.881) (0.000,0.516) 
622     1737   (25)    7 :  0.124 0.015 0.041 0.033 0.012 0.025 0.038 0.091 0.015 0.157 0.017 0.009 0.028 0.052 0.034 0.018 0.066 0.065 0.058 0.103     (0.000,0.828) (0.000,0.094) (0.000,0.298) (0.000,0.221) (0.000,0.064) (0.000,0.156) (0.000,0.273) (0.000,0.704) (0.000,0.091) (0.000,0.875) (0.000,0.110) (0.000,0.050) (0.000,0.180) (0.000,0.412) (0.000,0.236) (0.000,0.113) (0.000,0.534) (0.000,0.539) (0.000,0.472) (0.000,0.752) 
623     1738    (0)    9 :  0.006 0.224 0.005 0.004 0.012 0.005 0.006 0.005 0.255 0.005 0.421 0.008 0.005 0.005 0.005 0.009 0.005 0.005 0.005 0.005     (0.000,0.029) (0.000,0.972) (0.000,0.027) (0.000,0.024) (0.000,0.073) (0.000,0.028) (0.000,0.030) (0.000,0.025) (0.000,0.975) (0.000,0.028) (0.000,0.989) (0.000,0.042) (0.000,0.028) (0.000,0.028) (0.000,0.025) (0.000,0.048) (0.000,0.026) (0.000,0.027) (0.000,0.029) (0.000,0.027) 
624     1739    (0)   14 :  0.064 0.012 0.046 0.020 0.013 0.057 0.052 0.106 0.011 0.100 0.020 0.010 0.123 0.046 0.024 0.018 0.038 0.076 0.079 0.084     (0.000,0.540) (0.000,0.075) (0.000,0.353) (0.000,0.116) (0.000,0.070) (0.000,0.470) (0.000,0.411) (0.000,0.776) (0.000,0.067) (0.000,0.761) (0.000,0.143) (0.000,0.054) (0.000,0.826) (0.000,0.349) (0.000,0.146) (0.000,0.127) (0.000,0.271) (0.000,0.634) (0.000,0.646) (0.000,0.682) 
625     1740    (0)    3 :  0.055 0.029 0.036 0.029 0.010 0.044 0.029 0.047 0.029 0.061 0.084 0.012 0.119 0.098 0.014 0.027 0.046 0.078 0.080 0.072     (0.000,0.442) (0.000,0.211) (0.000,0.251) (0.000,0.193) (0.000,0.055) (0.000,0.337) (0.000,0.182) (0.000,0.362) (0.000,0.215) (0.000,0.497) (0.000,0.500) (0.000,0.068) (0.000,0.776) (0.000,0.731) (0.000,0.072) (0.000,0.195) (0.000,0.356) (0.000,0.628) (0.000,0.639) (0.000,0.582) 
626     1745    (0)    1 :  0.069 0.051 0.075 0.025 0.016 0.033 0.161 0.027 0.021 0.111 0.076 0.009 0.027 0.051 0.080 0.010 0.035 0.039 0.053 0.031     (0.000,0.566) (0.000,0.385) (0.000,0.606) (0.000,0.157) (0.000,0.094) (0.000,0.225) (0.000,0.880) (0.000,0.182) (0.000,0.147) (0.000,0.783) (0.000,0.478) (0.000,0.046) (0.000,0.168) (0.000,0.403) (0.000,0.607) (0.000,0.061) (0.000,0.263) (0.000,0.287) (0.000,0.420) (0.000,0.197) 
627     1747    (0)   14 :  0.029 0.087 0.021 0.019 0.010 0.026 0.033 0.027 0.127 0.025 0.232 0.021 0.076 0.048 0.034 0.040 0.039 0.041 0.039 0.027     (0.000,0.201) (0.000,0.593) (0.000,0.139) (0.000,0.131) (0.000,0.054) (0.000,0.179) (0.000,0.236) (0.000,0.184) (0.000,0.682) (0.000,0.170) (0.000,0.794) (0.000,0.140) (0.000,0.578) (0.000,0.354) (0.000,0.250) (0.000,0.289) (0.000,0.282) (0.000,0.303) (0.000,0.290) (0.000,0.195) 
628     1749   (12)   12 :  0.015 0.007 0.012 0.012 0.009 0.019 0.016 0.020 0.006 0.014 0.006 0.728 0.017 0.016 0.011 0.018 0.013 0.017 0.017 0.026     (0.000,0.084) (0.000,0.039) (0.000,0.068) (0.000,0.068) (0.000,0.048) (0.000,0.115) (0.000,0.087) (0.000,0.125) (0.000,0.032) (0.000,0.079) (0.000,0.034) (0.105,0.992) (0.000,0.096) (0.000,0.087) (0.000,0.058) (0.000,0.112) (0.000,0.073) (0.000,0.094) (0.000,0.098) (0.000,0.151) 
629     1750   (12)   18 :  0.031 0.016 0.020 0.032 0.010 0.052 0.018 0.035 0.022 0.027 0.022 0.018 0.038 0.039 0.018 0.010 0.019 0.481 0.037 0.053     (0.000,0.211) (0.000,0.104) (0.000,0.119) (0.000,0.228) (0.000,0.053) (0.000,0.405) (0.000,0.104) (0.000,0.253) (0.000,0.154) (0.000,0.176) (0.000,0.151) (0.000,0.111) (0.000,0.286) (0.000,0.286) (0.000,0.105) (0.000,0.052) (0.000,0.110) (0.000,0.974) (0.000,0.263) (0.000,0.418) 
630     1751   (12)   17 :  0.059 0.014 0.037 0.036 0.012 0.050 0.035 0.069 0.014 0.070 0.013 0.022 0.109 0.068 0.018 0.008 0.101 0.074 0.097 0.094     (0.000,0.495) (0.000,0.087) (0.000,0.256) (0.000,0.251) (0.000,0.060) (0.000,0.391) (0.000,0.235) (0.000,0.581) (0.000,0.089) (0.000,0.587) (0.000,0.077) (0.000,0.136) (0.000,0.790) (0.000,0.572) (0.000,0.104) (0.000,0.042) (0.000,0.757) (0.000,0.629) (0.000,0.752) (0.000,0.740) 
631     1752   (12)    1 :  0.063 0.019 0.049 0.043 0.007 0.087 0.028 0.064 0.020 0.063 0.021 0.019 0.089 0.070 0.027 0.014 0.048 0.086 0.058 0.125     (0.000,0.525) (0.000,0.125) (0.000,0.385) (0.000,0.319) (0.000,0.038) (0.000,0.683) (0.000,0.172) (0.000,0.527) (0.000,0.139) (0.000,0.522) (0.000,0.145) (0.000,0.118) (0.000,0.686) (0.000,0.578) (0.000,0.168) (0.000,0.085) (0.000,0.373) (0.000,0.695) (0.000,0.479) (0.000,0.832) 
632     1753   (25)   12 :  0.070 0.131 0.028 0.024 0.025 0.091 0.051 0.024 0.038 0.063 0.072 0.168 0.032 0.017 0.026 0.033 0.022 0.024 0.026 0.037     (0.000,0.565) (0.000,0.774) (0.000,0.177) (0.000,0.148) (0.000,0.162) (0.000,0.699) (0.000,0.403) (0.000,0.157) (0.000,0.282) (0.000,0.500) (0.000,0.524) (0.000,0.885) (0.000,0.220) (0.000,0.099) (0.000,0.168) (0.000,0.240) (0.000,0.132) (0.000,0.152) (0.000,0.169) (0.000,0.264) 
633     1755   (12)    9 :  0.009 0.096 0.008 0.008 0.006 0.010 0.010 0.010 0.624 0.008 0.094 0.043 0.013 0.008 0.009 0.006 0.008 0.009 0.009 0.011     (0.000,0.051) (0.000,0.807) (0.000,0.043) (0.000,0.041) (0.000,0.033) (0.000,0.058) (0.000,0.056) (0.000,0.054) (0.000,0.992) (0.000,0.044) (0.000,0.811) (0.000,0.306) (0.000,0.071) (0.000,0.043) (0.000,0.051) (0.000,0.033) (0.000,0.041) (0.000,0.050) (0.000,0.047) (0.000,0.060) 
634     1756   (12)    9 :  0.010 0.182 0.009 0.008 0.006 0.010 0.010 0.009 0.504 0.009 0.140 0.025 0.010 0.010 0.010 0.007 0.008 0.010 0.010 0.011     (0.000,0.056) (0.000,0.941) (0.000,0.049) (0.000,0.043) (0.000,0.033) (0.000,0.056) (0.000,0.055) (0.000,0.049) (0.000,0.989) (0.000,0.048) (0.000,0.908) (0.000,0.135) (0.000,0.056) (0.000,0.052) (0.000,0.052) (0.000,0.039) (0.000,0.045) (0.000,0.054) (0.000,0.058) (0.000,0.058) 
635     1757   (25)   14 :  0.015 0.200 0.011 0.009 0.011 0.016 0.014 0.014 0.385 0.012 0.114 0.079 0.028 0.013 0.013 0.014 0.012 0.013 0.014 0.014     (0.000,0.084) (0.000,0.935) (0.000,0.059) (0.000,0.049) (0.000,0.056) (0.000,0.090) (0.000,0.080) (0.000,0.079) (0.000,0.978) (0.000,0.069) (0.000,0.834) (0.000,0.682) (0.000,0.170) (0.000,0.072) (0.000,0.075) (0.000,0.077) (0.000,0.068) (0.000,0.076) (0.000,0.081) (0.000,0.078) 
636     1760   (12)   14 :  0.036 0.010 0.031 0.032 0.011 0.035 0.027 0.074 0.006 0.051 0.007 0.023 0.043 0.105 0.034 0.129 0.046 0.076 0.158 0.068     (0.000,0.249) (0.000,0.054) (0.000,0.203) (0.000,0.213) (0.000,0.056) (0.000,0.239) (0.000,0.165) (0.000,0.594) (0.000,0.033) (0.000,0.404) (0.000,0.036) (0.000,0.149) (0.000,0.316) (0.000,0.784) (0.000,0.225) (0.000,0.703) (0.000,0.352) (0.000,0.629) (0.000,0.897) (0.000,0.563) 
637     1763   (12)    7 :  0.077 0.024 0.047 0.056 0.010 0.018 0.039 0.107 0.027 0.115 0.020 0.019 0.022 0.050 0.029 0.007 0.080 0.058 0.047 0.149     (0.000,0.624) (0.000,0.173) (0.000,0.365) (0.000,0.448) (0.000,0.050) (0.000,0.102) (0.000,0.285) (0.000,0.751) (0.000,0.195) (0.000,0.771) (0.000,0.136) (0.000,0.120) (0.000,0.128) (0.000,0.388) (0.000,0.202) (0.000,0.040) (0.000,0.631) (0.000,0.477) (0.000,0.356) (0.000,0.867) 
638     1764   (12)    8 :  0.073 0.008 0.038 0.033 0.007 0.048 0.056 0.201 0.008 0.067 0.009 0.014 0.049 0.020 0.134 0.023 0.051 0.066 0.031 0.062     (0.000,0.625) (0.000,0.044) (0.000,0.262) (0.000,0.219) (0.000,0.036) (0.000,0.372) (0.000,0.458) (0.000,0.934) (0.000,0.046) (0.000,0.568) (0.000,0.048) (0.000,0.082) (0.000,0.385) (0.000,0.114) (0.000,0.859) (0.000,0.146) (0.000,0.402) (0.000,0.568) (0.000,0.196) (0.000,0.518) 
639     1765   (12)    1 :  0.089 0.024 0.059 0.068 0.012 0.109 0.063 0.045 0.019 0.127 0.025 0.041 0.045 0.024 0.054 0.008 0.030 0.041 0.042 0.074     (0.000,0.713) (0.000,0.168) (0.000,0.482) (0.000,0.558) (0.000,0.065) (0.000,0.793) (0.000,0.519) (0.000,0.349) (0.000,0.121) (0.000,0.842) (0.000,0.178) (0.000,0.302) (0.000,0.349) (0.000,0.144) (0.000,0.434) (0.000,0.045) (0.000,0.194) (0.000,0.296) (0.000,0.311) (0.000,0.614) 
640     1768    (0)   13 :  0.068 0.052 0.029 0.082 0.007 0.090 0.021 0.063 0.063 0.051 0.053 0.018 0.050 0.085 0.028 0.017 0.043 0.064 0.043 0.072     (0.000,0.559) (0.000,0.397) (0.000,0.187) (0.000,0.656) (0.000,0.036) (0.000,0.661) (0.000,0.118) (0.000,0.498) (0.000,0.444) (0.000,0.404) (0.000,0.405) (0.000,0.111) (0.000,0.393) (0.000,0.669) (0.000,0.178) (0.000,0.095) (0.000,0.321) (0.000,0.522) (0.000,0.325) (0.000,0.587) 
641     1769    (0)   10 :  0.155 0.008 0.024 0.108 0.008 0.021 0.027 0.037 0.007 0.294 0.007 0.009 0.013 0.035 0.029 0.006 0.019 0.026 0.024 0.143     (0.000,0.907) (0.000,0.047) (0.000,0.137) (0.000,0.807) (0.000,0.042) (0.000,0.129) (0.000,0.176) (0.000,0.257) (0.000,0.041) (0.000,0.965) (0.000,0.036) (0.000,0.052) (0.000,0.071) (0.000,0.228) (0.000,0.201) (0.000,0.034) (0.000,0.108) (0.000,0.150) (0.000,0.144) (0.000,0.878) 
642     1770   (25)    7 :  0.057 0.019 0.040 0.051 0.016 0.051 0.032 0.047 0.016 0.075 0.015 0.022 0.065 0.079 0.034 0.011 0.107 0.066 0.150 0.047     (0.000,0.474) (0.000,0.121) (0.000,0.281) (0.000,0.399) (0.000,0.086) (0.000,0.399) (0.000,0.206) (0.000,0.355) (0.000,0.096) (0.000,0.634) (0.000,0.090) (0.000,0.130) (0.000,0.549) (0.000,0.667) (0.000,0.219) (0.000,0.062) (0.000,0.786) (0.000,0.559) (0.000,0.886) (0.000,0.363) 
643     1771   (25)   18 :  0.038 0.013 0.031 0.040 0.016 0.065 0.046 0.084 0.017 0.047 0.015 0.026 0.169 0.061 0.062 0.011 0.115 0.057 0.036 0.050     (0.000,0.272) (0.000,0.080) (0.000,0.211) (0.000,0.299) (0.000,0.095) (0.000,0.533) (0.000,0.353) (0.000,0.683) (0.000,0.116) (0.000,0.359) (0.000,0.094) (0.000,0.186) (0.000,0.896) (0.000,0.503) (0.000,0.497) (0.000,0.063) (0.000,0.793) (0.000,0.467) (0.000,0.247) (0.000,0.396) 
644     1778    (0)   11 :  0.006 0.105 0.005 0.006 0.004 0.006 0.006 0.005 0.565 0.006 0.238 0.007 0.005 0.005 0.006 0.004 0.005 0.005 0.005 0.006     (0.000,0.032) (0.000,0.889) (0.000,0.029) (0.000,0.034) (0.000,0.019) (0.000,0.030) (0.000,0.031) (0.000,0.027) (0.000,0.994) (0.000,0.029) (0.000,0.975) (0.000,0.038) (0.000,0.025) (0.000,0.027) (0.000,0.032) (0.000,0.019) (0.000,0.024) (0.000,0.028) (0.000,0.028) (0.000,0.032) 
645     1779    (0)    9 :  0.006 0.120 0.005 0.007 0.004 0.006 0.006 0.005 0.431 0.006 0.348 0.011 0.006 0.006 0.005 0.005 0.006 0.006 0.006 0.006     (0.000,0.032) (0.000,0.913) (0.000,0.027) (0.000,0.035) (0.000,0.022) (0.000,0.029) (0.000,0.029) (0.000,0.028) (0.000,0.989) (0.000,0.031) (0.000,0.986) (0.000,0.063) (0.000,0.034) (0.000,0.031) (0.000,0.029) (0.000,0.028) (0.000,0.031) (0.000,0.029) (0.000,0.031) (0.000,0.030) 
646     1780    (0)    9 :  0.007 0.124 0.006 0.007 0.004 0.006 0.006 0.005 0.332 0.006 0.444 0.008 0.005 0.006 0.006 0.005 0.005 0.006 0.006 0.006     (0.000,0.036) (0.000,0.919) (0.000,0.031) (0.000,0.039) (0.000,0.021) (0.000,0.031) (0.000,0.031) (0.000,0.028) (0.000,0.984) (0.000,0.032) (0.000,0.990) (0.000,0.044) (0.000,0.027) (0.000,0.031) (0.000,0.032) (0.000,0.024) (0.000,0.029) (0.000,0.032) (0.000,0.032) (0.000,0.032) 
647     1786    (0)   11 :  0.056 0.157 0.023 0.030 0.009 0.022 0.068 0.014 0.080 0.033 0.287 0.013 0.012 0.034 0.052 0.012 0.014 0.024 0.032 0.026     (0.000,0.415) (0.000,0.760) (0.000,0.160) (0.000,0.221) (0.000,0.051) (0.000,0.152) (0.000,0.460) (0.000,0.086) (0.000,0.540) (0.000,0.248) (0.000,0.792) (0.000,0.079) (0.000,0.071) (0.000,0.257) (0.000,0.369) (0.000,0.077) (0.000,0.087) (0.000,0.168) (0.000,0.239) (0.000,0.187) 
648     1787    (0)   11 :  0.006 0.029 0.006 0.006 0.004 0.006 0.006 0.005 0.045 0.006 0.832 0.008 0.005 0.005 0.005 0.006 0.005 0.005 0.005 0.006     (0.000,0.031) (0.000,0.143) (0.000,0.031) (0.000,0.035) (0.000,0.024) (0.000,0.031) (0.000,0.032) (0.000,0.026) (0.000,0.304) (0.000,0.030) (0.202,0.997) (0.000,0.043) (0.000,0.028) (0.000,0.026) (0.000,0.028) (0.000,0.032) (0.000,0.024) (0.000,0.027) (0.000,0.026) (0.000,0.030) 
649     1788    (0)   11 :  0.026 0.098 0.018 0.014 0.006 0.018 0.024 0.013 0.041 0.023 0.576 0.010 0.012 0.017 0.026 0.012 0.013 0.017 0.020 0.016     (0.000,0.184) (0.000,0.748) (0.000,0.123) (0.000,0.087) (0.000,0.034) (0.000,0.118) (0.000,0.171) (0.000,0.085) (0.000,0.337) (0.000,0.158) (0.000,0.962) (0.000,0.056) (0.000,0.076) (0.000,0.114) (0.000,0.185) (0.000,0.071) (0.000,0.085) (0.000,0.114) (0.000,0.136) (0.000,0.101) 
650     1789   (25)   11 :  0.005 0.049 0.004 0.005 0.006 0.005 0.005 0.004 0.678 0.005 0.183 0.013 0.005 0.005 0.005 0.004 0.005 0.005 0.005 0.005     (0.000,0.026) (0.000,0.360) (0.000,0.022) (0.000,0.026) (0.000,0.030) (0.000,0.026) (0.000,0.025) (0.000,0.024) (0.000,0.996) (0.000,0.025) (0.000,0.964) (0.000,0.075) (0.000,0.027) (0.000,0.025) (0.000,0.024) (0.000,0.023) (0.000,0.025) (0.000,0.025) (0.000,0.025) (0.000,0.025) 
651     1791    (0)    9 :  0.008 0.266 0.006 0.007 0.024 0.008 0.008 0.006 0.239 0.007 0.357 0.010 0.007 0.008 0.008 0.005 0.006 0.007 0.007 0.007     (0.000,0.041) (0.000,0.972) (0.000,0.034) (0.000,0.041) (0.000,0.171) (0.000,0.042) (0.000,0.043) (0.000,0.032) (0.000,0.958) (0.000,0.041) (0.000,0.979) (0.000,0.058) (0.000,0.040) (0.000,0.042) (0.000,0.046) (0.000,0.028) (0.000,0.030) (0.000,0.037) (0.000,0.040) (0.000,0.037) 
652     1792    (0)   11 :  0.007 0.095 0.007 0.009 0.005 0.008 0.007 0.007 0.334 0.008 0.440 0.015 0.009 0.007 0.008 0.006 0.006 0.007 0.007 0.008     (0.000,0.040) (0.000,0.831) (0.000,0.039) (0.000,0.050) (0.000,0.024) (0.000,0.048) (0.000,0.036) (0.000,0.036) (0.000,0.978) (0.000,0.043) (0.000,0.987) (0.000,0.085) (0.000,0.050) (0.000,0.039) (0.000,0.043) (0.000,0.034) (0.000,0.035) (0.000,0.041) (0.000,0.040) (0.000,0.042) 
653     1796    (0)    9 :  0.005 0.044 0.005 0.005 0.009 0.006 0.005 0.005 0.620 0.005 0.245 0.007 0.005 0.005 0.005 0.006 0.005 0.005 0.005 0.005     (0.000,0.027) (0.000,0.297) (0.000,0.027) (0.000,0.027) (0.000,0.052) (0.000,0.030) (0.000,0.024) (0.000,0.025) (0.000,0.994) (0.000,0.027) (0.000,0.976) (0.000,0.039) (0.000,0.026) (0.000,0.026) (0.000,0.025) (0.000,0.031) (0.000,0.026) (0.000,0.026) (0.000,0.026) (0.000,0.026) 
654     1797   (12)    2 :  0.005 0.048 0.005 0.004 0.005 0.005 0.004 0.004 0.764 0.005 0.110 0.006 0.004 0.004 0.005 0.005 0.004 0.004 0.004 0.004     (0.000,0.024) (0.000,0.334) (0.000,0.024) (0.000,0.022) (0.000,0.025) (0.000,0.026) (0.000,0.024) (0.000,0.023) (0.000,0.997) (0.000,0.024) (0.000,0.912) (0.000,0.032) (0.000,0.022) (0.000,0.023) (0.000,0.025) (0.000,0.025) (0.000,0.022) (0.000,0.023) (0.000,0.023) (0.000,0.023) 
655     1799    (0)    2 :  0.005 0.103 0.005 0.005 0.012 0.005 0.005 0.005 0.618 0.005 0.188 0.006 0.005 0.005 0.005 0.004 0.005 0.005 0.005 0.005     (0.000,0.027) (0.000,0.886) (0.000,0.026) (0.000,0.026) (0.000,0.080) (0.000,0.028) (0.000,0.025) (0.000,0.026) (0.000,0.995) (0.000,0.026) (0.000,0.961) (0.000,0.030) (0.000,0.026) (0.000,0.026) (0.000,0.026) (0.000,0.024) (0.000,0.024) (0.000,0.026) (0.000,0.026) (0.000,0.027) 
656     1801    (0)    9 :  0.008 0.403 0.009 0.008 0.057 0.008 0.008 0.026 0.181 0.010 0.171 0.011 0.009 0.009 0.009 0.038 0.008 0.009 0.009 0.009     (0.000,0.047) (0.000,0.973) (0.000,0.052) (0.000,0.045) (0.000,0.306) (0.000,0.046) (0.000,0.048) (0.000,0.188) (0.000,0.787) (0.000,0.058) (0.000,0.811) (0.000,0.061) (0.000,0.055) (0.000,0.051) (0.000,0.051) (0.000,0.222) (0.000,0.046) (0.000,0.052) (0.000,0.052) (0.000,0.051) 
657     1817    (0)    9 :  0.005 0.138 0.004 0.005 0.007 0.005 0.005 0.004 0.713 0.004 0.065 0.006 0.006 0.005 0.004 0.006 0.004 0.005 0.005 0.004     (0.000,0.026) (0.000,0.938) (0.000,0.023) (0.000,0.025) (0.000,0.040) (0.000,0.028) (0.000,0.025) (0.000,0.023) (0.000,0.996) (0.000,0.023) (0.000,0.533) (0.000,0.034) (0.000,0.030) (0.000,0.027) (0.000,0.023) (0.000,0.032) (0.000,0.021) (0.000,0.027) (0.000,0.024) (0.000,0.023) 
658     1820   (25)    9 :  0.009 0.149 0.012 0.008 0.016 0.009 0.015 0.018 0.270 0.013 0.367 0.020 0.016 0.014 0.013 0.006 0.012 0.011 0.011 0.011     (0.000,0.051) (0.000,0.900) (0.000,0.075) (0.000,0.046) (0.000,0.100) (0.000,0.048) (0.000,0.096) (0.000,0.125) (0.000,0.936) (0.000,0.077) (0.000,0.970) (0.000,0.127) (0.000,0.096) (0.000,0.082) (0.000,0.083) (0.000,0.032) (0.000,0.072) (0.000,0.061) (0.000,0.066) (0.000,0.061) 
659     1821    (0)   11 :  0.005 0.025 0.005 0.005 0.004 0.005 0.005 0.005 0.031 0.005 0.857 0.006 0.005 0.005 0.005 0.004 0.005 0.005 0.005 0.005     (0.000,0.029) (0.000,0.166) (0.000,0.026) (0.000,0.026) (0.000,0.024) (0.000,0.026) (0.000,0.029) (0.000,0.024) (0.000,0.220) (0.000,0.028) (0.499,0.997) (0.000,0.034) (0.000,0.027) (0.000,0.027) (0.000,0.026) (0.000,0.023) (0.000,0.026) (0.000,0.027) (0.000,0.028) (0.000,0.026) 
660     1829    (0)    9 :  0.006 0.046 0.005 0.005 0.005 0.006 0.006 0.005 0.536 0.006 0.322 0.007 0.006 0.006 0.005 0.005 0.005 0.006 0.006 0.006     (0.000,0.033) (0.000,0.319) (0.000,0.028) (0.000,0.029) (0.000,0.027) (0.000,0.030) (0.000,0.030) (0.000,0.027) (0.000,0.993) (0.000,0.031) (0.000,0.984) (0.000,0.039) (0.000,0.029) (0.000,0.031) (0.000,0.029) (0.000,0.029) (0.000,0.029) (0.000,0.030) (0.000,0.032) (0.000,0.029) 
661     1832    (0)    2 :  0.009 0.216 0.009 0.007 0.007 0.008 0.010 0.011 0.019 0.011 0.606 0.013 0.013 0.009 0.008 0.010 0.009 0.009 0.009 0.008     (0.000,0.049) (0.000,0.954) (0.000,0.051) (0.000,0.038) (0.000,0.039) (0.000,0.044) (0.000,0.060) (0.000,0.067) (0.000,0.109) (0.000,0.064) (0.000,0.987) (0.000,0.080) (0.000,0.077) (0.000,0.051) (0.000,0.048) (0.000,0.065) (0.000,0.051) (0.000,0.049) (0.000,0.052) (0.000,0.048) 
662     1836   (12)   11 :  0.007 0.049 0.007 0.007 0.005 0.007 0.007 0.006 0.157 0.007 0.677 0.008 0.008 0.007 0.007 0.007 0.006 0.007 0.008 0.007     (0.000,0.039) (0.000,0.360) (0.000,0.036) (0.000,0.035) (0.000,0.027) (0.000,0.037) (0.000,0.038) (0.000,0.034) (0.000,0.941) (0.000,0.037) (0.000,0.994) (0.000,0.041) (0.000,0.042) (0.000,0.038) (0.000,0.035) (0.000,0.039) (0.000,0.032) (0.000,0.038) (0.000,0.041) (0.000,0.038) 
663     1837   (25)   11 :  0.007 0.033 0.006 0.006 0.005 0.006 0.007 0.006 0.041 0.007 0.824 0.007 0.006 0.006 0.006 0.004 0.005 0.006 0.006 0.006     (0.000,0.036) (0.000,0.230) (0.000,0.033) (0.000,0.031) (0.000,0.028) (0.000,0.034) (0.000,0.037) (0.000,0.029) (0.000,0.315) (0.000,0.035) (0.379,0.996) (0.000,0.039) (0.000,0.030) (0.000,0.031) (0.000,0.035) (0.000,0.023) (0.000,0.029) (0.000,0.032) (0.000,0.033) (0.000,0.033) 
664     1841   (25)   17 :  0.041 0.010 0.032 0.051 0.008 0.049 0.026 0.040 0.007 0.058 0.009 0.033 0.056 0.067 0.043 0.119 0.082 0.082 0.132 0.054     (0.000,0.300) (0.000,0.058) (0.000,0.205) (0.000,0.392) (0.000,0.042) (0.000,0.376) (0.000,0.156) (0.000,0.291) (0.000,0.041) (0.000,0.469) (0.000,0.047) (0.000,0.224) (0.000,0.456) (0.000,0.563) (0.000,0.312) (0.000,0.714) (0.000,0.663) (0.000,0.679) (0.000,0.860) (0.000,0.434) 
665     1842   (12)   18 :  0.062 0.016 0.115 0.210 0.008 0.029 0.072 0.016 0.011 0.111 0.008 0.026 0.051 0.043 0.018 0.008 0.051 0.067 0.054 0.022     (0.000,0.503) (0.000,0.108) (0.000,0.742) (0.000,0.924) (0.000,0.040) (0.000,0.194) (0.000,0.587) (0.000,0.091) (0.000,0.071) (0.000,0.761) (0.000,0.046) (0.000,0.166) (0.000,0.396) (0.000,0.320) (0.000,0.104) (0.000,0.042) (0.000,0.399) (0.000,0.537) (0.000,0.432) (0.000,0.134) 
666     1843   (25)   16 :  0.017 0.036 0.012 0.010 0.024 0.225 0.012 0.013 0.006 0.014 0.005 0.017 0.012 0.020 0.010 0.480 0.009 0.035 0.023 0.020     (0.000,0.118) (0.000,0.258) (0.000,0.078) (0.000,0.065) (0.000,0.180) (0.000,0.602) (0.000,0.079) (0.000,0.087) (0.000,0.029) (0.000,0.091) (0.000,0.029) (0.000,0.095) (0.000,0.080) (0.000,0.134) (0.000,0.059) (0.017,0.800) (0.000,0.054) (0.000,0.214) (0.000,0.154) (0.000,0.134) 
667     1844    (0)    7 :  0.072 0.007 0.073 0.117 0.007 0.042 0.119 0.063 0.006 0.127 0.008 0.016 0.043 0.036 0.056 0.007 0.069 0.050 0.025 0.057     (0.000,0.590) (0.000,0.040) (0.000,0.582) (0.000,0.791) (0.000,0.033) (0.000,0.315) (0.000,0.812) (0.000,0.503) (0.000,0.033) (0.000,0.836) (0.000,0.044) (0.000,0.104) (0.000,0.320) (0.000,0.251) (0.000,0.441) (0.000,0.040) (0.000,0.542) (0.000,0.394) (0.000,0.152) (0.000,0.452) 
668     1847   (12)   14 :  0.026 0.006 0.212 0.172 0.013 0.015 0.117 0.047 0.004 0.074 0.006 0.024 0.069 0.034 0.031 0.011 0.023 0.030 0.037 0.050     (0.000,0.163) (0.000,0.032) (0.000,0.929) (0.000,0.909) (0.000,0.070) (0.000,0.081) (0.000,0.802) (0.000,0.363) (0.000,0.023) (0.000,0.609) (0.000,0.030) (0.000,0.160) (0.000,0.544) (0.000,0.232) (0.000,0.215) (0.000,0.067) (0.000,0.146) (0.000,0.193) (0.000,0.262) (0.000,0.392) 
669     1848    (0)   13 :  0.072 0.006 0.079 0.029 0.006 0.018 0.069 0.063 0.005 0.077 0.005 0.009 0.033 0.026 0.039 0.048 0.262 0.065 0.053 0.034     (0.000,0.614) (0.000,0.031) (0.000,0.645) (0.000,0.183) (0.000,0.030) (0.000,0.104) (0.000,0.583) (0.000,0.522) (0.000,0.026) (0.000,0.641) (0.000,0.028) (0.000,0.050) (0.000,0.220) (0.000,0.159) (0.000,0.285) (0.000,0.375) (0.000,0.959) (0.000,0.550) (0.000,0.428) (0.000,0.228) 
670     1850   (25)    4 :  0.036 0.008 0.154 0.253 0.012 0.025 0.045 0.033 0.007 0.119 0.010 0.016 0.071 0.016 0.021 0.006 0.076 0.031 0.026 0.035     (0.000,0.248) (0.000,0.042) (0.000,0.886) (0.000,0.955) (0.000,0.069) (0.000,0.156) (0.000,0.339) (0.000,0.223) (0.000,0.039) (0.000,0.829) (0.000,0.055) (0.000,0.086) (0.000,0.582) (0.000,0.085) (0.000,0.127) (0.000,0.033) (0.000,0.621) (0.000,0.193) (0.000,0.163) (0.000,0.242) 
671     1854   (25)   16 :  0.025 0.056 0.015 0.017 0.019 0.018 0.025 0.018 0.037 0.023 0.084 0.089 0.048 0.019 0.013 0.418 0.024 0.018 0.019 0.017     (0.000,0.176) (0.000,0.399) (0.000,0.092) (0.000,0.107) (0.000,0.123) (0.000,0.111) (0.000,0.175) (0.000,0.102) (0.000,0.283) (0.000,0.158) (0.000,0.525) (0.000,0.584) (0.000,0.370) (0.000,0.116) (0.000,0.079) (0.000,0.876) (0.000,0.160) (0.000,0.109) (0.000,0.117) (0.000,0.106) 
672     1857   (12)    1 :  0.074 0.013 0.057 0.061 0.024 0.023 0.123 0.045 0.008 0.028 0.009 0.030 0.031 0.076 0.076 0.009 0.038 0.088 0.116 0.070     (0.000,0.592) (0.000,0.081) (0.000,0.448) (0.000,0.467) (0.000,0.166) (0.000,0.144) (0.000,0.775) (0.000,0.349) (0.000,0.045) (0.000,0.188) (0.000,0.050) (0.000,0.213) (0.000,0.207) (0.000,0.577) (0.000,0.590) (0.000,0.055) (0.000,0.288) (0.000,0.694) (0.000,0.771) (0.000,0.562) 
673     1858    (0)    7 :  0.138 0.013 0.031 0.138 0.009 0.105 0.075 0.031 0.008 0.049 0.007 0.014 0.048 0.048 0.036 0.010 0.023 0.098 0.031 0.090     (0.000,0.861) (0.000,0.085) (0.000,0.207) (0.000,0.831) (0.000,0.047) (0.000,0.748) (0.000,0.596) (0.000,0.216) (0.000,0.043) (0.000,0.381) (0.000,0.037) (0.000,0.087) (0.000,0.365) (0.000,0.366) (0.000,0.257) (0.000,0.059) (0.000,0.143) (0.000,0.734) (0.000,0.205) (0.000,0.687) 
674     1859   (12)    7 :  0.103 0.012 0.030 0.056 0.011 0.123 0.069 0.068 0.007 0.089 0.009 0.025 0.041 0.031 0.045 0.008 0.020 0.053 0.031 0.168     (0.000,0.776) (0.000,0.071) (0.000,0.194) (0.000,0.443) (0.000,0.054) (0.000,0.817) (0.000,0.566) (0.000,0.535) (0.000,0.041) (0.000,0.716) (0.000,0.053) (0.000,0.170) (0.000,0.305) (0.000,0.204) (0.000,0.337) (0.000,0.046) (0.000,0.118) (0.000,0.429) (0.000,0.199) (0.000,0.909) 
675     1862    (0)   14 :  0.039 0.026 0.031 0.049 0.008 0.036 0.029 0.071 0.030 0.040 0.023 0.029 0.157 0.082 0.026 0.013 0.091 0.075 0.037 0.108     (0.000,0.288) (0.000,0.193) (0.000,0.216) (0.000,0.378) (0.000,0.044) (0.000,0.258) (0.000,0.191) (0.000,0.565) (0.000,0.219) (0.000,0.293) (0.000,0.171) (0.000,0.210) (0.000,0.853) (0.000,0.658) (0.000,0.173) (0.000,0.081) (0.000,0.682) (0.000,0.607) (0.000,0.265) (0.000,0.750) 
676     1863   (12)    3 :  0.187 0.008 0.113 0.028 0.008 0.023 0.225 0.027 0.006 0.068 0.006 0.015 0.024 0.036 0.052 0.011 0.039 0.062 0.030 0.035     (0.000,0.924) (0.000,0.041) (0.000,0.763) (0.000,0.182) (0.000,0.043) (0.000,0.140) (0.000,0.938) (0.000,0.172) (0.000,0.033) (0.000,0.568) (0.000,0.033) (0.000,0.092) (0.000,0.149) (0.000,0.253) (0.000,0.404) (0.000,0.062) (0.000,0.285) (0.000,0.523) (0.000,0.195) (0.000,0.244) 
677     1865    (0)    9 :  0.012 0.326 0.009 0.012 0.005 0.013 0.011 0.008 0.488 0.009 0.027 0.011 0.009 0.009 0.013 0.004 0.006 0.011 0.009 0.010     (0.000,0.065) (0.000,0.977) (0.000,0.046) (0.000,0.067) (0.000,0.024) (0.000,0.074) (0.000,0.062) (0.000,0.042) (0.000,0.987) (0.000,0.052) (0.000,0.173) (0.000,0.057) (0.000,0.050) (0.000,0.048) (0.000,0.077) (0.000,0.020) (0.000,0.032) (0.000,0.063) (0.000,0.048) (0.000,0.057) 
678     1866    (0)   13 :  0.092 0.008 0.035 0.079 0.006 0.161 0.027 0.058 0.007 0.078 0.007 0.008 0.056 0.057 0.095 0.015 0.036 0.067 0.040 0.068     (0.000,0.745) (0.000,0.045) (0.000,0.234) (0.000,0.660) (0.000,0.031) (0.000,0.903) (0.000,0.164) (0.000,0.472) (0.000,0.038) (0.000,0.665) (0.000,0.041) (0.000,0.047) (0.000,0.456) (0.000,0.467) (0.000,0.744) (0.000,0.089) (0.000,0.240) (0.000,0.578) (0.000,0.283) (0.000,0.572) 
679     1867   (12)    9 :  0.013 0.393 0.014 0.012 0.020 0.012 0.017 0.015 0.185 0.012 0.191 0.017 0.014 0.015 0.016 0.007 0.011 0.012 0.012 0.013     (0.000,0.077) (0.000,0.976) (0.000,0.085) (0.000,0.070) (0.000,0.137) (0.000,0.065) (0.000,0.104) (0.000,0.096) (0.000,0.892) (0.000,0.072) (0.000,0.921) (0.000,0.101) (0.000,0.080) (0.000,0.091) (0.000,0.099) (0.000,0.038) (0.000,0.061) (0.000,0.066) (0.000,0.067) (0.000,0.073) 
680     1879   (12)   13 :  0.058 0.033 0.022 0.022 0.013 0.024 0.034 0.042 0.023 0.035 0.017 0.045 0.105 0.126 0.016 0.068 0.080 0.071 0.096 0.072     (0.000,0.468) (0.000,0.244) (0.000,0.132) (0.000,0.137) (0.000,0.071) (0.000,0.148) (0.000,0.239) (0.000,0.312) (0.000,0.169) (0.000,0.241) (0.000,0.117) (0.000,0.336) (0.000,0.715) (0.000,0.820) (0.000,0.090) (0.000,0.473) (0.000,0.596) (0.000,0.575) (0.000,0.700) (0.000,0.567) 
681     1880    (0)   14 :  0.087 0.060 0.044 0.030 0.009 0.129 0.041 0.045 0.033 0.048 0.035 0.073 0.024 0.071 0.024 0.010 0.083 0.065 0.037 0.050     (0.000,0.671) (0.000,0.426) (0.000,0.333) (0.000,0.195) (0.000,0.050) (0.000,0.787) (0.000,0.308) (0.000,0.349) (0.000,0.246) (0.000,0.376) (0.000,0.267) (0.000,0.525) (0.000,0.153) (0.000,0.557) (0.000,0.149) (0.000,0.053) (0.000,0.605) (0.000,0.520) (0.000,0.265) (0.000,0.393) 
682     1881    (0)   13 :  0.064 0.006 0.074 0.081 0.008 0.058 0.048 0.134 0.005 0.050 0.005 0.010 0.050 0.038 0.064 0.031 0.027 0.055 0.043 0.149     (0.000,0.535) (0.000,0.032) (0.000,0.621) (0.000,0.662) (0.000,0.041) (0.000,0.466) (0.000,0.373) (0.000,0.849) (0.000,0.027) (0.000,0.392) (0.000,0.027) (0.000,0.058) (0.000,0.386) (0.000,0.265) (0.000,0.529) (0.000,0.226) (0.000,0.169) (0.000,0.449) (0.000,0.311) (0.000,0.893) 
683     1883   (25)   13 :  0.056 0.010 0.053 0.082 0.012 0.063 0.056 0.137 0.010 0.050 0.009 0.018 0.065 0.060 0.059 0.015 0.023 0.058 0.043 0.123     (0.000,0.461) (0.000,0.056) (0.000,0.420) (0.000,0.669) (0.000,0.065) (0.000,0.514) (0.000,0.454) (0.000,0.856) (0.000,0.053) (0.000,0.393) (0.000,0.049) (0.000,0.105) (0.000,0.536) (0.000,0.497) (0.000,0.481) (0.000,0.089) (0.000,0.139) (0.000,0.480) (0.000,0.317) (0.000,0.844) 
684     1888    (0)   13 :  0.042 0.008 0.082 0.067 0.007 0.019 0.031 0.054 0.007 0.041 0.008 0.007 0.050 0.040 0.076 0.014 0.289 0.075 0.048 0.036     (0.000,0.312) (0.000,0.043) (0.000,0.668) (0.000,0.542) (0.000,0.035) (0.000,0.108) (0.000,0.203) (0.000,0.427) (0.000,0.039) (0.000,0.296) (0.000,0.042) (0.000,0.035) (0.000,0.384) (0.000,0.289) (0.000,0.612) (0.000,0.084) (0.000,0.963) (0.000,0.639) (0.000,0.374) (0.000,0.240) 
685     1890    (0)   14 :  0.044 0.008 0.088 0.032 0.007 0.066 0.026 0.054 0.008 0.042 0.008 0.009 0.040 0.127 0.041 0.014 0.110 0.114 0.114 0.048     (0.000,0.332) (0.000,0.045) (0.000,0.659) (0.000,0.221) (0.000,0.036) (0.000,0.524) (0.000,0.162) (0.000,0.424) (0.000,0.045) (0.000,0.314) (0.000,0.043) (0.000,0.051) (0.000,0.295) (0.000,0.822) (0.000,0.305) (0.000,0.083) (0.000,0.766) (0.000,0.799) (0.000,0.770) (0.000,0.373) 
686     1897   (25)   14 :  0.081 0.007 0.036 0.017 0.008 0.024 0.059 0.101 0.007 0.045 0.007 0.008 0.066 0.050 0.044 0.022 0.208 0.100 0.052 0.057     (0.000,0.688) (0.000,0.040) (0.000,0.247) (0.000,0.095) (0.000,0.042) (0.000,0.141) (0.000,0.485) (0.000,0.784) (0.000,0.036) (0.000,0.335) (0.000,0.035) (0.000,0.043) (0.000,0.542) (0.000,0.395) (0.000,0.337) (0.000,0.140) (0.000,0.939) (0.000,0.785) (0.000,0.409) (0.000,0.472) 
687     1898    (0)   13 :  0.040 0.016 0.019 0.020 0.011 0.026 0.025 0.040 0.013 0.032 0.013 0.060 0.214 0.102 0.011 0.067 0.074 0.058 0.091 0.067     (0.000,0.294) (0.000,0.103) (0.000,0.112) (0.000,0.121) (0.000,0.060) (0.000,0.167) (0.000,0.156) (0.000,0.289) (0.000,0.083) (0.000,0.220) (0.000,0.080) (0.000,0.436) (0.000,0.916) (0.000,0.761) (0.000,0.059) (0.000,0.473) (0.000,0.573) (0.000,0.470) (0.000,0.695) (0.000,0.546) 
688     1902   (25)   13 :  0.039 0.007 0.052 0.049 0.011 0.053 0.026 0.102 0.006 0.054 0.007 0.011 0.123 0.099 0.027 0.013 0.107 0.070 0.083 0.061     (0.000,0.277) (0.000,0.037) (0.000,0.411) (0.000,0.379) (0.000,0.057) (0.000,0.425) (0.000,0.151) (0.000,0.783) (0.000,0.032) (0.000,0.442) (0.000,0.036) (0.000,0.059) (0.000,0.851) (0.000,0.780) (0.000,0.161) (0.000,0.072) (0.000,0.800) (0.000,0.602) (0.000,0.696) (0.000,0.518) 
689     1903   (12)    4 :  0.035 0.006 0.035 0.045 0.009 0.037 0.016 0.054 0.005 0.046 0.005 0.012 0.077 0.074 0.019 0.027 0.212 0.073 0.168 0.047     (0.000,0.232) (0.000,0.029) (0.000,0.222) (0.000,0.337) (0.000,0.044) (0.000,0.249) (0.000,0.086) (0.000,0.438) (0.000,0.026) (0.000,0.350) (0.000,0.028) (0.000,0.060) (0.000,0.659) (0.000,0.641) (0.000,0.105) (0.000,0.188) (0.000,0.943) (0.000,0.626) (0.000,0.920) (0.000,0.356) 
690     1905    (0)   14 :  0.056 0.005 0.035 0.031 0.006 0.045 0.023 0.080 0.005 0.042 0.005 0.008 0.056 0.051 0.040 0.151 0.135 0.093 0.074 0.059     (0.000,0.449) (0.000,0.029) (0.000,0.233) (0.000,0.203) (0.000,0.031) (0.000,0.333) (0.000,0.134) (0.000,0.662) (0.000,0.025) (0.000,0.304) (0.000,0.027) (0.000,0.043) (0.000,0.455) (0.000,0.400) (0.000,0.287) (0.000,0.858) (0.000,0.865) (0.000,0.751) (0.000,0.627) (0.000,0.483) 
691     1911   (12)   10 :  0.031 0.006 0.067 0.041 0.008 0.040 0.021 0.111 0.006 0.045 0.008 0.007 0.296 0.036 0.021 0.016 0.050 0.074 0.036 0.081     (0.000,0.198) (0.000,0.030) (0.000,0.548) (0.000,0.296) (0.000,0.042) (0.000,0.298) (0.000,0.120) (0.000,0.813) (0.000,0.030) (0.000,0.337) (0.000,0.048) (0.000,0.035) (0.000,0.965) (0.000,0.252) (0.000,0.121) (0.000,0.102) (0.000,0.392) (0.000,0.632) (0.000,0.247) (0.000,0.680) 
692     1913   (25)    7 :  0.082 0.014 0.084 0.032 0.013 0.038 0.296 0.047 0.011 0.037 0.015 0.013 0.032 0.026 0.093 0.009 0.021 0.046 0.030 0.060     (0.000,0.676) (0.000,0.084) (0.000,0.677) (0.000,0.215) (0.000,0.072) (0.000,0.273) (0.000,0.959) (0.000,0.366) (0.000,0.065) (0.000,0.259) (0.000,0.096) (0.000,0.070) (0.000,0.217) (0.000,0.164) (0.000,0.725) (0.000,0.053) (0.000,0.120) (0.000,0.350) (0.000,0.192) (0.000,0.492) 
693     1915   (25)   14 :  0.046 0.039 0.042 0.114 0.023 0.020 0.056 0.025 0.018 0.053 0.022 0.066 0.028 0.084 0.022 0.020 0.065 0.056 0.131 0.070     (0.000,0.351) (0.000,0.299) (0.000,0.312) (0.000,0.797) (0.000,0.146) (0.000,0.116) (0.000,0.440) (0.000,0.156) (0.000,0.121) (0.000,0.422) (0.000,0.155) (0.000,0.514) (0.000,0.174) (0.000,0.658) (0.000,0.133) (0.000,0.138) (0.000,0.506) (0.000,0.453) (0.000,0.826) (0.000,0.578) 
1781     4468    (0)   16 :  0.026 0.016 0.015 0.018 0.012 0.015 0.024 0.011 0.010 0.022 0.016 0.019 0.018 0.012 0.013 0.687 0.017 0.014 0.016 0.017     (0.000,0.182) (0.000,0.114) (0.000,0.095) (0.000,0.124) (0.000,0.080) (0.000,0.096) (0.000,0.169) (0.000,0.057) (0.000,0.060) (0.000,0.155) (0.000,0.111) (0.000,0.133) (0.000,0.117) (0.000,0.072) (0.000,0.080) (0.293,0.954) (0.000,0.111) (0.000,0.083) (0.000,0.101) (0.000,0.106) 
1782     4470   (12)   10 :  0.085 0.009 0.057 0.151 0.011 0.036 0.060 0.032 0.008 0.039 0.008 0.015 0.033 0.049 0.045 0.107 0.024 0.050 0.077 0.104     (0.000,0.699) (0.000,0.050) (0.000,0.462) (0.000,0.886) (0.000,0.059) (0.000,0.251) (0.000,0.496) (0.000,0.211) (0.000,0.045) (0.000,0.275) (0.000,0.042) (0.000,0.090) (0.000,0.224) (0.000,0.385) (0.000,0.345) (0.000,0.690) (0.000,0.153) (0.000,0.391) (0.000,0.633) (0.000,0.780) 
1783     4474    (0)   14 :  0.036 0.019 0.058 0.072 0.071 0.016 0.090 0.034 0.016 0.041 0.016 0.031 0.025 0.131 0.045 0.080 0.031 0.039 0.108 0.041     (0.000,0.255) (0.000,0.129) (0.000,0.458) (0.000,0.556) (0.000,0.449) (0.000,0.095) (0.000,0.658) (0.000,0.243) (0.000,0.111) (0.000,0.299) (0.000,0.112) (0.000,0.234) (0.000,0.162) (0.000,0.814) (0.000,0.339) (0.000,0.467) (0.000,0.220) (0.000,0.285) (0.000,0.750) (0.000,0.310) 
1784     4483    (0)   14 :  0.069 0.046 0.048 0.125 0.008 0.044 0.049 0.023 0.030 0.061 0.030 0.033 0.028 0.079 0.069 0.018 0.029 0.060 0.088 0.064     (0.000,0.567) (0.000,0.349) (0.000,0.369) (0.000,0.817) (0.000,0.043) (0.000,0.337) (0.000,0.378) (0.000,0.138) (0.000,0.218) (0.000,0.493) (0.000,0.225) (0.000,0.241) (0.000,0.176) (0.000,0.627) (0.000,0.539) (0.000,0.125) (0.000,0.198) (0.000,0.485) (0.000,0.676) (0.000,0.526) 
