  7        9   (12)   17 :  0.046 0.006 0.047 0.043 0.007 0.123 0.027 0.214 0.006 0.057 0.006 0.010 0.079 0.033 0.060 0.013 0.025 0.056 0.030 0.111     (0.000,0.341) (0.000,0.033) (0.000,0.356) (0.000,0.310) (0.000,0.036) (0.000,0.843) (0.000,0.163) (0.000,0.945) (0.000,0.031) (0.000,0.471) (0.000,0.033) (0.000,0.054) (0.000,0.675) (0.000,0.210) (0.000,0.508) (0.000,0.077) (0.000,0.146) (0.000,0.465) (0.000,0.185) (0.000,0.824) 
  8       11   (12)    9 :  0.009 0.161 0.008 0.005 0.309 0.030 0.009 0.009 0.021 0.008 0.013 0.015 0.012 0.014 0.008 0.327 0.008 0.012 0.013 0.009     (0.000,0.050) (0.000,0.706) (0.000,0.045) (0.000,0.029) (0.057,0.643) (0.000,0.211) (0.000,0.053) (0.000,0.050) (0.000,0.147) (0.000,0.044) (0.000,0.081) (0.000,0.093) (0.000,0.070) (0.000,0.087) (0.000,0.046) (0.000,0.752) (0.000,0.043) (0.000,0.074) (0.000,0.074) (0.000,0.049) 
  9       12   (12)    3 :  0.030 0.010 0.036 0.029 0.010 0.134 0.027 0.096 0.012 0.022 0.010 0.072 0.027 0.074 0.020 0.005 0.243 0.080 0.026 0.039     (0.000,0.187) (0.000,0.055) (0.000,0.246) (0.000,0.195) (0.000,0.053) (0.000,0.848) (0.000,0.175) (0.000,0.746) (0.000,0.074) (0.000,0.136) (0.000,0.055) (0.000,0.519) (0.000,0.171) (0.000,0.619) (0.000,0.126) (0.000,0.025) (0.000,0.941) (0.000,0.669) (0.000,0.163) (0.000,0.281) 
 10       13   (25)    3 :  0.029 0.024 0.025 0.017 0.243 0.020 0.029 0.025 0.048 0.029 0.046 0.034 0.022 0.048 0.019 0.005 0.020 0.126 0.129 0.063     (0.000,0.204) (0.000,0.166) (0.000,0.179) (0.000,0.112) (0.000,0.677) (0.000,0.141) (0.000,0.205) (0.000,0.180) (0.000,0.266) (0.000,0.209) (0.000,0.237) (0.000,0.214) (0.000,0.154) (0.000,0.323) (0.000,0.133) (0.000,0.024) (0.000,0.138) (0.000,0.600) (0.000,0.628) (0.000,0.401) 
 11       16   (12)   14 :  0.031 0.026 0.047 0.028 0.172 0.019 0.069 0.067 0.005 0.027 0.006 0.005 0.033 0.110 0.057 0.035 0.030 0.165 0.048 0.022     (0.000,0.215) (0.000,0.174) (0.000,0.360) (0.000,0.195) (0.000,0.639) (0.000,0.121) (0.000,0.508) (0.000,0.485) (0.000,0.024) (0.000,0.184) (0.000,0.032) (0.000,0.027) (0.000,0.233) (0.000,0.686) (0.000,0.428) (0.000,0.223) (0.000,0.213) (0.000,0.725) (0.000,0.363) (0.000,0.145) 
 16       33    (0)   13 :  0.081 0.012 0.061 0.037 0.007 0.048 0.039 0.085 0.010 0.043 0.008 0.008 0.035 0.097 0.058 0.021 0.073 0.089 0.079 0.109     (0.000,0.672) (0.000,0.074) (0.000,0.501) (0.000,0.257) (0.000,0.034) (0.000,0.367) (0.000,0.282) (0.000,0.681) (0.000,0.059) (0.000,0.312) (0.000,0.046) (0.000,0.045) (0.000,0.233) (0.000,0.755) (0.000,0.471) (0.000,0.136) (0.000,0.607) (0.000,0.723) (0.000,0.658) (0.000,0.805) 
 17       34   (12)   17 :  0.078 0.010 0.035 0.035 0.010 0.027 0.065 0.034 0.008 0.055 0.010 0.009 0.132 0.028 0.061 0.022 0.072 0.226 0.042 0.040     (0.000,0.597) (0.000,0.057) (0.000,0.248) (0.000,0.251) (0.000,0.059) (0.000,0.179) (0.000,0.506) (0.000,0.238) (0.000,0.043) (0.000,0.431) (0.000,0.055) (0.000,0.052) (0.000,0.738) (0.000,0.185) (0.000,0.469) (0.000,0.150) (0.000,0.551) (0.000,0.916) (0.000,0.305) (0.000,0.296) 
 18       35   (12)   20 :  0.114 0.040 0.031 0.071 0.015 0.075 0.062 0.039 0.022 0.081 0.023 0.043 0.044 0.054 0.027 0.024 0.028 0.050 0.064 0.096     (0.000,0.799) (0.000,0.300) (0.000,0.201) (0.000,0.576) (0.000,0.084) (0.000,0.595) (0.000,0.499) (0.000,0.283) (0.000,0.156) (0.000,0.647) (0.000,0.160) (0.000,0.326) (0.000,0.331) (0.000,0.435) (0.000,0.169) (0.000,0.160) (0.000,0.180) (0.000,0.397) (0.000,0.515) (0.000,0.726) 
 19       37   (12)   10 :  0.034 0.007 0.048 0.038 0.012 0.017 0.018 0.174 0.005 0.164 0.006 0.014 0.030 0.070 0.018 0.011 0.142 0.045 0.071 0.076     (0.000,0.232) (0.000,0.040) (0.000,0.366) (0.000,0.266) (0.000,0.063) (0.000,0.092) (0.000,0.099) (0.000,0.915) (0.000,0.028) (0.000,0.899) (0.000,0.030) (0.000,0.078) (0.000,0.192) (0.000,0.591) (0.000,0.104) (0.000,0.067) (0.000,0.870) (0.000,0.336) (0.000,0.587) (0.000,0.623) 
 24       49    (0)   12 :  0.055 0.034 0.029 0.038 0.025 0.046 0.027 0.037 0.027 0.032 0.014 0.023 0.069 0.119 0.022 0.023 0.033 0.204 0.101 0.043     (0.000,0.388) (0.000,0.240) (0.000,0.196) (0.000,0.271) (0.000,0.173) (0.000,0.331) (0.000,0.180) (0.000,0.266) (0.000,0.191) (0.000,0.219) (0.000,0.092) (0.000,0.158) (0.000,0.491) (0.000,0.679) (0.000,0.145) (0.000,0.160) (0.000,0.236) (0.000,0.830) (0.000,0.627) (0.000,0.300) 
 25       55    (0)   13 :  0.014 0.004 0.021 0.035 0.015 0.025 0.014 0.055 0.004 0.028 0.004 0.005 0.214 0.108 0.085 0.013 0.032 0.259 0.043 0.022     (0.000,0.080) (0.000,0.020) (0.000,0.128) (0.000,0.257) (0.000,0.101) (0.000,0.171) (0.000,0.082) (0.000,0.432) (0.000,0.020) (0.000,0.191) (0.000,0.020) (0.000,0.028) (0.000,0.927) (0.000,0.738) (0.000,0.607) (0.000,0.084) (0.000,0.216) (0.000,0.951) (0.000,0.322) (0.000,0.137) 
 26       57    (0)   13 :  0.022 0.008 0.024 0.095 0.011 0.020 0.018 0.253 0.008 0.029 0.008 0.010 0.062 0.098 0.073 0.008 0.024 0.154 0.032 0.041     (0.000,0.129) (0.000,0.048) (0.000,0.138) (0.000,0.742) (0.000,0.065) (0.000,0.122) (0.000,0.104) (0.000,0.951) (0.000,0.047) (0.000,0.189) (0.000,0.045) (0.000,0.056) (0.000,0.517) (0.000,0.744) (0.000,0.591) (0.000,0.042) (0.000,0.143) (0.000,0.896) (0.000,0.208) (0.000,0.292) 
 27       59    (0)   18 :  0.012 0.013 0.019 0.130 0.015 0.010 0.010 0.060 0.012 0.017 0.010 0.010 0.028 0.298 0.017 0.009 0.098 0.131 0.080 0.022     (0.000,0.063) (0.000,0.079) (0.000,0.103) (0.000,0.866) (0.000,0.090) (0.000,0.050) (0.000,0.053) (0.000,0.495) (0.000,0.080) (0.000,0.090) (0.000,0.061) (0.000,0.051) (0.000,0.162) (0.000,0.967) (0.000,0.095) (0.000,0.049) (0.000,0.736) (0.000,0.864) (0.000,0.671) (0.000,0.125) 
 28       64    (0)   13 :  0.015 0.010 0.012 0.012 0.019 0.016 0.012 0.087 0.009 0.012 0.008 0.029 0.119 0.305 0.009 0.007 0.111 0.143 0.041 0.024     (0.000,0.085) (0.000,0.062) (0.000,0.066) (0.000,0.065) (0.000,0.124) (0.000,0.089) (0.000,0.062) (0.000,0.705) (0.000,0.058) (0.000,0.065) (0.000,0.046) (0.000,0.210) (0.000,0.788) (0.000,0.966) (0.000,0.046) (0.000,0.041) (0.000,0.763) (0.000,0.873) (0.000,0.300) (0.000,0.141) 
 29       65    (0)   13 :  0.011 0.009 0.014 0.024 0.018 0.009 0.010 0.061 0.010 0.013 0.010 0.016 0.248 0.273 0.009 0.008 0.088 0.095 0.047 0.025     (0.000,0.057) (0.000,0.058) (0.000,0.074) (0.000,0.145) (0.000,0.111) (0.000,0.049) (0.000,0.053) (0.000,0.510) (0.000,0.064) (0.000,0.070) (0.000,0.059) (0.000,0.104) (0.000,0.953) (0.000,0.961) (0.000,0.045) (0.000,0.048) (0.000,0.694) (0.000,0.755) (0.000,0.365) (0.000,0.149) 
 30       66    (0)   13 :  0.013 0.005 0.027 0.040 0.044 0.030 0.014 0.147 0.009 0.017 0.008 0.032 0.276 0.093 0.019 0.004 0.088 0.094 0.017 0.022     (0.000,0.071) (0.000,0.029) (0.000,0.182) (0.000,0.302) (0.000,0.309) (0.000,0.212) (0.000,0.082) (0.000,0.818) (0.000,0.058) (0.000,0.096) (0.000,0.046) (0.000,0.229) (0.000,0.933) (0.000,0.671) (0.000,0.113) (0.000,0.022) (0.000,0.631) (0.000,0.705) (0.000,0.097) (0.000,0.129) 
 31       67   (12)   20 :  0.015 0.007 0.023 0.020 0.024 0.013 0.017 0.187 0.005 0.020 0.005 0.007 0.067 0.301 0.026 0.006 0.038 0.116 0.075 0.029     (0.000,0.079) (0.000,0.035) (0.000,0.132) (0.000,0.111) (0.000,0.145) (0.000,0.071) (0.000,0.092) (0.000,0.934) (0.000,0.028) (0.000,0.108) (0.000,0.026) (0.000,0.039) (0.000,0.586) (0.000,0.972) (0.000,0.150) (0.000,0.032) (0.000,0.264) (0.000,0.845) (0.000,0.652) (0.000,0.175) 
 32       69   (12)   14 :  0.016 0.005 0.019 0.037 0.015 0.034 0.010 0.125 0.005 0.016 0.005 0.012 0.079 0.293 0.014 0.008 0.071 0.173 0.039 0.025     (0.000,0.086) (0.000,0.026) (0.000,0.102) (0.000,0.260) (0.000,0.092) (0.000,0.236) (0.000,0.051) (0.000,0.859) (0.000,0.024) (0.000,0.085) (0.000,0.026) (0.000,0.068) (0.000,0.656) (0.000,0.968) (0.000,0.073) (0.000,0.043) (0.000,0.563) (0.000,0.925) (0.000,0.278) (0.000,0.141) 
 33       71   (12)   13 :  0.016 0.005 0.020 0.041 0.014 0.024 0.012 0.175 0.005 0.021 0.005 0.007 0.146 0.247 0.022 0.009 0.026 0.128 0.044 0.033     (0.000,0.089) (0.000,0.028) (0.000,0.112) (0.000,0.291) (0.000,0.080) (0.000,0.153) (0.000,0.062) (0.000,0.927) (0.000,0.025) (0.000,0.115) (0.000,0.027) (0.000,0.036) (0.000,0.901) (0.000,0.959) (0.000,0.119) (0.000,0.049) (0.000,0.155) (0.000,0.872) (0.000,0.316) (0.000,0.213) 
 34       74    (0)   17 :  0.075 0.009 0.053 0.051 0.013 0.066 0.048 0.059 0.008 0.051 0.008 0.021 0.046 0.067 0.021 0.007 0.115 0.140 0.050 0.092     (0.000,0.516) (0.000,0.050) (0.000,0.391) (0.000,0.371) (0.000,0.076) (0.000,0.479) (0.000,0.340) (0.000,0.436) (0.000,0.048) (0.000,0.363) (0.000,0.047) (0.000,0.144) (0.000,0.333) (0.000,0.461) (0.000,0.137) (0.000,0.035) (0.000,0.688) (0.000,0.751) (0.000,0.346) (0.000,0.609) 
 35       75    (0)   16 :  0.028 0.006 0.018 0.013 0.007 0.015 0.018 0.016 0.006 0.019 0.005 0.009 0.015 0.030 0.013 0.636 0.014 0.070 0.034 0.028     (0.000,0.179) (0.000,0.034) (0.000,0.119) (0.000,0.087) (0.000,0.040) (0.000,0.100) (0.000,0.121) (0.000,0.110) (0.000,0.031) (0.000,0.124) (0.000,0.030) (0.000,0.049) (0.000,0.100) (0.000,0.185) (0.000,0.090) (0.285,0.893) (0.000,0.095) (0.000,0.320) (0.000,0.205) (0.000,0.177) 
 36       77    (0)    1 :  0.069 0.009 0.017 0.365 0.009 0.035 0.030 0.027 0.005 0.061 0.008 0.025 0.020 0.028 0.066 0.017 0.020 0.081 0.027 0.082     (0.000,0.560) (0.000,0.052) (0.000,0.096) (0.000,0.971) (0.000,0.051) (0.000,0.248) (0.000,0.196) (0.000,0.185) (0.000,0.028) (0.000,0.497) (0.000,0.046) (0.000,0.176) (0.000,0.120) (0.000,0.186) (0.000,0.530) (0.000,0.111) (0.000,0.127) (0.000,0.641) (0.000,0.175) (0.000,0.675) 
 37       78    (0)   19 :  0.062 0.006 0.047 0.046 0.010 0.010 0.046 0.034 0.005 0.030 0.005 0.009 0.022 0.058 0.027 0.011 0.043 0.065 0.433 0.028     (0.000,0.480) (0.000,0.032) (0.000,0.362) (0.000,0.352) (0.000,0.059) (0.000,0.056) (0.000,0.352) (0.000,0.250) (0.000,0.029) (0.000,0.208) (0.000,0.029) (0.000,0.049) (0.000,0.136) (0.000,0.448) (0.000,0.188) (0.000,0.069) (0.000,0.329) (0.000,0.510) (0.000,0.970) (0.000,0.184) 
 38       79   (12)    1 :  0.034 0.059 0.040 0.066 0.069 0.021 0.039 0.039 0.017 0.021 0.011 0.015 0.037 0.104 0.057 0.177 0.022 0.064 0.074 0.033     (0.000,0.241) (0.000,0.377) (0.000,0.299) (0.000,0.485) (0.000,0.438) (0.000,0.130) (0.000,0.299) (0.000,0.294) (0.000,0.116) (0.000,0.132) (0.000,0.070) (0.000,0.091) (0.000,0.281) (0.000,0.635) (0.000,0.431) (0.000,0.566) (0.000,0.148) (0.000,0.485) (0.000,0.549) (0.000,0.240) 
 39       82    (0)    7 :  0.056 0.017 0.063 0.062 0.056 0.054 0.045 0.042 0.027 0.036 0.019 0.033 0.055 0.053 0.152 0.037 0.027 0.075 0.050 0.040     (0.000,0.445) (0.000,0.123) (0.000,0.495) (0.000,0.477) (0.000,0.356) (0.000,0.410) (0.000,0.350) (0.000,0.322) (0.000,0.195) (0.000,0.260) (0.000,0.134) (0.000,0.238) (0.000,0.426) (0.000,0.412) (0.000,0.777) (0.000,0.251) (0.000,0.183) (0.000,0.576) (0.000,0.395) (0.000,0.297) 
 40       86    (0)   10 :  0.065 0.035 0.045 0.201 0.017 0.028 0.047 0.034 0.012 0.102 0.018 0.031 0.023 0.050 0.082 0.008 0.025 0.067 0.052 0.058     (0.000,0.526) (0.000,0.267) (0.000,0.340) (0.000,0.907) (0.000,0.104) (0.000,0.180) (0.000,0.359) (0.000,0.247) (0.000,0.075) (0.000,0.744) (0.000,0.126) (0.000,0.224) (0.000,0.145) (0.000,0.385) (0.000,0.640) (0.000,0.043) (0.000,0.166) (0.000,0.529) (0.000,0.413) (0.000,0.470) 
 41       91    (0)   13 :  0.050 0.007 0.033 0.092 0.008 0.042 0.039 0.088 0.008 0.031 0.007 0.008 0.051 0.060 0.166 0.007 0.030 0.152 0.037 0.086     (0.000,0.390) (0.000,0.036) (0.000,0.219) (0.000,0.714) (0.000,0.043) (0.000,0.310) (0.000,0.284) (0.000,0.683) (0.000,0.044) (0.000,0.198) (0.000,0.036) (0.000,0.041) (0.000,0.399) (0.000,0.480) (0.000,0.884) (0.000,0.039) (0.000,0.199) (0.000,0.891) (0.000,0.253) (0.000,0.700) 
 42       92    (0)   13 :  0.046 0.007 0.034 0.072 0.008 0.023 0.055 0.087 0.008 0.029 0.007 0.008 0.035 0.039 0.256 0.008 0.044 0.141 0.032 0.062     (0.000,0.350) (0.000,0.036) (0.000,0.227) (0.000,0.583) (0.000,0.043) (0.000,0.137) (0.000,0.446) (0.000,0.684) (0.000,0.045) (0.000,0.177) (0.000,0.038) (0.000,0.042) (0.000,0.238) (0.000,0.280) (0.000,0.946) (0.000,0.044) (0.000,0.328) (0.000,0.880) (0.000,0.206) (0.000,0.507) 
 43       93    (0)   13 :  0.016 0.005 0.095 0.067 0.011 0.012 0.019 0.292 0.004 0.031 0.005 0.007 0.101 0.046 0.042 0.010 0.113 0.066 0.030 0.028     (0.000,0.089) (0.000,0.029) (0.000,0.734) (0.000,0.549) (0.000,0.059) (0.000,0.062) (0.000,0.105) (0.000,0.966) (0.000,0.023) (0.000,0.199) (0.000,0.029) (0.000,0.036) (0.000,0.755) (0.000,0.350) (0.000,0.310) (0.000,0.055) (0.000,0.807) (0.000,0.551) (0.000,0.197) (0.000,0.170) 
 44       97    (0)   13 :  0.018 0.006 0.044 0.050 0.029 0.040 0.020 0.109 0.009 0.020 0.008 0.031 0.231 0.062 0.023 0.005 0.169 0.076 0.019 0.031     (0.000,0.104) (0.000,0.031) (0.000,0.336) (0.000,0.387) (0.000,0.207) (0.000,0.296) (0.000,0.117) (0.000,0.733) (0.000,0.058) (0.000,0.122) (0.000,0.048) (0.000,0.223) (0.000,0.907) (0.000,0.482) (0.000,0.153) (0.000,0.028) (0.000,0.868) (0.000,0.605) (0.000,0.107) (0.000,0.202) 
 45       98    (0)   13 :  0.032 0.006 0.033 0.046 0.011 0.021 0.020 0.049 0.006 0.029 0.005 0.007 0.106 0.180 0.017 0.007 0.157 0.119 0.096 0.054     (0.000,0.205) (0.000,0.032) (0.000,0.219) (0.000,0.343) (0.000,0.062) (0.000,0.120) (0.000,0.116) (0.000,0.376) (0.000,0.031) (0.000,0.176) (0.000,0.029) (0.000,0.037) (0.000,0.793) (0.000,0.925) (0.000,0.099) (0.000,0.037) (0.000,0.896) (0.000,0.841) (0.000,0.762) (0.000,0.434) 
 46      102   (12)    7 :  0.071 0.012 0.045 0.056 0.023 0.048 0.036 0.059 0.019 0.061 0.014 0.016 0.036 0.053 0.151 0.014 0.039 0.128 0.064 0.056     (0.000,0.572) (0.000,0.074) (0.000,0.349) (0.000,0.446) (0.000,0.156) (0.000,0.366) (0.000,0.261) (0.000,0.468) (0.000,0.133) (0.000,0.492) (0.000,0.086) (0.000,0.104) (0.000,0.249) (0.000,0.407) (0.000,0.857) (0.000,0.088) (0.000,0.286) (0.000,0.822) (0.000,0.518) (0.000,0.456) 
 47      104   (25)   14 :  0.023 0.009 0.082 0.100 0.009 0.013 0.027 0.018 0.011 0.047 0.010 0.015 0.044 0.026 0.013 0.025 0.455 0.027 0.029 0.018     (0.000,0.132) (0.000,0.056) (0.000,0.644) (0.000,0.735) (0.000,0.047) (0.000,0.069) (0.000,0.159) (0.000,0.100) (0.000,0.066) (0.000,0.362) (0.000,0.058) (0.000,0.095) (0.000,0.324) (0.000,0.150) (0.000,0.070) (0.000,0.178) (0.000,0.983) (0.000,0.163) (0.000,0.176) (0.000,0.098) 
 48      106   (12)    7 :  0.045 0.005 0.189 0.117 0.015 0.016 0.113 0.033 0.004 0.041 0.005 0.009 0.044 0.089 0.032 0.027 0.061 0.041 0.074 0.040     (0.000,0.332) (0.000,0.029) (0.000,0.916) (0.000,0.804) (0.000,0.092) (0.000,0.095) (0.000,0.796) (0.000,0.227) (0.000,0.024) (0.000,0.295) (0.000,0.024) (0.000,0.050) (0.000,0.330) (0.000,0.700) (0.000,0.222) (0.000,0.196) (0.000,0.486) (0.000,0.292) (0.000,0.611) (0.000,0.289) 
 49      111    (0)   20 :  0.095 0.005 0.146 0.197 0.006 0.022 0.132 0.017 0.004 0.046 0.005 0.011 0.034 0.027 0.027 0.007 0.107 0.042 0.027 0.043     (0.000,0.743) (0.000,0.026) (0.000,0.856) (0.000,0.914) (0.000,0.030) (0.000,0.133) (0.000,0.831) (0.000,0.098) (0.000,0.022) (0.000,0.349) (0.000,0.029) (0.000,0.067) (0.000,0.241) (0.000,0.168) (0.000,0.183) (0.000,0.040) (0.000,0.721) (0.000,0.301) (0.000,0.171) (0.000,0.316) 
 50      113    (0)    3 :  0.036 0.006 0.381 0.098 0.020 0.015 0.028 0.036 0.006 0.075 0.005 0.006 0.024 0.037 0.031 0.008 0.045 0.057 0.048 0.036     (0.000,0.252) (0.000,0.036) (0.000,0.965) (0.000,0.714) (0.000,0.135) (0.000,0.083) (0.000,0.189) (0.000,0.259) (0.000,0.035) (0.000,0.593) (0.000,0.029) (0.000,0.032) (0.000,0.147) (0.000,0.262) (0.000,0.216) (0.000,0.046) (0.000,0.351) (0.000,0.459) (0.000,0.359) (0.000,0.247) 
 51      115    (0)   18 :  0.047 0.010 0.112 0.280 0.006 0.031 0.034 0.036 0.010 0.068 0.010 0.011 0.034 0.048 0.028 0.012 0.068 0.054 0.036 0.064     (0.000,0.359) (0.000,0.060) (0.000,0.796) (0.000,0.962) (0.000,0.029) (0.000,0.211) (0.000,0.228) (0.000,0.248) (0.000,0.060) (0.000,0.562) (0.000,0.062) (0.000,0.064) (0.000,0.229) (0.000,0.368) (0.000,0.182) (0.000,0.068) (0.000,0.556) (0.000,0.437) (0.000,0.249) (0.000,0.534) 
 52      116    (0)    1 :  0.103 0.006 0.105 0.160 0.007 0.044 0.104 0.034 0.006 0.110 0.006 0.006 0.029 0.024 0.044 0.005 0.105 0.035 0.016 0.050     (0.000,0.789) (0.000,0.034) (0.000,0.779) (0.000,0.893) (0.000,0.038) (0.000,0.336) (0.000,0.770) (0.000,0.232) (0.000,0.034) (0.000,0.805) (0.000,0.032) (0.000,0.030) (0.000,0.188) (0.000,0.142) (0.000,0.338) (0.000,0.029) (0.000,0.774) (0.000,0.233) (0.000,0.084) (0.000,0.385) 
 53      127    (0)    3 :  0.062 0.011 0.134 0.017 0.010 0.033 0.150 0.031 0.009 0.034 0.008 0.016 0.032 0.060 0.017 0.090 0.043 0.118 0.051 0.076     (0.000,0.504) (0.000,0.069) (0.000,0.807) (0.000,0.102) (0.000,0.053) (0.000,0.232) (0.000,0.765) (0.000,0.220) (0.000,0.056) (0.000,0.240) (0.000,0.049) (0.000,0.107) (0.000,0.218) (0.000,0.474) (0.000,0.102) (0.000,0.469) (0.000,0.328) (0.000,0.753) (0.000,0.401) (0.000,0.597) 
 54      130   (12)   14 :  0.038 0.004 0.089 0.069 0.007 0.082 0.022 0.033 0.004 0.039 0.005 0.007 0.149 0.062 0.031 0.014 0.188 0.064 0.043 0.051     (0.000,0.262) (0.000,0.024) (0.000,0.672) (0.000,0.541) (0.000,0.036) (0.000,0.604) (0.000,0.132) (0.000,0.221) (0.000,0.023) (0.000,0.280) (0.000,0.025) (0.000,0.035) (0.000,0.868) (0.000,0.510) (0.000,0.214) (0.000,0.081) (0.000,0.918) (0.000,0.530) (0.000,0.316) (0.000,0.399) 
 55      132    (0)   15 :  0.061 0.008 0.110 0.033 0.015 0.014 0.191 0.058 0.006 0.059 0.008 0.006 0.021 0.034 0.156 0.021 0.045 0.068 0.051 0.034     (0.000,0.499) (0.000,0.048) (0.000,0.755) (0.000,0.229) (0.000,0.099) (0.000,0.076) (0.000,0.919) (0.000,0.464) (0.000,0.034) (0.000,0.469) (0.000,0.047) (0.000,0.035) (0.000,0.121) (0.000,0.233) (0.000,0.825) (0.000,0.150) (0.000,0.347) (0.000,0.565) (0.000,0.393) (0.000,0.231) 
 56      135   (12)   14 :  0.034 0.006 0.096 0.103 0.008 0.052 0.022 0.027 0.006 0.046 0.007 0.010 0.096 0.051 0.030 0.012 0.240 0.056 0.053 0.045     (0.000,0.229) (0.000,0.034) (0.000,0.719) (0.000,0.716) (0.000,0.040) (0.000,0.385) (0.000,0.127) (0.000,0.172) (0.000,0.034) (0.000,0.357) (0.000,0.037) (0.000,0.053) (0.000,0.706) (0.000,0.390) (0.000,0.206) (0.000,0.074) (0.000,0.947) (0.000,0.455) (0.000,0.424) (0.000,0.334) 
 57      138    (0)   18 :  0.058 0.009 0.060 0.212 0.009 0.037 0.026 0.047 0.009 0.030 0.008 0.007 0.035 0.104 0.068 0.050 0.076 0.062 0.048 0.044     (0.000,0.477) (0.000,0.053) (0.000,0.494) (0.000,0.934) (0.000,0.053) (0.000,0.265) (0.000,0.158) (0.000,0.364) (0.000,0.051) (0.000,0.189) (0.000,0.046) (0.000,0.038) (0.000,0.241) (0.000,0.771) (0.000,0.548) (0.000,0.386) (0.000,0.631) (0.000,0.510) (0.000,0.373) (0.000,0.337) 
 58      146    (0)   13 :  0.023 0.004 0.185 0.063 0.009 0.020 0.028 0.016 0.004 0.043 0.004 0.005 0.037 0.069 0.048 0.014 0.135 0.118 0.150 0.023     (0.000,0.141) (0.000,0.021) (0.000,0.903) (0.000,0.482) (0.000,0.056) (0.000,0.125) (0.000,0.186) (0.000,0.092) (0.000,0.021) (0.000,0.319) (0.000,0.022) (0.000,0.029) (0.000,0.272) (0.000,0.539) (0.000,0.369) (0.000,0.086) (0.000,0.818) (0.000,0.793) (0.000,0.852) (0.000,0.146) 
 59      150   (12)   13 :  0.047 0.006 0.106 0.198 0.015 0.032 0.080 0.075 0.006 0.029 0.006 0.009 0.050 0.058 0.098 0.017 0.024 0.040 0.034 0.071     (0.000,0.364) (0.000,0.032) (0.000,0.791) (0.000,0.932) (0.000,0.092) (0.000,0.217) (0.000,0.647) (0.000,0.610) (0.000,0.032) (0.000,0.180) (0.000,0.030) (0.000,0.046) (0.000,0.392) (0.000,0.468) (0.000,0.741) (0.000,0.112) (0.000,0.150) (0.000,0.285) (0.000,0.228) (0.000,0.579) 
 60      151    (0)   15 :  0.045 0.012 0.206 0.128 0.011 0.018 0.101 0.016 0.009 0.033 0.011 0.006 0.015 0.043 0.215 0.009 0.052 0.025 0.024 0.021     (0.000,0.340) (0.000,0.074) (0.000,0.937) (0.000,0.855) (0.000,0.061) (0.000,0.104) (0.000,0.767) (0.000,0.088) (0.000,0.051) (0.000,0.216) (0.000,0.070) (0.000,0.034) (0.000,0.079) (0.000,0.316) (0.000,0.937) (0.000,0.050) (0.000,0.409) (0.000,0.146) (0.000,0.143) (0.000,0.122) 
 61      152    (0)    4 :  0.091 0.007 0.294 0.088 0.013 0.015 0.106 0.019 0.007 0.032 0.007 0.019 0.023 0.049 0.023 0.027 0.048 0.043 0.060 0.028     (0.000,0.716) (0.000,0.042) (0.000,0.951) (0.000,0.641) (0.000,0.082) (0.000,0.087) (0.000,0.750) (0.000,0.110) (0.000,0.038) (0.000,0.214) (0.000,0.036) (0.000,0.127) (0.000,0.139) (0.000,0.383) (0.000,0.141) (0.000,0.198) (0.000,0.377) (0.000,0.323) (0.000,0.479) (0.000,0.186) 
 62      154    (0)   19 :  0.020 0.006 0.123 0.108 0.011 0.011 0.050 0.067 0.006 0.019 0.006 0.008 0.039 0.068 0.044 0.012 0.258 0.050 0.050 0.043     (0.000,0.111) (0.000,0.031) (0.000,0.846) (0.000,0.794) (0.000,0.061) (0.000,0.060) (0.000,0.392) (0.000,0.548) (0.000,0.033) (0.000,0.105) (0.000,0.033) (0.000,0.043) (0.000,0.279) (0.000,0.566) (0.000,0.327) (0.000,0.074) (0.000,0.956) (0.000,0.393) (0.000,0.395) (0.000,0.325) 
 63      156    (0)    1 :  0.042 0.004 0.164 0.113 0.007 0.017 0.231 0.019 0.004 0.011 0.004 0.006 0.021 0.020 0.223 0.009 0.036 0.029 0.019 0.023     (0.000,0.301) (0.000,0.018) (0.000,0.919) (0.000,0.828) (0.000,0.036) (0.000,0.096) (0.000,0.943) (0.000,0.106) (0.000,0.020) (0.000,0.060) (0.000,0.020) (0.000,0.031) (0.000,0.127) (0.000,0.117) (0.000,0.949) (0.000,0.049) (0.000,0.248) (0.000,0.178) (0.000,0.110) (0.000,0.134) 
 64      160   (12)   16 :  0.009 0.006 0.009 0.008 0.005 0.008 0.008 0.010 0.006 0.008 0.006 0.006 0.008 0.008 0.011 0.844 0.014 0.010 0.008 0.008     (0.000,0.051) (0.000,0.032) (0.000,0.051) (0.000,0.046) (0.000,0.026) (0.000,0.041) (0.000,0.046) (0.000,0.058) (0.000,0.033) (0.000,0.043) (0.000,0.031) (0.000,0.030) (0.000,0.041) (0.000,0.045) (0.000,0.064) (0.537,0.995) (0.000,0.084) (0.000,0.053) (0.000,0.044) (0.000,0.045) 
 65      161    (0)   16 :  0.009 0.005 0.009 0.009 0.005 0.008 0.008 0.010 0.005 0.008 0.005 0.006 0.008 0.008 0.009 0.848 0.011 0.009 0.009 0.009     (0.000,0.052) (0.000,0.029) (0.000,0.048) (0.000,0.052) (0.000,0.025) (0.000,0.043) (0.000,0.043) (0.000,0.055) (0.000,0.027) (0.000,0.046) (0.000,0.026) (0.000,0.032) (0.000,0.043) (0.000,0.046) (0.000,0.052) (0.544,0.995) (0.000,0.064) (0.000,0.052) (0.000,0.052) (0.000,0.049) 
 66      162    (0)   16 :  0.010 0.005 0.009 0.009 0.006 0.010 0.007 0.010 0.005 0.009 0.005 0.006 0.009 0.009 0.008 0.845 0.009 0.009 0.009 0.010     (0.000,0.057) (0.000,0.029) (0.000,0.049) (0.000,0.052) (0.000,0.030) (0.000,0.058) (0.000,0.040) (0.000,0.057) (0.000,0.027) (0.000,0.048) (0.000,0.026) (0.000,0.031) (0.000,0.049) (0.000,0.050) (0.000,0.047) (0.541,0.995) (0.000,0.051) (0.000,0.053) (0.000,0.052) (0.000,0.054) 
 67      169   (12)   16 :  0.009 0.005 0.009 0.008 0.005 0.010 0.007 0.011 0.005 0.009 0.005 0.006 0.009 0.008 0.009 0.847 0.010 0.009 0.008 0.009     (0.000,0.050) (0.000,0.026) (0.000,0.049) (0.000,0.046) (0.000,0.027) (0.000,0.057) (0.000,0.039) (0.000,0.062) (0.000,0.025) (0.000,0.047) (0.000,0.026) (0.000,0.033) (0.000,0.052) (0.000,0.045) (0.000,0.052) (0.538,0.995) (0.000,0.054) (0.000,0.052) (0.000,0.045) (0.000,0.051) 
 68      170   (12)   16 :  0.013 0.006 0.010 0.009 0.006 0.015 0.009 0.013 0.005 0.011 0.005 0.006 0.010 0.012 0.011 0.809 0.010 0.013 0.012 0.013     (0.000,0.078) (0.000,0.035) (0.000,0.057) (0.000,0.051) (0.000,0.034) (0.000,0.091) (0.000,0.048) (0.000,0.075) (0.000,0.030) (0.000,0.062) (0.000,0.027) (0.000,0.033) (0.000,0.057) (0.000,0.069) (0.000,0.065) (0.456,0.994) (0.000,0.056) (0.000,0.076) (0.000,0.071) (0.000,0.078) 
 69      171   (12)   14 :  0.035 0.005 0.044 0.052 0.006 0.109 0.023 0.105 0.006 0.019 0.006 0.024 0.022 0.062 0.030 0.204 0.088 0.081 0.023 0.058     (0.000,0.252) (0.000,0.029) (0.000,0.339) (0.000,0.414) (0.000,0.031) (0.000,0.664) (0.000,0.143) (0.000,0.720) (0.000,0.033) (0.000,0.112) (0.000,0.032) (0.000,0.175) (0.000,0.136) (0.000,0.487) (0.000,0.210) (0.000,0.621) (0.000,0.602) (0.000,0.604) (0.000,0.139) (0.000,0.463) 
 70      175    (0)    1 :  0.072 0.009 0.041 0.449 0.006 0.054 0.032 0.018 0.007 0.056 0.010 0.008 0.028 0.015 0.075 0.007 0.016 0.029 0.013 0.056     (0.000,0.619) (0.000,0.049) (0.000,0.297) (0.000,0.984) (0.000,0.032) (0.000,0.433) (0.000,0.207) (0.000,0.106) (0.000,0.036) (0.000,0.463) (0.000,0.060) (0.000,0.047) (0.000,0.176) (0.000,0.081) (0.000,0.624) (0.000,0.036) (0.000,0.089) (0.000,0.175) (0.000,0.068) (0.000,0.454) 
 71      177   (12)   10 :  0.085 0.050 0.056 0.298 0.007 0.044 0.051 0.011 0.032 0.056 0.060 0.018 0.012 0.014 0.095 0.009 0.014 0.023 0.017 0.048     (0.000,0.692) (0.000,0.377) (0.000,0.443) (0.000,0.963) (0.000,0.035) (0.000,0.334) (0.000,0.400) (0.000,0.061) (0.000,0.239) (0.000,0.461) (0.000,0.439) (0.000,0.109) (0.000,0.067) (0.000,0.074) (0.000,0.714) (0.000,0.048) (0.000,0.078) (0.000,0.133) (0.000,0.093) (0.000,0.379) 
 72      180    (0)    1 :  0.076 0.008 0.034 0.239 0.005 0.048 0.030 0.029 0.007 0.044 0.008 0.015 0.025 0.029 0.073 0.032 0.041 0.089 0.039 0.130     (0.000,0.633) (0.000,0.044) (0.000,0.230) (0.000,0.943) (0.000,0.027) (0.000,0.369) (0.000,0.196) (0.000,0.195) (0.000,0.039) (0.000,0.332) (0.000,0.046) (0.000,0.092) (0.000,0.153) (0.000,0.180) (0.000,0.585) (0.000,0.233) (0.000,0.308) (0.000,0.716) (0.000,0.280) (0.000,0.854) 
 73      186    (0)   17 :  0.061 0.049 0.069 0.066 0.008 0.035 0.057 0.031 0.028 0.061 0.032 0.046 0.070 0.045 0.090 0.016 0.044 0.057 0.060 0.074     (0.000,0.500) (0.000,0.355) (0.000,0.534) (0.000,0.516) (0.000,0.046) (0.000,0.251) (0.000,0.458) (0.000,0.209) (0.000,0.208) (0.000,0.493) (0.000,0.233) (0.000,0.340) (0.000,0.535) (0.000,0.344) (0.000,0.636) (0.000,0.109) (0.000,0.333) (0.000,0.469) (0.000,0.483) (0.000,0.592) 
 74      187    (0)    1 :  0.076 0.008 0.048 0.171 0.007 0.086 0.068 0.029 0.007 0.074 0.008 0.009 0.032 0.031 0.138 0.007 0.025 0.049 0.025 0.102     (0.000,0.642) (0.000,0.048) (0.000,0.364) (0.000,0.911) (0.000,0.037) (0.000,0.681) (0.000,0.558) (0.000,0.185) (0.000,0.038) (0.000,0.621) (0.000,0.044) (0.000,0.051) (0.000,0.207) (0.000,0.204) (0.000,0.855) (0.000,0.037) (0.000,0.150) (0.000,0.380) (0.000,0.150) (0.000,0.784) 
 75      188    (0)   17 :  0.035 0.010 0.064 0.298 0.008 0.026 0.029 0.025 0.009 0.051 0.010 0.016 0.041 0.048 0.037 0.008 0.074 0.059 0.078 0.074     (0.000,0.232) (0.000,0.058) (0.000,0.544) (0.000,0.967) (0.000,0.038) (0.000,0.157) (0.000,0.176) (0.000,0.145) (0.000,0.051) (0.000,0.410) (0.000,0.055) (0.000,0.094) (0.000,0.292) (0.000,0.369) (0.000,0.266) (0.000,0.043) (0.000,0.608) (0.000,0.488) (0.000,0.665) (0.000,0.635) 
 76      189    (0)    4 :  0.036 0.026 0.023 0.062 0.008 0.028 0.022 0.020 0.022 0.032 0.020 0.063 0.129 0.055 0.043 0.113 0.116 0.069 0.066 0.047     (0.000,0.257) (0.000,0.193) (0.000,0.142) (0.000,0.474) (0.000,0.044) (0.000,0.188) (0.000,0.135) (0.000,0.116) (0.000,0.162) (0.000,0.224) (0.000,0.141) (0.000,0.426) (0.000,0.801) (0.000,0.445) (0.000,0.327) (0.000,0.614) (0.000,0.773) (0.000,0.557) (0.000,0.529) (0.000,0.365) 
 77      190   (25)   18 :  0.067 0.007 0.046 0.117 0.008 0.125 0.028 0.043 0.006 0.064 0.007 0.010 0.063 0.047 0.103 0.020 0.031 0.074 0.043 0.092     (0.000,0.575) (0.000,0.036) (0.000,0.344) (0.000,0.827) (0.000,0.039) (0.000,0.845) (0.000,0.168) (0.000,0.314) (0.000,0.031) (0.000,0.546) (0.000,0.035) (0.000,0.054) (0.000,0.530) (0.000,0.358) (0.000,0.780) (0.000,0.126) (0.000,0.201) (0.000,0.635) (0.000,0.317) (0.000,0.742) 
 78      191    (0)   20 :  0.064 0.011 0.031 0.042 0.009 0.031 0.032 0.035 0.012 0.045 0.011 0.013 0.220 0.065 0.021 0.010 0.190 0.057 0.031 0.068     (0.000,0.532) (0.000,0.072) (0.000,0.212) (0.000,0.316) (0.000,0.045) (0.000,0.202) (0.000,0.212) (0.000,0.238) (0.000,0.076) (0.000,0.343) (0.000,0.072) (0.000,0.082) (0.000,0.927) (0.000,0.548) (0.000,0.133) (0.000,0.060) (0.000,0.919) (0.000,0.470) (0.000,0.204) (0.000,0.563) 
 79      198   (12)   14 :  0.063 0.008 0.063 0.114 0.007 0.080 0.030 0.074 0.007 0.063 0.007 0.008 0.051 0.062 0.109 0.017 0.044 0.069 0.041 0.082     (0.000,0.530) (0.000,0.046) (0.000,0.524) (0.000,0.818) (0.000,0.037) (0.000,0.644) (0.000,0.189) (0.000,0.610) (0.000,0.037) (0.000,0.529) (0.000,0.039) (0.000,0.043) (0.000,0.402) (0.000,0.523) (0.000,0.801) (0.000,0.105) (0.000,0.326) (0.000,0.591) (0.000,0.296) (0.000,0.682) 
 80      206   (12)    3 :  0.160 0.009 0.184 0.057 0.008 0.021 0.143 0.020 0.007 0.053 0.007 0.019 0.016 0.026 0.063 0.035 0.035 0.062 0.040 0.036     (0.000,0.895) (0.000,0.049) (0.000,0.888) (0.000,0.455) (0.000,0.042) (0.000,0.122) (0.000,0.856) (0.000,0.121) (0.000,0.039) (0.000,0.418) (0.000,0.039) (0.000,0.128) (0.000,0.089) (0.000,0.161) (0.000,0.493) (0.000,0.265) (0.000,0.250) (0.000,0.506) (0.000,0.290) (0.000,0.258) 
 81      210    (0)    3 :  0.081 0.010 0.061 0.026 0.006 0.068 0.046 0.042 0.010 0.031 0.009 0.005 0.043 0.050 0.290 0.008 0.091 0.058 0.019 0.048     (0.000,0.647) (0.000,0.059) (0.000,0.497) (0.000,0.166) (0.000,0.030) (0.000,0.521) (0.000,0.346) (0.000,0.302) (0.000,0.059) (0.000,0.208) (0.000,0.050) (0.000,0.026) (0.000,0.310) (0.000,0.381) (0.000,0.943) (0.000,0.042) (0.000,0.694) (0.000,0.467) (0.000,0.109) (0.000,0.364) 
 82      212    (0)    8 :  0.053 0.006 0.046 0.045 0.005 0.070 0.021 0.152 0.006 0.027 0.005 0.011 0.019 0.042 0.057 0.044 0.221 0.099 0.023 0.046     (0.000,0.423) (0.000,0.033) (0.000,0.347) (0.000,0.339) (0.000,0.028) (0.000,0.544) (0.000,0.124) (0.000,0.886) (0.000,0.032) (0.000,0.170) (0.000,0.029) (0.000,0.062) (0.000,0.110) (0.000,0.310) (0.000,0.459) (0.000,0.336) (0.000,0.936) (0.000,0.765) (0.000,0.138) (0.000,0.348) 
 83      215    (0)   18 :  0.077 0.014 0.047 0.076 0.034 0.044 0.023 0.060 0.011 0.087 0.013 0.008 0.046 0.059 0.092 0.017 0.111 0.057 0.065 0.059     (0.000,0.625) (0.000,0.091) (0.000,0.369) (0.000,0.595) (0.000,0.215) (0.000,0.336) (0.000,0.140) (0.000,0.485) (0.000,0.066) (0.000,0.669) (0.000,0.083) (0.000,0.041) (0.000,0.349) (0.000,0.480) (0.000,0.685) (0.000,0.104) (0.000,0.780) (0.000,0.471) (0.000,0.521) (0.000,0.479) 
 84      217    (0)    1 :  0.059 0.061 0.073 0.097 0.010 0.028 0.069 0.031 0.053 0.045 0.050 0.018 0.032 0.042 0.094 0.015 0.105 0.042 0.027 0.049     (0.000,0.472) (0.000,0.400) (0.000,0.558) (0.000,0.670) (0.000,0.059) (0.000,0.179) (0.000,0.547) (0.000,0.217) (0.000,0.357) (0.000,0.350) (0.000,0.347) (0.000,0.121) (0.000,0.221) (0.000,0.312) (0.000,0.639) (0.000,0.097) (0.000,0.703) (0.000,0.325) (0.000,0.174) (0.000,0.391) 
 85      228    (0)   13 :  0.089 0.007 0.210 0.079 0.007 0.040 0.022 0.032 0.009 0.081 0.006 0.008 0.047 0.037 0.026 0.013 0.039 0.092 0.056 0.101     (0.000,0.716) (0.000,0.037) (0.000,0.920) (0.000,0.631) (0.000,0.034) (0.000,0.295) (0.000,0.131) (0.000,0.217) (0.000,0.049) (0.000,0.646) (0.000,0.035) (0.000,0.043) (0.000,0.363) (0.000,0.266) (0.000,0.162) (0.000,0.074) (0.000,0.284) (0.000,0.737) (0.000,0.447) (0.000,0.766) 
 86      229    (0)   13 :  0.049 0.004 0.114 0.092 0.006 0.018 0.014 0.065 0.004 0.089 0.005 0.005 0.204 0.027 0.013 0.007 0.084 0.045 0.019 0.137     (0.000,0.372) (0.000,0.021) (0.000,0.787) (0.000,0.662) (0.000,0.032) (0.000,0.105) (0.000,0.076) (0.000,0.520) (0.000,0.019) (0.000,0.665) (0.000,0.024) (0.000,0.027) (0.000,0.867) (0.000,0.173) (0.000,0.074) (0.000,0.036) (0.000,0.659) (0.000,0.338) (0.000,0.109) (0.000,0.848) 
 87      231    (0)   13 :  0.089 0.006 0.036 0.061 0.006 0.025 0.017 0.038 0.006 0.081 0.006 0.007 0.049 0.064 0.011 0.008 0.089 0.062 0.034 0.304     (0.000,0.732) (0.000,0.034) (0.000,0.243) (0.000,0.485) (0.000,0.031) (0.000,0.153) (0.000,0.092) (0.000,0.265) (0.000,0.035) (0.000,0.651) (0.000,0.035) (0.000,0.040) (0.000,0.386) (0.000,0.533) (0.000,0.061) (0.000,0.043) (0.000,0.710) (0.000,0.519) (0.000,0.225) (0.000,0.969) 
 88      234    (0)   17 :  0.113 0.018 0.023 0.026 0.008 0.034 0.069 0.034 0.013 0.033 0.007 0.014 0.169 0.066 0.036 0.023 0.069 0.151 0.047 0.047     (0.000,0.796) (0.000,0.122) (0.000,0.140) (0.000,0.172) (0.000,0.044) (0.000,0.236) (0.000,0.563) (0.000,0.234) (0.000,0.084) (0.000,0.226) (0.000,0.043) (0.000,0.092) (0.000,0.870) (0.000,0.542) (0.000,0.266) (0.000,0.159) (0.000,0.540) (0.000,0.873) (0.000,0.360) (0.000,0.360) 
 89      240    (0)    7 :  0.104 0.006 0.040 0.042 0.006 0.110 0.056 0.035 0.005 0.041 0.005 0.005 0.031 0.050 0.226 0.008 0.031 0.074 0.039 0.088     (0.000,0.808) (0.000,0.030) (0.000,0.280) (0.000,0.300) (0.000,0.029) (0.000,0.811) (0.000,0.455) (0.000,0.232) (0.000,0.029) (0.000,0.287) (0.000,0.025) (0.000,0.029) (0.000,0.189) (0.000,0.390) (0.000,0.949) (0.000,0.045) (0.000,0.200) (0.000,0.634) (0.000,0.268) (0.000,0.730) 
 90      245    (0)   14 :  0.029 0.008 0.067 0.070 0.008 0.019 0.030 0.073 0.006 0.031 0.006 0.011 0.027 0.120 0.037 0.089 0.093 0.081 0.107 0.088     (0.000,0.187) (0.000,0.045) (0.000,0.542) (0.000,0.570) (0.000,0.044) (0.000,0.108) (0.000,0.200) (0.000,0.575) (0.000,0.031) (0.000,0.206) (0.000,0.031) (0.000,0.063) (0.000,0.171) (0.000,0.824) (0.000,0.262) (0.000,0.550) (0.000,0.673) (0.000,0.659) (0.000,0.786) (0.000,0.705) 
 91      248    (0)   20 :  0.072 0.012 0.035 0.039 0.008 0.045 0.028 0.048 0.013 0.035 0.013 0.012 0.192 0.080 0.023 0.021 0.164 0.062 0.033 0.067     (0.000,0.599) (0.000,0.077) (0.000,0.241) (0.000,0.287) (0.000,0.040) (0.000,0.339) (0.000,0.172) (0.000,0.371) (0.000,0.090) (0.000,0.235) (0.000,0.083) (0.000,0.070) (0.000,0.906) (0.000,0.667) (0.000,0.146) (0.000,0.139) (0.000,0.900) (0.000,0.521) (0.000,0.216) (0.000,0.560) 
 92      254    (0)   13 :  0.066 0.021 0.043 0.047 0.017 0.024 0.063 0.040 0.010 0.059 0.012 0.033 0.053 0.056 0.035 0.148 0.098 0.048 0.068 0.059     (0.000,0.523) (0.000,0.148) (0.000,0.327) (0.000,0.361) (0.000,0.112) (0.000,0.148) (0.000,0.482) (0.000,0.295) (0.000,0.062) (0.000,0.459) (0.000,0.074) (0.000,0.240) (0.000,0.410) (0.000,0.449) (0.000,0.252) (0.000,0.681) (0.000,0.673) (0.000,0.377) (0.000,0.545) (0.000,0.476) 
 93      255    (0)   13 :  0.062 0.007 0.073 0.046 0.008 0.044 0.032 0.107 0.005 0.059 0.005 0.008 0.047 0.067 0.050 0.023 0.123 0.073 0.084 0.075     (0.000,0.521) (0.000,0.038) (0.000,0.614) (0.000,0.349) (0.000,0.039) (0.000,0.322) (0.000,0.202) (0.000,0.792) (0.000,0.029) (0.000,0.493) (0.000,0.029) (0.000,0.042) (0.000,0.363) (0.000,0.569) (0.000,0.392) (0.000,0.158) (0.000,0.841) (0.000,0.624) (0.000,0.693) (0.000,0.633) 
 94      269    (0)   13 :  0.059 0.022 0.131 0.079 0.008 0.033 0.048 0.043 0.027 0.038 0.030 0.014 0.138 0.033 0.082 0.013 0.076 0.049 0.028 0.051     (0.000,0.476) (0.000,0.162) (0.000,0.771) (0.000,0.599) (0.000,0.044) (0.000,0.233) (0.000,0.375) (0.000,0.319) (0.000,0.197) (0.000,0.265) (0.000,0.219) (0.000,0.088) (0.000,0.788) (0.000,0.226) (0.000,0.612) (0.000,0.077) (0.000,0.598) (0.000,0.388) (0.000,0.178) (0.000,0.407) 
 95      271    (0)   14 :  0.094 0.009 0.051 0.071 0.006 0.097 0.029 0.070 0.010 0.040 0.008 0.008 0.045 0.057 0.053 0.023 0.050 0.087 0.053 0.136     (0.000,0.754) (0.000,0.054) (0.000,0.405) (0.000,0.585) (0.000,0.031) (0.000,0.742) (0.000,0.182) (0.000,0.588) (0.000,0.059) (0.000,0.284) (0.000,0.047) (0.000,0.045) (0.000,0.335) (0.000,0.470) (0.000,0.421) (0.000,0.148) (0.000,0.393) (0.000,0.716) (0.000,0.422) (0.000,0.870) 
 96      273    (0)    1 :  0.112 0.015 0.347 0.037 0.007 0.022 0.066 0.018 0.014 0.041 0.012 0.017 0.017 0.031 0.025 0.013 0.064 0.056 0.052 0.036     (0.000,0.809) (0.000,0.094) (0.000,0.966) (0.000,0.270) (0.000,0.034) (0.000,0.132) (0.000,0.544) (0.000,0.105) (0.000,0.089) (0.000,0.297) (0.000,0.074) (0.000,0.105) (0.000,0.093) (0.000,0.202) (0.000,0.164) (0.000,0.073) (0.000,0.517) (0.000,0.457) (0.000,0.414) (0.000,0.252) 
 97      274    (0)   14 :  0.092 0.011 0.063 0.120 0.009 0.031 0.057 0.027 0.010 0.042 0.009 0.011 0.029 0.089 0.045 0.024 0.070 0.068 0.115 0.079     (0.000,0.732) (0.000,0.066) (0.000,0.526) (0.000,0.815) (0.000,0.047) (0.000,0.197) (0.000,0.464) (0.000,0.167) (0.000,0.058) (0.000,0.303) (0.000,0.048) (0.000,0.060) (0.000,0.183) (0.000,0.713) (0.000,0.343) (0.000,0.164) (0.000,0.559) (0.000,0.572) (0.000,0.808) (0.000,0.658) 
 98      277   (12)    4 :  0.103 0.016 0.098 0.074 0.007 0.069 0.038 0.037 0.015 0.049 0.014 0.008 0.034 0.061 0.087 0.023 0.055 0.072 0.063 0.077     (0.000,0.782) (0.000,0.101) (0.000,0.749) (0.000,0.609) (0.000,0.036) (0.000,0.573) (0.000,0.261) (0.000,0.256) (0.000,0.093) (0.000,0.385) (0.000,0.085) (0.000,0.044) (0.000,0.229) (0.000,0.504) (0.000,0.698) (0.000,0.150) (0.000,0.447) (0.000,0.611) (0.000,0.522) (0.000,0.644) 
 99      279   (25)   14 :  0.040 0.007 0.057 0.140 0.009 0.035 0.020 0.037 0.007 0.037 0.007 0.007 0.039 0.056 0.038 0.020 0.243 0.068 0.083 0.051     (0.000,0.282) (0.000,0.038) (0.000,0.465) (0.000,0.879) (0.000,0.048) (0.000,0.232) (0.000,0.111) (0.000,0.246) (0.000,0.040) (0.000,0.246) (0.000,0.036) (0.000,0.039) (0.000,0.272) (0.000,0.459) (0.000,0.268) (0.000,0.128) (0.000,0.953) (0.000,0.586) (0.000,0.687) (0.000,0.403) 
100      280    (0)   18 :  0.044 0.013 0.039 0.023 0.010 0.037 0.031 0.043 0.018 0.021 0.015 0.019 0.154 0.039 0.025 0.129 0.183 0.062 0.029 0.066     (0.000,0.335) (0.000,0.088) (0.000,0.296) (0.000,0.144) (0.000,0.053) (0.000,0.270) (0.000,0.217) (0.000,0.326) (0.000,0.131) (0.000,0.124) (0.000,0.106) (0.000,0.136) (0.000,0.831) (0.000,0.293) (0.000,0.166) (0.000,0.573) (0.000,0.835) (0.000,0.505) (0.000,0.192) (0.000,0.530) 
101      281    (0)   16 :  0.008 0.006 0.007 0.006 0.007 0.007 0.007 0.008 0.005 0.007 0.005 0.008 0.010 0.008 0.006 0.860 0.010 0.008 0.009 0.008     (0.000,0.042) (0.000,0.030) (0.000,0.040) (0.000,0.034) (0.000,0.035) (0.000,0.040) (0.000,0.036) (0.000,0.044) (0.000,0.028) (0.000,0.037) (0.000,0.026) (0.000,0.044) (0.000,0.058) (0.000,0.044) (0.000,0.034) (0.585,0.996) (0.000,0.055) (0.000,0.044) (0.000,0.050) (0.000,0.046) 
102      283    (0)   13 :  0.052 0.012 0.028 0.022 0.011 0.031 0.052 0.050 0.010 0.025 0.006 0.013 0.290 0.084 0.019 0.011 0.081 0.105 0.047 0.051     (0.000,0.417) (0.000,0.079) (0.000,0.190) (0.000,0.141) (0.000,0.056) (0.000,0.202) (0.000,0.406) (0.000,0.391) (0.000,0.062) (0.000,0.155) (0.000,0.032) (0.000,0.080) (0.000,0.957) (0.000,0.682) (0.000,0.113) (0.000,0.062) (0.000,0.625) (0.000,0.776) (0.000,0.356) (0.000,0.403) 
103      285    (0)   17 :  0.047 0.009 0.035 0.020 0.008 0.028 0.039 0.059 0.009 0.029 0.008 0.011 0.200 0.101 0.021 0.014 0.183 0.064 0.041 0.075     (0.000,0.357) (0.000,0.056) (0.000,0.245) (0.000,0.119) (0.000,0.044) (0.000,0.176) (0.000,0.274) (0.000,0.485) (0.000,0.056) (0.000,0.176) (0.000,0.051) (0.000,0.067) (0.000,0.921) (0.000,0.781) (0.000,0.127) (0.000,0.086) (0.000,0.923) (0.000,0.548) (0.000,0.293) (0.000,0.628) 
104      286    (0)   13 :  0.022 0.004 0.168 0.062 0.007 0.021 0.021 0.132 0.004 0.039 0.004 0.007 0.161 0.039 0.027 0.012 0.130 0.047 0.038 0.054     (0.000,0.122) (0.000,0.023) (0.000,0.915) (0.000,0.512) (0.000,0.038) (0.000,0.120) (0.000,0.120) (0.000,0.866) (0.000,0.019) (0.000,0.266) (0.000,0.023) (0.000,0.035) (0.000,0.904) (0.000,0.276) (0.000,0.165) (0.000,0.072) (0.000,0.866) (0.000,0.361) (0.000,0.269) (0.000,0.431) 
105      294    (0)    7 :  0.058 0.006 0.153 0.054 0.006 0.030 0.069 0.049 0.005 0.044 0.006 0.006 0.033 0.043 0.167 0.012 0.120 0.057 0.034 0.046     (0.000,0.475) (0.000,0.033) (0.000,0.895) (0.000,0.434) (0.000,0.031) (0.000,0.188) (0.000,0.586) (0.000,0.384) (0.000,0.030) (0.000,0.331) (0.000,0.035) (0.000,0.032) (0.000,0.224) (0.000,0.318) (0.000,0.900) (0.000,0.070) (0.000,0.825) (0.000,0.467) (0.000,0.221) (0.000,0.349) 
106      298    (0)    7 :  0.065 0.007 0.456 0.035 0.006 0.029 0.076 0.025 0.007 0.031 0.007 0.010 0.023 0.029 0.031 0.008 0.038 0.049 0.024 0.044     (0.000,0.547) (0.000,0.037) (0.000,0.981) (0.000,0.245) (0.000,0.029) (0.000,0.195) (0.000,0.625) (0.000,0.164) (0.000,0.039) (0.000,0.196) (0.000,0.041) (0.000,0.059) (0.000,0.142) (0.000,0.185) (0.000,0.210) (0.000,0.043) (0.000,0.269) (0.000,0.383) (0.000,0.147) (0.000,0.340) 
107      300   (25)   14 :  0.035 0.005 0.063 0.036 0.007 0.018 0.040 0.089 0.005 0.028 0.005 0.006 0.031 0.034 0.106 0.050 0.273 0.079 0.041 0.047     (0.000,0.238) (0.000,0.027) (0.000,0.533) (0.000,0.243) (0.000,0.036) (0.000,0.102) (0.000,0.286) (0.000,0.719) (0.000,0.026) (0.000,0.170) (0.000,0.026) (0.000,0.034) (0.000,0.198) (0.000,0.224) (0.000,0.785) (0.000,0.388) (0.000,0.964) (0.000,0.676) (0.000,0.289) (0.000,0.364) 
108      301    (0)   17 :  0.036 0.008 0.069 0.051 0.010 0.034 0.032 0.030 0.009 0.083 0.011 0.011 0.330 0.020 0.025 0.019 0.073 0.072 0.030 0.047     (0.000,0.257) (0.000,0.049) (0.000,0.541) (0.000,0.393) (0.000,0.057) (0.000,0.242) (0.000,0.218) (0.000,0.204) (0.000,0.051) (0.000,0.620) (0.000,0.066) (0.000,0.066) (0.000,0.958) (0.000,0.114) (0.000,0.169) (0.000,0.131) (0.000,0.583) (0.000,0.576) (0.000,0.197) (0.000,0.365) 
109      303    (0)    1 :  0.086 0.005 0.048 0.038 0.006 0.119 0.027 0.085 0.005 0.043 0.005 0.007 0.070 0.049 0.048 0.035 0.048 0.084 0.062 0.131     (0.000,0.712) (0.000,0.028) (0.000,0.373) (0.000,0.267) (0.000,0.030) (0.000,0.835) (0.000,0.163) (0.000,0.692) (0.000,0.025) (0.000,0.315) (0.000,0.025) (0.000,0.037) (0.000,0.589) (0.000,0.381) (0.000,0.362) (0.000,0.252) (0.000,0.374) (0.000,0.707) (0.000,0.515) (0.000,0.868) 
110      306    (0)   20 :  0.069 0.006 0.092 0.063 0.005 0.087 0.051 0.037 0.006 0.033 0.006 0.006 0.031 0.047 0.187 0.010 0.051 0.077 0.038 0.100     (0.000,0.586) (0.000,0.032) (0.000,0.735) (0.000,0.516) (0.000,0.028) (0.000,0.700) (0.000,0.408) (0.000,0.261) (0.000,0.035) (0.000,0.213) (0.000,0.031) (0.000,0.029) (0.000,0.198) (0.000,0.355) (0.000,0.924) (0.000,0.056) (0.000,0.393) (0.000,0.650) (0.000,0.263) (0.000,0.779) 
111      310   (12)   13 :  0.093 0.007 0.054 0.026 0.007 0.024 0.088 0.066 0.007 0.032 0.006 0.006 0.025 0.030 0.165 0.029 0.130 0.088 0.051 0.066     (0.000,0.759) (0.000,0.037) (0.000,0.434) (0.000,0.158) (0.000,0.034) (0.000,0.142) (0.000,0.728) (0.000,0.554) (0.000,0.038) (0.000,0.200) (0.000,0.031) (0.000,0.034) (0.000,0.155) (0.000,0.187) (0.000,0.904) (0.000,0.188) (0.000,0.857) (0.000,0.734) (0.000,0.397) (0.000,0.558) 
112      311   (25)   17 :  0.032 0.005 0.037 0.029 0.007 0.253 0.016 0.068 0.005 0.020 0.005 0.006 0.174 0.052 0.056 0.015 0.045 0.061 0.023 0.089     (0.000,0.208) (0.000,0.025) (0.000,0.261) (0.000,0.193) (0.000,0.036) (0.000,0.956) (0.000,0.091) (0.000,0.571) (0.000,0.025) (0.000,0.114) (0.000,0.026) (0.000,0.033) (0.000,0.917) (0.000,0.411) (0.000,0.445) (0.000,0.089) (0.000,0.334) (0.000,0.518) (0.000,0.135) (0.000,0.728) 
113      315    (0)   16 :  0.011 0.007 0.010 0.009 0.006 0.009 0.009 0.011 0.007 0.010 0.007 0.007 0.009 0.009 0.011 0.828 0.011 0.010 0.010 0.010     (0.000,0.061) (0.000,0.041) (0.000,0.057) (0.000,0.051) (0.000,0.029) (0.000,0.052) (0.000,0.047) (0.000,0.065) (0.000,0.038) (0.000,0.053) (0.000,0.041) (0.000,0.037) (0.000,0.050) (0.000,0.047) (0.000,0.062) (0.501,0.994) (0.000,0.061) (0.000,0.056) (0.000,0.053) (0.000,0.055) 
114      318    (0)    4 :  0.110 0.015 0.052 0.081 0.019 0.099 0.073 0.034 0.022 0.088 0.024 0.009 0.026 0.046 0.088 0.013 0.040 0.056 0.030 0.075     (0.000,0.785) (0.000,0.100) (0.000,0.412) (0.000,0.634) (0.000,0.122) (0.000,0.701) (0.000,0.580) (0.000,0.241) (0.000,0.161) (0.000,0.687) (0.000,0.176) (0.000,0.055) (0.000,0.162) (0.000,0.355) (0.000,0.660) (0.000,0.078) (0.000,0.294) (0.000,0.451) (0.000,0.191) (0.000,0.606) 
115      321    (0)    1 :  0.122 0.016 0.068 0.096 0.010 0.064 0.100 0.031 0.017 0.063 0.020 0.007 0.024 0.034 0.092 0.011 0.041 0.058 0.036 0.090     (0.000,0.832) (0.000,0.110) (0.000,0.564) (0.000,0.713) (0.000,0.052) (0.000,0.524) (0.000,0.752) (0.000,0.208) (0.000,0.116) (0.000,0.524) (0.000,0.144) (0.000,0.038) (0.000,0.141) (0.000,0.228) (0.000,0.695) (0.000,0.063) (0.000,0.301) (0.000,0.478) (0.000,0.253) (0.000,0.708) 
116      325    (0)   19 :  0.055 0.008 0.208 0.075 0.008 0.023 0.045 0.029 0.006 0.045 0.012 0.007 0.089 0.053 0.034 0.046 0.049 0.072 0.059 0.077     (0.000,0.443) (0.000,0.045) (0.000,0.918) (0.000,0.581) (0.000,0.043) (0.000,0.137) (0.000,0.340) (0.000,0.187) (0.000,0.036) (0.000,0.344) (0.000,0.074) (0.000,0.038) (0.000,0.645) (0.000,0.420) (0.000,0.243) (0.000,0.329) (0.000,0.388) (0.000,0.592) (0.000,0.472) (0.000,0.617) 
117      334    (0)   19 :  0.050 0.013 0.093 0.065 0.008 0.036 0.047 0.059 0.013 0.039 0.016 0.009 0.051 0.077 0.034 0.018 0.068 0.091 0.087 0.126     (0.000,0.395) (0.000,0.079) (0.000,0.725) (0.000,0.529) (0.000,0.043) (0.000,0.247) (0.000,0.362) (0.000,0.476) (0.000,0.087) (0.000,0.280) (0.000,0.111) (0.000,0.050) (0.000,0.406) (0.000,0.642) (0.000,0.230) (0.000,0.118) (0.000,0.554) (0.000,0.725) (0.000,0.697) (0.000,0.841) 
118      335   (12)   13 :  0.052 0.014 0.057 0.030 0.012 0.049 0.062 0.101 0.016 0.038 0.018 0.013 0.153 0.050 0.060 0.031 0.046 0.066 0.039 0.091     (0.000,0.421) (0.000,0.095) (0.000,0.455) (0.000,0.200) (0.000,0.065) (0.000,0.387) (0.000,0.511) (0.000,0.745) (0.000,0.112) (0.000,0.274) (0.000,0.128) (0.000,0.081) (0.000,0.864) (0.000,0.390) (0.000,0.484) (0.000,0.231) (0.000,0.352) (0.000,0.548) (0.000,0.281) (0.000,0.702) 
119      340   (12)   20 :  0.115 0.006 0.035 0.015 0.007 0.065 0.031 0.084 0.005 0.052 0.005 0.006 0.088 0.072 0.024 0.021 0.066 0.097 0.058 0.147     (0.000,0.835) (0.000,0.034) (0.000,0.233) (0.000,0.085) (0.000,0.036) (0.000,0.534) (0.000,0.194) (0.000,0.697) (0.000,0.027) (0.000,0.415) (0.000,0.026) (0.000,0.034) (0.000,0.709) (0.000,0.614) (0.000,0.148) (0.000,0.136) (0.000,0.553) (0.000,0.775) (0.000,0.483) (0.000,0.895) 
120      341   (12)    7 :  0.077 0.020 0.058 0.017 0.010 0.072 0.046 0.075 0.018 0.032 0.015 0.043 0.067 0.063 0.028 0.017 0.139 0.090 0.036 0.075     (0.000,0.620) (0.000,0.143) (0.000,0.455) (0.000,0.097) (0.000,0.052) (0.000,0.569) (0.000,0.358) (0.000,0.599) (0.000,0.127) (0.000,0.223) (0.000,0.102) (0.000,0.310) (0.000,0.511) (0.000,0.506) (0.000,0.198) (0.000,0.110) (0.000,0.813) (0.000,0.695) (0.000,0.261) (0.000,0.598) 
121      342   (12)   13 :  0.035 0.027 0.111 0.039 0.019 0.018 0.079 0.029 0.015 0.042 0.027 0.157 0.102 0.022 0.040 0.014 0.081 0.039 0.027 0.076     (0.000,0.253) (0.000,0.200) (0.000,0.647) (0.000,0.300) (0.000,0.123) (0.000,0.104) (0.000,0.594) (0.000,0.200) (0.000,0.100) (0.000,0.319) (0.000,0.196) (0.000,0.613) (0.000,0.670) (0.000,0.137) (0.000,0.303) (0.000,0.088) (0.000,0.603) (0.000,0.292) (0.000,0.185) (0.000,0.576) 
122      343   (12)   18 :  0.056 0.008 0.066 0.096 0.009 0.015 0.019 0.053 0.008 0.087 0.008 0.009 0.030 0.065 0.013 0.008 0.189 0.052 0.048 0.161     (0.000,0.450) (0.000,0.046) (0.000,0.550) (0.000,0.731) (0.000,0.046) (0.000,0.081) (0.000,0.110) (0.000,0.423) (0.000,0.046) (0.000,0.681) (0.000,0.048) (0.000,0.050) (0.000,0.204) (0.000,0.546) (0.000,0.069) (0.000,0.045) (0.000,0.924) (0.000,0.412) (0.000,0.366) (0.000,0.900) 
123      344   (25)   17 :  0.104 0.008 0.057 0.036 0.007 0.025 0.071 0.078 0.008 0.049 0.007 0.008 0.035 0.028 0.065 0.031 0.157 0.095 0.037 0.093     (0.000,0.786) (0.000,0.043) (0.000,0.466) (0.000,0.252) (0.000,0.037) (0.000,0.152) (0.000,0.599) (0.000,0.641) (0.000,0.045) (0.000,0.375) (0.000,0.042) (0.000,0.045) (0.000,0.244) (0.000,0.175) (0.000,0.518) (0.000,0.225) (0.000,0.894) (0.000,0.757) (0.000,0.251) (0.000,0.739) 
124      345   (12)   16 :  0.031 0.010 0.022 0.015 0.008 0.018 0.019 0.020 0.008 0.018 0.008 0.012 0.016 0.018 0.025 0.653 0.020 0.024 0.030 0.025     (0.000,0.202) (0.000,0.058) (0.000,0.130) (0.000,0.085) (0.000,0.041) (0.000,0.104) (0.000,0.113) (0.000,0.120) (0.000,0.046) (0.000,0.102) (0.000,0.042) (0.000,0.067) (0.000,0.091) (0.000,0.104) (0.000,0.165) (0.000,0.987) (0.000,0.127) (0.000,0.151) (0.000,0.198) (0.000,0.149) 
125      346   (12)    3 :  0.068 0.008 0.049 0.046 0.007 0.141 0.027 0.056 0.008 0.026 0.008 0.012 0.029 0.113 0.038 0.014 0.133 0.115 0.038 0.067     (0.000,0.578) (0.000,0.044) (0.000,0.377) (0.000,0.354) (0.000,0.035) (0.000,0.856) (0.000,0.167) (0.000,0.450) (0.000,0.044) (0.000,0.155) (0.000,0.043) (0.000,0.074) (0.000,0.179) (0.000,0.815) (0.000,0.274) (0.000,0.084) (0.000,0.844) (0.000,0.822) (0.000,0.272) (0.000,0.554) 
126      348   (12)   14 :  0.050 0.007 0.089 0.061 0.010 0.030 0.041 0.056 0.005 0.059 0.006 0.008 0.040 0.063 0.066 0.012 0.181 0.064 0.100 0.052     (0.000,0.395) (0.000,0.035) (0.000,0.726) (0.000,0.508) (0.000,0.053) (0.000,0.191) (0.000,0.294) (0.000,0.452) (0.000,0.029) (0.000,0.493) (0.000,0.030) (0.000,0.042) (0.000,0.286) (0.000,0.534) (0.000,0.544) (0.000,0.068) (0.000,0.923) (0.000,0.542) (0.000,0.775) (0.000,0.407) 
127      349   (12)   18 :  0.041 0.005 0.030 0.045 0.006 0.052 0.014 0.041 0.005 0.032 0.005 0.007 0.032 0.057 0.042 0.297 0.074 0.083 0.074 0.058     (0.000,0.297) (0.000,0.029) (0.000,0.187) (0.000,0.338) (0.000,0.031) (0.000,0.405) (0.000,0.076) (0.000,0.291) (0.000,0.025) (0.000,0.208) (0.000,0.026) (0.000,0.035) (0.000,0.207) (0.000,0.459) (0.000,0.299) (0.000,0.957) (0.000,0.619) (0.000,0.700) (0.000,0.631) (0.000,0.475) 
128      350   (25)   14 :  0.044 0.032 0.029 0.034 0.014 0.030 0.032 0.034 0.043 0.026 0.028 0.035 0.149 0.051 0.045 0.102 0.121 0.057 0.048 0.046     (0.000,0.336) (0.000,0.235) (0.000,0.206) (0.000,0.253) (0.000,0.077) (0.000,0.199) (0.000,0.218) (0.000,0.231) (0.000,0.316) (0.000,0.164) (0.000,0.207) (0.000,0.264) (0.000,0.850) (0.000,0.407) (0.000,0.351) (0.000,0.656) (0.000,0.805) (0.000,0.461) (0.000,0.376) (0.000,0.360) 
129      351   (25)   17 :  0.127 0.008 0.054 0.054 0.007 0.026 0.030 0.103 0.008 0.085 0.008 0.008 0.019 0.036 0.044 0.022 0.062 0.065 0.032 0.202     (0.000,0.850) (0.000,0.047) (0.000,0.438) (0.000,0.428) (0.000,0.039) (0.000,0.167) (0.000,0.198) (0.000,0.768) (0.000,0.048) (0.000,0.673) (0.000,0.042) (0.000,0.046) (0.000,0.107) (0.000,0.241) (0.000,0.340) (0.000,0.145) (0.000,0.513) (0.000,0.552) (0.000,0.213) (0.000,0.930) 
130      357   (12)    7 :  0.063 0.014 0.129 0.049 0.019 0.025 0.101 0.046 0.011 0.077 0.011 0.019 0.040 0.070 0.046 0.008 0.045 0.090 0.088 0.048     (0.000,0.436) (0.000,0.090) (0.000,0.724) (0.000,0.359) (0.000,0.123) (0.000,0.167) (0.000,0.649) (0.000,0.339) (0.000,0.063) (0.000,0.532) (0.000,0.065) (0.000,0.114) (0.000,0.287) (0.000,0.479) (0.000,0.336) (0.000,0.045) (0.000,0.329) (0.000,0.552) (0.000,0.582) (0.000,0.334) 
131      363    (0)   12 :  0.032 0.031 0.067 0.082 0.018 0.013 0.060 0.030 0.018 0.024 0.020 0.368 0.025 0.039 0.019 0.025 0.021 0.040 0.040 0.029     (0.000,0.215) (0.000,0.231) (0.000,0.495) (0.000,0.579) (0.000,0.119) (0.000,0.072) (0.000,0.453) (0.000,0.222) (0.000,0.131) (0.000,0.161) (0.000,0.139) (0.000,0.942) (0.000,0.173) (0.000,0.286) (0.000,0.118) (0.000,0.179) (0.000,0.142) (0.000,0.292) (0.000,0.300) (0.000,0.189) 
132      364    (0)    3 :  0.025 0.011 0.121 0.193 0.011 0.022 0.034 0.061 0.009 0.081 0.011 0.028 0.075 0.063 0.027 0.006 0.045 0.074 0.057 0.047     (0.000,0.152) (0.000,0.064) (0.000,0.800) (0.000,0.917) (0.000,0.061) (0.000,0.139) (0.000,0.237) (0.000,0.483) (0.000,0.055) (0.000,0.638) (0.000,0.071) (0.000,0.185) (0.000,0.601) (0.000,0.498) (0.000,0.174) (0.000,0.032) (0.000,0.339) (0.000,0.594) (0.000,0.459) (0.000,0.357) 
133      365    (0)    1 :  0.030 0.010 0.034 0.057 0.011 0.027 0.020 0.116 0.010 0.053 0.009 0.025 0.192 0.090 0.019 0.026 0.096 0.091 0.048 0.034     (0.000,0.195) (0.000,0.061) (0.000,0.239) (0.000,0.451) (0.000,0.065) (0.000,0.184) (0.000,0.122) (0.000,0.788) (0.000,0.062) (0.000,0.414) (0.000,0.056) (0.000,0.173) (0.000,0.910) (0.000,0.684) (0.000,0.115) (0.000,0.184) (0.000,0.705) (0.000,0.701) (0.000,0.371) (0.000,0.234) 
134      366    (0)   18 :  0.011 0.004 0.055 0.032 0.009 0.017 0.015 0.065 0.004 0.023 0.004 0.006 0.534 0.041 0.014 0.004 0.088 0.037 0.017 0.021     (0.000,0.060) (0.000,0.019) (0.000,0.431) (0.000,0.224) (0.000,0.051) (0.000,0.102) (0.000,0.084) (0.000,0.549) (0.000,0.019) (0.000,0.144) (0.000,0.021) (0.000,0.031) (0.000,0.988) (0.000,0.295) (0.000,0.082) (0.000,0.020) (0.000,0.694) (0.000,0.248) (0.000,0.091) (0.000,0.115) 
135      367    (0)   18 :  0.076 0.011 0.058 0.040 0.016 0.025 0.072 0.070 0.007 0.135 0.011 0.011 0.051 0.065 0.035 0.028 0.066 0.112 0.074 0.037     (0.000,0.604) (0.000,0.067) (0.000,0.454) (0.000,0.298) (0.000,0.101) (0.000,0.159) (0.000,0.557) (0.000,0.544) (0.000,0.041) (0.000,0.828) (0.000,0.068) (0.000,0.062) (0.000,0.403) (0.000,0.505) (0.000,0.247) (0.000,0.204) (0.000,0.526) (0.000,0.775) (0.000,0.596) (0.000,0.256) 
136      369    (0)   13 :  0.024 0.009 0.031 0.028 0.020 0.054 0.022 0.086 0.009 0.018 0.008 0.016 0.172 0.059 0.192 0.069 0.039 0.084 0.030 0.031     (0.000,0.152) (0.000,0.054) (0.000,0.210) (0.000,0.195) (0.000,0.140) (0.000,0.396) (0.000,0.144) (0.000,0.628) (0.000,0.058) (0.000,0.107) (0.000,0.054) (0.000,0.107) (0.000,0.859) (0.000,0.455) (0.000,0.835) (0.000,0.384) (0.000,0.286) (0.000,0.644) (0.000,0.198) (0.000,0.205) 
137      370    (0)   18 :  0.020 0.006 0.036 0.074 0.017 0.019 0.025 0.122 0.006 0.023 0.006 0.007 0.116 0.260 0.029 0.006 0.075 0.077 0.037 0.038     (0.000,0.118) (0.000,0.034) (0.000,0.246) (0.000,0.597) (0.000,0.110) (0.000,0.115) (0.000,0.160) (0.000,0.827) (0.000,0.036) (0.000,0.137) (0.000,0.034) (0.000,0.038) (0.000,0.815) (0.000,0.957) (0.000,0.196) (0.000,0.033) (0.000,0.607) (0.000,0.642) (0.000,0.258) (0.000,0.268) 
138      371    (0)    4 :  0.049 0.008 0.034 0.182 0.018 0.019 0.017 0.100 0.008 0.060 0.008 0.009 0.046 0.190 0.021 0.009 0.050 0.064 0.049 0.058     (0.000,0.375) (0.000,0.047) (0.000,0.232) (0.000,0.911) (0.000,0.121) (0.000,0.114) (0.000,0.097) (0.000,0.738) (0.000,0.045) (0.000,0.469) (0.000,0.044) (0.000,0.049) (0.000,0.354) (0.000,0.917) (0.000,0.129) (0.000,0.050) (0.000,0.389) (0.000,0.527) (0.000,0.386) (0.000,0.455) 
139      372    (0)   18 :  0.052 0.006 0.065 0.055 0.016 0.023 0.079 0.090 0.007 0.020 0.006 0.013 0.154 0.118 0.038 0.007 0.039 0.103 0.054 0.056     (0.000,0.405) (0.000,0.035) (0.000,0.509) (0.000,0.424) (0.000,0.105) (0.000,0.149) (0.000,0.564) (0.000,0.684) (0.000,0.037) (0.000,0.117) (0.000,0.034) (0.000,0.076) (0.000,0.861) (0.000,0.773) (0.000,0.277) (0.000,0.038) (0.000,0.278) (0.000,0.758) (0.000,0.434) (0.000,0.443) 
140      374   (12)   13 :  0.016 0.008 0.034 0.058 0.030 0.029 0.017 0.070 0.007 0.021 0.008 0.011 0.241 0.205 0.042 0.007 0.063 0.059 0.050 0.026     (0.000,0.088) (0.000,0.042) (0.000,0.228) (0.000,0.459) (0.000,0.209) (0.000,0.196) (0.000,0.100) (0.000,0.569) (0.000,0.038) (0.000,0.124) (0.000,0.043) (0.000,0.065) (0.000,0.946) (0.000,0.932) (0.000,0.309) (0.000,0.035) (0.000,0.509) (0.000,0.485) (0.000,0.397) (0.000,0.163) 
141      376    (0)   13 :  0.026 0.006 0.022 0.024 0.032 0.032 0.021 0.133 0.005 0.044 0.005 0.124 0.099 0.071 0.026 0.006 0.027 0.120 0.118 0.059     (0.000,0.166) (0.000,0.032) (0.000,0.133) (0.000,0.149) (0.000,0.221) (0.000,0.224) (0.000,0.124) (0.000,0.765) (0.000,0.026) (0.000,0.344) (0.000,0.026) (0.000,0.490) (0.000,0.680) (0.000,0.555) (0.000,0.173) (0.000,0.033) (0.000,0.175) (0.000,0.786) (0.000,0.783) (0.000,0.473) 
142      377    (0)    7 :  0.063 0.011 0.160 0.097 0.014 0.035 0.037 0.030 0.010 0.172 0.010 0.009 0.044 0.057 0.081 0.005 0.017 0.079 0.028 0.041     (0.000,0.510) (0.000,0.066) (0.000,0.844) (0.000,0.720) (0.000,0.088) (0.000,0.251) (0.000,0.270) (0.000,0.212) (0.000,0.055) (0.000,0.887) (0.000,0.061) (0.000,0.049) (0.000,0.326) (0.000,0.434) (0.000,0.601) (0.000,0.026) (0.000,0.100) (0.000,0.619) (0.000,0.180) (0.000,0.294) 
143      378    (0)   13 :  0.035 0.008 0.030 0.029 0.011 0.023 0.033 0.287 0.006 0.059 0.006 0.010 0.076 0.062 0.055 0.007 0.052 0.109 0.044 0.057     (0.000,0.242) (0.000,0.043) (0.000,0.189) (0.000,0.189) (0.000,0.062) (0.000,0.137) (0.000,0.224) (0.000,0.962) (0.000,0.034) (0.000,0.486) (0.000,0.032) (0.000,0.057) (0.000,0.620) (0.000,0.505) (0.000,0.428) (0.000,0.038) (0.000,0.410) (0.000,0.803) (0.000,0.329) (0.000,0.461) 
144      379    (0)   18 :  0.032 0.007 0.025 0.062 0.017 0.044 0.031 0.067 0.006 0.047 0.007 0.064 0.118 0.088 0.048 0.008 0.056 0.123 0.051 0.098     (0.000,0.221) (0.000,0.041) (0.000,0.152) (0.000,0.495) (0.000,0.108) (0.000,0.340) (0.000,0.211) (0.000,0.527) (0.000,0.034) (0.000,0.362) (0.000,0.036) (0.000,0.365) (0.000,0.796) (0.000,0.653) (0.000,0.375) (0.000,0.043) (0.000,0.437) (0.000,0.808) (0.000,0.397) (0.000,0.712) 
145      380    (0)   18 :  0.029 0.010 0.024 0.084 0.017 0.038 0.030 0.050 0.009 0.040 0.010 0.077 0.101 0.101 0.039 0.007 0.055 0.124 0.050 0.103     (0.000,0.198) (0.000,0.059) (0.000,0.148) (0.000,0.625) (0.000,0.105) (0.000,0.284) (0.000,0.203) (0.000,0.397) (0.000,0.055) (0.000,0.293) (0.000,0.058) (0.000,0.417) (0.000,0.730) (0.000,0.699) (0.000,0.294) (0.000,0.036) (0.000,0.428) (0.000,0.811) (0.000,0.395) (0.000,0.733) 
146      382   (12)   14 :  0.018 0.010 0.018 0.024 0.013 0.110 0.014 0.072 0.008 0.021 0.007 0.008 0.218 0.144 0.140 0.005 0.028 0.076 0.028 0.038     (0.000,0.105) (0.000,0.055) (0.000,0.103) (0.000,0.156) (0.000,0.073) (0.000,0.720) (0.000,0.076) (0.000,0.575) (0.000,0.047) (0.000,0.125) (0.000,0.038) (0.000,0.044) (0.000,0.933) (0.000,0.874) (0.000,0.857) (0.000,0.027) (0.000,0.175) (0.000,0.633) (0.000,0.176) (0.000,0.267) 
147      389    (0)   18 :  0.069 0.012 0.024 0.075 0.018 0.049 0.045 0.051 0.008 0.066 0.009 0.024 0.106 0.092 0.023 0.010 0.020 0.104 0.059 0.136     (0.000,0.559) (0.000,0.071) (0.000,0.143) (0.000,0.592) (0.000,0.115) (0.000,0.382) (0.000,0.341) (0.000,0.393) (0.000,0.045) (0.000,0.533) (0.000,0.054) (0.000,0.166) (0.000,0.748) (0.000,0.691) (0.000,0.143) (0.000,0.057) (0.000,0.121) (0.000,0.761) (0.000,0.475) (0.000,0.850) 
148      394    (0)   18 :  0.017 0.012 0.023 0.074 0.010 0.016 0.013 0.066 0.011 0.021 0.010 0.012 0.042 0.261 0.018 0.013 0.114 0.125 0.099 0.042     (0.000,0.094) (0.000,0.071) (0.000,0.131) (0.000,0.628) (0.000,0.053) (0.000,0.090) (0.000,0.069) (0.000,0.551) (0.000,0.072) (0.000,0.119) (0.000,0.060) (0.000,0.064) (0.000,0.304) (0.000,0.958) (0.000,0.102) (0.000,0.076) (0.000,0.803) (0.000,0.849) (0.000,0.775) (0.000,0.307) 
149      395    (0)   18 :  0.043 0.008 0.029 0.096 0.031 0.079 0.020 0.097 0.012 0.068 0.009 0.023 0.090 0.068 0.038 0.007 0.059 0.101 0.066 0.057     (0.000,0.319) (0.000,0.042) (0.000,0.182) (0.000,0.723) (0.000,0.214) (0.000,0.608) (0.000,0.119) (0.000,0.696) (0.000,0.080) (0.000,0.551) (0.000,0.050) (0.000,0.145) (0.000,0.699) (0.000,0.547) (0.000,0.269) (0.000,0.039) (0.000,0.472) (0.000,0.751) (0.000,0.541) (0.000,0.465) 
150      396    (0)   16 :  0.054 0.011 0.054 0.077 0.010 0.034 0.039 0.079 0.011 0.050 0.012 0.008 0.049 0.097 0.170 0.009 0.060 0.104 0.040 0.035     (0.000,0.434) (0.000,0.066) (0.000,0.424) (0.000,0.629) (0.000,0.053) (0.000,0.231) (0.000,0.282) (0.000,0.627) (0.000,0.064) (0.000,0.387) (0.000,0.075) (0.000,0.043) (0.000,0.375) (0.000,0.728) (0.000,0.892) (0.000,0.049) (0.000,0.486) (0.000,0.770) (0.000,0.286) (0.000,0.235) 
151      397    (0)   13 :  0.014 0.012 0.017 0.022 0.014 0.012 0.013 0.057 0.013 0.017 0.012 0.024 0.260 0.180 0.009 0.010 0.150 0.074 0.056 0.035     (0.000,0.075) (0.000,0.079) (0.000,0.093) (0.000,0.132) (0.000,0.078) (0.000,0.064) (0.000,0.069) (0.000,0.464) (0.000,0.088) (0.000,0.092) (0.000,0.078) (0.000,0.162) (0.000,0.953) (0.000,0.916) (0.000,0.049) (0.000,0.055) (0.000,0.877) (0.000,0.624) (0.000,0.455) (0.000,0.235) 
152      398    (0)   20 :  0.021 0.007 0.030 0.016 0.014 0.020 0.022 0.261 0.005 0.033 0.005 0.010 0.076 0.155 0.026 0.008 0.052 0.087 0.108 0.044     (0.000,0.120) (0.000,0.038) (0.000,0.185) (0.000,0.081) (0.000,0.074) (0.000,0.113) (0.000,0.130) (0.000,0.961) (0.000,0.027) (0.000,0.217) (0.000,0.026) (0.000,0.053) (0.000,0.652) (0.000,0.903) (0.000,0.155) (0.000,0.045) (0.000,0.417) (0.000,0.728) (0.000,0.816) (0.000,0.328) 
153      402    (0)   14 :  0.037 0.007 0.030 0.031 0.014 0.029 0.033 0.115 0.005 0.037 0.005 0.011 0.079 0.218 0.037 0.015 0.027 0.102 0.107 0.061     (0.000,0.255) (0.000,0.037) (0.000,0.189) (0.000,0.198) (0.000,0.078) (0.000,0.189) (0.000,0.228) (0.000,0.810) (0.000,0.027) (0.000,0.259) (0.000,0.028) (0.000,0.065) (0.000,0.652) (0.000,0.943) (0.000,0.256) (0.000,0.094) (0.000,0.177) (0.000,0.781) (0.000,0.796) (0.000,0.504) 
154      404   (12)   13 :  0.028 0.006 0.032 0.036 0.012 0.027 0.023 0.214 0.006 0.035 0.006 0.009 0.108 0.118 0.043 0.014 0.069 0.118 0.053 0.044     (0.000,0.174) (0.000,0.035) (0.000,0.209) (0.000,0.238) (0.000,0.063) (0.000,0.170) (0.000,0.137) (0.000,0.941) (0.000,0.030) (0.000,0.231) (0.000,0.034) (0.000,0.048) (0.000,0.801) (0.000,0.825) (0.000,0.314) (0.000,0.078) (0.000,0.575) (0.000,0.835) (0.000,0.430) (0.000,0.324) 
155      406    (0)   14 :  0.046 0.010 0.023 0.064 0.013 0.054 0.021 0.055 0.008 0.044 0.009 0.013 0.080 0.158 0.023 0.017 0.060 0.144 0.088 0.070     (0.000,0.350) (0.000,0.060) (0.000,0.135) (0.000,0.524) (0.000,0.077) (0.000,0.425) (0.000,0.130) (0.000,0.444) (0.000,0.044) (0.000,0.330) (0.000,0.054) (0.000,0.072) (0.000,0.655) (0.000,0.879) (0.000,0.135) (0.000,0.107) (0.000,0.488) (0.000,0.870) (0.000,0.700) (0.000,0.583) 
156      407    (0)   14 :  0.033 0.007 0.030 0.089 0.010 0.052 0.020 0.090 0.007 0.033 0.008 0.010 0.139 0.138 0.028 0.007 0.054 0.119 0.062 0.064     (0.000,0.221) (0.000,0.036) (0.000,0.189) (0.000,0.712) (0.000,0.056) (0.000,0.408) (0.000,0.111) (0.000,0.718) (0.000,0.041) (0.000,0.216) (0.000,0.042) (0.000,0.053) (0.000,0.878) (0.000,0.870) (0.000,0.178) (0.000,0.038) (0.000,0.434) (0.000,0.833) (0.000,0.520) (0.000,0.537) 
157      408    (0)   12 :  0.018 0.156 0.014 0.023 0.021 0.014 0.017 0.028 0.203 0.017 0.095 0.090 0.081 0.066 0.014 0.008 0.030 0.045 0.035 0.024     (0.000,0.117) (0.000,0.698) (0.000,0.085) (0.000,0.164) (0.000,0.151) (0.000,0.087) (0.000,0.106) (0.000,0.211) (0.000,0.715) (0.000,0.104) (0.000,0.587) (0.000,0.672) (0.000,0.506) (0.000,0.431) (0.000,0.081) (0.000,0.047) (0.000,0.226) (0.000,0.332) (0.000,0.269) (0.000,0.170) 
158      409   (12)   14 :  0.024 0.006 0.021 0.040 0.010 0.024 0.016 0.081 0.005 0.025 0.005 0.008 0.059 0.157 0.040 0.042 0.116 0.189 0.094 0.039     (0.000,0.147) (0.000,0.031) (0.000,0.119) (0.000,0.282) (0.000,0.053) (0.000,0.145) (0.000,0.086) (0.000,0.665) (0.000,0.028) (0.000,0.146) (0.000,0.029) (0.000,0.041) (0.000,0.482) (0.000,0.894) (0.000,0.281) (0.000,0.322) (0.000,0.807) (0.000,0.931) (0.000,0.747) (0.000,0.273) 
159      412    (0)   13 :  0.023 0.010 0.019 0.019 0.013 0.075 0.016 0.235 0.010 0.022 0.014 0.035 0.190 0.082 0.017 0.019 0.038 0.101 0.024 0.037     (0.000,0.140) (0.000,0.057) (0.000,0.113) (0.000,0.107) (0.000,0.075) (0.000,0.573) (0.000,0.092) (0.000,0.938) (0.000,0.062) (0.000,0.126) (0.000,0.090) (0.000,0.257) (0.000,0.900) (0.000,0.650) (0.000,0.098) (0.000,0.131) (0.000,0.271) (0.000,0.746) (0.000,0.145) (0.000,0.266) 
160      416    (0)   18 :  0.050 0.011 0.036 0.033 0.011 0.021 0.062 0.120 0.013 0.037 0.015 0.008 0.048 0.072 0.118 0.017 0.056 0.171 0.054 0.046     (0.000,0.397) (0.000,0.068) (0.000,0.248) (0.000,0.228) (0.000,0.060) (0.000,0.123) (0.000,0.498) (0.000,0.801) (0.000,0.080) (0.000,0.255) (0.000,0.103) (0.000,0.043) (0.000,0.368) (0.000,0.574) (0.000,0.777) (0.000,0.111) (0.000,0.450) (0.000,0.902) (0.000,0.431) (0.000,0.348) 
161      421    (0)    4 :  0.065 0.009 0.293 0.045 0.006 0.030 0.145 0.027 0.010 0.119 0.011 0.008 0.024 0.022 0.034 0.010 0.034 0.038 0.032 0.038     (0.000,0.547) (0.000,0.054) (0.000,0.961) (0.000,0.340) (0.000,0.031) (0.000,0.208) (0.000,0.880) (0.000,0.170) (0.000,0.058) (0.000,0.823) (0.000,0.071) (0.000,0.041) (0.000,0.138) (0.000,0.129) (0.000,0.247) (0.000,0.061) (0.000,0.236) (0.000,0.262) (0.000,0.207) (0.000,0.268) 
162      422   (12)   18 :  0.047 0.011 0.266 0.084 0.007 0.018 0.050 0.021 0.008 0.162 0.010 0.017 0.024 0.024 0.019 0.014 0.103 0.031 0.058 0.025     (0.000,0.356) (0.000,0.064) (0.000,0.955) (0.000,0.688) (0.000,0.036) (0.000,0.107) (0.000,0.390) (0.000,0.120) (0.000,0.048) (0.000,0.905) (0.000,0.059) (0.000,0.099) (0.000,0.143) (0.000,0.139) (0.000,0.109) (0.000,0.084) (0.000,0.762) (0.000,0.197) (0.000,0.477) (0.000,0.152) 
163      426    (0)   16 :  0.007 0.007 0.006 0.006 0.005 0.008 0.006 0.008 0.006 0.007 0.005 0.007 0.006 0.008 0.007 0.872 0.007 0.007 0.008 0.008     (0.000,0.041) (0.000,0.037) (0.000,0.035) (0.000,0.032) (0.000,0.025) (0.000,0.042) (0.000,0.035) (0.000,0.044) (0.000,0.033) (0.000,0.036) (0.000,0.029) (0.000,0.036) (0.000,0.035) (0.000,0.042) (0.000,0.036) (0.617,0.996) (0.000,0.038) (0.000,0.039) (0.000,0.043) (0.000,0.042) 
164      428    (0)    1 :  0.254 0.010 0.058 0.163 0.006 0.016 0.101 0.015 0.008 0.086 0.009 0.056 0.009 0.013 0.026 0.007 0.013 0.030 0.014 0.103     (0.000,0.951) (0.000,0.058) (0.000,0.410) (0.000,0.815) (0.000,0.030) (0.000,0.093) (0.000,0.677) (0.000,0.086) (0.000,0.048) (0.000,0.649) (0.000,0.056) (0.000,0.376) (0.000,0.048) (0.000,0.073) (0.000,0.184) (0.000,0.041) (0.000,0.076) (0.000,0.201) (0.000,0.079) (0.000,0.711) 
165      429   (12)   18 :  0.036 0.009 0.083 0.031 0.024 0.060 0.021 0.026 0.012 0.030 0.009 0.023 0.032 0.031 0.039 0.360 0.033 0.054 0.048 0.040     (0.000,0.262) (0.000,0.056) (0.000,0.593) (0.000,0.220) (0.000,0.165) (0.000,0.445) (0.000,0.138) (0.000,0.180) (0.000,0.078) (0.000,0.211) (0.000,0.054) (0.000,0.156) (0.000,0.224) (0.000,0.222) (0.000,0.289) (0.000,0.887) (0.000,0.237) (0.000,0.410) (0.000,0.357) (0.000,0.293) 
166      430    (0)   17 :  0.028 0.008 0.017 0.023 0.057 0.125 0.033 0.023 0.017 0.023 0.014 0.108 0.147 0.027 0.021 0.008 0.038 0.056 0.042 0.185     (0.000,0.193) (0.000,0.045) (0.000,0.105) (0.000,0.153) (0.000,0.356) (0.000,0.701) (0.000,0.238) (0.000,0.146) (0.000,0.118) (0.000,0.141) (0.000,0.096) (0.000,0.485) (0.000,0.812) (0.000,0.180) (0.000,0.134) (0.000,0.045) (0.000,0.280) (0.000,0.444) (0.000,0.316) (0.000,0.856) 
167      431    (0)   14 :  0.044 0.007 0.061 0.117 0.006 0.119 0.028 0.030 0.007 0.077 0.007 0.016 0.130 0.051 0.050 0.008 0.063 0.067 0.047 0.063     (0.000,0.334) (0.000,0.041) (0.000,0.470) (0.000,0.737) (0.000,0.034) (0.000,0.736) (0.000,0.181) (0.000,0.195) (0.000,0.037) (0.000,0.590) (0.000,0.040) (0.000,0.095) (0.000,0.823) (0.000,0.398) (0.000,0.383) (0.000,0.046) (0.000,0.491) (0.000,0.559) (0.000,0.361) (0.000,0.510) 
168      433    (0)   18 :  0.062 0.012 0.097 0.140 0.008 0.033 0.110 0.056 0.011 0.092 0.009 0.025 0.031 0.036 0.045 0.011 0.025 0.047 0.044 0.106     (0.000,0.510) (0.000,0.075) (0.000,0.722) (0.000,0.850) (0.000,0.040) (0.000,0.233) (0.000,0.783) (0.000,0.442) (0.000,0.066) (0.000,0.710) (0.000,0.051) (0.000,0.168) (0.000,0.200) (0.000,0.247) (0.000,0.346) (0.000,0.065) (0.000,0.161) (0.000,0.365) (0.000,0.333) (0.000,0.767) 
169      435    (0)    1 :  0.056 0.012 0.111 0.061 0.008 0.027 0.053 0.102 0.011 0.101 0.010 0.011 0.050 0.051 0.020 0.008 0.144 0.054 0.037 0.072     (0.000,0.454) (0.000,0.073) (0.000,0.784) (0.000,0.490) (0.000,0.039) (0.000,0.179) (0.000,0.425) (0.000,0.748) (0.000,0.072) (0.000,0.757) (0.000,0.056) (0.000,0.063) (0.000,0.387) (0.000,0.404) (0.000,0.124) (0.000,0.043) (0.000,0.863) (0.000,0.431) (0.000,0.257) (0.000,0.593) 
170      437    (0)    7 :  0.079 0.011 0.117 0.092 0.008 0.031 0.115 0.076 0.009 0.105 0.007 0.013 0.026 0.050 0.057 0.015 0.043 0.046 0.042 0.059     (0.000,0.645) (0.000,0.063) (0.000,0.799) (0.000,0.704) (0.000,0.044) (0.000,0.212) (0.000,0.797) (0.000,0.606) (0.000,0.049) (0.000,0.776) (0.000,0.041) (0.000,0.074) (0.000,0.159) (0.000,0.388) (0.000,0.455) (0.000,0.094) (0.000,0.321) (0.000,0.353) (0.000,0.305) (0.000,0.479) 
171      446    (0)   18 :  0.038 0.008 0.101 0.149 0.006 0.023 0.055 0.052 0.009 0.063 0.009 0.015 0.038 0.043 0.037 0.013 0.136 0.082 0.049 0.074     (0.000,0.268) (0.000,0.047) (0.000,0.749) (0.000,0.873) (0.000,0.030) (0.000,0.146) (0.000,0.435) (0.000,0.409) (0.000,0.051) (0.000,0.513) (0.000,0.050) (0.000,0.088) (0.000,0.272) (0.000,0.321) (0.000,0.271) (0.000,0.083) (0.000,0.839) (0.000,0.672) (0.000,0.377) (0.000,0.604) 
172      449    (0)    3 :  0.064 0.010 0.174 0.091 0.008 0.015 0.092 0.053 0.010 0.064 0.010 0.013 0.074 0.030 0.023 0.015 0.087 0.057 0.037 0.072     (0.000,0.522) (0.000,0.059) (0.000,0.888) (0.000,0.668) (0.000,0.041) (0.000,0.086) (0.000,0.694) (0.000,0.420) (0.000,0.058) (0.000,0.520) (0.000,0.059) (0.000,0.080) (0.000,0.560) (0.000,0.201) (0.000,0.147) (0.000,0.098) (0.000,0.637) (0.000,0.465) (0.000,0.261) (0.000,0.572) 
173      451    (0)    7 :  0.038 0.008 0.331 0.150 0.007 0.035 0.048 0.038 0.008 0.039 0.010 0.025 0.034 0.032 0.023 0.010 0.069 0.041 0.021 0.034     (0.000,0.274) (0.000,0.048) (0.000,0.965) (0.000,0.864) (0.000,0.038) (0.000,0.249) (0.000,0.368) (0.000,0.274) (0.000,0.043) (0.000,0.281) (0.000,0.057) (0.000,0.178) (0.000,0.243) (0.000,0.215) (0.000,0.149) (0.000,0.058) (0.000,0.514) (0.000,0.295) (0.000,0.123) (0.000,0.229) 
174      456    (0)    7 :  0.048 0.009 0.391 0.076 0.006 0.020 0.104 0.041 0.007 0.045 0.008 0.018 0.027 0.018 0.041 0.010 0.042 0.029 0.026 0.033     (0.000,0.372) (0.000,0.049) (0.000,0.977) (0.000,0.636) (0.000,0.031) (0.000,0.117) (0.000,0.767) (0.000,0.305) (0.000,0.042) (0.000,0.345) (0.000,0.048) (0.000,0.104) (0.000,0.168) (0.000,0.102) (0.000,0.311) (0.000,0.058) (0.000,0.312) (0.000,0.182) (0.000,0.152) (0.000,0.218) 
175      457    (0)    8 :  0.021 0.010 0.343 0.024 0.007 0.014 0.030 0.019 0.009 0.026 0.009 0.009 0.016 0.090 0.017 0.007 0.179 0.052 0.099 0.020     (0.000,0.122) (0.000,0.058) (0.000,0.970) (0.000,0.152) (0.000,0.033) (0.000,0.077) (0.000,0.200) (0.000,0.111) (0.000,0.053) (0.000,0.167) (0.000,0.051) (0.000,0.048) (0.000,0.087) (0.000,0.706) (0.000,0.104) (0.000,0.039) (0.000,0.915) (0.000,0.412) (0.000,0.737) (0.000,0.114) 
176      462    (0)   13 :  0.047 0.005 0.059 0.030 0.006 0.028 0.031 0.038 0.004 0.065 0.004 0.007 0.061 0.072 0.016 0.013 0.327 0.068 0.073 0.046     (0.000,0.355) (0.000,0.025) (0.000,0.486) (0.000,0.197) (0.000,0.033) (0.000,0.177) (0.000,0.206) (0.000,0.262) (0.000,0.022) (0.000,0.544) (0.000,0.022) (0.000,0.035) (0.000,0.500) (0.000,0.607) (0.000,0.090) (0.000,0.079) (0.000,0.972) (0.000,0.578) (0.000,0.614) (0.000,0.348) 
177      463    (0)   13 :  0.049 0.008 0.086 0.034 0.021 0.023 0.056 0.066 0.005 0.062 0.006 0.009 0.057 0.131 0.027 0.011 0.090 0.072 0.146 0.042     (0.000,0.380) (0.000,0.043) (0.000,0.661) (0.000,0.237) (0.000,0.140) (0.000,0.142) (0.000,0.443) (0.000,0.535) (0.000,0.030) (0.000,0.497) (0.000,0.031) (0.000,0.047) (0.000,0.464) (0.000,0.836) (0.000,0.173) (0.000,0.063) (0.000,0.663) (0.000,0.596) (0.000,0.875) (0.000,0.313) 
178      464    (0)    3 :  0.054 0.005 0.278 0.026 0.008 0.013 0.282 0.019 0.004 0.063 0.005 0.009 0.015 0.016 0.026 0.005 0.113 0.026 0.016 0.017     (0.000,0.436) (0.000,0.025) (0.000,0.960) (0.000,0.166) (0.000,0.040) (0.000,0.074) (0.000,0.966) (0.000,0.113) (0.000,0.023) (0.000,0.532) (0.000,0.024) (0.000,0.048) (0.000,0.083) (0.000,0.088) (0.000,0.177) (0.000,0.029) (0.000,0.803) (0.000,0.150) (0.000,0.089) (0.000,0.097) 
179      467    (0)    4 :  0.036 0.007 0.345 0.108 0.006 0.026 0.043 0.038 0.008 0.061 0.009 0.011 0.076 0.019 0.026 0.007 0.057 0.037 0.032 0.049     (0.000,0.248) (0.000,0.040) (0.000,0.971) (0.000,0.783) (0.000,0.032) (0.000,0.171) (0.000,0.312) (0.000,0.272) (0.000,0.043) (0.000,0.510) (0.000,0.049) (0.000,0.057) (0.000,0.606) (0.000,0.108) (0.000,0.163) (0.000,0.038) (0.000,0.456) (0.000,0.253) (0.000,0.213) (0.000,0.384) 
180      472    (0)    3 :  0.076 0.011 0.177 0.095 0.006 0.048 0.072 0.031 0.012 0.072 0.012 0.011 0.043 0.049 0.034 0.008 0.068 0.058 0.048 0.069     (0.000,0.628) (0.000,0.065) (0.000,0.903) (0.000,0.725) (0.000,0.031) (0.000,0.373) (0.000,0.597) (0.000,0.203) (0.000,0.078) (0.000,0.596) (0.000,0.072) (0.000,0.062) (0.000,0.315) (0.000,0.375) (0.000,0.242) (0.000,0.046) (0.000,0.549) (0.000,0.479) (0.000,0.371) (0.000,0.572) 
181      474    (0)   18 :  0.045 0.007 0.075 0.147 0.006 0.045 0.028 0.039 0.009 0.049 0.009 0.012 0.060 0.070 0.017 0.019 0.123 0.085 0.062 0.093     (0.000,0.342) (0.000,0.041) (0.000,0.609) (0.000,0.877) (0.000,0.028) (0.000,0.345) (0.000,0.180) (0.000,0.280) (0.000,0.054) (0.000,0.376) (0.000,0.050) (0.000,0.069) (0.000,0.493) (0.000,0.578) (0.000,0.094) (0.000,0.116) (0.000,0.822) (0.000,0.691) (0.000,0.512) (0.000,0.729) 
182      475    (0)   15 :  0.064 0.008 0.117 0.040 0.007 0.029 0.103 0.091 0.006 0.143 0.008 0.010 0.039 0.028 0.072 0.024 0.046 0.064 0.046 0.054     (0.000,0.525) (0.000,0.044) (0.000,0.796) (0.000,0.289) (0.000,0.035) (0.000,0.198) (0.000,0.760) (0.000,0.698) (0.000,0.033) (0.000,0.866) (0.000,0.049) (0.000,0.055) (0.000,0.278) (0.000,0.177) (0.000,0.563) (0.000,0.171) (0.000,0.353) (0.000,0.532) (0.000,0.352) (0.000,0.437) 
183      484   (12)    4 :  0.052 0.017 0.231 0.064 0.008 0.025 0.240 0.017 0.016 0.088 0.018 0.010 0.014 0.016 0.093 0.004 0.023 0.021 0.016 0.029     (0.000,0.411) (0.000,0.116) (0.000,0.944) (0.000,0.529) (0.000,0.041) (0.000,0.149) (0.000,0.951) (0.000,0.098) (0.000,0.101) (0.000,0.711) (0.000,0.121) (0.000,0.055) (0.000,0.072) (0.000,0.087) (0.000,0.686) (0.000,0.024) (0.000,0.143) (0.000,0.114) (0.000,0.082) (0.000,0.175) 
184      485    (0)   13 :  0.055 0.012 0.041 0.293 0.009 0.053 0.034 0.025 0.011 0.038 0.013 0.014 0.066 0.080 0.060 0.010 0.024 0.054 0.049 0.059     (0.000,0.451) (0.000,0.068) (0.000,0.294) (0.000,0.964) (0.000,0.052) (0.000,0.426) (0.000,0.227) (0.000,0.149) (0.000,0.069) (0.000,0.263) (0.000,0.078) (0.000,0.084) (0.000,0.551) (0.000,0.662) (0.000,0.484) (0.000,0.056) (0.000,0.141) (0.000,0.435) (0.000,0.388) (0.000,0.481) 
185      486    (0)   18 :  0.111 0.012 0.035 0.068 0.010 0.026 0.025 0.031 0.012 0.027 0.011 0.009 0.028 0.297 0.038 0.023 0.041 0.118 0.047 0.030     (0.000,0.756) (0.000,0.074) (0.000,0.246) (0.000,0.523) (0.000,0.057) (0.000,0.174) (0.000,0.160) (0.000,0.216) (0.000,0.072) (0.000,0.175) (0.000,0.065) (0.000,0.048) (0.000,0.186) (0.000,0.953) (0.000,0.278) (0.000,0.160) (0.000,0.309) (0.000,0.780) (0.000,0.364) (0.000,0.199) 
186      489    (0)    1 :  0.084 0.019 0.038 0.056 0.031 0.031 0.096 0.029 0.011 0.066 0.013 0.034 0.125 0.061 0.049 0.018 0.088 0.043 0.074 0.035     (0.000,0.662) (0.000,0.134) (0.000,0.282) (0.000,0.437) (0.000,0.220) (0.000,0.209) (0.000,0.705) (0.000,0.189) (0.000,0.072) (0.000,0.531) (0.000,0.086) (0.000,0.250) (0.000,0.792) (0.000,0.489) (0.000,0.380) (0.000,0.116) (0.000,0.673) (0.000,0.319) (0.000,0.593) (0.000,0.242) 
187      490    (0)    7 :  0.086 0.018 0.040 0.060 0.029 0.031 0.125 0.024 0.012 0.060 0.013 0.022 0.109 0.067 0.068 0.012 0.096 0.040 0.058 0.031     (0.000,0.677) (0.000,0.122) (0.000,0.298) (0.000,0.470) (0.000,0.205) (0.000,0.213) (0.000,0.804) (0.000,0.147) (0.000,0.074) (0.000,0.486) (0.000,0.085) (0.000,0.158) (0.000,0.745) (0.000,0.547) (0.000,0.529) (0.000,0.070) (0.000,0.713) (0.000,0.290) (0.000,0.469) (0.000,0.209) 
188      494    (0)    7 :  0.093 0.035 0.102 0.118 0.023 0.031 0.152 0.027 0.016 0.073 0.025 0.015 0.029 0.048 0.057 0.009 0.045 0.030 0.033 0.039     (0.000,0.717) (0.000,0.265) (0.000,0.745) (0.000,0.799) (0.000,0.153) (0.000,0.215) (0.000,0.862) (0.000,0.177) (0.000,0.103) (0.000,0.585) (0.000,0.184) (0.000,0.088) (0.000,0.194) (0.000,0.371) (0.000,0.454) (0.000,0.054) (0.000,0.347) (0.000,0.192) (0.000,0.228) (0.000,0.288) 
189      500   (12)   13 :  0.045 0.005 0.047 0.068 0.015 0.030 0.044 0.045 0.005 0.026 0.005 0.008 0.091 0.173 0.030 0.046 0.065 0.078 0.095 0.079     (0.000,0.339) (0.000,0.026) (0.000,0.354) (0.000,0.544) (0.000,0.093) (0.000,0.205) (0.000,0.328) (0.000,0.346) (0.000,0.024) (0.000,0.164) (0.000,0.024) (0.000,0.046) (0.000,0.690) (0.000,0.907) (0.000,0.202) (0.000,0.338) (0.000,0.518) (0.000,0.643) (0.000,0.734) (0.000,0.632) 
190      502    (0)   13 :  0.036 0.006 0.084 0.046 0.018 0.021 0.045 0.073 0.005 0.041 0.005 0.010 0.088 0.100 0.034 0.013 0.165 0.048 0.129 0.036     (0.000,0.241) (0.000,0.030) (0.000,0.694) (0.000,0.354) (0.000,0.105) (0.000,0.122) (0.000,0.334) (0.000,0.609) (0.000,0.024) (0.000,0.299) (0.000,0.026) (0.000,0.051) (0.000,0.719) (0.000,0.774) (0.000,0.226) (0.000,0.074) (0.000,0.906) (0.000,0.366) (0.000,0.860) (0.000,0.243) 
191      507   (12)   18 :  0.044 0.008 0.078 0.044 0.016 0.084 0.067 0.117 0.007 0.032 0.009 0.014 0.052 0.131 0.080 0.012 0.043 0.082 0.033 0.047     (0.000,0.332) (0.000,0.047) (0.000,0.628) (0.000,0.331) (0.000,0.098) (0.000,0.608) (0.000,0.527) (0.000,0.792) (0.000,0.040) (0.000,0.215) (0.000,0.056) (0.000,0.088) (0.000,0.409) (0.000,0.834) (0.000,0.605) (0.000,0.076) (0.000,0.317) (0.000,0.657) (0.000,0.224) (0.000,0.356) 
192      509    (0)   14 :  0.041 0.008 0.082 0.061 0.014 0.028 0.085 0.064 0.007 0.038 0.008 0.005 0.035 0.117 0.201 0.013 0.063 0.052 0.048 0.032     (0.000,0.300) (0.000,0.044) (0.000,0.673) (0.000,0.488) (0.000,0.084) (0.000,0.181) (0.000,0.667) (0.000,0.526) (0.000,0.041) (0.000,0.266) (0.000,0.049) (0.000,0.028) (0.000,0.232) (0.000,0.819) (0.000,0.921) (0.000,0.080) (0.000,0.505) (0.000,0.413) (0.000,0.367) (0.000,0.211) 
193      512    (0)   20 :  0.113 0.030 0.088 0.098 0.022 0.043 0.169 0.020 0.018 0.068 0.042 0.012 0.034 0.037 0.053 0.015 0.025 0.033 0.035 0.045     (0.000,0.792) (0.000,0.221) (0.000,0.677) (0.000,0.707) (0.000,0.147) (0.000,0.322) (0.000,0.885) (0.000,0.122) (0.000,0.126) (0.000,0.551) (0.000,0.306) (0.000,0.067) (0.000,0.240) (0.000,0.267) (0.000,0.422) (0.000,0.094) (0.000,0.155) (0.000,0.229) (0.000,0.245) (0.000,0.349) 
194      513   (12)   14 :  0.026 0.007 0.088 0.188 0.017 0.021 0.045 0.045 0.007 0.031 0.007 0.009 0.050 0.096 0.058 0.008 0.147 0.048 0.066 0.036     (0.000,0.159) (0.000,0.038) (0.000,0.712) (0.000,0.925) (0.000,0.103) (0.000,0.120) (0.000,0.337) (0.000,0.342) (0.000,0.039) (0.000,0.199) (0.000,0.040) (0.000,0.051) (0.000,0.393) (0.000,0.753) (0.000,0.460) (0.000,0.048) (0.000,0.878) (0.000,0.375) (0.000,0.551) (0.000,0.247) 
195      514   (12)    1 :  0.077 0.032 0.074 0.094 0.032 0.075 0.080 0.018 0.018 0.053 0.030 0.017 0.066 0.056 0.097 0.008 0.058 0.037 0.038 0.040     (0.000,0.605) (0.000,0.240) (0.000,0.581) (0.000,0.662) (0.000,0.231) (0.000,0.538) (0.000,0.595) (0.000,0.109) (0.000,0.124) (0.000,0.418) (0.000,0.224) (0.000,0.106) (0.000,0.483) (0.000,0.431) (0.000,0.664) (0.000,0.043) (0.000,0.450) (0.000,0.263) (0.000,0.280) (0.000,0.298) 
196      515    (0)   16 :  0.010 0.009 0.008 0.009 0.005 0.011 0.007 0.011 0.009 0.009 0.008 0.009 0.013 0.011 0.008 0.821 0.012 0.010 0.009 0.010     (0.000,0.055) (0.000,0.050) (0.000,0.046) (0.000,0.050) (0.000,0.029) (0.000,0.066) (0.000,0.040) (0.000,0.065) (0.000,0.051) (0.000,0.051) (0.000,0.046) (0.000,0.051) (0.000,0.079) (0.000,0.060) (0.000,0.047) (0.493,0.994) (0.000,0.068) (0.000,0.057) (0.000,0.053) (0.000,0.055) 
197      518    (0)   16 :  0.011 0.018 0.009 0.008 0.006 0.009 0.010 0.011 0.015 0.010 0.015 0.014 0.011 0.010 0.009 0.793 0.010 0.010 0.011 0.010     (0.000,0.065) (0.000,0.123) (0.000,0.049) (0.000,0.043) (0.000,0.035) (0.000,0.053) (0.000,0.054) (0.000,0.060) (0.000,0.098) (0.000,0.056) (0.000,0.093) (0.000,0.083) (0.000,0.065) (0.000,0.058) (0.000,0.052) (0.432,0.992) (0.000,0.055) (0.000,0.054) (0.000,0.064) (0.000,0.056) 
198      519    (0)   16 :  0.009 0.007 0.007 0.007 0.006 0.010 0.007 0.010 0.006 0.009 0.007 0.008 0.012 0.009 0.007 0.843 0.009 0.009 0.009 0.008     (0.000,0.049) (0.000,0.038) (0.000,0.040) (0.000,0.038) (0.000,0.033) (0.000,0.058) (0.000,0.037) (0.000,0.058) (0.000,0.035) (0.000,0.047) (0.000,0.040) (0.000,0.047) (0.000,0.074) (0.000,0.049) (0.000,0.037) (0.542,0.995) (0.000,0.048) (0.000,0.048) (0.000,0.049) (0.000,0.047) 
199      520    (0)   16 :  0.029 0.012 0.026 0.019 0.011 0.026 0.025 0.028 0.010 0.027 0.012 0.019 0.048 0.034 0.023 0.510 0.050 0.029 0.036 0.024     (0.000,0.216) (0.000,0.069) (0.000,0.184) (0.000,0.130) (0.000,0.067) (0.000,0.189) (0.000,0.179) (0.000,0.200) (0.000,0.063) (0.000,0.201) (0.000,0.074) (0.000,0.127) (0.000,0.366) (0.000,0.259) (0.000,0.165) (0.097,0.869) (0.000,0.360) (0.000,0.216) (0.000,0.271) (0.000,0.168) 
200      521    (0)   16 :  0.052 0.016 0.019 0.040 0.008 0.054 0.042 0.031 0.013 0.022 0.007 0.018 0.054 0.047 0.019 0.403 0.012 0.071 0.035 0.035     (0.000,0.401) (0.000,0.109) (0.000,0.120) (0.000,0.297) (0.000,0.040) (0.000,0.401) (0.000,0.311) (0.000,0.215) (0.000,0.088) (0.000,0.141) (0.000,0.041) (0.000,0.122) (0.000,0.395) (0.000,0.355) (0.000,0.124) (0.000,0.830) (0.000,0.071) (0.000,0.498) (0.000,0.258) (0.000,0.253) 
201      523   (12)   16 :  0.024 0.030 0.031 0.022 0.008 0.030 0.018 0.025 0.035 0.023 0.041 0.091 0.033 0.015 0.022 0.474 0.016 0.019 0.018 0.024     (0.000,0.169) (0.000,0.222) (0.000,0.225) (0.000,0.153) (0.000,0.042) (0.000,0.220) (0.000,0.116) (0.000,0.167) (0.000,0.254) (0.000,0.157) (0.000,0.295) (0.000,0.635) (0.000,0.246) (0.000,0.091) (0.000,0.158) (0.000,0.880) (0.000,0.094) (0.000,0.122) (0.000,0.111) (0.000,0.166) 
202      524    (0)   16 :  0.013 0.007 0.011 0.013 0.006 0.014 0.010 0.013 0.007 0.011 0.007 0.012 0.015 0.016 0.008 0.778 0.014 0.014 0.016 0.016     (0.000,0.073) (0.000,0.041) (0.000,0.064) (0.000,0.073) (0.000,0.029) (0.000,0.084) (0.000,0.052) (0.000,0.074) (0.000,0.041) (0.000,0.062) (0.000,0.040) (0.000,0.066) (0.000,0.088) (0.000,0.096) (0.000,0.045) (0.383,0.992) (0.000,0.085) (0.000,0.085) (0.000,0.100) (0.000,0.099) 
203      526    (0)   19 :  0.024 0.021 0.011 0.018 0.007 0.010 0.019 0.009 0.010 0.014 0.011 0.031 0.008 0.014 0.011 0.012 0.008 0.018 0.722 0.021     (0.000,0.153) (0.000,0.146) (0.000,0.058) (0.000,0.116) (0.000,0.038) (0.000,0.052) (0.000,0.116) (0.000,0.050) (0.000,0.064) (0.000,0.079) (0.000,0.071) (0.000,0.226) (0.000,0.042) (0.000,0.081) (0.000,0.064) (0.000,0.075) (0.000,0.043) (0.000,0.098) (0.230,0.989) (0.000,0.133) 
204      531    (0)    1 :  0.097 0.009 0.025 0.204 0.005 0.159 0.034 0.029 0.008 0.063 0.009 0.010 0.026 0.031 0.133 0.007 0.017 0.042 0.018 0.072     (0.000,0.773) (0.000,0.052) (0.000,0.143) (0.000,0.936) (0.000,0.028) (0.000,0.902) (0.000,0.224) (0.000,0.186) (0.000,0.046) (0.000,0.535) (0.000,0.055) (0.000,0.061) (0.000,0.161) (0.000,0.192) (0.000,0.855) (0.000,0.038) (0.000,0.093) (0.000,0.304) (0.000,0.099) (0.000,0.620) 
205      532    (0)   19 :  0.054 0.012 0.024 0.041 0.007 0.038 0.040 0.032 0.009 0.025 0.010 0.074 0.016 0.035 0.024 0.018 0.036 0.188 0.254 0.062     (0.000,0.426) (0.000,0.072) (0.000,0.157) (0.000,0.308) (0.000,0.039) (0.000,0.280) (0.000,0.300) (0.000,0.234) (0.000,0.055) (0.000,0.158) (0.000,0.061) (0.000,0.452) (0.000,0.094) (0.000,0.252) (0.000,0.161) (0.000,0.123) (0.000,0.265) (0.000,0.889) (0.000,0.859) (0.000,0.484) 
206      533    (0)   18 :  0.108 0.011 0.023 0.067 0.006 0.116 0.032 0.037 0.010 0.060 0.010 0.019 0.057 0.043 0.026 0.009 0.021 0.073 0.035 0.237     (0.000,0.805) (0.000,0.068) (0.000,0.135) (0.000,0.528) (0.000,0.030) (0.000,0.807) (0.000,0.207) (0.000,0.266) (0.000,0.057) (0.000,0.500) (0.000,0.064) (0.000,0.129) (0.000,0.460) (0.000,0.316) (0.000,0.166) (0.000,0.052) (0.000,0.123) (0.000,0.625) (0.000,0.239) (0.000,0.951) 
207      534    (0)    1 :  0.087 0.017 0.059 0.091 0.010 0.229 0.032 0.025 0.008 0.141 0.012 0.016 0.013 0.034 0.028 0.011 0.014 0.040 0.019 0.114     (0.000,0.639) (0.000,0.116) (0.000,0.452) (0.000,0.631) (0.000,0.056) (0.000,0.826) (0.000,0.224) (0.000,0.172) (0.000,0.046) (0.000,0.780) (0.000,0.075) (0.000,0.107) (0.000,0.074) (0.000,0.235) (0.000,0.189) (0.000,0.066) (0.000,0.080) (0.000,0.287) (0.000,0.116) (0.000,0.729) 
208      541    (0)    7 :  0.076 0.019 0.046 0.129 0.008 0.056 0.043 0.065 0.015 0.066 0.015 0.026 0.036 0.052 0.040 0.010 0.044 0.065 0.051 0.138     (0.000,0.623) (0.000,0.129) (0.000,0.352) (0.000,0.814) (0.000,0.041) (0.000,0.453) (0.000,0.315) (0.000,0.520) (0.000,0.097) (0.000,0.544) (0.000,0.100) (0.000,0.184) (0.000,0.258) (0.000,0.415) (0.000,0.293) (0.000,0.057) (0.000,0.334) (0.000,0.540) (0.000,0.404) (0.000,0.859) 
209      542    (0)    1 :  0.122 0.017 0.052 0.092 0.006 0.056 0.084 0.040 0.017 0.058 0.018 0.015 0.019 0.020 0.197 0.009 0.025 0.048 0.023 0.083     (0.000,0.839) (0.000,0.115) (0.000,0.418) (0.000,0.696) (0.000,0.030) (0.000,0.455) (0.000,0.681) (0.000,0.303) (0.000,0.112) (0.000,0.478) (0.000,0.121) (0.000,0.094) (0.000,0.111) (0.000,0.115) (0.000,0.916) (0.000,0.051) (0.000,0.159) (0.000,0.373) (0.000,0.131) (0.000,0.678) 
210      544    (0)   18 :  0.070 0.015 0.036 0.032 0.010 0.031 0.121 0.039 0.010 0.040 0.015 0.062 0.082 0.083 0.019 0.029 0.039 0.127 0.040 0.101     (0.000,0.553) (0.000,0.103) (0.000,0.259) (0.000,0.231) (0.000,0.052) (0.000,0.217) (0.000,0.729) (0.000,0.289) (0.000,0.064) (0.000,0.296) (0.000,0.099) (0.000,0.416) (0.000,0.583) (0.000,0.630) (0.000,0.114) (0.000,0.210) (0.000,0.297) (0.000,0.784) (0.000,0.300) (0.000,0.718) 
211      545    (0)   19 :  0.093 0.014 0.043 0.067 0.007 0.040 0.058 0.068 0.010 0.062 0.012 0.023 0.040 0.056 0.047 0.022 0.065 0.087 0.062 0.124     (0.000,0.720) (0.000,0.091) (0.000,0.324) (0.000,0.522) (0.000,0.036) (0.000,0.294) (0.000,0.466) (0.000,0.542) (0.000,0.058) (0.000,0.509) (0.000,0.076) (0.000,0.162) (0.000,0.292) (0.000,0.457) (0.000,0.361) (0.000,0.147) (0.000,0.521) (0.000,0.698) (0.000,0.508) (0.000,0.832) 
212      546    (0)    7 :  0.120 0.012 0.034 0.058 0.009 0.104 0.068 0.054 0.007 0.098 0.009 0.021 0.038 0.037 0.043 0.012 0.028 0.057 0.040 0.152     (0.000,0.825) (0.000,0.072) (0.000,0.235) (0.000,0.463) (0.000,0.046) (0.000,0.756) (0.000,0.549) (0.000,0.428) (0.000,0.037) (0.000,0.757) (0.000,0.051) (0.000,0.140) (0.000,0.276) (0.000,0.259) (0.000,0.321) (0.000,0.069) (0.000,0.178) (0.000,0.464) (0.000,0.291) (0.000,0.889) 
213      548   (12)    7 :  0.188 0.009 0.029 0.081 0.007 0.034 0.033 0.052 0.008 0.104 0.008 0.012 0.019 0.033 0.037 0.013 0.034 0.057 0.028 0.214     (0.000,0.926) (0.000,0.050) (0.000,0.185) (0.000,0.638) (0.000,0.033) (0.000,0.242) (0.000,0.230) (0.000,0.409) (0.000,0.047) (0.000,0.766) (0.000,0.048) (0.000,0.071) (0.000,0.110) (0.000,0.215) (0.000,0.272) (0.000,0.072) (0.000,0.234) (0.000,0.465) (0.000,0.181) (0.000,0.938) 
214      552   (25)   18 :  0.074 0.036 0.048 0.077 0.009 0.043 0.127 0.039 0.036 0.044 0.030 0.030 0.024 0.035 0.112 0.007 0.025 0.051 0.035 0.119     (0.000,0.612) (0.000,0.268) (0.000,0.371) (0.000,0.597) (0.000,0.046) (0.000,0.326) (0.000,0.829) (0.000,0.290) (0.000,0.275) (0.000,0.336) (0.000,0.216) (0.000,0.212) (0.000,0.144) (0.000,0.240) (0.000,0.756) (0.000,0.036) (0.000,0.157) (0.000,0.401) (0.000,0.237) (0.000,0.818) 
215      554    (0)   13 :  0.051 0.006 0.250 0.149 0.007 0.034 0.018 0.026 0.006 0.114 0.007 0.007 0.099 0.026 0.035 0.008 0.029 0.058 0.030 0.042     (0.000,0.400) (0.000,0.031) (0.000,0.941) (0.000,0.878) (0.000,0.034) (0.000,0.244) (0.000,0.100) (0.000,0.162) (0.000,0.033) (0.000,0.803) (0.000,0.037) (0.000,0.039) (0.000,0.735) (0.000,0.163) (0.000,0.247) (0.000,0.042) (0.000,0.196) (0.000,0.474) (0.000,0.193) (0.000,0.305) 
216      555    (0)    7 :  0.139 0.008 0.121 0.063 0.008 0.044 0.038 0.023 0.007 0.143 0.006 0.011 0.036 0.044 0.050 0.018 0.017 0.078 0.064 0.081     (0.000,0.870) (0.000,0.045) (0.000,0.774) (0.000,0.515) (0.000,0.042) (0.000,0.335) (0.000,0.273) (0.000,0.141) (0.000,0.041) (0.000,0.862) (0.000,0.033) (0.000,0.063) (0.000,0.252) (0.000,0.330) (0.000,0.392) (0.000,0.120) (0.000,0.097) (0.000,0.640) (0.000,0.522) (0.000,0.660) 
217      556   (12)   18 :  0.087 0.006 0.036 0.067 0.007 0.091 0.020 0.088 0.005 0.102 0.005 0.017 0.035 0.059 0.022 0.006 0.072 0.080 0.023 0.172     (0.000,0.689) (0.000,0.030) (0.000,0.249) (0.000,0.529) (0.000,0.038) (0.000,0.649) (0.000,0.120) (0.000,0.681) (0.000,0.028) (0.000,0.705) (0.000,0.028) (0.000,0.111) (0.000,0.248) (0.000,0.467) (0.000,0.143) (0.000,0.031) (0.000,0.542) (0.000,0.648) (0.000,0.139) (0.000,0.899) 
218      559    (0)    1 :  0.078 0.021 0.076 0.068 0.006 0.078 0.059 0.018 0.017 0.071 0.018 0.014 0.023 0.023 0.274 0.007 0.015 0.039 0.034 0.060     (0.000,0.662) (0.000,0.145) (0.000,0.630) (0.000,0.573) (0.000,0.029) (0.000,0.654) (0.000,0.494) (0.000,0.103) (0.000,0.107) (0.000,0.605) (0.000,0.122) (0.000,0.077) (0.000,0.132) (0.000,0.132) (0.000,0.958) (0.000,0.037) (0.000,0.082) (0.000,0.277) (0.000,0.225) (0.000,0.507) 
219      560    (0)    4 :  0.065 0.007 0.413 0.076 0.007 0.019 0.053 0.027 0.007 0.056 0.006 0.008 0.026 0.026 0.062 0.006 0.040 0.043 0.025 0.027     (0.000,0.543) (0.000,0.036) (0.000,0.977) (0.000,0.630) (0.000,0.038) (0.000,0.115) (0.000,0.412) (0.000,0.178) (0.000,0.038) (0.000,0.438) (0.000,0.035) (0.000,0.041) (0.000,0.163) (0.000,0.164) (0.000,0.489) (0.000,0.034) (0.000,0.293) (0.000,0.313) (0.000,0.154) (0.000,0.165) 
220      564    (0)   18 :  0.079 0.007 0.032 0.024 0.006 0.195 0.027 0.100 0.006 0.041 0.006 0.012 0.044 0.097 0.034 0.009 0.088 0.098 0.027 0.066     (0.000,0.659) (0.000,0.040) (0.000,0.207) (0.000,0.146) (0.000,0.032) (0.000,0.923) (0.000,0.169) (0.000,0.763) (0.000,0.033) (0.000,0.307) (0.000,0.031) (0.000,0.072) (0.000,0.329) (0.000,0.761) (0.000,0.244) (0.000,0.049) (0.000,0.678) (0.000,0.771) (0.000,0.166) (0.000,0.554) 
221      568    (0)    3 :  0.196 0.007 0.127 0.028 0.007 0.023 0.180 0.029 0.006 0.076 0.006 0.017 0.025 0.031 0.040 0.017 0.040 0.067 0.034 0.042     (0.000,0.930) (0.000,0.040) (0.000,0.799) (0.000,0.183) (0.000,0.038) (0.000,0.143) (0.000,0.907) (0.000,0.196) (0.000,0.031) (0.000,0.622) (0.000,0.031) (0.000,0.114) (0.000,0.158) (0.000,0.208) (0.000,0.306) (0.000,0.114) (0.000,0.294) (0.000,0.566) (0.000,0.236) (0.000,0.317) 
222      569    (0)   14 :  0.080 0.018 0.039 0.078 0.007 0.062 0.037 0.048 0.022 0.056 0.016 0.014 0.063 0.067 0.029 0.007 0.059 0.086 0.056 0.155     (0.000,0.658) (0.000,0.124) (0.000,0.281) (0.000,0.613) (0.000,0.037) (0.000,0.503) (0.000,0.258) (0.000,0.377) (0.000,0.162) (0.000,0.454) (0.000,0.105) (0.000,0.083) (0.000,0.517) (0.000,0.557) (0.000,0.193) (0.000,0.039) (0.000,0.479) (0.000,0.702) (0.000,0.451) (0.000,0.888) 
223      570    (0)    1 :  0.101 0.066 0.058 0.029 0.009 0.133 0.040 0.028 0.044 0.049 0.034 0.020 0.028 0.039 0.114 0.033 0.023 0.049 0.046 0.058     (0.000,0.730) (0.000,0.433) (0.000,0.467) (0.000,0.198) (0.000,0.046) (0.000,0.817) (0.000,0.307) (0.000,0.190) (0.000,0.306) (0.000,0.386) (0.000,0.245) (0.000,0.135) (0.000,0.177) (0.000,0.292) (0.000,0.717) (0.000,0.231) (0.000,0.142) (0.000,0.388) (0.000,0.359) (0.000,0.472) 
224      571    (0)   18 :  0.065 0.007 0.036 0.055 0.006 0.267 0.026 0.065 0.006 0.037 0.006 0.011 0.032 0.086 0.067 0.008 0.077 0.077 0.022 0.043     (0.000,0.550) (0.000,0.036) (0.000,0.241) (0.000,0.446) (0.000,0.031) (0.000,0.958) (0.000,0.161) (0.000,0.546) (0.000,0.033) (0.000,0.262) (0.000,0.034) (0.000,0.065) (0.000,0.209) (0.000,0.703) (0.000,0.530) (0.000,0.046) (0.000,0.608) (0.000,0.657) (0.000,0.123) (0.000,0.322) 
225      575    (0)   18 :  0.079 0.009 0.031 0.052 0.006 0.126 0.026 0.076 0.008 0.062 0.007 0.010 0.039 0.053 0.102 0.025 0.035 0.094 0.062 0.100     (0.000,0.660) (0.000,0.051) (0.000,0.202) (0.000,0.406) (0.000,0.031) (0.000,0.835) (0.000,0.160) (0.000,0.624) (0.000,0.043) (0.000,0.516) (0.000,0.036) (0.000,0.052) (0.000,0.276) (0.000,0.426) (0.000,0.771) (0.000,0.170) (0.000,0.236) (0.000,0.748) (0.000,0.509) (0.000,0.777) 
226      576    (0)    7 :  0.133 0.030 0.055 0.112 0.009 0.061 0.086 0.024 0.014 0.111 0.018 0.033 0.023 0.024 0.076 0.019 0.016 0.036 0.043 0.077     (0.000,0.856) (0.000,0.215) (0.000,0.447) (0.000,0.789) (0.000,0.051) (0.000,0.499) (0.000,0.684) (0.000,0.146) (0.000,0.087) (0.000,0.799) (0.000,0.114) (0.000,0.237) (0.000,0.139) (0.000,0.140) (0.000,0.613) (0.000,0.125) (0.000,0.093) (0.000,0.252) (0.000,0.325) (0.000,0.633) 
227      580    (0)   18 :  0.080 0.015 0.045 0.246 0.010 0.055 0.058 0.023 0.013 0.090 0.014 0.013 0.030 0.033 0.057 0.006 0.071 0.043 0.041 0.056     (0.000,0.671) (0.000,0.097) (0.000,0.341) (0.000,0.951) (0.000,0.054) (0.000,0.449) (0.000,0.477) (0.000,0.132) (0.000,0.083) (0.000,0.724) (0.000,0.088) (0.000,0.074) (0.000,0.187) (0.000,0.213) (0.000,0.458) (0.000,0.032) (0.000,0.582) (0.000,0.314) (0.000,0.306) (0.000,0.457) 
228      582    (0)    6 :  0.062 0.010 0.023 0.027 0.013 0.171 0.019 0.039 0.017 0.041 0.011 0.009 0.138 0.099 0.029 0.006 0.128 0.063 0.024 0.070     (0.000,0.506) (0.000,0.057) (0.000,0.136) (0.000,0.184) (0.000,0.077) (0.000,0.878) (0.000,0.113) (0.000,0.286) (0.000,0.123) (0.000,0.303) (0.000,0.066) (0.000,0.051) (0.000,0.819) (0.000,0.753) (0.000,0.200) (0.000,0.031) (0.000,0.832) (0.000,0.526) (0.000,0.144) (0.000,0.578) 
229      583    (0)   16 :  0.021 0.019 0.016 0.016 0.008 0.032 0.012 0.023 0.015 0.018 0.013 0.018 0.018 0.017 0.015 0.673 0.014 0.017 0.016 0.020     (0.000,0.134) (0.000,0.127) (0.000,0.091) (0.000,0.099) (0.000,0.040) (0.000,0.212) (0.000,0.065) (0.000,0.157) (0.000,0.095) (0.000,0.108) (0.000,0.081) (0.000,0.102) (0.000,0.105) (0.000,0.102) (0.000,0.088) (0.001,0.986) (0.000,0.086) (0.000,0.099) (0.000,0.096) (0.000,0.121) 
230      584    (0)   16 :  0.041 0.071 0.028 0.024 0.010 0.028 0.031 0.035 0.077 0.022 0.038 0.039 0.018 0.020 0.035 0.371 0.023 0.028 0.024 0.037     (0.000,0.310) (0.000,0.482) (0.000,0.192) (0.000,0.165) (0.000,0.053) (0.000,0.192) (0.000,0.226) (0.000,0.264) (0.000,0.468) (0.000,0.147) (0.000,0.292) (0.000,0.300) (0.000,0.105) (0.000,0.124) (0.000,0.262) (0.000,0.898) (0.000,0.161) (0.000,0.201) (0.000,0.163) (0.000,0.277) 
231      592    (0)    7 :  0.070 0.011 0.060 0.057 0.008 0.049 0.051 0.087 0.009 0.067 0.008 0.007 0.032 0.089 0.135 0.008 0.108 0.056 0.042 0.046     (0.000,0.593) (0.000,0.067) (0.000,0.501) (0.000,0.459) (0.000,0.042) (0.000,0.379) (0.000,0.406) (0.000,0.702) (0.000,0.055) (0.000,0.563) (0.000,0.046) (0.000,0.037) (0.000,0.206) (0.000,0.724) (0.000,0.856) (0.000,0.042) (0.000,0.800) (0.000,0.463) (0.000,0.304) (0.000,0.343) 
232      593    (0)   18 :  0.041 0.014 0.039 0.039 0.007 0.157 0.018 0.117 0.012 0.035 0.012 0.010 0.101 0.090 0.073 0.013 0.053 0.064 0.029 0.076     (0.000,0.304) (0.000,0.089) (0.000,0.281) (0.000,0.282) (0.000,0.035) (0.000,0.857) (0.000,0.105) (0.000,0.800) (0.000,0.079) (0.000,0.246) (0.000,0.071) (0.000,0.053) (0.000,0.732) (0.000,0.713) (0.000,0.585) (0.000,0.074) (0.000,0.423) (0.000,0.534) (0.000,0.181) (0.000,0.629) 
233      599    (0)    4 :  0.092 0.021 0.049 0.087 0.008 0.072 0.032 0.078 0.023 0.060 0.016 0.012 0.039 0.057 0.051 0.013 0.068 0.074 0.060 0.087     (0.000,0.726) (0.000,0.146) (0.000,0.380) (0.000,0.684) (0.000,0.040) (0.000,0.590) (0.000,0.212) (0.000,0.635) (0.000,0.164) (0.000,0.489) (0.000,0.104) (0.000,0.070) (0.000,0.284) (0.000,0.470) (0.000,0.406) (0.000,0.073) (0.000,0.555) (0.000,0.617) (0.000,0.487) (0.000,0.696) 
234      604    (0)   18 :  0.053 0.008 0.034 0.049 0.007 0.056 0.026 0.048 0.009 0.046 0.009 0.011 0.187 0.061 0.014 0.007 0.070 0.078 0.041 0.186     (0.000,0.429) (0.000,0.045) (0.000,0.222) (0.000,0.376) (0.000,0.035) (0.000,0.456) (0.000,0.152) (0.000,0.366) (0.000,0.053) (0.000,0.352) (0.000,0.051) (0.000,0.066) (0.000,0.921) (0.000,0.511) (0.000,0.079) (0.000,0.036) (0.000,0.579) (0.000,0.670) (0.000,0.292) (0.000,0.928) 
235      612    (0)   18 :  0.028 0.005 0.020 0.016 0.007 0.173 0.015 0.037 0.005 0.025 0.004 0.007 0.340 0.058 0.040 0.007 0.066 0.054 0.035 0.057     (0.000,0.173) (0.000,0.028) (0.000,0.116) (0.000,0.092) (0.000,0.038) (0.000,0.907) (0.000,0.084) (0.000,0.254) (0.000,0.024) (0.000,0.161) (0.000,0.023) (0.000,0.040) (0.000,0.973) (0.000,0.476) (0.000,0.299) (0.000,0.037) (0.000,0.543) (0.000,0.437) (0.000,0.245) (0.000,0.467) 
236      613    (0)   18 :  0.028 0.005 0.017 0.014 0.006 0.242 0.014 0.040 0.005 0.023 0.004 0.007 0.311 0.055 0.043 0.008 0.038 0.053 0.027 0.060     (0.000,0.175) (0.000,0.028) (0.000,0.096) (0.000,0.077) (0.000,0.032) (0.000,0.952) (0.000,0.076) (0.000,0.286) (0.000,0.024) (0.000,0.142) (0.000,0.023) (0.000,0.036) (0.000,0.969) (0.000,0.451) (0.000,0.319) (0.000,0.042) (0.000,0.270) (0.000,0.423) (0.000,0.169) (0.000,0.500) 
237      615    (0)   15 :  0.092 0.007 0.035 0.017 0.007 0.036 0.155 0.035 0.006 0.039 0.005 0.010 0.041 0.066 0.025 0.008 0.032 0.182 0.058 0.145     (0.000,0.730) (0.000,0.038) (0.000,0.234) (0.000,0.098) (0.000,0.038) (0.000,0.250) (0.000,0.869) (0.000,0.243) (0.000,0.032) (0.000,0.285) (0.000,0.028) (0.000,0.052) (0.000,0.304) (0.000,0.539) (0.000,0.165) (0.000,0.046) (0.000,0.224) (0.000,0.917) (0.000,0.470) (0.000,0.883) 
238      616    (0)   17 :  0.063 0.011 0.023 0.017 0.008 0.028 0.036 0.062 0.009 0.047 0.008 0.019 0.136 0.052 0.034 0.050 0.182 0.090 0.065 0.060     (0.000,0.520) (0.000,0.066) (0.000,0.141) (0.000,0.101) (0.000,0.041) (0.000,0.180) (0.000,0.255) (0.000,0.511) (0.000,0.051) (0.000,0.364) (0.000,0.046) (0.000,0.125) (0.000,0.825) (0.000,0.416) (0.000,0.241) (0.000,0.374) (0.000,0.905) (0.000,0.709) (0.000,0.533) (0.000,0.491) 
239      620    (0)   13 :  0.100 0.008 0.037 0.032 0.006 0.057 0.051 0.082 0.008 0.058 0.007 0.010 0.076 0.044 0.046 0.012 0.060 0.107 0.048 0.151     (0.000,0.771) (0.000,0.045) (0.000,0.254) (0.000,0.212) (0.000,0.031) (0.000,0.458) (0.000,0.397) (0.000,0.657) (0.000,0.045) (0.000,0.472) (0.000,0.040) (0.000,0.059) (0.000,0.623) (0.000,0.327) (0.000,0.354) (0.000,0.073) (0.000,0.483) (0.000,0.803) (0.000,0.368) (0.000,0.892) 
240      623    (0)   18 :  0.065 0.010 0.047 0.040 0.008 0.133 0.033 0.053 0.010 0.040 0.010 0.016 0.060 0.033 0.102 0.106 0.048 0.074 0.040 0.074     (0.000,0.527) (0.000,0.061) (0.000,0.356) (0.000,0.300) (0.000,0.043) (0.000,0.808) (0.000,0.230) (0.000,0.420) (0.000,0.065) (0.000,0.305) (0.000,0.060) (0.000,0.103) (0.000,0.482) (0.000,0.224) (0.000,0.683) (0.000,0.519) (0.000,0.377) (0.000,0.596) (0.000,0.295) (0.000,0.597) 
241      624    (0)    3 :  0.072 0.008 0.042 0.037 0.006 0.087 0.043 0.064 0.008 0.033 0.007 0.017 0.030 0.083 0.056 0.011 0.168 0.130 0.039 0.058     (0.000,0.604) (0.000,0.046) (0.000,0.306) (0.000,0.263) (0.000,0.032) (0.000,0.657) (0.000,0.327) (0.000,0.519) (0.000,0.044) (0.000,0.225) (0.000,0.041) (0.000,0.113) (0.000,0.195) (0.000,0.673) (0.000,0.438) (0.000,0.063) (0.000,0.883) (0.000,0.856) (0.000,0.282) (0.000,0.467) 
242      625    (0)   18 :  0.041 0.006 0.101 0.070 0.006 0.031 0.033 0.127 0.005 0.066 0.007 0.009 0.143 0.031 0.073 0.015 0.073 0.068 0.036 0.059     (0.000,0.296) (0.000,0.032) (0.000,0.760) (0.000,0.573) (0.000,0.033) (0.000,0.210) (0.000,0.218) (0.000,0.835) (0.000,0.026) (0.000,0.547) (0.000,0.035) (0.000,0.050) (0.000,0.863) (0.000,0.208) (0.000,0.582) (0.000,0.092) (0.000,0.596) (0.000,0.575) (0.000,0.253) (0.000,0.487) 
243      626    (0)   18 :  0.063 0.006 0.053 0.041 0.006 0.050 0.039 0.138 0.005 0.082 0.006 0.011 0.071 0.043 0.085 0.026 0.068 0.078 0.057 0.072     (0.000,0.527) (0.000,0.033) (0.000,0.419) (0.000,0.295) (0.000,0.033) (0.000,0.388) (0.000,0.278) (0.000,0.861) (0.000,0.026) (0.000,0.682) (0.000,0.029) (0.000,0.060) (0.000,0.592) (0.000,0.319) (0.000,0.674) (0.000,0.178) (0.000,0.555) (0.000,0.658) (0.000,0.465) (0.000,0.605) 
244      627    (0)   10 :  0.070 0.007 0.045 0.038 0.007 0.094 0.043 0.085 0.005 0.069 0.006 0.009 0.066 0.079 0.097 0.011 0.044 0.079 0.061 0.085     (0.000,0.590) (0.000,0.037) (0.000,0.340) (0.000,0.260) (0.000,0.036) (0.000,0.726) (0.000,0.314) (0.000,0.687) (0.000,0.028) (0.000,0.579) (0.000,0.030) (0.000,0.048) (0.000,0.553) (0.000,0.665) (0.000,0.741) (0.000,0.065) (0.000,0.327) (0.000,0.668) (0.000,0.503) (0.000,0.702) 
245      630    (0)   18 :  0.037 0.008 0.048 0.084 0.007 0.043 0.024 0.059 0.006 0.055 0.007 0.013 0.067 0.090 0.035 0.017 0.106 0.090 0.116 0.087     (0.000,0.254) (0.000,0.043) (0.000,0.371) (0.000,0.672) (0.000,0.037) (0.000,0.324) (0.000,0.141) (0.000,0.481) (0.000,0.035) (0.000,0.443) (0.000,0.037) (0.000,0.076) (0.000,0.563) (0.000,0.728) (0.000,0.242) (0.000,0.110) (0.000,0.770) (0.000,0.729) (0.000,0.826) (0.000,0.718) 
246      634    (0)   18 :  0.055 0.031 0.091 0.167 0.010 0.040 0.070 0.026 0.024 0.072 0.031 0.032 0.035 0.036 0.040 0.006 0.047 0.045 0.049 0.093     (0.000,0.446) (0.000,0.232) (0.000,0.702) (0.000,0.891) (0.000,0.053) (0.000,0.297) (0.000,0.574) (0.000,0.164) (0.000,0.173) (0.000,0.586) (0.000,0.233) (0.000,0.223) (0.000,0.248) (0.000,0.247) (0.000,0.295) (0.000,0.033) (0.000,0.358) (0.000,0.348) (0.000,0.382) (0.000,0.719) 
247      635   (12)    4 :  0.075 0.010 0.039 0.078 0.023 0.083 0.049 0.035 0.011 0.084 0.009 0.032 0.052 0.080 0.055 0.019 0.032 0.064 0.086 0.085     (0.000,0.618) (0.000,0.054) (0.000,0.278) (0.000,0.628) (0.000,0.157) (0.000,0.634) (0.000,0.377) (0.000,0.248) (0.000,0.065) (0.000,0.678) (0.000,0.052) (0.000,0.236) (0.000,0.411) (0.000,0.646) (0.000,0.435) (0.000,0.125) (0.000,0.226) (0.000,0.534) (0.000,0.679) (0.000,0.681) 
248      639    (0)   17 :  0.089 0.007 0.038 0.052 0.007 0.030 0.092 0.029 0.005 0.047 0.005 0.009 0.024 0.067 0.183 0.027 0.056 0.085 0.090 0.058     (0.000,0.716) (0.000,0.038) (0.000,0.258) (0.000,0.404) (0.000,0.040) (0.000,0.195) (0.000,0.720) (0.000,0.180) (0.000,0.029) (0.000,0.356) (0.000,0.028) (0.000,0.053) (0.000,0.141) (0.000,0.550) (0.000,0.900) (0.000,0.198) (0.000,0.439) (0.000,0.698) (0.000,0.708) (0.000,0.477) 
249      640    (0)   13 :  0.060 0.019 0.034 0.055 0.009 0.060 0.046 0.050 0.024 0.048 0.018 0.047 0.160 0.040 0.040 0.011 0.057 0.064 0.057 0.099     (0.000,0.494) (0.000,0.132) (0.000,0.239) (0.000,0.439) (0.000,0.051) (0.000,0.482) (0.000,0.353) (0.000,0.397) (0.000,0.177) (0.000,0.371) (0.000,0.122) (0.000,0.346) (0.000,0.876) (0.000,0.290) (0.000,0.297) (0.000,0.068) (0.000,0.457) (0.000,0.534) (0.000,0.463) (0.000,0.735) 
250      641    (0)    7 :  0.128 0.013 0.033 0.071 0.008 0.135 0.073 0.028 0.011 0.072 0.011 0.011 0.038 0.043 0.076 0.007 0.031 0.064 0.040 0.109     (0.000,0.858) (0.000,0.078) (0.000,0.216) (0.000,0.582) (0.000,0.041) (0.000,0.851) (0.000,0.599) (0.000,0.180) (0.000,0.064) (0.000,0.599) (0.000,0.062) (0.000,0.060) (0.000,0.262) (0.000,0.322) (0.000,0.617) (0.000,0.040) (0.000,0.197) (0.000,0.536) (0.000,0.284) (0.000,0.802) 
251      642    (0)    1 :  0.068 0.006 0.023 0.048 0.009 0.347 0.022 0.043 0.008 0.064 0.006 0.014 0.057 0.025 0.054 0.010 0.020 0.053 0.030 0.093     (0.000,0.587) (0.000,0.029) (0.000,0.130) (0.000,0.366) (0.000,0.050) (0.000,0.975) (0.000,0.127) (0.000,0.325) (0.000,0.045) (0.000,0.548) (0.000,0.035) (0.000,0.081) (0.000,0.469) (0.000,0.145) (0.000,0.439) (0.000,0.056) (0.000,0.114) (0.000,0.426) (0.000,0.180) (0.000,0.755) 
252      647    (0)    7 :  0.091 0.013 0.083 0.021 0.007 0.058 0.078 0.107 0.011 0.061 0.009 0.008 0.047 0.066 0.073 0.007 0.047 0.065 0.039 0.110     (0.000,0.726) (0.000,0.083) (0.000,0.668) (0.000,0.123) (0.000,0.036) (0.000,0.464) (0.000,0.640) (0.000,0.772) (0.000,0.066) (0.000,0.508) (0.000,0.053) (0.000,0.042) (0.000,0.356) (0.000,0.548) (0.000,0.574) (0.000,0.038) (0.000,0.356) (0.000,0.553) (0.000,0.281) (0.000,0.802) 
253      651    (0)   13 :  0.037 0.007 0.081 0.059 0.011 0.032 0.059 0.228 0.006 0.060 0.006 0.018 0.057 0.042 0.045 0.014 0.036 0.046 0.051 0.104     (0.000,0.254) (0.000,0.037) (0.000,0.674) (0.000,0.483) (0.000,0.060) (0.000,0.212) (0.000,0.485) (0.000,0.942) (0.000,0.030) (0.000,0.507) (0.000,0.030) (0.000,0.109) (0.000,0.469) (0.000,0.307) (0.000,0.340) (0.000,0.092) (0.000,0.253) (0.000,0.342) (0.000,0.399) (0.000,0.790) 
254      660    (0)    7 :  0.145 0.025 0.071 0.046 0.008 0.037 0.076 0.039 0.017 0.088 0.023 0.013 0.040 0.037 0.036 0.014 0.109 0.060 0.037 0.077     (0.000,0.867) (0.000,0.184) (0.000,0.588) (0.000,0.353) (0.000,0.043) (0.000,0.263) (0.000,0.619) (0.000,0.289) (0.000,0.120) (0.000,0.695) (0.000,0.165) (0.000,0.076) (0.000,0.294) (0.000,0.254) (0.000,0.259) (0.000,0.088) (0.000,0.755) (0.000,0.495) (0.000,0.265) (0.000,0.630) 
255      662   (12)   13 :  0.056 0.008 0.046 0.056 0.010 0.042 0.024 0.056 0.008 0.059 0.008 0.009 0.106 0.070 0.019 0.011 0.224 0.062 0.069 0.058     (0.000,0.457) (0.000,0.043) (0.000,0.351) (0.000,0.451) (0.000,0.051) (0.000,0.309) (0.000,0.134) (0.000,0.460) (0.000,0.042) (0.000,0.493) (0.000,0.043) (0.000,0.049) (0.000,0.789) (0.000,0.602) (0.000,0.106) (0.000,0.060) (0.000,0.946) (0.000,0.529) (0.000,0.590) (0.000,0.483) 
256      663   (12)   13 :  0.097 0.010 0.036 0.027 0.008 0.093 0.028 0.084 0.009 0.054 0.008 0.008 0.088 0.101 0.029 0.016 0.069 0.087 0.050 0.100     (0.000,0.768) (0.000,0.055) (0.000,0.239) (0.000,0.171) (0.000,0.039) (0.000,0.727) (0.000,0.168) (0.000,0.690) (0.000,0.050) (0.000,0.437) (0.000,0.044) (0.000,0.041) (0.000,0.703) (0.000,0.781) (0.000,0.190) (0.000,0.094) (0.000,0.580) (0.000,0.718) (0.000,0.394) (0.000,0.773) 
257      664    (0)   16 :  0.015 0.012 0.012 0.012 0.007 0.018 0.010 0.017 0.011 0.013 0.010 0.011 0.023 0.017 0.012 0.733 0.020 0.016 0.015 0.015     (0.000,0.092) (0.000,0.071) (0.000,0.067) (0.000,0.070) (0.000,0.035) (0.000,0.114) (0.000,0.056) (0.000,0.111) (0.000,0.072) (0.000,0.078) (0.000,0.060) (0.000,0.067) (0.000,0.157) (0.000,0.105) (0.000,0.069) (0.310,0.988) (0.000,0.130) (0.000,0.100) (0.000,0.091) (0.000,0.091) 
258      668    (0)    7 :  0.073 0.016 0.091 0.092 0.008 0.093 0.055 0.049 0.017 0.032 0.016 0.043 0.027 0.084 0.037 0.013 0.060 0.076 0.039 0.078     (0.000,0.596) (0.000,0.109) (0.000,0.699) (0.000,0.691) (0.000,0.044) (0.000,0.685) (0.000,0.436) (0.000,0.380) (0.000,0.112) (0.000,0.216) (0.000,0.108) (0.000,0.316) (0.000,0.174) (0.000,0.656) (0.000,0.276) (0.000,0.079) (0.000,0.459) (0.000,0.615) (0.000,0.282) (0.000,0.624) 
259      675    (0)    7 :  0.052 0.006 0.066 0.067 0.008 0.070 0.036 0.149 0.006 0.065 0.006 0.008 0.073 0.058 0.065 0.010 0.083 0.059 0.042 0.071     (0.000,0.411) (0.000,0.035) (0.000,0.558) (0.000,0.555) (0.000,0.038) (0.000,0.575) (0.000,0.247) (0.000,0.887) (0.000,0.032) (0.000,0.548) (0.000,0.032) (0.000,0.043) (0.000,0.607) (0.000,0.476) (0.000,0.535) (0.000,0.053) (0.000,0.679) (0.000,0.497) (0.000,0.308) (0.000,0.608) 
260      676    (0)   14 :  0.050 0.008 0.066 0.046 0.010 0.032 0.039 0.079 0.007 0.066 0.007 0.009 0.046 0.077 0.049 0.009 0.205 0.059 0.088 0.047     (0.000,0.397) (0.000,0.047) (0.000,0.561) (0.000,0.353) (0.000,0.051) (0.000,0.209) (0.000,0.277) (0.000,0.655) (0.000,0.037) (0.000,0.559) (0.000,0.036) (0.000,0.048) (0.000,0.346) (0.000,0.652) (0.000,0.383) (0.000,0.051) (0.000,0.936) (0.000,0.498) (0.000,0.717) (0.000,0.358) 
261      681    (0)   18 :  0.070 0.031 0.035 0.060 0.009 0.046 0.049 0.045 0.022 0.034 0.010 0.012 0.061 0.152 0.031 0.009 0.055 0.141 0.078 0.051     (0.000,0.584) (0.000,0.233) (0.000,0.248) (0.000,0.474) (0.000,0.048) (0.000,0.346) (0.000,0.388) (0.000,0.349) (0.000,0.155) (0.000,0.231) (0.000,0.056) (0.000,0.067) (0.000,0.488) (0.000,0.884) (0.000,0.208) (0.000,0.048) (0.000,0.439) (0.000,0.862) (0.000,0.622) (0.000,0.401) 
262      682    (0)   14 :  0.058 0.016 0.045 0.037 0.011 0.126 0.046 0.066 0.012 0.047 0.011 0.012 0.084 0.064 0.077 0.007 0.076 0.064 0.038 0.102     (0.000,0.464) (0.000,0.104) (0.000,0.344) (0.000,0.272) (0.000,0.060) (0.000,0.786) (0.000,0.348) (0.000,0.524) (0.000,0.076) (0.000,0.363) (0.000,0.068) (0.000,0.068) (0.000,0.636) (0.000,0.521) (0.000,0.598) (0.000,0.037) (0.000,0.606) (0.000,0.531) (0.000,0.273) (0.000,0.761) 
263      686    (0)   14 :  0.037 0.009 0.052 0.068 0.008 0.036 0.021 0.081 0.008 0.046 0.008 0.011 0.051 0.102 0.028 0.021 0.172 0.080 0.092 0.068     (0.000,0.256) (0.000,0.055) (0.000,0.415) (0.000,0.569) (0.000,0.039) (0.000,0.251) (0.000,0.120) (0.000,0.662) (0.000,0.046) (0.000,0.343) (0.000,0.047) (0.000,0.062) (0.000,0.408) (0.000,0.782) (0.000,0.173) (0.000,0.141) (0.000,0.909) (0.000,0.675) (0.000,0.731) (0.000,0.571) 
264      687    (0)   13 :  0.074 0.018 0.046 0.028 0.008 0.055 0.040 0.105 0.013 0.050 0.010 0.011 0.043 0.108 0.046 0.016 0.062 0.086 0.081 0.102     (0.000,0.616) (0.000,0.117) (0.000,0.344) (0.000,0.180) (0.000,0.038) (0.000,0.435) (0.000,0.281) (0.000,0.776) (0.000,0.081) (0.000,0.388) (0.000,0.060) (0.000,0.061) (0.000,0.317) (0.000,0.797) (0.000,0.354) (0.000,0.092) (0.000,0.517) (0.000,0.709) (0.000,0.672) (0.000,0.774) 
265      692   (12)   17 :  0.061 0.017 0.084 0.089 0.020 0.077 0.043 0.046 0.031 0.082 0.022 0.023 0.042 0.050 0.067 0.008 0.073 0.053 0.052 0.062     (0.000,0.500) (0.000,0.109) (0.000,0.643) (0.000,0.688) (0.000,0.130) (0.000,0.611) (0.000,0.318) (0.000,0.353) (0.000,0.230) (0.000,0.660) (0.000,0.153) (0.000,0.147) (0.000,0.319) (0.000,0.393) (0.000,0.541) (0.000,0.042) (0.000,0.581) (0.000,0.424) (0.000,0.411) (0.000,0.503) 
266      693    (0)    3 :  0.046 0.008 0.507 0.034 0.007 0.012 0.115 0.026 0.006 0.023 0.007 0.024 0.027 0.018 0.022 0.015 0.024 0.029 0.025 0.024     (0.000,0.355) (0.000,0.043) (0.000,0.983) (0.000,0.243) (0.000,0.040) (0.000,0.067) (0.000,0.787) (0.000,0.170) (0.000,0.031) (0.000,0.141) (0.000,0.036) (0.000,0.160) (0.000,0.182) (0.000,0.107) (0.000,0.137) (0.000,0.101) (0.000,0.148) (0.000,0.182) (0.000,0.161) (0.000,0.147) 
267      694    (0)   19 :  0.055 0.012 0.022 0.038 0.007 0.194 0.021 0.037 0.010 0.025 0.006 0.008 0.167 0.109 0.040 0.010 0.041 0.117 0.040 0.040     (0.000,0.439) (0.000,0.072) (0.000,0.134) (0.000,0.281) (0.000,0.038) (0.000,0.914) (0.000,0.128) (0.000,0.263) (0.000,0.059) (0.000,0.161) (0.000,0.034) (0.000,0.044) (0.000,0.890) (0.000,0.795) (0.000,0.293) (0.000,0.059) (0.000,0.306) (0.000,0.818) (0.000,0.292) (0.000,0.295) 
268      697    (0)   14 :  0.047 0.007 0.050 0.082 0.008 0.050 0.021 0.075 0.006 0.059 0.006 0.011 0.055 0.052 0.034 0.021 0.180 0.075 0.098 0.065     (0.000,0.355) (0.000,0.036) (0.000,0.386) (0.000,0.667) (0.000,0.041) (0.000,0.386) (0.000,0.119) (0.000,0.625) (0.000,0.034) (0.000,0.487) (0.000,0.033) (0.000,0.057) (0.000,0.447) (0.000,0.416) (0.000,0.225) (0.000,0.140) (0.000,0.916) (0.000,0.642) (0.000,0.760) (0.000,0.553) 
269      703    (0)    1 :  0.086 0.022 0.034 0.028 0.011 0.048 0.060 0.064 0.022 0.049 0.015 0.019 0.092 0.066 0.058 0.013 0.124 0.065 0.065 0.057     (0.000,0.687) (0.000,0.159) (0.000,0.240) (0.000,0.188) (0.000,0.061) (0.000,0.374) (0.000,0.490) (0.000,0.527) (0.000,0.159) (0.000,0.382) (0.000,0.097) (0.000,0.126) (0.000,0.688) (0.000,0.552) (0.000,0.468) (0.000,0.081) (0.000,0.817) (0.000,0.546) (0.000,0.536) (0.000,0.462) 
270      704    (0)    1 :  0.120 0.009 0.044 0.056 0.008 0.078 0.065 0.063 0.008 0.055 0.007 0.011 0.041 0.066 0.074 0.023 0.030 0.068 0.067 0.108     (0.000,0.838) (0.000,0.052) (0.000,0.322) (0.000,0.445) (0.000,0.043) (0.000,0.630) (0.000,0.534) (0.000,0.518) (0.000,0.045) (0.000,0.444) (0.000,0.038) (0.000,0.063) (0.000,0.300) (0.000,0.555) (0.000,0.599) (0.000,0.161) (0.000,0.197) (0.000,0.577) (0.000,0.551) (0.000,0.796) 
271      705    (0)   13 :  0.090 0.036 0.056 0.037 0.009 0.064 0.060 0.053 0.037 0.053 0.031 0.023 0.086 0.049 0.078 0.015 0.064 0.055 0.042 0.060     (0.000,0.691) (0.000,0.266) (0.000,0.446) (0.000,0.275) (0.000,0.047) (0.000,0.521) (0.000,0.488) (0.000,0.420) (0.000,0.270) (0.000,0.432) (0.000,0.230) (0.000,0.159) (0.000,0.636) (0.000,0.380) (0.000,0.593) (0.000,0.097) (0.000,0.509) (0.000,0.446) (0.000,0.320) (0.000,0.485) 
272      708    (0)    1 :  0.149 0.008 0.044 0.116 0.010 0.028 0.037 0.029 0.006 0.197 0.007 0.007 0.017 0.043 0.031 0.006 0.136 0.034 0.032 0.061     (0.000,0.892) (0.000,0.043) (0.000,0.328) (0.000,0.827) (0.000,0.054) (0.000,0.177) (0.000,0.261) (0.000,0.184) (0.000,0.035) (0.000,0.929) (0.000,0.039) (0.000,0.036) (0.000,0.098) (0.000,0.316) (0.000,0.214) (0.000,0.034) (0.000,0.862) (0.000,0.225) (0.000,0.218) (0.000,0.505) 
273      709    (0)   10 :  0.082 0.015 0.044 0.116 0.010 0.038 0.055 0.038 0.012 0.044 0.012 0.038 0.038 0.058 0.029 0.082 0.023 0.052 0.092 0.121     (0.000,0.671) (0.000,0.092) (0.000,0.331) (0.000,0.806) (0.000,0.054) (0.000,0.277) (0.000,0.445) (0.000,0.277) (0.000,0.076) (0.000,0.330) (0.000,0.069) (0.000,0.278) (0.000,0.279) (0.000,0.477) (0.000,0.190) (0.000,0.578) (0.000,0.144) (0.000,0.415) (0.000,0.717) (0.000,0.827) 
274      710    (0)   13 :  0.061 0.011 0.047 0.054 0.007 0.030 0.038 0.067 0.012 0.042 0.009 0.011 0.030 0.050 0.057 0.023 0.195 0.100 0.085 0.072     (0.000,0.506) (0.000,0.066) (0.000,0.356) (0.000,0.430) (0.000,0.036) (0.000,0.189) (0.000,0.269) (0.000,0.558) (0.000,0.072) (0.000,0.302) (0.000,0.052) (0.000,0.059) (0.000,0.188) (0.000,0.393) (0.000,0.458) (0.000,0.156) (0.000,0.922) (0.000,0.769) (0.000,0.684) (0.000,0.602) 
275      712    (0)   18 :  0.075 0.017 0.038 0.090 0.010 0.031 0.044 0.030 0.012 0.042 0.012 0.035 0.035 0.068 0.024 0.158 0.026 0.050 0.118 0.085     (0.000,0.627) (0.000,0.107) (0.000,0.265) (0.000,0.711) (0.000,0.055) (0.000,0.203) (0.000,0.325) (0.000,0.197) (0.000,0.075) (0.000,0.308) (0.000,0.074) (0.000,0.255) (0.000,0.243) (0.000,0.566) (0.000,0.142) (0.000,0.832) (0.000,0.173) (0.000,0.392) (0.000,0.817) (0.000,0.692) 
276      713    (0)   18 :  0.052 0.010 0.041 0.087 0.007 0.051 0.019 0.051 0.009 0.046 0.009 0.011 0.051 0.089 0.026 0.033 0.152 0.087 0.102 0.068     (0.000,0.411) (0.000,0.058) (0.000,0.292) (0.000,0.693) (0.000,0.036) (0.000,0.401) (0.000,0.103) (0.000,0.405) (0.000,0.053) (0.000,0.346) (0.000,0.051) (0.000,0.061) (0.000,0.406) (0.000,0.721) (0.000,0.162) (0.000,0.238) (0.000,0.884) (0.000,0.717) (0.000,0.776) (0.000,0.576) 
277      716    (0)    7 :  0.085 0.009 0.088 0.067 0.006 0.064 0.062 0.077 0.011 0.057 0.011 0.009 0.034 0.024 0.197 0.011 0.043 0.054 0.025 0.067     (0.000,0.708) (0.000,0.053) (0.000,0.711) (0.000,0.560) (0.000,0.030) (0.000,0.532) (0.000,0.523) (0.000,0.632) (0.000,0.064) (0.000,0.461) (0.000,0.064) (0.000,0.047) (0.000,0.235) (0.000,0.139) (0.000,0.926) (0.000,0.060) (0.000,0.317) (0.000,0.436) (0.000,0.149) (0.000,0.565) 
278      717    (0)   14 :  0.091 0.013 0.039 0.052 0.006 0.117 0.029 0.084 0.013 0.048 0.011 0.011 0.055 0.065 0.044 0.017 0.043 0.083 0.053 0.126     (0.000,0.735) (0.000,0.076) (0.000,0.275) (0.000,0.414) (0.000,0.032) (0.000,0.810) (0.000,0.178) (0.000,0.685) (0.000,0.084) (0.000,0.374) (0.000,0.066) (0.000,0.059) (0.000,0.450) (0.000,0.542) (0.000,0.335) (0.000,0.099) (0.000,0.319) (0.000,0.687) (0.000,0.431) (0.000,0.849) 
279      718    (0)   18 :  0.074 0.035 0.059 0.062 0.008 0.031 0.043 0.026 0.024 0.042 0.020 0.024 0.023 0.080 0.039 0.067 0.042 0.071 0.148 0.082     (0.000,0.605) (0.000,0.262) (0.000,0.475) (0.000,0.506) (0.000,0.041) (0.000,0.203) (0.000,0.321) (0.000,0.164) (0.000,0.176) (0.000,0.307) (0.000,0.140) (0.000,0.154) (0.000,0.139) (0.000,0.646) (0.000,0.287) (0.000,0.480) (0.000,0.325) (0.000,0.585) (0.000,0.865) (0.000,0.664) 
280      724   (12)   13 :  0.029 0.006 0.074 0.042 0.011 0.036 0.030 0.146 0.005 0.051 0.006 0.010 0.105 0.088 0.030 0.011 0.130 0.060 0.069 0.062     (0.000,0.177) (0.000,0.033) (0.000,0.628) (0.000,0.305) (0.000,0.053) (0.000,0.243) (0.000,0.189) (0.000,0.888) (0.000,0.027) (0.000,0.399) (0.000,0.031) (0.000,0.052) (0.000,0.800) (0.000,0.728) (0.000,0.183) (0.000,0.065) (0.000,0.861) (0.000,0.502) (0.000,0.593) (0.000,0.527) 
281      726    (0)    8 :  0.062 0.004 0.036 0.034 0.006 0.119 0.029 0.075 0.004 0.039 0.004 0.005 0.111 0.094 0.041 0.011 0.095 0.092 0.037 0.102     (0.000,0.519) (0.000,0.022) (0.000,0.243) (0.000,0.226) (0.000,0.030) (0.000,0.828) (0.000,0.186) (0.000,0.631) (0.000,0.022) (0.000,0.275) (0.000,0.023) (0.000,0.028) (0.000,0.809) (0.000,0.751) (0.000,0.300) (0.000,0.063) (0.000,0.744) (0.000,0.749) (0.000,0.255) (0.000,0.789) 
282      727    (0)   20 :  0.081 0.019 0.048 0.066 0.008 0.065 0.049 0.030 0.021 0.035 0.012 0.013 0.131 0.087 0.019 0.007 0.046 0.130 0.057 0.076     (0.000,0.661) (0.000,0.133) (0.000,0.373) (0.000,0.519) (0.000,0.040) (0.000,0.526) (0.000,0.379) (0.000,0.197) (0.000,0.148) (0.000,0.245) (0.000,0.073) (0.000,0.074) (0.000,0.818) (0.000,0.688) (0.000,0.114) (0.000,0.037) (0.000,0.363) (0.000,0.842) (0.000,0.464) (0.000,0.612) 
283      729    (0)   14 :  0.052 0.015 0.027 0.029 0.029 0.085 0.033 0.026 0.027 0.032 0.016 0.091 0.085 0.049 0.031 0.166 0.053 0.046 0.055 0.053     (0.000,0.406) (0.000,0.098) (0.000,0.181) (0.000,0.208) (0.000,0.206) (0.000,0.593) (0.000,0.245) (0.000,0.176) (0.000,0.194) (0.000,0.233) (0.000,0.113) (0.000,0.534) (0.000,0.618) (0.000,0.379) (0.000,0.231) (0.000,0.648) (0.000,0.406) (0.000,0.356) (0.000,0.436) (0.000,0.423) 
284      730    (0)   14 :  0.020 0.023 0.033 0.019 0.010 0.023 0.016 0.033 0.027 0.017 0.027 0.057 0.402 0.022 0.016 0.113 0.059 0.030 0.026 0.028     (0.000,0.117) (0.000,0.165) (0.000,0.243) (0.000,0.119) (0.000,0.056) (0.000,0.147) (0.000,0.090) (0.000,0.243) (0.000,0.202) (0.000,0.096) (0.000,0.199) (0.000,0.416) (0.000,0.967) (0.000,0.133) (0.000,0.096) (0.000,0.595) (0.000,0.475) (0.000,0.205) (0.000,0.173) (0.000,0.192) 
285      731    (0)   14 :  0.038 0.005 0.033 0.033 0.007 0.086 0.020 0.081 0.004 0.024 0.004 0.023 0.033 0.107 0.020 0.100 0.107 0.123 0.073 0.079     (0.000,0.268) (0.000,0.026) (0.000,0.215) (0.000,0.220) (0.000,0.039) (0.000,0.636) (0.000,0.121) (0.000,0.638) (0.000,0.022) (0.000,0.146) (0.000,0.022) (0.000,0.161) (0.000,0.227) (0.000,0.778) (0.000,0.119) (0.000,0.596) (0.000,0.695) (0.000,0.833) (0.000,0.583) (0.000,0.637) 
286      733    (0)   14 :  0.035 0.006 0.033 0.045 0.007 0.069 0.022 0.059 0.006 0.020 0.005 0.029 0.031 0.133 0.018 0.067 0.117 0.131 0.076 0.091     (0.000,0.241) (0.000,0.033) (0.000,0.221) (0.000,0.336) (0.000,0.039) (0.000,0.538) (0.000,0.129) (0.000,0.473) (0.000,0.031) (0.000,0.117) (0.000,0.029) (0.000,0.210) (0.000,0.207) (0.000,0.852) (0.000,0.102) (0.000,0.464) (0.000,0.730) (0.000,0.853) (0.000,0.602) (0.000,0.702) 
287      734    (0)   14 :  0.053 0.006 0.050 0.080 0.010 0.069 0.060 0.051 0.006 0.023 0.006 0.044 0.032 0.108 0.027 0.029 0.056 0.096 0.064 0.130     (0.000,0.423) (0.000,0.035) (0.000,0.388) (0.000,0.628) (0.000,0.052) (0.000,0.535) (0.000,0.474) (0.000,0.403) (0.000,0.035) (0.000,0.138) (0.000,0.031) (0.000,0.326) (0.000,0.218) (0.000,0.771) (0.000,0.178) (0.000,0.209) (0.000,0.425) (0.000,0.737) (0.000,0.513) (0.000,0.836) 
288      736   (12)   14 :  0.037 0.006 0.037 0.050 0.011 0.049 0.033 0.042 0.005 0.020 0.005 0.045 0.025 0.132 0.021 0.125 0.080 0.105 0.096 0.076     (0.000,0.265) (0.000,0.032) (0.000,0.259) (0.000,0.388) (0.000,0.060) (0.000,0.371) (0.000,0.229) (0.000,0.313) (0.000,0.028) (0.000,0.119) (0.000,0.027) (0.000,0.326) (0.000,0.157) (0.000,0.845) (0.000,0.123) (0.000,0.653) (0.000,0.550) (0.000,0.762) (0.000,0.711) (0.000,0.614) 
289      737    (0)   13 :  0.044 0.006 0.056 0.037 0.008 0.055 0.023 0.126 0.004 0.061 0.005 0.010 0.114 0.067 0.026 0.021 0.115 0.067 0.085 0.069     (0.000,0.321) (0.000,0.029) (0.000,0.461) (0.000,0.257) (0.000,0.040) (0.000,0.446) (0.000,0.134) (0.000,0.851) (0.000,0.024) (0.000,0.518) (0.000,0.027) (0.000,0.055) (0.000,0.828) (0.000,0.575) (0.000,0.154) (0.000,0.136) (0.000,0.823) (0.000,0.569) (0.000,0.709) (0.000,0.588) 
290      738    (0)   16 :  0.053 0.006 0.061 0.026 0.008 0.026 0.056 0.098 0.005 0.051 0.005 0.008 0.049 0.058 0.064 0.013 0.218 0.072 0.075 0.049     (0.000,0.422) (0.000,0.032) (0.000,0.510) (0.000,0.155) (0.000,0.041) (0.000,0.158) (0.000,0.453) (0.000,0.761) (0.000,0.027) (0.000,0.405) (0.000,0.027) (0.000,0.042) (0.000,0.379) (0.000,0.475) (0.000,0.525) (0.000,0.078) (0.000,0.946) (0.000,0.615) (0.000,0.630) (0.000,0.373) 
291      740    (0)    1 :  0.059 0.013 0.038 0.043 0.011 0.019 0.020 0.088 0.011 0.092 0.012 0.025 0.082 0.074 0.013 0.016 0.181 0.046 0.051 0.106     (0.000,0.476) (0.000,0.080) (0.000,0.279) (0.000,0.327) (0.000,0.058) (0.000,0.106) (0.000,0.111) (0.000,0.678) (0.000,0.073) (0.000,0.681) (0.000,0.074) (0.000,0.176) (0.000,0.605) (0.000,0.612) (0.000,0.073) (0.000,0.101) (0.000,0.909) (0.000,0.353) (0.000,0.398) (0.000,0.749) 
292      743    (0)    4 :  0.041 0.012 0.035 0.033 0.009 0.041 0.032 0.069 0.012 0.035 0.013 0.019 0.225 0.097 0.026 0.017 0.128 0.056 0.046 0.056     (0.000,0.304) (0.000,0.075) (0.000,0.250) (0.000,0.226) (0.000,0.046) (0.000,0.304) (0.000,0.209) (0.000,0.572) (0.000,0.076) (0.000,0.236) (0.000,0.084) (0.000,0.124) (0.000,0.938) (0.000,0.755) (0.000,0.167) (0.000,0.101) (0.000,0.847) (0.000,0.460) (0.000,0.350) (0.000,0.452) 
293      753    (0)   18 :  0.079 0.006 0.056 0.042 0.007 0.046 0.076 0.062 0.006 0.048 0.005 0.007 0.046 0.047 0.119 0.009 0.158 0.074 0.052 0.056     (0.000,0.666) (0.000,0.029) (0.000,0.458) (0.000,0.303) (0.000,0.036) (0.000,0.345) (0.000,0.633) (0.000,0.514) (0.000,0.031) (0.000,0.364) (0.000,0.029) (0.000,0.035) (0.000,0.344) (0.000,0.359) (0.000,0.811) (0.000,0.050) (0.000,0.898) (0.000,0.634) (0.000,0.411) (0.000,0.451) 
294      754    (0)    7 :  0.076 0.008 0.038 0.039 0.006 0.116 0.029 0.076 0.009 0.042 0.008 0.011 0.080 0.069 0.031 0.018 0.045 0.091 0.067 0.142     (0.000,0.649) (0.000,0.047) (0.000,0.259) (0.000,0.276) (0.000,0.032) (0.000,0.815) (0.000,0.181) (0.000,0.630) (0.000,0.050) (0.000,0.303) (0.000,0.045) (0.000,0.059) (0.000,0.670) (0.000,0.582) (0.000,0.202) (0.000,0.104) (0.000,0.338) (0.000,0.744) (0.000,0.563) (0.000,0.884) 
295      755    (0)   17 :  0.053 0.011 0.032 0.047 0.008 0.090 0.037 0.065 0.016 0.031 0.014 0.018 0.242 0.050 0.034 0.012 0.060 0.058 0.030 0.091     (0.000,0.433) (0.000,0.069) (0.000,0.219) (0.000,0.362) (0.000,0.041) (0.000,0.701) (0.000,0.252) (0.000,0.545) (0.000,0.112) (0.000,0.196) (0.000,0.093) (0.000,0.121) (0.000,0.945) (0.000,0.396) (0.000,0.234) (0.000,0.067) (0.000,0.497) (0.000,0.482) (0.000,0.193) (0.000,0.714) 
296      756    (0)   18 :  0.120 0.039 0.032 0.103 0.020 0.026 0.137 0.013 0.016 0.053 0.021 0.068 0.022 0.043 0.017 0.036 0.027 0.036 0.085 0.088     (0.000,0.815) (0.000,0.294) (0.000,0.208) (0.000,0.758) (0.000,0.127) (0.000,0.164) (0.000,0.844) (0.000,0.069) (0.000,0.106) (0.000,0.423) (0.000,0.149) (0.000,0.514) (0.000,0.133) (0.000,0.321) (0.000,0.093) (0.000,0.272) (0.000,0.184) (0.000,0.248) (0.000,0.657) (0.000,0.688) 
297      758   (12)    3 :  0.059 0.007 0.041 0.074 0.009 0.065 0.034 0.049 0.006 0.039 0.006 0.013 0.064 0.082 0.036 0.070 0.042 0.084 0.103 0.117     (0.000,0.487) (0.000,0.035) (0.000,0.300) (0.000,0.612) (0.000,0.047) (0.000,0.528) (0.000,0.230) (0.000,0.380) (0.000,0.033) (0.000,0.278) (0.000,0.033) (0.000,0.073) (0.000,0.525) (0.000,0.675) (0.000,0.253) (0.000,0.510) (0.000,0.317) (0.000,0.695) (0.000,0.774) (0.000,0.823) 
298      760    (0)    3 :  0.077 0.008 0.048 0.023 0.007 0.046 0.092 0.064 0.007 0.038 0.009 0.011 0.020 0.050 0.173 0.017 0.145 0.107 0.028 0.031     (0.000,0.638) (0.000,0.045) (0.000,0.368) (0.000,0.136) (0.000,0.035) (0.000,0.345) (0.000,0.712) (0.000,0.519) (0.000,0.037) (0.000,0.267) (0.000,0.053) (0.000,0.071) (0.000,0.112) (0.000,0.385) (0.000,0.851) (0.000,0.113) (0.000,0.834) (0.000,0.794) (0.000,0.181) (0.000,0.199) 
299      761    (0)    1 :  0.058 0.010 0.087 0.145 0.011 0.035 0.070 0.041 0.008 0.060 0.014 0.021 0.086 0.026 0.052 0.046 0.013 0.049 0.053 0.114     (0.000,0.473) (0.000,0.056) (0.000,0.662) (0.000,0.841) (0.000,0.062) (0.000,0.247) (0.000,0.567) (0.000,0.305) (0.000,0.044) (0.000,0.486) (0.000,0.090) (0.000,0.139) (0.000,0.639) (0.000,0.156) (0.000,0.410) (0.000,0.330) (0.000,0.070) (0.000,0.381) (0.000,0.418) (0.000,0.800) 
300      764    (0)    4 :  0.098 0.022 0.037 0.042 0.008 0.060 0.092 0.038 0.019 0.051 0.018 0.016 0.032 0.043 0.070 0.025 0.013 0.073 0.081 0.161     (0.000,0.756) (0.000,0.151) (0.000,0.262) (0.000,0.310) (0.000,0.045) (0.000,0.480) (0.000,0.720) (0.000,0.270) (0.000,0.127) (0.000,0.411) (0.000,0.119) (0.000,0.101) (0.000,0.206) (0.000,0.320) (0.000,0.564) (0.000,0.177) (0.000,0.072) (0.000,0.608) (0.000,0.659) (0.000,0.890) 
301      765    (0)   18 :  0.070 0.008 0.045 0.050 0.008 0.078 0.044 0.045 0.007 0.068 0.009 0.008 0.044 0.062 0.111 0.022 0.044 0.103 0.094 0.079     (0.000,0.588) (0.000,0.046) (0.000,0.339) (0.000,0.395) (0.000,0.040) (0.000,0.636) (0.000,0.330) (0.000,0.340) (0.000,0.040) (0.000,0.571) (0.000,0.052) (0.000,0.042) (0.000,0.323) (0.000,0.512) (0.000,0.786) (0.000,0.152) (0.000,0.332) (0.000,0.781) (0.000,0.732) (0.000,0.652) 
302      767    (0)   18 :  0.044 0.031 0.088 0.040 0.013 0.040 0.040 0.103 0.032 0.047 0.047 0.022 0.050 0.032 0.047 0.106 0.066 0.053 0.043 0.056     (0.000,0.340) (0.000,0.230) (0.000,0.663) (0.000,0.306) (0.000,0.073) (0.000,0.293) (0.000,0.304) (0.000,0.675) (0.000,0.231) (0.000,0.371) (0.000,0.324) (0.000,0.155) (0.000,0.393) (0.000,0.222) (0.000,0.369) (0.000,0.527) (0.000,0.503) (0.000,0.421) (0.000,0.326) (0.000,0.450) 
303      768    (0)   13 :  0.058 0.044 0.055 0.039 0.014 0.092 0.038 0.060 0.031 0.053 0.046 0.020 0.040 0.043 0.039 0.116 0.036 0.055 0.038 0.083     (0.000,0.460) (0.000,0.312) (0.000,0.433) (0.000,0.299) (0.000,0.084) (0.000,0.651) (0.000,0.285) (0.000,0.466) (0.000,0.224) (0.000,0.419) (0.000,0.314) (0.000,0.138) (0.000,0.297) (0.000,0.338) (0.000,0.303) (0.000,0.550) (0.000,0.264) (0.000,0.441) (0.000,0.277) (0.000,0.623) 
304      770    (0)   18 :  0.053 0.018 0.033 0.020 0.009 0.091 0.033 0.098 0.018 0.029 0.019 0.023 0.055 0.102 0.040 0.041 0.139 0.103 0.034 0.042     (0.000,0.417) (0.000,0.126) (0.000,0.226) (0.000,0.122) (0.000,0.050) (0.000,0.660) (0.000,0.230) (0.000,0.717) (0.000,0.126) (0.000,0.194) (0.000,0.132) (0.000,0.167) (0.000,0.424) (0.000,0.742) (0.000,0.305) (0.000,0.300) (0.000,0.807) (0.000,0.747) (0.000,0.240) (0.000,0.314) 
305      771    (0)    7 :  0.064 0.016 0.085 0.039 0.008 0.029 0.180 0.037 0.014 0.061 0.024 0.007 0.017 0.017 0.294 0.008 0.025 0.029 0.015 0.033     (0.000,0.541) (0.000,0.104) (0.000,0.698) (0.000,0.279) (0.000,0.043) (0.000,0.180) (0.000,0.918) (0.000,0.260) (0.000,0.091) (0.000,0.518) (0.000,0.171) (0.000,0.035) (0.000,0.090) (0.000,0.092) (0.000,0.961) (0.000,0.044) (0.000,0.147) (0.000,0.178) (0.000,0.076) (0.000,0.217) 
306      774    (0)    7 :  0.150 0.013 0.044 0.055 0.009 0.113 0.068 0.035 0.010 0.099 0.016 0.006 0.035 0.057 0.100 0.017 0.038 0.054 0.032 0.049     (0.000,0.887) (0.000,0.083) (0.000,0.326) (0.000,0.448) (0.000,0.049) (0.000,0.790) (0.000,0.553) (0.000,0.246) (0.000,0.057) (0.000,0.759) (0.000,0.110) (0.000,0.034) (0.000,0.234) (0.000,0.460) (0.000,0.747) (0.000,0.111) (0.000,0.270) (0.000,0.434) (0.000,0.211) (0.000,0.377) 
307      775    (0)    7 :  0.112 0.020 0.060 0.086 0.010 0.036 0.107 0.038 0.019 0.087 0.031 0.009 0.027 0.031 0.087 0.015 0.079 0.056 0.038 0.051     (0.000,0.797) (0.000,0.143) (0.000,0.492) (0.000,0.658) (0.000,0.057) (0.000,0.251) (0.000,0.767) (0.000,0.275) (0.000,0.134) (0.000,0.693) (0.000,0.234) (0.000,0.051) (0.000,0.168) (0.000,0.207) (0.000,0.654) (0.000,0.096) (0.000,0.618) (0.000,0.455) (0.000,0.268) (0.000,0.400) 
308      776    (0)   16 :  0.011 0.007 0.009 0.009 0.006 0.013 0.008 0.011 0.006 0.010 0.007 0.008 0.013 0.011 0.008 0.822 0.009 0.011 0.011 0.011     (0.000,0.060) (0.000,0.036) (0.000,0.052) (0.000,0.047) (0.000,0.031) (0.000,0.081) (0.000,0.044) (0.000,0.066) (0.000,0.033) (0.000,0.054) (0.000,0.037) (0.000,0.043) (0.000,0.076) (0.000,0.062) (0.000,0.045) (0.495,0.994) (0.000,0.053) (0.000,0.062) (0.000,0.063) (0.000,0.066) 
309      777   (12)   13 :  0.023 0.023 0.030 0.015 0.020 0.022 0.063 0.048 0.029 0.023 0.031 0.204 0.220 0.028 0.027 0.021 0.041 0.038 0.025 0.067     (0.000,0.153) (0.000,0.167) (0.000,0.221) (0.000,0.088) (0.000,0.121) (0.000,0.139) (0.000,0.486) (0.000,0.378) (0.000,0.213) (0.000,0.151) (0.000,0.232) (0.000,0.710) (0.000,0.919) (0.000,0.193) (0.000,0.197) (0.000,0.148) (0.000,0.309) (0.000,0.281) (0.000,0.164) (0.000,0.504) 
310      778    (0)   10 :  0.055 0.012 0.056 0.025 0.013 0.022 0.062 0.058 0.008 0.056 0.011 0.014 0.074 0.107 0.016 0.033 0.051 0.071 0.152 0.104     (0.000,0.446) (0.000,0.075) (0.000,0.459) (0.000,0.151) (0.000,0.070) (0.000,0.127) (0.000,0.508) (0.000,0.471) (0.000,0.048) (0.000,0.451) (0.000,0.069) (0.000,0.084) (0.000,0.599) (0.000,0.788) (0.000,0.091) (0.000,0.246) (0.000,0.403) (0.000,0.596) (0.000,0.881) (0.000,0.774) 
311      787    (0)   14 :  0.043 0.007 0.043 0.037 0.006 0.154 0.024 0.078 0.008 0.025 0.010 0.011 0.040 0.123 0.028 0.024 0.097 0.134 0.037 0.068     (0.000,0.320) (0.000,0.040) (0.000,0.320) (0.000,0.264) (0.000,0.034) (0.000,0.867) (0.000,0.150) (0.000,0.633) (0.000,0.045) (0.000,0.152) (0.000,0.064) (0.000,0.067) (0.000,0.296) (0.000,0.832) (0.000,0.187) (0.000,0.174) (0.000,0.703) (0.000,0.862) (0.000,0.260) (0.000,0.564) 
312      790    (0)   13 :  0.046 0.023 0.042 0.024 0.010 0.048 0.052 0.117 0.026 0.041 0.030 0.021 0.169 0.051 0.036 0.024 0.038 0.064 0.043 0.094     (0.000,0.359) (0.000,0.163) (0.000,0.318) (0.000,0.153) (0.000,0.054) (0.000,0.379) (0.000,0.414) (0.000,0.780) (0.000,0.190) (0.000,0.299) (0.000,0.222) (0.000,0.147) (0.000,0.885) (0.000,0.403) (0.000,0.260) (0.000,0.169) (0.000,0.269) (0.000,0.528) (0.000,0.323) (0.000,0.707) 
313      793    (0)    7 :  0.059 0.020 0.137 0.054 0.010 0.019 0.120 0.038 0.018 0.029 0.024 0.020 0.038 0.055 0.037 0.015 0.073 0.071 0.105 0.059     (0.000,0.483) (0.000,0.140) (0.000,0.838) (0.000,0.427) (0.000,0.050) (0.000,0.107) (0.000,0.783) (0.000,0.267) (0.000,0.122) (0.000,0.184) (0.000,0.177) (0.000,0.128) (0.000,0.275) (0.000,0.442) (0.000,0.268) (0.000,0.095) (0.000,0.581) (0.000,0.585) (0.000,0.763) (0.000,0.480) 
314      802   (12)    7 :  0.140 0.019 0.133 0.012 0.010 0.031 0.103 0.039 0.017 0.062 0.015 0.047 0.106 0.032 0.016 0.012 0.057 0.062 0.030 0.057     (0.000,0.838) (0.000,0.133) (0.000,0.729) (0.000,0.064) (0.000,0.055) (0.000,0.212) (0.000,0.726) (0.000,0.291) (0.000,0.117) (0.000,0.501) (0.000,0.104) (0.000,0.332) (0.000,0.663) (0.000,0.222) (0.000,0.095) (0.000,0.073) (0.000,0.454) (0.000,0.511) (0.000,0.197) (0.000,0.452) 
315      803   (12)   18 :  0.055 0.006 0.043 0.052 0.008 0.091 0.016 0.115 0.007 0.039 0.007 0.024 0.017 0.087 0.015 0.006 0.236 0.076 0.019 0.080     (0.000,0.435) (0.000,0.034) (0.000,0.316) (0.000,0.401) (0.000,0.039) (0.000,0.658) (0.000,0.092) (0.000,0.809) (0.000,0.037) (0.000,0.290) (0.000,0.036) (0.000,0.172) (0.000,0.098) (0.000,0.695) (0.000,0.090) (0.000,0.034) (0.000,0.938) (0.000,0.633) (0.000,0.106) (0.000,0.612) 
316      804   (12)   20 :  0.071 0.008 0.038 0.043 0.015 0.134 0.037 0.067 0.014 0.069 0.010 0.013 0.084 0.076 0.038 0.007 0.059 0.071 0.033 0.112     (0.000,0.593) (0.000,0.047) (0.000,0.269) (0.000,0.320) (0.000,0.094) (0.000,0.828) (0.000,0.255) (0.000,0.539) (0.000,0.090) (0.000,0.576) (0.000,0.062) (0.000,0.079) (0.000,0.672) (0.000,0.627) (0.000,0.279) (0.000,0.039) (0.000,0.473) (0.000,0.597) (0.000,0.217) (0.000,0.800) 
317      805   (12)    7 :  0.030 0.006 0.100 0.067 0.012 0.039 0.049 0.187 0.005 0.064 0.006 0.010 0.069 0.040 0.073 0.006 0.083 0.047 0.040 0.067     (0.000,0.187) (0.000,0.031) (0.000,0.780) (0.000,0.558) (0.000,0.060) (0.000,0.278) (0.000,0.385) (0.000,0.929) (0.000,0.028) (0.000,0.545) (0.000,0.031) (0.000,0.054) (0.000,0.585) (0.000,0.288) (0.000,0.607) (0.000,0.034) (0.000,0.674) (0.000,0.356) (0.000,0.279) (0.000,0.572) 
318      806    (0)    7 :  0.062 0.011 0.104 0.024 0.010 0.015 0.295 0.057 0.007 0.028 0.006 0.015 0.019 0.048 0.103 0.012 0.034 0.042 0.063 0.045     (0.000,0.519) (0.000,0.065) (0.000,0.777) (0.000,0.146) (0.000,0.050) (0.000,0.084) (0.000,0.962) (0.000,0.459) (0.000,0.037) (0.000,0.174) (0.000,0.032) (0.000,0.090) (0.000,0.109) (0.000,0.369) (0.000,0.758) (0.000,0.076) (0.000,0.240) (0.000,0.304) (0.000,0.514) (0.000,0.334) 
319      807   (12)   18 :  0.032 0.007 0.062 0.031 0.010 0.030 0.038 0.120 0.005 0.054 0.005 0.009 0.040 0.107 0.073 0.013 0.142 0.076 0.091 0.055     (0.000,0.207) (0.000,0.038) (0.000,0.513) (0.000,0.200) (0.000,0.050) (0.000,0.193) (0.000,0.267) (0.000,0.835) (0.000,0.029) (0.000,0.434) (0.000,0.029) (0.000,0.046) (0.000,0.281) (0.000,0.802) (0.000,0.611) (0.000,0.078) (0.000,0.876) (0.000,0.644) (0.000,0.731) (0.000,0.451) 
320      810   (12)   14 :  0.030 0.008 0.057 0.093 0.010 0.025 0.026 0.042 0.008 0.044 0.008 0.011 0.042 0.088 0.034 0.011 0.247 0.066 0.102 0.046     (0.000,0.188) (0.000,0.046) (0.000,0.472) (0.000,0.749) (0.000,0.051) (0.000,0.150) (0.000,0.157) (0.000,0.306) (0.000,0.043) (0.000,0.330) (0.000,0.047) (0.000,0.060) (0.000,0.305) (0.000,0.729) (0.000,0.230) (0.000,0.065) (0.000,0.955) (0.000,0.571) (0.000,0.789) (0.000,0.347) 
321      811   (12)    1 :  0.175 0.011 0.065 0.065 0.007 0.052 0.039 0.044 0.011 0.128 0.010 0.007 0.018 0.044 0.085 0.007 0.029 0.047 0.027 0.129     (0.000,0.917) (0.000,0.062) (0.000,0.542) (0.000,0.527) (0.000,0.035) (0.000,0.410) (0.000,0.288) (0.000,0.330) (0.000,0.064) (0.000,0.838) (0.000,0.061) (0.000,0.036) (0.000,0.102) (0.000,0.324) (0.000,0.640) (0.000,0.036) (0.000,0.181) (0.000,0.353) (0.000,0.166) (0.000,0.845) 
322      812   (25)    9 :  0.054 0.102 0.039 0.035 0.008 0.041 0.059 0.028 0.194 0.030 0.069 0.020 0.025 0.041 0.077 0.009 0.033 0.047 0.039 0.051     (0.000,0.423) (0.000,0.570) (0.000,0.293) (0.000,0.258) (0.000,0.043) (0.000,0.314) (0.000,0.453) (0.000,0.193) (0.000,0.707) (0.000,0.211) (0.000,0.465) (0.000,0.127) (0.000,0.161) (0.000,0.312) (0.000,0.535) (0.000,0.048) (0.000,0.246) (0.000,0.363) (0.000,0.294) (0.000,0.399) 
323      813   (25)   18 :  0.098 0.014 0.038 0.034 0.009 0.120 0.043 0.065 0.014 0.049 0.010 0.010 0.044 0.065 0.090 0.015 0.032 0.085 0.063 0.103     (0.000,0.772) (0.000,0.081) (0.000,0.262) (0.000,0.224) (0.000,0.045) (0.000,0.824) (0.000,0.313) (0.000,0.545) (0.000,0.082) (0.000,0.386) (0.000,0.058) (0.000,0.053) (0.000,0.329) (0.000,0.545) (0.000,0.726) (0.000,0.084) (0.000,0.202) (0.000,0.705) (0.000,0.531) (0.000,0.786) 
324      814   (25)   13 :  0.047 0.027 0.039 0.028 0.052 0.040 0.079 0.044 0.024 0.048 0.037 0.226 0.046 0.029 0.050 0.021 0.021 0.044 0.046 0.050     (0.000,0.369) (0.000,0.200) (0.000,0.302) (0.000,0.204) (0.000,0.370) (0.000,0.307) (0.000,0.569) (0.000,0.337) (0.000,0.171) (0.000,0.377) (0.000,0.275) (0.000,0.649) (0.000,0.358) (0.000,0.198) (0.000,0.390) (0.000,0.152) (0.000,0.135) (0.000,0.338) (0.000,0.349) (0.000,0.388) 
325      815   (25)   19 :  0.025 0.006 0.028 0.029 0.009 0.213 0.014 0.042 0.005 0.027 0.006 0.010 0.255 0.054 0.062 0.014 0.073 0.047 0.037 0.043     (0.000,0.150) (0.000,0.032) (0.000,0.176) (0.000,0.197) (0.000,0.050) (0.000,0.933) (0.000,0.075) (0.000,0.307) (0.000,0.029) (0.000,0.177) (0.000,0.033) (0.000,0.052) (0.000,0.954) (0.000,0.441) (0.000,0.506) (0.000,0.081) (0.000,0.600) (0.000,0.366) (0.000,0.260) (0.000,0.314) 
326      816   (25)   20 :  0.047 0.023 0.126 0.067 0.019 0.019 0.133 0.019 0.033 0.223 0.028 0.033 0.016 0.017 0.025 0.007 0.104 0.022 0.020 0.019     (0.000,0.355) (0.000,0.165) (0.000,0.776) (0.000,0.551) (0.000,0.129) (0.000,0.117) (0.000,0.826) (0.000,0.118) (0.000,0.247) (0.000,0.934) (0.000,0.209) (0.000,0.233) (0.000,0.087) (0.000,0.097) (0.000,0.165) (0.000,0.036) (0.000,0.714) (0.000,0.127) (0.000,0.111) (0.000,0.104) 
327      818    (0)   17 :  0.058 0.006 0.100 0.030 0.006 0.012 0.053 0.061 0.006 0.229 0.006 0.008 0.024 0.040 0.012 0.006 0.230 0.034 0.024 0.054     (0.000,0.467) (0.000,0.034) (0.000,0.750) (0.000,0.201) (0.000,0.031) (0.000,0.067) (0.000,0.422) (0.000,0.479) (0.000,0.031) (0.000,0.942) (0.000,0.031) (0.000,0.046) (0.000,0.150) (0.000,0.288) (0.000,0.069) (0.000,0.035) (0.000,0.944) (0.000,0.231) (0.000,0.148) (0.000,0.421) 
328      822   (25)    7 :  0.027 0.013 0.106 0.023 0.014 0.009 0.393 0.025 0.008 0.166 0.014 0.011 0.013 0.012 0.021 0.010 0.091 0.017 0.014 0.014     (0.000,0.158) (0.000,0.077) (0.000,0.790) (0.000,0.126) (0.000,0.079) (0.000,0.047) (0.000,0.981) (0.000,0.158) (0.000,0.041) (0.000,0.915) (0.000,0.088) (0.000,0.058) (0.000,0.070) (0.000,0.063) (0.000,0.130) (0.000,0.059) (0.000,0.713) (0.000,0.088) (0.000,0.074) (0.000,0.073) 
329      824   (12)   17 :  0.066 0.006 0.096 0.029 0.007 0.013 0.064 0.058 0.005 0.340 0.005 0.007 0.019 0.031 0.019 0.006 0.145 0.029 0.018 0.037     (0.000,0.554) (0.000,0.030) (0.000,0.744) (0.000,0.181) (0.000,0.035) (0.000,0.073) (0.000,0.519) (0.000,0.468) (0.000,0.027) (0.000,0.973) (0.000,0.027) (0.000,0.036) (0.000,0.110) (0.000,0.200) (0.000,0.124) (0.000,0.032) (0.000,0.881) (0.000,0.178) (0.000,0.099) (0.000,0.264) 
330      825    (0)    7 :  0.053 0.031 0.111 0.102 0.015 0.025 0.165 0.038 0.021 0.053 0.011 0.019 0.059 0.082 0.035 0.006 0.042 0.058 0.050 0.024     (0.000,0.422) (0.000,0.231) (0.000,0.722) (0.000,0.701) (0.000,0.090) (0.000,0.165) (0.000,0.880) (0.000,0.276) (0.000,0.154) (0.000,0.418) (0.000,0.065) (0.000,0.114) (0.000,0.464) (0.000,0.628) (0.000,0.256) (0.000,0.031) (0.000,0.321) (0.000,0.459) (0.000,0.388) (0.000,0.147) 
331      826    (0)    7 :  0.039 0.026 0.209 0.069 0.014 0.017 0.135 0.043 0.023 0.060 0.018 0.021 0.033 0.059 0.036 0.006 0.068 0.034 0.059 0.032     (0.000,0.281) (0.000,0.191) (0.000,0.921) (0.000,0.544) (0.000,0.084) (0.000,0.097) (0.000,0.839) (0.000,0.324) (0.000,0.165) (0.000,0.479) (0.000,0.126) (0.000,0.133) (0.000,0.227) (0.000,0.480) (0.000,0.258) (0.000,0.034) (0.000,0.541) (0.000,0.229) (0.000,0.474) (0.000,0.214) 
332      834   (12)    5 :  0.078 0.012 0.053 0.069 0.011 0.021 0.129 0.034 0.007 0.262 0.011 0.026 0.031 0.026 0.023 0.007 0.102 0.034 0.026 0.038     (0.000,0.634) (0.000,0.078) (0.000,0.423) (0.000,0.541) (0.000,0.059) (0.000,0.123) (0.000,0.841) (0.000,0.241) (0.000,0.040) (0.000,0.956) (0.000,0.071) (0.000,0.189) (0.000,0.206) (0.000,0.157) (0.000,0.145) (0.000,0.040) (0.000,0.704) (0.000,0.229) (0.000,0.158) (0.000,0.271) 
333      842    (0)    2 :  0.007 0.355 0.010 0.007 0.009 0.061 0.007 0.005 0.281 0.007 0.174 0.016 0.005 0.010 0.006 0.012 0.005 0.009 0.006 0.007     (0.000,0.041) (0.000,0.967) (0.000,0.061) (0.000,0.040) (0.000,0.052) (0.000,0.279) (0.000,0.040) (0.000,0.029) (0.000,0.921) (0.000,0.039) (0.000,0.881) (0.000,0.087) (0.000,0.029) (0.000,0.068) (0.000,0.034) (0.000,0.080) (0.000,0.025) (0.000,0.057) (0.000,0.033) (0.000,0.038) 
334      846    (0)    2 :  0.009 0.558 0.005 0.009 0.005 0.007 0.007 0.006 0.268 0.007 0.039 0.027 0.008 0.008 0.006 0.006 0.006 0.008 0.007 0.007     (0.000,0.046) (0.000,0.992) (0.000,0.028) (0.000,0.048) (0.000,0.025) (0.000,0.037) (0.000,0.038) (0.000,0.029) (0.000,0.973) (0.000,0.035) (0.000,0.288) (0.000,0.154) (0.000,0.040) (0.000,0.041) (0.000,0.033) (0.000,0.030) (0.000,0.033) (0.000,0.042) (0.000,0.036) (0.000,0.034) 
335      849    (0)    9 :  0.007 0.268 0.006 0.009 0.004 0.006 0.006 0.005 0.300 0.007 0.321 0.012 0.005 0.006 0.006 0.005 0.005 0.006 0.006 0.007     (0.000,0.039) (0.000,0.977) (0.000,0.033) (0.000,0.049) (0.000,0.021) (0.000,0.035) (0.000,0.032) (0.000,0.029) (0.000,0.980) (0.000,0.036) (0.000,0.983) (0.000,0.065) (0.000,0.029) (0.000,0.032) (0.000,0.034) (0.000,0.025) (0.000,0.029) (0.000,0.032) (0.000,0.033) (0.000,0.036) 
336      855    (0)    9 :  0.007 0.337 0.005 0.007 0.019 0.006 0.007 0.006 0.209 0.006 0.327 0.013 0.007 0.007 0.006 0.006 0.005 0.006 0.007 0.006     (0.000,0.038) (0.000,0.982) (0.000,0.027) (0.000,0.037) (0.000,0.136) (0.000,0.031) (0.000,0.035) (0.000,0.030) (0.000,0.956) (0.000,0.033) (0.000,0.980) (0.000,0.071) (0.000,0.037) (0.000,0.040) (0.000,0.033) (0.000,0.033) (0.000,0.029) (0.000,0.034) (0.000,0.038) (0.000,0.033) 
337      860    (0)    3 :  0.043 0.009 0.245 0.086 0.007 0.024 0.036 0.028 0.010 0.175 0.008 0.012 0.033 0.040 0.029 0.006 0.044 0.068 0.046 0.049     (0.000,0.316) (0.000,0.051) (0.000,0.933) (0.000,0.676) (0.000,0.038) (0.000,0.158) (0.000,0.261) (0.000,0.189) (0.000,0.061) (0.000,0.899) (0.000,0.043) (0.000,0.071) (0.000,0.223) (0.000,0.296) (0.000,0.202) (0.000,0.035) (0.000,0.336) (0.000,0.559) (0.000,0.353) (0.000,0.383) 
338      864    (0)   18 :  0.036 0.009 0.078 0.135 0.007 0.024 0.063 0.053 0.008 0.133 0.008 0.030 0.040 0.033 0.051 0.010 0.103 0.067 0.059 0.053     (0.000,0.250) (0.000,0.051) (0.000,0.621) (0.000,0.845) (0.000,0.036) (0.000,0.150) (0.000,0.511) (0.000,0.415) (0.000,0.043) (0.000,0.845) (0.000,0.046) (0.000,0.211) (0.000,0.289) (0.000,0.219) (0.000,0.393) (0.000,0.056) (0.000,0.725) (0.000,0.557) (0.000,0.482) (0.000,0.421) 
339      866    (0)    3 :  0.082 0.031 0.077 0.057 0.009 0.047 0.056 0.042 0.032 0.084 0.030 0.025 0.038 0.059 0.033 0.011 0.037 0.111 0.068 0.070     (0.000,0.555) (0.000,0.229) (0.000,0.524) (0.000,0.418) (0.000,0.047) (0.000,0.344) (0.000,0.400) (0.000,0.299) (0.000,0.237) (0.000,0.568) (0.000,0.219) (0.000,0.170) (0.000,0.266) (0.000,0.405) (0.000,0.235) (0.000,0.057) (0.000,0.266) (0.000,0.640) (0.000,0.462) (0.000,0.480) 
340      868    (0)   12 :  0.016 0.008 0.036 0.020 0.008 0.011 0.017 0.013 0.007 0.020 0.007 0.685 0.010 0.020 0.009 0.013 0.043 0.021 0.025 0.012     (0.000,0.094) (0.000,0.046) (0.000,0.264) (0.000,0.133) (0.000,0.041) (0.000,0.062) (0.000,0.107) (0.000,0.076) (0.000,0.040) (0.000,0.133) (0.000,0.037) (0.197,0.986) (0.000,0.057) (0.000,0.126) (0.000,0.048) (0.000,0.083) (0.000,0.322) (0.000,0.127) (0.000,0.171) (0.000,0.069) 
341      869    (0)    3 :  0.072 0.010 0.253 0.057 0.009 0.036 0.053 0.041 0.013 0.095 0.008 0.034 0.033 0.047 0.014 0.006 0.057 0.073 0.027 0.062     (0.000,0.580) (0.000,0.057) (0.000,0.926) (0.000,0.447) (0.000,0.050) (0.000,0.262) (0.000,0.412) (0.000,0.310) (0.000,0.087) (0.000,0.663) (0.000,0.048) (0.000,0.252) (0.000,0.231) (0.000,0.357) (0.000,0.080) (0.000,0.032) (0.000,0.424) (0.000,0.582) (0.000,0.181) (0.000,0.488) 
342      872    (0)    3 :  0.048 0.020 0.363 0.054 0.020 0.012 0.076 0.026 0.021 0.050 0.012 0.015 0.020 0.045 0.031 0.006 0.035 0.059 0.057 0.029     (0.000,0.369) (0.000,0.144) (0.000,0.948) (0.000,0.427) (0.000,0.140) (0.000,0.067) (0.000,0.562) (0.000,0.172) (0.000,0.154) (0.000,0.384) (0.000,0.076) (0.000,0.091) (0.000,0.120) (0.000,0.335) (0.000,0.221) (0.000,0.034) (0.000,0.255) (0.000,0.471) (0.000,0.439) (0.000,0.188) 
343      873    (0)    3 :  0.036 0.017 0.432 0.085 0.007 0.012 0.050 0.021 0.026 0.049 0.015 0.025 0.018 0.024 0.019 0.007 0.046 0.044 0.036 0.032     (0.000,0.250) (0.000,0.118) (0.000,0.972) (0.000,0.661) (0.000,0.036) (0.000,0.067) (0.000,0.387) (0.000,0.132) (0.000,0.192) (0.000,0.382) (0.000,0.095) (0.000,0.166) (0.000,0.104) (0.000,0.153) (0.000,0.116) (0.000,0.037) (0.000,0.350) (0.000,0.326) (0.000,0.255) (0.000,0.211) 
344      878    (0)   18 :  0.047 0.018 0.053 0.085 0.009 0.038 0.048 0.071 0.024 0.090 0.018 0.031 0.087 0.042 0.034 0.012 0.177 0.046 0.034 0.035     (0.000,0.360) (0.000,0.127) (0.000,0.423) (0.000,0.634) (0.000,0.050) (0.000,0.273) (0.000,0.368) (0.000,0.575) (0.000,0.178) (0.000,0.683) (0.000,0.123) (0.000,0.220) (0.000,0.648) (0.000,0.307) (0.000,0.248) (0.000,0.074) (0.000,0.888) (0.000,0.357) (0.000,0.231) (0.000,0.245) 
345      880    (0)    1 :  0.099 0.009 0.116 0.083 0.006 0.080 0.037 0.036 0.012 0.117 0.006 0.011 0.108 0.037 0.018 0.007 0.018 0.118 0.029 0.050     (0.000,0.748) (0.000,0.055) (0.000,0.693) (0.000,0.625) (0.000,0.033) (0.000,0.578) (0.000,0.270) (0.000,0.262) (0.000,0.075) (0.000,0.751) (0.000,0.031) (0.000,0.064) (0.000,0.758) (0.000,0.268) (0.000,0.110) (0.000,0.038) (0.000,0.109) (0.000,0.802) (0.000,0.184) (0.000,0.395) 
346      887    (0)   14 :  0.040 0.006 0.047 0.044 0.007 0.131 0.024 0.050 0.005 0.083 0.006 0.015 0.221 0.054 0.032 0.010 0.072 0.057 0.050 0.047     (0.000,0.287) (0.000,0.032) (0.000,0.353) (0.000,0.334) (0.000,0.036) (0.000,0.791) (0.000,0.147) (0.000,0.387) (0.000,0.028) (0.000,0.623) (0.000,0.031) (0.000,0.092) (0.000,0.937) (0.000,0.426) (0.000,0.223) (0.000,0.054) (0.000,0.567) (0.000,0.458) (0.000,0.389) (0.000,0.362) 
347      888    (0)    3 :  0.067 0.015 0.079 0.042 0.008 0.090 0.057 0.031 0.009 0.088 0.010 0.042 0.094 0.060 0.056 0.014 0.032 0.058 0.077 0.070     (0.000,0.546) (0.000,0.096) (0.000,0.597) (0.000,0.313) (0.000,0.045) (0.000,0.616) (0.000,0.445) (0.000,0.210) (0.000,0.055) (0.000,0.646) (0.000,0.060) (0.000,0.319) (0.000,0.662) (0.000,0.478) (0.000,0.425) (0.000,0.092) (0.000,0.228) (0.000,0.468) (0.000,0.604) (0.000,0.561) 
348      891    (0)    7 :  0.079 0.023 0.097 0.075 0.006 0.052 0.054 0.030 0.018 0.133 0.020 0.036 0.047 0.050 0.028 0.010 0.046 0.059 0.076 0.060     (0.000,0.649) (0.000,0.162) (0.000,0.711) (0.000,0.593) (0.000,0.033) (0.000,0.410) (0.000,0.430) (0.000,0.194) (0.000,0.123) (0.000,0.835) (0.000,0.139) (0.000,0.257) (0.000,0.367) (0.000,0.393) (0.000,0.187) (0.000,0.058) (0.000,0.347) (0.000,0.483) (0.000,0.619) (0.000,0.494) 
349      895   (12)   13 :  0.033 0.009 0.058 0.023 0.011 0.015 0.182 0.084 0.009 0.052 0.008 0.075 0.034 0.023 0.045 0.010 0.186 0.055 0.025 0.062     (0.000,0.223) (0.000,0.051) (0.000,0.467) (0.000,0.143) (0.000,0.061) (0.000,0.085) (0.000,0.903) (0.000,0.624) (0.000,0.050) (0.000,0.417) (0.000,0.045) (0.000,0.426) (0.000,0.237) (0.000,0.136) (0.000,0.352) (0.000,0.055) (0.000,0.896) (0.000,0.439) (0.000,0.157) (0.000,0.485) 
350      896    (0)   17 :  0.016 0.007 0.085 0.021 0.009 0.016 0.027 0.042 0.006 0.272 0.006 0.009 0.052 0.037 0.018 0.013 0.131 0.116 0.093 0.024     (0.000,0.092) (0.000,0.039) (0.000,0.668) (0.000,0.131) (0.000,0.044) (0.000,0.092) (0.000,0.174) (0.000,0.318) (0.000,0.034) (0.000,0.953) (0.000,0.031) (0.000,0.047) (0.000,0.408) (0.000,0.261) (0.000,0.110) (0.000,0.084) (0.000,0.829) (0.000,0.806) (0.000,0.706) (0.000,0.150) 
351      901    (0)    1 :  0.086 0.030 0.087 0.043 0.016 0.140 0.066 0.026 0.077 0.086 0.039 0.031 0.032 0.036 0.046 0.013 0.045 0.036 0.028 0.036     (0.000,0.654) (0.000,0.222) (0.000,0.610) (0.000,0.327) (0.000,0.097) (0.000,0.789) (0.000,0.508) (0.000,0.179) (0.000,0.428) (0.000,0.617) (0.000,0.281) (0.000,0.229) (0.000,0.224) (0.000,0.262) (0.000,0.356) (0.000,0.085) (0.000,0.354) (0.000,0.262) (0.000,0.187) (0.000,0.261) 
352      904    (0)    3 :  0.038 0.011 0.214 0.140 0.006 0.035 0.028 0.055 0.011 0.087 0.014 0.014 0.082 0.029 0.029 0.013 0.067 0.050 0.034 0.044     (0.000,0.265) (0.000,0.067) (0.000,0.923) (0.000,0.854) (0.000,0.031) (0.000,0.255) (0.000,0.180) (0.000,0.441) (0.000,0.067) (0.000,0.684) (0.000,0.090) (0.000,0.079) (0.000,0.640) (0.000,0.192) (0.000,0.188) (0.000,0.076) (0.000,0.535) (0.000,0.386) (0.000,0.235) (0.000,0.324) 
353      905    (0)    1 :  0.075 0.009 0.066 0.084 0.013 0.094 0.111 0.029 0.008 0.091 0.008 0.014 0.074 0.056 0.069 0.007 0.066 0.044 0.033 0.049     (0.000,0.597) (0.000,0.054) (0.000,0.518) (0.000,0.618) (0.000,0.074) (0.000,0.639) (0.000,0.727) (0.000,0.191) (0.000,0.042) (0.000,0.666) (0.000,0.045) (0.000,0.084) (0.000,0.550) (0.000,0.438) (0.000,0.508) (0.000,0.039) (0.000,0.501) (0.000,0.325) (0.000,0.230) (0.000,0.376) 
354      910    (0)   12 :  0.029 0.115 0.057 0.082 0.007 0.015 0.032 0.017 0.135 0.040 0.082 0.112 0.022 0.047 0.013 0.025 0.047 0.033 0.059 0.031     (0.000,0.203) (0.000,0.584) (0.000,0.417) (0.000,0.556) (0.000,0.039) (0.000,0.090) (0.000,0.235) (0.000,0.105) (0.000,0.578) (0.000,0.305) (0.000,0.494) (0.000,0.727) (0.000,0.147) (0.000,0.359) (0.000,0.073) (0.000,0.182) (0.000,0.348) (0.000,0.243) (0.000,0.443) (0.000,0.222) 
355      912    (0)   17 :  0.048 0.015 0.032 0.019 0.008 0.028 0.034 0.046 0.014 0.060 0.013 0.034 0.265 0.067 0.010 0.015 0.148 0.049 0.049 0.046     (0.000,0.372) (0.000,0.096) (0.000,0.225) (0.000,0.113) (0.000,0.042) (0.000,0.184) (0.000,0.234) (0.000,0.350) (0.000,0.095) (0.000,0.484) (0.000,0.086) (0.000,0.252) (0.000,0.950) (0.000,0.560) (0.000,0.053) (0.000,0.086) (0.000,0.869) (0.000,0.383) (0.000,0.381) (0.000,0.352) 
356      913    (0)   13 :  0.031 0.010 0.029 0.020 0.007 0.015 0.034 0.032 0.010 0.038 0.011 0.017 0.118 0.047 0.013 0.016 0.451 0.044 0.031 0.027     (0.000,0.192) (0.000,0.058) (0.000,0.187) (0.000,0.117) (0.000,0.036) (0.000,0.081) (0.000,0.229) (0.000,0.205) (0.000,0.063) (0.000,0.273) (0.000,0.065) (0.000,0.113) (0.000,0.803) (0.000,0.365) (0.000,0.072) (0.000,0.100) (0.000,0.982) (0.000,0.335) (0.000,0.198) (0.000,0.159) 
357      917    (0)    8 :  0.038 0.005 0.077 0.040 0.006 0.025 0.058 0.073 0.004 0.072 0.005 0.007 0.046 0.062 0.044 0.012 0.293 0.060 0.040 0.031     (0.000,0.262) (0.000,0.027) (0.000,0.640) (0.000,0.284) (0.000,0.032) (0.000,0.154) (0.000,0.476) (0.000,0.602) (0.000,0.024) (0.000,0.603) (0.000,0.026) (0.000,0.040) (0.000,0.341) (0.000,0.517) (0.000,0.335) (0.000,0.069) (0.000,0.966) (0.000,0.497) (0.000,0.287) (0.000,0.196) 
358      925    (0)   14 :  0.096 0.018 0.069 0.080 0.011 0.026 0.048 0.057 0.013 0.120 0.017 0.097 0.016 0.063 0.012 0.035 0.038 0.048 0.040 0.095     (0.000,0.701) (0.000,0.121) (0.000,0.533) (0.000,0.593) (0.000,0.064) (0.000,0.178) (0.000,0.368) (0.000,0.439) (0.000,0.084) (0.000,0.719) (0.000,0.119) (0.000,0.569) (0.000,0.092) (0.000,0.497) (0.000,0.066) (0.000,0.260) (0.000,0.281) (0.000,0.364) (0.000,0.296) (0.000,0.674) 
359      930    (0)   14 :  0.079 0.009 0.078 0.057 0.009 0.044 0.073 0.041 0.007 0.134 0.011 0.015 0.067 0.070 0.023 0.053 0.039 0.056 0.088 0.049     (0.000,0.647) (0.000,0.049) (0.000,0.615) (0.000,0.450) (0.000,0.050) (0.000,0.331) (0.000,0.585) (0.000,0.302) (0.000,0.038) (0.000,0.845) (0.000,0.063) (0.000,0.092) (0.000,0.546) (0.000,0.575) (0.000,0.144) (0.000,0.389) (0.000,0.284) (0.000,0.450) (0.000,0.697) (0.000,0.380) 
360      934   (12)    3 :  0.028 0.006 0.100 0.085 0.010 0.030 0.040 0.103 0.006 0.116 0.006 0.023 0.063 0.036 0.025 0.010 0.143 0.052 0.066 0.050     (0.000,0.170) (0.000,0.035) (0.000,0.757) (0.000,0.686) (0.000,0.050) (0.000,0.201) (0.000,0.287) (0.000,0.766) (0.000,0.032) (0.000,0.818) (0.000,0.033) (0.000,0.137) (0.000,0.530) (0.000,0.244) (0.000,0.156) (0.000,0.058) (0.000,0.864) (0.000,0.411) (0.000,0.548) (0.000,0.390) 
361      935   (12)   15 :  0.062 0.017 0.060 0.058 0.021 0.019 0.131 0.027 0.007 0.151 0.009 0.157 0.027 0.034 0.017 0.036 0.026 0.027 0.074 0.042     (0.000,0.513) (0.000,0.104) (0.000,0.477) (0.000,0.467) (0.000,0.127) (0.000,0.108) (0.000,0.843) (0.000,0.174) (0.000,0.037) (0.000,0.875) (0.000,0.054) (0.000,0.879) (0.000,0.167) (0.000,0.226) (0.000,0.097) (0.000,0.271) (0.000,0.175) (0.000,0.164) (0.000,0.604) (0.000,0.302) 
362      936   (12)   14 :  0.074 0.008 0.066 0.074 0.007 0.084 0.039 0.061 0.007 0.145 0.008 0.013 0.081 0.060 0.031 0.015 0.069 0.060 0.050 0.046     (0.000,0.622) (0.000,0.042) (0.000,0.535) (0.000,0.610) (0.000,0.038) (0.000,0.648) (0.000,0.279) (0.000,0.501) (0.000,0.037) (0.000,0.880) (0.000,0.045) (0.000,0.074) (0.000,0.671) (0.000,0.493) (0.000,0.209) (0.000,0.090) (0.000,0.567) (0.000,0.499) (0.000,0.396) (0.000,0.348) 
363      937   (25)   18 :  0.041 0.012 0.064 0.059 0.015 0.043 0.081 0.065 0.016 0.087 0.016 0.034 0.168 0.037 0.035 0.007 0.122 0.037 0.025 0.035     (0.000,0.297) (0.000,0.074) (0.000,0.508) (0.000,0.476) (0.000,0.086) (0.000,0.323) (0.000,0.638) (0.000,0.539) (0.000,0.107) (0.000,0.681) (0.000,0.104) (0.000,0.249) (0.000,0.890) (0.000,0.253) (0.000,0.250) (0.000,0.039) (0.000,0.810) (0.000,0.263) (0.000,0.155) (0.000,0.240) 
364      938    (0)   10 :  0.050 0.009 0.053 0.064 0.011 0.038 0.065 0.174 0.007 0.062 0.008 0.012 0.067 0.043 0.175 0.012 0.035 0.046 0.032 0.040     (0.000,0.392) (0.000,0.047) (0.000,0.417) (0.000,0.518) (0.000,0.064) (0.000,0.274) (0.000,0.527) (0.000,0.904) (0.000,0.037) (0.000,0.505) (0.000,0.042) (0.000,0.067) (0.000,0.550) (0.000,0.314) (0.000,0.907) (0.000,0.066) (0.000,0.240) (0.000,0.351) (0.000,0.205) (0.000,0.290) 
365      939    (0)   13 :  0.040 0.043 0.080 0.178 0.012 0.036 0.057 0.048 0.047 0.041 0.051 0.024 0.052 0.068 0.075 0.006 0.022 0.038 0.034 0.048     (0.000,0.288) (0.000,0.321) (0.000,0.628) (0.000,0.895) (0.000,0.072) (0.000,0.263) (0.000,0.451) (0.000,0.373) (0.000,0.345) (0.000,0.299) (0.000,0.376) (0.000,0.162) (0.000,0.412) (0.000,0.536) (0.000,0.564) (0.000,0.034) (0.000,0.131) (0.000,0.274) (0.000,0.229) (0.000,0.374) 
366      941    (0)   19 :  0.030 0.014 0.027 0.042 0.019 0.026 0.038 0.030 0.019 0.025 0.019 0.022 0.120 0.060 0.026 0.008 0.047 0.155 0.247 0.026     (0.000,0.205) (0.000,0.092) (0.000,0.179) (0.000,0.323) (0.000,0.128) (0.000,0.169) (0.000,0.280) (0.000,0.210) (0.000,0.132) (0.000,0.159) (0.000,0.130) (0.000,0.158) (0.000,0.715) (0.000,0.469) (0.000,0.175) (0.000,0.046) (0.000,0.360) (0.000,0.810) (0.000,0.890) (0.000,0.164) 
367      943    (0)    7 :  0.116 0.007 0.063 0.089 0.089 0.016 0.124 0.030 0.005 0.139 0.007 0.011 0.023 0.028 0.097 0.004 0.048 0.025 0.034 0.044     (0.000,0.760) (0.000,0.041) (0.000,0.482) (0.000,0.627) (0.000,0.442) (0.000,0.094) (0.000,0.699) (0.000,0.212) (0.000,0.028) (0.000,0.744) (0.000,0.037) (0.000,0.065) (0.000,0.150) (0.000,0.186) (0.000,0.641) (0.000,0.022) (0.000,0.362) (0.000,0.157) (0.000,0.237) (0.000,0.330) 
368      946    (0)    1 :  0.050 0.021 0.102 0.047 0.016 0.023 0.090 0.057 0.018 0.047 0.018 0.012 0.074 0.148 0.040 0.006 0.093 0.045 0.054 0.042     (0.000,0.387) (0.000,0.146) (0.000,0.758) (0.000,0.362) (0.000,0.097) (0.000,0.141) (0.000,0.696) (0.000,0.460) (0.000,0.125) (0.000,0.358) (0.000,0.122) (0.000,0.069) (0.000,0.589) (0.000,0.871) (0.000,0.296) (0.000,0.030) (0.000,0.696) (0.000,0.340) (0.000,0.433) (0.000,0.311) 
369      947    (0)   20 :  0.048 0.032 0.063 0.037 0.023 0.080 0.043 0.114 0.032 0.031 0.026 0.031 0.106 0.085 0.043 0.033 0.029 0.044 0.043 0.058     (0.000,0.371) (0.000,0.233) (0.000,0.512) (0.000,0.270) (0.000,0.154) (0.000,0.585) (0.000,0.332) (0.000,0.722) (0.000,0.231) (0.000,0.210) (0.000,0.190) (0.000,0.224) (0.000,0.740) (0.000,0.630) (0.000,0.333) (0.000,0.230) (0.000,0.198) (0.000,0.336) (0.000,0.325) (0.000,0.464) 
370      948    (0)   14 :  0.041 0.007 0.078 0.066 0.013 0.029 0.043 0.082 0.007 0.039 0.007 0.007 0.199 0.084 0.042 0.007 0.109 0.059 0.039 0.044     (0.000,0.297) (0.000,0.038) (0.000,0.621) (0.000,0.517) (0.000,0.075) (0.000,0.193) (0.000,0.320) (0.000,0.659) (0.000,0.039) (0.000,0.276) (0.000,0.039) (0.000,0.036) (0.000,0.918) (0.000,0.653) (0.000,0.320) (0.000,0.040) (0.000,0.775) (0.000,0.479) (0.000,0.279) (0.000,0.335) 
371      950    (0)   13 :  0.040 0.010 0.069 0.121 0.015 0.039 0.059 0.100 0.010 0.042 0.010 0.011 0.094 0.114 0.058 0.007 0.069 0.046 0.041 0.044     (0.000,0.291) (0.000,0.058) (0.000,0.576) (0.000,0.821) (0.000,0.087) (0.000,0.285) (0.000,0.478) (0.000,0.749) (0.000,0.062) (0.000,0.306) (0.000,0.062) (0.000,0.063) (0.000,0.730) (0.000,0.811) (0.000,0.464) (0.000,0.035) (0.000,0.568) (0.000,0.349) (0.000,0.294) (0.000,0.325) 
372      955    (0)   14 :  0.030 0.007 0.079 0.046 0.012 0.023 0.094 0.195 0.006 0.033 0.007 0.010 0.091 0.085 0.077 0.008 0.076 0.047 0.032 0.042     (0.000,0.185) (0.000,0.037) (0.000,0.653) (0.000,0.351) (0.000,0.070) (0.000,0.147) (0.000,0.732) (0.000,0.925) (0.000,0.036) (0.000,0.220) (0.000,0.039) (0.000,0.053) (0.000,0.717) (0.000,0.685) (0.000,0.607) (0.000,0.041) (0.000,0.631) (0.000,0.361) (0.000,0.204) (0.000,0.316) 
373      956   (25)    4 :  0.033 0.014 0.050 0.026 0.059 0.014 0.225 0.054 0.008 0.027 0.007 0.030 0.040 0.139 0.041 0.015 0.020 0.033 0.115 0.049     (0.000,0.211) (0.000,0.085) (0.000,0.391) (0.000,0.159) (0.000,0.454) (0.000,0.077) (0.000,0.944) (0.000,0.438) (0.000,0.046) (0.000,0.167) (0.000,0.039) (0.000,0.210) (0.000,0.285) (0.000,0.874) (0.000,0.299) (0.000,0.097) (0.000,0.125) (0.000,0.217) (0.000,0.816) (0.000,0.380) 
374      958    (0)    1 :  0.057 0.006 0.039 0.025 0.014 0.039 0.036 0.083 0.005 0.045 0.005 0.010 0.204 0.125 0.021 0.012 0.086 0.055 0.087 0.047     (0.000,0.467) (0.000,0.033) (0.000,0.269) (0.000,0.152) (0.000,0.083) (0.000,0.281) (0.000,0.246) (0.000,0.684) (0.000,0.028) (0.000,0.334) (0.000,0.029) (0.000,0.053) (0.000,0.937) (0.000,0.847) (0.000,0.123) (0.000,0.070) (0.000,0.701) (0.000,0.448) (0.000,0.708) (0.000,0.362) 
375      961    (0)   13 :  0.040 0.005 0.041 0.041 0.012 0.052 0.032 0.128 0.005 0.037 0.005 0.009 0.234 0.077 0.025 0.011 0.071 0.060 0.052 0.067     (0.000,0.278) (0.000,0.024) (0.000,0.290) (0.000,0.296) (0.000,0.071) (0.000,0.411) (0.000,0.208) (0.000,0.853) (0.000,0.024) (0.000,0.255) (0.000,0.024) (0.000,0.048) (0.000,0.951) (0.000,0.641) (0.000,0.156) (0.000,0.065) (0.000,0.583) (0.000,0.503) (0.000,0.406) (0.000,0.551) 
376      962   (12)   18 :  0.048 0.036 0.058 0.033 0.028 0.046 0.047 0.038 0.033 0.026 0.032 0.063 0.120 0.081 0.028 0.075 0.048 0.041 0.081 0.037     (0.000,0.379) (0.000,0.266) (0.000,0.463) (0.000,0.233) (0.000,0.189) (0.000,0.355) (0.000,0.364) (0.000,0.285) (0.000,0.243) (0.000,0.166) (0.000,0.237) (0.000,0.463) (0.000,0.778) (0.000,0.603) (0.000,0.190) (0.000,0.483) (0.000,0.385) (0.000,0.306) (0.000,0.626) (0.000,0.272) 
377      967    (0)   14 :  0.061 0.006 0.061 0.114 0.019 0.040 0.110 0.043 0.006 0.043 0.006 0.011 0.093 0.111 0.062 0.010 0.044 0.045 0.072 0.044     (0.000,0.504) (0.000,0.031) (0.000,0.503) (0.000,0.802) (0.000,0.118) (0.000,0.298) (0.000,0.788) (0.000,0.316) (0.000,0.030) (0.000,0.318) (0.000,0.032) (0.000,0.065) (0.000,0.722) (0.000,0.806) (0.000,0.499) (0.000,0.059) (0.000,0.336) (0.000,0.334) (0.000,0.586) (0.000,0.333) 
378      969    (0)   14 :  0.034 0.006 0.066 0.069 0.010 0.039 0.022 0.076 0.005 0.034 0.007 0.009 0.365 0.060 0.027 0.014 0.041 0.044 0.036 0.035     (0.000,0.228) (0.000,0.031) (0.000,0.548) (0.000,0.570) (0.000,0.058) (0.000,0.288) (0.000,0.130) (0.000,0.647) (0.000,0.028) (0.000,0.228) (0.000,0.037) (0.000,0.046) (0.000,0.976) (0.000,0.489) (0.000,0.167) (0.000,0.077) (0.000,0.293) (0.000,0.325) (0.000,0.249) (0.000,0.239) 
379      971    (0)   13 :  0.029 0.018 0.031 0.026 0.020 0.075 0.029 0.068 0.015 0.021 0.027 0.159 0.084 0.149 0.021 0.020 0.098 0.060 0.027 0.022     (0.000,0.191) (0.000,0.122) (0.000,0.218) (0.000,0.181) (0.000,0.136) (0.000,0.548) (0.000,0.204) (0.000,0.538) (0.000,0.105) (0.000,0.130) (0.000,0.201) (0.000,0.677) (0.000,0.591) (0.000,0.838) (0.000,0.137) (0.000,0.139) (0.000,0.679) (0.000,0.484) (0.000,0.177) (0.000,0.141) 
380      973    (0)    1 :  0.078 0.039 0.062 0.076 0.016 0.024 0.176 0.019 0.027 0.065 0.071 0.013 0.028 0.038 0.139 0.011 0.028 0.033 0.033 0.024     (0.000,0.632) (0.000,0.299) (0.000,0.501) (0.000,0.593) (0.000,0.101) (0.000,0.149) (0.000,0.886) (0.000,0.115) (0.000,0.195) (0.000,0.526) (0.000,0.457) (0.000,0.074) (0.000,0.177) (0.000,0.274) (0.000,0.782) (0.000,0.068) (0.000,0.190) (0.000,0.228) (0.000,0.222) (0.000,0.148) 
381      975   (12)   13 :  0.027 0.009 0.086 0.041 0.029 0.024 0.055 0.129 0.007 0.047 0.012 0.010 0.132 0.141 0.040 0.014 0.055 0.043 0.066 0.031     (0.000,0.166) (0.000,0.052) (0.000,0.700) (0.000,0.304) (0.000,0.194) (0.000,0.149) (0.000,0.444) (0.000,0.842) (0.000,0.038) (0.000,0.366) (0.000,0.071) (0.000,0.054) (0.000,0.857) (0.000,0.873) (0.000,0.293) (0.000,0.086) (0.000,0.444) (0.000,0.322) (0.000,0.554) (0.000,0.204) 
382      980    (0)   13 :  0.031 0.024 0.039 0.039 0.030 0.016 0.078 0.038 0.017 0.028 0.027 0.029 0.123 0.190 0.032 0.054 0.049 0.042 0.083 0.030     (0.000,0.205) (0.000,0.171) (0.000,0.295) (0.000,0.294) (0.000,0.212) (0.000,0.091) (0.000,0.595) (0.000,0.274) (0.000,0.121) (0.000,0.184) (0.000,0.198) (0.000,0.216) (0.000,0.785) (0.000,0.902) (0.000,0.227) (0.000,0.378) (0.000,0.387) (0.000,0.317) (0.000,0.641) (0.000,0.197) 
383      981    (0)    7 :  0.084 0.010 0.065 0.029 0.014 0.035 0.287 0.035 0.010 0.034 0.008 0.010 0.054 0.077 0.071 0.006 0.021 0.041 0.044 0.066     (0.000,0.692) (0.000,0.058) (0.000,0.542) (0.000,0.184) (0.000,0.082) (0.000,0.244) (0.000,0.963) (0.000,0.242) (0.000,0.057) (0.000,0.230) (0.000,0.045) (0.000,0.055) (0.000,0.425) (0.000,0.636) (0.000,0.554) (0.000,0.033) (0.000,0.129) (0.000,0.290) (0.000,0.323) (0.000,0.540) 
384      982    (0)   12 :  0.009 0.031 0.009 0.007 0.007 0.009 0.010 0.008 0.042 0.007 0.024 0.741 0.007 0.008 0.007 0.040 0.007 0.008 0.011 0.010     (0.000,0.047) (0.000,0.231) (0.000,0.050) (0.000,0.037) (0.000,0.034) (0.000,0.048) (0.000,0.054) (0.000,0.043) (0.000,0.316) (0.000,0.039) (0.000,0.175) (0.254,0.991) (0.000,0.041) (0.000,0.046) (0.000,0.039) (0.000,0.282) (0.000,0.035) (0.000,0.045) (0.000,0.060) (0.000,0.057) 
385      987    (0)   16 :  0.013 0.020 0.009 0.009 0.007 0.011 0.011 0.012 0.013 0.012 0.014 0.017 0.010 0.012 0.010 0.775 0.009 0.011 0.015 0.011     (0.000,0.076) (0.000,0.132) (0.000,0.052) (0.000,0.048) (0.000,0.037) (0.000,0.062) (0.000,0.065) (0.000,0.070) (0.000,0.083) (0.000,0.070) (0.000,0.085) (0.000,0.096) (0.000,0.058) (0.000,0.068) (0.000,0.059) (0.394,0.991) (0.000,0.048) (0.000,0.061) (0.000,0.087) (0.000,0.065) 
386      988    (0)   16 :  0.022 0.074 0.023 0.020 0.007 0.021 0.020 0.019 0.088 0.020 0.150 0.036 0.021 0.024 0.023 0.354 0.022 0.020 0.019 0.017     (0.000,0.149) (0.000,0.490) (0.000,0.157) (0.000,0.136) (0.000,0.040) (0.000,0.147) (0.000,0.137) (0.000,0.125) (0.000,0.517) (0.000,0.135) (0.000,0.661) (0.000,0.267) (0.000,0.138) (0.000,0.168) (0.000,0.166) (0.000,0.751) (0.000,0.158) (0.000,0.133) (0.000,0.125) (0.000,0.110) 
387      990    (0)   16 :  0.020 0.086 0.010 0.012 0.012 0.014 0.017 0.014 0.041 0.021 0.071 0.066 0.023 0.013 0.012 0.508 0.019 0.013 0.015 0.012     (0.000,0.133) (0.000,0.505) (0.000,0.059) (0.000,0.073) (0.000,0.075) (0.000,0.082) (0.000,0.110) (0.000,0.078) (0.000,0.307) (0.000,0.142) (0.000,0.455) (0.000,0.479) (0.000,0.147) (0.000,0.074) (0.000,0.067) (0.002,0.895) (0.000,0.117) (0.000,0.076) (0.000,0.085) (0.000,0.070) 
388      992   (12)   12 :  0.012 0.074 0.010 0.010 0.009 0.011 0.016 0.011 0.089 0.010 0.038 0.316 0.010 0.012 0.009 0.309 0.008 0.012 0.016 0.017     (0.000,0.070) (0.000,0.532) (0.000,0.054) (0.000,0.054) (0.000,0.050) (0.000,0.060) (0.000,0.094) (0.000,0.062) (0.000,0.550) (0.000,0.052) (0.000,0.297) (0.000,0.971) (0.000,0.053) (0.000,0.070) (0.000,0.053) (0.000,0.854) (0.000,0.042) (0.000,0.069) (0.000,0.096) (0.000,0.102) 
389      994    (0)   12 :  0.008 0.031 0.006 0.008 0.005 0.010 0.007 0.006 0.036 0.006 0.015 0.806 0.009 0.008 0.006 0.005 0.006 0.009 0.007 0.007     (0.000,0.043) (0.000,0.229) (0.000,0.034) (0.000,0.047) (0.000,0.028) (0.000,0.057) (0.000,0.040) (0.000,0.033) (0.000,0.267) (0.000,0.032) (0.000,0.097) (0.438,0.994) (0.000,0.050) (0.000,0.043) (0.000,0.033) (0.000,0.027) (0.000,0.030) (0.000,0.050) (0.000,0.035) (0.000,0.036) 
390      996   (12)   12 :  0.009 0.008 0.007 0.009 0.007 0.011 0.009 0.009 0.007 0.008 0.007 0.841 0.007 0.009 0.008 0.007 0.008 0.009 0.009 0.010     (0.000,0.049) (0.000,0.043) (0.000,0.040) (0.000,0.048) (0.000,0.035) (0.000,0.062) (0.000,0.052) (0.000,0.048) (0.000,0.037) (0.000,0.044) (0.000,0.036) (0.523,0.995) (0.000,0.040) (0.000,0.050) (0.000,0.046) (0.000,0.037) (0.000,0.041) (0.000,0.049) (0.000,0.050) (0.000,0.055) 
391      998    (0)   12 :  0.008 0.009 0.006 0.007 0.005 0.009 0.007 0.008 0.008 0.007 0.007 0.861 0.007 0.008 0.007 0.006 0.007 0.008 0.007 0.008     (0.000,0.041) (0.000,0.047) (0.000,0.033) (0.000,0.039) (0.000,0.027) (0.000,0.050) (0.000,0.040) (0.000,0.043) (0.000,0.042) (0.000,0.037) (0.000,0.040) (0.580,0.996) (0.000,0.039) (0.000,0.040) (0.000,0.037) (0.000,0.030) (0.000,0.038) (0.000,0.041) (0.000,0.039) (0.000,0.045) 
392     1000    (0)   10 :  0.088 0.021 0.089 0.063 0.009 0.050 0.053 0.027 0.019 0.097 0.014 0.031 0.049 0.049 0.102 0.008 0.019 0.081 0.036 0.095     (0.000,0.659) (0.000,0.150) (0.000,0.584) (0.000,0.472) (0.000,0.049) (0.000,0.365) (0.000,0.409) (0.000,0.180) (0.000,0.128) (0.000,0.660) (0.000,0.090) (0.000,0.227) (0.000,0.365) (0.000,0.380) (0.000,0.633) (0.000,0.048) (0.000,0.125) (0.000,0.629) (0.000,0.255) (0.000,0.700) 
393     1001    (0)   18 :  0.113 0.018 0.162 0.119 0.007 0.032 0.087 0.023 0.020 0.078 0.016 0.035 0.025 0.024 0.066 0.005 0.013 0.054 0.026 0.075     (0.000,0.784) (0.000,0.120) (0.000,0.813) (0.000,0.772) (0.000,0.035) (0.000,0.232) (0.000,0.622) (0.000,0.149) (0.000,0.140) (0.000,0.578) (0.000,0.106) (0.000,0.262) (0.000,0.162) (0.000,0.151) (0.000,0.502) (0.000,0.027) (0.000,0.077) (0.000,0.430) (0.000,0.162) (0.000,0.597) 
394     1002    (0)   11 :  0.013 0.098 0.009 0.017 0.008 0.011 0.014 0.007 0.037 0.013 0.594 0.090 0.009 0.011 0.012 0.011 0.006 0.011 0.015 0.016     (0.000,0.082) (0.000,0.651) (0.000,0.051) (0.000,0.117) (0.000,0.044) (0.000,0.065) (0.000,0.089) (0.000,0.039) (0.000,0.278) (0.000,0.079) (0.065,0.961) (0.000,0.556) (0.000,0.048) (0.000,0.066) (0.000,0.074) (0.000,0.072) (0.000,0.030) (0.000,0.066) (0.000,0.099) (0.000,0.101) 
395     1003    (0)   11 :  0.012 0.229 0.012 0.016 0.007 0.010 0.018 0.015 0.044 0.017 0.072 0.432 0.023 0.016 0.016 0.005 0.012 0.013 0.014 0.016     (0.000,0.063) (0.000,0.946) (0.000,0.071) (0.000,0.096) (0.000,0.038) (0.000,0.055) (0.000,0.106) (0.000,0.090) (0.000,0.344) (0.000,0.098) (0.000,0.599) (0.000,0.982) (0.000,0.141) (0.000,0.093) (0.000,0.103) (0.000,0.027) (0.000,0.067) (0.000,0.076) (0.000,0.081) (0.000,0.093) 
396     1006    (0)   12 :  0.007 0.014 0.006 0.007 0.007 0.008 0.006 0.007 0.017 0.007 0.014 0.844 0.007 0.007 0.006 0.010 0.007 0.007 0.007 0.007     (0.000,0.038) (0.000,0.086) (0.000,0.031) (0.000,0.036) (0.000,0.038) (0.000,0.043) (0.000,0.032) (0.000,0.036) (0.000,0.110) (0.000,0.037) (0.000,0.084) (0.531,0.995) (0.000,0.036) (0.000,0.038) (0.000,0.030) (0.000,0.058) (0.000,0.040) (0.000,0.036) (0.000,0.037) (0.000,0.036) 
397     1008    (0)   11 :  0.007 0.170 0.006 0.008 0.004 0.008 0.007 0.006 0.523 0.006 0.178 0.028 0.007 0.006 0.007 0.005 0.005 0.006 0.006 0.007     (0.000,0.036) (0.000,0.945) (0.000,0.033) (0.000,0.043) (0.000,0.024) (0.000,0.044) (0.000,0.036) (0.000,0.032) (0.000,0.991) (0.000,0.035) (0.000,0.952) (0.000,0.172) (0.000,0.037) (0.000,0.031) (0.000,0.041) (0.000,0.028) (0.000,0.026) (0.000,0.033) (0.000,0.031) (0.000,0.040) 
398     1009    (0)    2 :  0.013 0.450 0.009 0.009 0.043 0.011 0.011 0.013 0.069 0.022 0.131 0.109 0.019 0.011 0.018 0.009 0.014 0.011 0.016 0.011     (0.000,0.082) (0.000,0.973) (0.000,0.051) (0.000,0.054) (0.000,0.250) (0.000,0.064) (0.000,0.062) (0.000,0.078) (0.000,0.532) (0.000,0.158) (0.000,0.801) (0.000,0.731) (0.000,0.127) (0.000,0.063) (0.000,0.123) (0.000,0.052) (0.000,0.086) (0.000,0.061) (0.000,0.107) (0.000,0.064) 
399     1012   (25)    2 :  0.011 0.339 0.010 0.013 0.010 0.012 0.013 0.011 0.099 0.014 0.169 0.213 0.016 0.010 0.012 0.007 0.010 0.009 0.009 0.011     (0.000,0.061) (0.000,0.975) (0.000,0.056) (0.000,0.077) (0.000,0.057) (0.000,0.066) (0.000,0.077) (0.000,0.064) (0.000,0.751) (0.000,0.081) (0.000,0.913) (0.000,0.944) (0.000,0.095) (0.000,0.055) (0.000,0.074) (0.000,0.040) (0.000,0.053) (0.000,0.052) (0.000,0.049) (0.000,0.062) 
400     1013    (0)    2 :  0.006 0.533 0.005 0.006 0.007 0.006 0.006 0.004 0.252 0.006 0.119 0.009 0.005 0.006 0.007 0.004 0.004 0.005 0.006 0.006     (0.000,0.033) (0.000,0.993) (0.000,0.027) (0.000,0.032) (0.000,0.040) (0.000,0.031) (0.000,0.034) (0.000,0.023) (0.000,0.973) (0.000,0.031) (0.000,0.906) (0.000,0.048) (0.000,0.024) (0.000,0.029) (0.000,0.036) (0.000,0.020) (0.000,0.021) (0.000,0.027) (0.000,0.030) (0.000,0.029) 
401     1024   (25)   11 :  0.021 0.359 0.015 0.027 0.010 0.018 0.023 0.014 0.087 0.028 0.197 0.088 0.017 0.013 0.022 0.006 0.011 0.013 0.012 0.017     (0.000,0.120) (0.000,0.973) (0.000,0.090) (0.000,0.178) (0.000,0.053) (0.000,0.103) (0.000,0.143) (0.000,0.085) (0.000,0.676) (0.000,0.178) (0.000,0.917) (0.000,0.694) (0.000,0.105) (0.000,0.074) (0.000,0.146) (0.000,0.031) (0.000,0.064) (0.000,0.074) (0.000,0.068) (0.000,0.100) 
402     1025    (0)    1 :  0.197 0.019 0.019 0.105 0.007 0.041 0.036 0.031 0.012 0.165 0.011 0.023 0.014 0.031 0.038 0.009 0.012 0.032 0.026 0.172     (0.000,0.930) (0.000,0.123) (0.000,0.104) (0.000,0.756) (0.000,0.038) (0.000,0.306) (0.000,0.251) (0.000,0.209) (0.000,0.069) (0.000,0.893) (0.000,0.068) (0.000,0.163) (0.000,0.077) (0.000,0.202) (0.000,0.283) (0.000,0.052) (0.000,0.063) (0.000,0.209) (0.000,0.166) (0.000,0.906) 
403     1026    (0)    2 :  0.007 0.442 0.005 0.008 0.004 0.007 0.006 0.005 0.427 0.006 0.024 0.011 0.006 0.006 0.007 0.004 0.005 0.007 0.006 0.006     (0.000,0.038) (0.000,0.990) (0.000,0.027) (0.000,0.043) (0.000,0.022) (0.000,0.038) (0.000,0.034) (0.000,0.026) (0.000,0.988) (0.000,0.034) (0.000,0.139) (0.000,0.062) (0.000,0.034) (0.000,0.032) (0.000,0.037) (0.000,0.019) (0.000,0.025) (0.000,0.036) (0.000,0.032) (0.000,0.033) 
404     1033    (0)   12 :  0.020 0.035 0.014 0.029 0.008 0.029 0.016 0.022 0.032 0.014 0.023 0.606 0.010 0.032 0.010 0.007 0.031 0.025 0.016 0.022     (0.000,0.113) (0.000,0.263) (0.000,0.080) (0.000,0.188) (0.000,0.043) (0.000,0.185) (0.000,0.088) (0.000,0.137) (0.000,0.242) (0.000,0.077) (0.000,0.161) (0.000,0.985) (0.000,0.056) (0.000,0.211) (0.000,0.058) (0.000,0.036) (0.000,0.228) (0.000,0.150) (0.000,0.091) (0.000,0.131) 
405     1034    (0)    9 :  0.011 0.067 0.009 0.009 0.012 0.010 0.009 0.010 0.042 0.010 0.724 0.016 0.010 0.009 0.009 0.008 0.009 0.009 0.010 0.010     (0.000,0.064) (0.000,0.524) (0.000,0.048) (0.000,0.051) (0.000,0.080) (0.000,0.057) (0.000,0.047) (0.000,0.060) (0.000,0.322) (0.000,0.060) (0.167,0.989) (0.000,0.098) (0.000,0.056) (0.000,0.051) (0.000,0.049) (0.000,0.050) (0.000,0.049) (0.000,0.054) (0.000,0.056) (0.000,0.055) 
406     1037    (0)    9 :  0.007 0.104 0.007 0.010 0.004 0.008 0.006 0.007 0.470 0.007 0.305 0.013 0.007 0.006 0.007 0.005 0.006 0.006 0.006 0.008     (0.000,0.040) (0.000,0.859) (0.000,0.039) (0.000,0.054) (0.000,0.022) (0.000,0.045) (0.000,0.035) (0.000,0.038) (0.000,0.989) (0.000,0.037) (0.000,0.981) (0.000,0.070) (0.000,0.037) (0.000,0.033) (0.000,0.039) (0.000,0.028) (0.000,0.031) (0.000,0.035) (0.000,0.031) (0.000,0.041) 
407     1038    (0)    2 :  0.008 0.275 0.006 0.008 0.005 0.007 0.008 0.006 0.369 0.007 0.232 0.018 0.006 0.006 0.007 0.005 0.006 0.006 0.006 0.007     (0.000,0.043) (0.000,0.976) (0.000,0.033) (0.000,0.042) (0.000,0.028) (0.000,0.039) (0.000,0.042) (0.000,0.034) (0.000,0.985) (0.000,0.039) (0.000,0.969) (0.000,0.095) (0.000,0.033) (0.000,0.033) (0.000,0.037) (0.000,0.028) (0.000,0.032) (0.000,0.034) (0.000,0.033) (0.000,0.039) 
408     1040    (0)   11 :  0.008 0.382 0.007 0.007 0.005 0.007 0.007 0.006 0.325 0.007 0.177 0.011 0.006 0.007 0.007 0.006 0.006 0.007 0.007 0.007     (0.000,0.041) (0.000,0.987) (0.000,0.036) (0.000,0.037) (0.000,0.024) (0.000,0.035) (0.000,0.036) (0.000,0.031) (0.000,0.981) (0.000,0.037) (0.000,0.952) (0.000,0.061) (0.000,0.030) (0.000,0.037) (0.000,0.036) (0.000,0.032) (0.000,0.033) (0.000,0.035) (0.000,0.037) (0.000,0.036) 
409     1047    (0)    9 :  0.011 0.289 0.006 0.009 0.015 0.008 0.009 0.006 0.307 0.009 0.253 0.016 0.007 0.009 0.008 0.005 0.007 0.008 0.009 0.007     (0.000,0.060) (0.000,0.972) (0.000,0.035) (0.000,0.048) (0.000,0.104) (0.000,0.045) (0.000,0.047) (0.000,0.032) (0.000,0.973) (0.000,0.050) (0.000,0.967) (0.000,0.095) (0.000,0.037) (0.000,0.051) (0.000,0.044) (0.000,0.028) (0.000,0.038) (0.000,0.041) (0.000,0.048) (0.000,0.038) 
410     1052    (0)    9 :  0.005 0.081 0.005 0.006 0.004 0.005 0.005 0.004 0.742 0.005 0.092 0.008 0.004 0.005 0.005 0.004 0.004 0.005 0.005 0.005     (0.000,0.029) (0.000,0.789) (0.000,0.025) (0.000,0.030) (0.000,0.022) (0.000,0.028) (0.000,0.026) (0.000,0.023) (0.000,0.996) (0.000,0.027) (0.000,0.868) (0.000,0.040) (0.000,0.023) (0.000,0.025) (0.000,0.027) (0.000,0.019) (0.000,0.024) (0.000,0.026) (0.000,0.026) (0.000,0.028) 
411     1053    (0)    2 :  0.006 0.327 0.005 0.006 0.004 0.005 0.006 0.004 0.425 0.006 0.160 0.007 0.004 0.005 0.005 0.004 0.005 0.005 0.005 0.005     (0.000,0.032) (0.000,0.986) (0.000,0.027) (0.000,0.032) (0.000,0.022) (0.000,0.029) (0.000,0.030) (0.000,0.023) (0.000,0.990) (0.000,0.030) (0.000,0.955) (0.000,0.039) (0.000,0.023) (0.000,0.026) (0.000,0.029) (0.000,0.019) (0.000,0.024) (0.000,0.026) (0.000,0.026) (0.000,0.028) 
412     1054    (0)    9 :  0.007 0.316 0.006 0.007 0.004 0.006 0.006 0.006 0.459 0.006 0.118 0.011 0.006 0.006 0.006 0.005 0.006 0.006 0.007 0.006     (0.000,0.039) (0.000,0.984) (0.000,0.030) (0.000,0.035) (0.000,0.023) (0.000,0.032) (0.000,0.033) (0.000,0.029) (0.000,0.990) (0.000,0.033) (0.000,0.907) (0.000,0.056) (0.000,0.030) (0.000,0.034) (0.000,0.033) (0.000,0.024) (0.000,0.031) (0.000,0.033) (0.000,0.035) (0.000,0.034) 
413     1060    (0)    9 :  0.010 0.181 0.006 0.010 0.007 0.008 0.008 0.006 0.377 0.009 0.301 0.024 0.007 0.007 0.007 0.005 0.007 0.007 0.007 0.007     (0.000,0.051) (0.000,0.944) (0.000,0.034) (0.000,0.052) (0.000,0.038) (0.000,0.043) (0.000,0.040) (0.000,0.030) (0.000,0.983) (0.000,0.048) (0.000,0.978) (0.000,0.136) (0.000,0.035) (0.000,0.038) (0.000,0.037) (0.000,0.028) (0.000,0.039) (0.000,0.037) (0.000,0.039) (0.000,0.037) 
414     1065   (12)   13 :  0.101 0.012 0.117 0.065 0.009 0.057 0.035 0.046 0.015 0.092 0.012 0.056 0.030 0.039 0.028 0.008 0.063 0.116 0.033 0.065     (0.000,0.732) (0.000,0.077) (0.000,0.715) (0.000,0.493) (0.000,0.048) (0.000,0.439) (0.000,0.245) (0.000,0.356) (0.000,0.099) (0.000,0.644) (0.000,0.073) (0.000,0.392) (0.000,0.202) (0.000,0.288) (0.000,0.189) (0.000,0.044) (0.000,0.465) (0.000,0.789) (0.000,0.235) (0.000,0.521) 
415     1066    (0)   12 :  0.017 0.017 0.008 0.015 0.010 0.028 0.014 0.009 0.015 0.010 0.007 0.753 0.012 0.015 0.009 0.012 0.008 0.017 0.013 0.013     (0.000,0.093) (0.000,0.110) (0.000,0.040) (0.000,0.086) (0.000,0.054) (0.000,0.181) (0.000,0.082) (0.000,0.048) (0.000,0.096) (0.000,0.055) (0.000,0.038) (0.183,0.992) (0.000,0.073) (0.000,0.085) (0.000,0.046) (0.000,0.072) (0.000,0.041) (0.000,0.098) (0.000,0.072) (0.000,0.073) 
416     1071    (0)    2 :  0.063 0.099 0.028 0.074 0.012 0.060 0.061 0.014 0.051 0.043 0.083 0.208 0.022 0.022 0.032 0.015 0.013 0.023 0.025 0.053     (0.000,0.482) (0.000,0.593) (0.000,0.195) (0.000,0.541) (0.000,0.068) (0.000,0.461) (0.000,0.453) (0.000,0.084) (0.000,0.372) (0.000,0.330) (0.000,0.519) (0.000,0.837) (0.000,0.144) (0.000,0.148) (0.000,0.235) (0.000,0.100) (0.000,0.078) (0.000,0.150) (0.000,0.168) (0.000,0.411) 
417     1074    (0)   12 :  0.028 0.020 0.018 0.017 0.007 0.046 0.018 0.024 0.011 0.018 0.013 0.616 0.012 0.032 0.012 0.013 0.025 0.028 0.019 0.022     (0.000,0.177) (0.000,0.138) (0.000,0.105) (0.000,0.095) (0.000,0.035) (0.000,0.347) (0.000,0.099) (0.000,0.153) (0.000,0.070) (0.000,0.102) (0.000,0.082) (0.000,0.987) (0.000,0.068) (0.000,0.206) (0.000,0.069) (0.000,0.078) (0.000,0.167) (0.000,0.170) (0.000,0.117) (0.000,0.131) 
418     1084    (0)   12 :  0.112 0.021 0.031 0.068 0.009 0.029 0.229 0.018 0.015 0.029 0.016 0.195 0.019 0.017 0.028 0.009 0.014 0.029 0.031 0.081     (0.000,0.808) (0.000,0.144) (0.000,0.206) (0.000,0.552) (0.000,0.048) (0.000,0.195) (0.000,0.932) (0.000,0.107) (0.000,0.097) (0.000,0.189) (0.000,0.104) (0.000,0.902) (0.000,0.111) (0.000,0.099) (0.000,0.184) (0.000,0.049) (0.000,0.078) (0.000,0.187) (0.000,0.213) (0.000,0.658) 
419     1091    (0)    9 :  0.009 0.225 0.007 0.010 0.006 0.009 0.009 0.006 0.089 0.010 0.527 0.030 0.009 0.007 0.008 0.008 0.007 0.008 0.008 0.008     (0.000,0.050) (0.000,0.962) (0.000,0.040) (0.000,0.058) (0.000,0.030) (0.000,0.049) (0.000,0.047) (0.000,0.032) (0.000,0.768) (0.000,0.054) (0.000,0.989) (0.000,0.203) (0.000,0.047) (0.000,0.040) (0.000,0.043) (0.000,0.044) (0.000,0.035) (0.000,0.041) (0.000,0.044) (0.000,0.045) 
420     1098    (0)    9 :  0.010 0.342 0.009 0.008 0.006 0.011 0.010 0.010 0.206 0.010 0.269 0.029 0.009 0.008 0.009 0.017 0.007 0.009 0.009 0.010     (0.000,0.061) (0.000,0.978) (0.000,0.050) (0.000,0.042) (0.000,0.033) (0.000,0.062) (0.000,0.056) (0.000,0.059) (0.000,0.892) (0.000,0.056) (0.000,0.960) (0.000,0.203) (0.000,0.054) (0.000,0.046) (0.000,0.051) (0.000,0.120) (0.000,0.041) (0.000,0.052) (0.000,0.054) (0.000,0.061) 
421     1102    (0)    9 :  0.010 0.044 0.008 0.008 0.012 0.009 0.008 0.009 0.028 0.009 0.771 0.013 0.009 0.009 0.008 0.009 0.008 0.009 0.010 0.009     (0.000,0.057) (0.000,0.341) (0.000,0.045) (0.000,0.045) (0.000,0.078) (0.000,0.052) (0.000,0.045) (0.000,0.053) (0.000,0.194) (0.000,0.055) (0.317,0.991) (0.000,0.083) (0.000,0.054) (0.000,0.049) (0.000,0.045) (0.000,0.057) (0.000,0.044) (0.000,0.049) (0.000,0.056) (0.000,0.053) 
422     1105    (0)    9 :  0.008 0.135 0.007 0.009 0.005 0.008 0.008 0.006 0.179 0.008 0.556 0.017 0.008 0.006 0.007 0.007 0.006 0.007 0.006 0.008     (0.000,0.044) (0.000,0.913) (0.000,0.037) (0.000,0.047) (0.000,0.028) (0.000,0.043) (0.000,0.042) (0.000,0.035) (0.000,0.947) (0.000,0.041) (0.000,0.992) (0.000,0.095) (0.000,0.041) (0.000,0.034) (0.000,0.035) (0.000,0.038) (0.000,0.032) (0.000,0.036) (0.000,0.035) (0.000,0.041) 
423     1108    (0)    2 :  0.011 0.186 0.012 0.014 0.006 0.009 0.011 0.012 0.089 0.013 0.523 0.025 0.013 0.013 0.010 0.008 0.011 0.011 0.011 0.012     (0.000,0.057) (0.000,0.933) (0.000,0.069) (0.000,0.079) (0.000,0.033) (0.000,0.051) (0.000,0.063) (0.000,0.073) (0.000,0.726) (0.000,0.072) (0.000,0.987) (0.000,0.158) (0.000,0.078) (0.000,0.072) (0.000,0.056) (0.000,0.044) (0.000,0.060) (0.000,0.061) (0.000,0.064) (0.000,0.064) 
424     1112    (0)    7 :  0.053 0.040 0.031 0.132 0.010 0.037 0.025 0.030 0.025 0.077 0.054 0.036 0.034 0.065 0.022 0.030 0.067 0.066 0.109 0.056     (0.000,0.422) (0.000,0.304) (0.000,0.205) (0.000,0.796) (0.000,0.055) (0.000,0.267) (0.000,0.151) (0.000,0.202) (0.000,0.184) (0.000,0.614) (0.000,0.375) (0.000,0.268) (0.000,0.240) (0.000,0.523) (0.000,0.130) (0.000,0.219) (0.000,0.508) (0.000,0.543) (0.000,0.737) (0.000,0.451) 
425     1115    (0)    4 :  0.077 0.088 0.032 0.030 0.075 0.027 0.053 0.021 0.019 0.179 0.073 0.031 0.026 0.029 0.041 0.010 0.038 0.031 0.083 0.036     (0.000,0.604) (0.000,0.553) (0.000,0.225) (0.000,0.213) (0.000,0.426) (0.000,0.178) (0.000,0.423) (0.000,0.141) (0.000,0.131) (0.000,0.888) (0.000,0.466) (0.000,0.223) (0.000,0.178) (0.000,0.203) (0.000,0.309) (0.000,0.061) (0.000,0.287) (0.000,0.213) (0.000,0.599) (0.000,0.262) 
426     1119   (25)    2 :  0.010 0.391 0.011 0.009 0.014 0.008 0.020 0.014 0.056 0.014 0.339 0.026 0.015 0.012 0.012 0.008 0.010 0.010 0.011 0.011     (0.000,0.054) (0.000,0.982) (0.000,0.067) (0.000,0.046) (0.000,0.076) (0.000,0.043) (0.000,0.124) (0.000,0.089) (0.000,0.472) (0.000,0.080) (0.000,0.968) (0.000,0.175) (0.000,0.085) (0.000,0.067) (0.000,0.069) (0.000,0.042) (0.000,0.056) (0.000,0.055) (0.000,0.058) (0.000,0.059) 
427     1120    (0)   11 :  0.017 0.260 0.011 0.012 0.010 0.012 0.015 0.011 0.062 0.015 0.248 0.074 0.015 0.015 0.009 0.155 0.008 0.013 0.021 0.017     (0.000,0.107) (0.000,0.947) (0.000,0.060) (0.000,0.074) (0.000,0.053) (0.000,0.070) (0.000,0.092) (0.000,0.061) (0.000,0.477) (0.000,0.089) (0.000,0.862) (0.000,0.501) (0.000,0.085) (0.000,0.089) (0.000,0.052) (0.000,0.684) (0.000,0.046) (0.000,0.079) (0.000,0.140) (0.000,0.105) 
428     1121   (12)   12 :  0.019 0.020 0.016 0.029 0.010 0.034 0.013 0.020 0.017 0.016 0.019 0.533 0.015 0.046 0.009 0.006 0.094 0.036 0.025 0.022     (0.000,0.108) (0.000,0.135) (0.000,0.089) (0.000,0.189) (0.000,0.054) (0.000,0.231) (0.000,0.072) (0.000,0.119) (0.000,0.113) (0.000,0.096) (0.000,0.129) (0.000,0.983) (0.000,0.083) (0.000,0.347) (0.000,0.049) (0.000,0.032) (0.000,0.651) (0.000,0.244) (0.000,0.166) (0.000,0.128) 
429     1122    (0)    7 :  0.036 0.160 0.031 0.031 0.008 0.029 0.035 0.040 0.087 0.035 0.110 0.168 0.041 0.029 0.026 0.010 0.025 0.029 0.027 0.045     (0.000,0.257) (0.000,0.762) (0.000,0.223) (0.000,0.219) (0.000,0.044) (0.000,0.199) (0.000,0.250) (0.000,0.305) (0.000,0.552) (0.000,0.257) (0.000,0.645) (0.000,0.861) (0.000,0.307) (0.000,0.201) (0.000,0.176) (0.000,0.060) (0.000,0.170) (0.000,0.201) (0.000,0.189) (0.000,0.337) 
430     1123   (12)   11 :  0.008 0.184 0.007 0.008 0.005 0.008 0.008 0.007 0.534 0.007 0.147 0.018 0.007 0.007 0.008 0.005 0.006 0.008 0.008 0.009     (0.000,0.046) (0.000,0.949) (0.000,0.037) (0.000,0.044) (0.000,0.026) (0.000,0.042) (0.000,0.044) (0.000,0.037) (0.000,0.991) (0.000,0.039) (0.000,0.928) (0.000,0.094) (0.000,0.039) (0.000,0.038) (0.000,0.043) (0.000,0.024) (0.000,0.033) (0.000,0.042) (0.000,0.040) (0.000,0.047) 
431     1124   (12)   11 :  0.009 0.144 0.008 0.010 0.005 0.010 0.009 0.008 0.462 0.008 0.236 0.026 0.009 0.008 0.009 0.005 0.007 0.008 0.008 0.010     (0.000,0.051) (0.000,0.912) (0.000,0.043) (0.000,0.058) (0.000,0.027) (0.000,0.054) (0.000,0.046) (0.000,0.043) (0.000,0.987) (0.000,0.046) (0.000,0.965) (0.000,0.147) (0.000,0.053) (0.000,0.043) (0.000,0.047) (0.000,0.028) (0.000,0.038) (0.000,0.046) (0.000,0.045) (0.000,0.056) 
432     1125   (12)   11 :  0.012 0.239 0.007 0.012 0.008 0.010 0.012 0.007 0.182 0.011 0.332 0.100 0.010 0.008 0.008 0.006 0.008 0.008 0.008 0.010     (0.000,0.067) (0.000,0.960) (0.000,0.040) (0.000,0.068) (0.000,0.042) (0.000,0.054) (0.000,0.069) (0.000,0.038) (0.000,0.938) (0.000,0.061) (0.000,0.979) (0.000,0.817) (0.000,0.057) (0.000,0.042) (0.000,0.043) (0.000,0.030) (0.000,0.043) (0.000,0.045) (0.000,0.044) (0.000,0.055) 
433     1131    (0)   12 :  0.012 0.025 0.010 0.011 0.007 0.035 0.010 0.011 0.044 0.012 0.031 0.704 0.013 0.011 0.011 0.007 0.010 0.013 0.010 0.012     (0.000,0.063) (0.000,0.170) (0.000,0.056) (0.000,0.063) (0.000,0.039) (0.000,0.251) (0.000,0.052) (0.000,0.058) (0.000,0.343) (0.000,0.068) (0.000,0.227) (0.000,0.992) (0.000,0.073) (0.000,0.056) (0.000,0.066) (0.000,0.038) (0.000,0.055) (0.000,0.067) (0.000,0.051) (0.000,0.067) 
434     1132    (0)   14 :  0.041 0.014 0.049 0.056 0.007 0.063 0.033 0.057 0.011 0.075 0.012 0.022 0.068 0.075 0.052 0.010 0.042 0.101 0.067 0.146     (0.000,0.299) (0.000,0.090) (0.000,0.378) (0.000,0.443) (0.000,0.033) (0.000,0.505) (0.000,0.219) (0.000,0.456) (0.000,0.069) (0.000,0.610) (0.000,0.073) (0.000,0.145) (0.000,0.555) (0.000,0.609) (0.000,0.408) (0.000,0.062) (0.000,0.313) (0.000,0.762) (0.000,0.551) (0.000,0.877) 
435     1133    (0)    7 :  0.096 0.008 0.025 0.021 0.006 0.073 0.166 0.033 0.007 0.053 0.007 0.010 0.048 0.064 0.042 0.006 0.016 0.157 0.031 0.131     (0.000,0.750) (0.000,0.044) (0.000,0.149) (0.000,0.128) (0.000,0.033) (0.000,0.573) (0.000,0.878) (0.000,0.233) (0.000,0.037) (0.000,0.419) (0.000,0.036) (0.000,0.059) (0.000,0.372) (0.000,0.524) (0.000,0.318) (0.000,0.032) (0.000,0.092) (0.000,0.890) (0.000,0.202) (0.000,0.855) 
436     1134   (12)   13 :  0.041 0.070 0.015 0.016 0.011 0.033 0.031 0.025 0.047 0.041 0.041 0.098 0.318 0.041 0.022 0.009 0.034 0.036 0.032 0.036     (0.000,0.309) (0.000,0.523) (0.000,0.085) (0.000,0.097) (0.000,0.060) (0.000,0.237) (0.000,0.209) (0.000,0.159) (0.000,0.359) (0.000,0.307) (0.000,0.315) (0.000,0.649) (0.000,0.962) (0.000,0.296) (0.000,0.139) (0.000,0.051) (0.000,0.230) (0.000,0.258) (0.000,0.224) (0.000,0.266) 
437     1137    (0)    2 :  0.035 0.190 0.028 0.027 0.008 0.030 0.037 0.028 0.049 0.051 0.066 0.167 0.058 0.035 0.042 0.009 0.022 0.034 0.043 0.039     (0.000,0.240) (0.000,0.885) (0.000,0.188) (0.000,0.185) (0.000,0.043) (0.000,0.200) (0.000,0.267) (0.000,0.191) (0.000,0.371) (0.000,0.402) (0.000,0.489) (0.000,0.878) (0.000,0.460) (0.000,0.245) (0.000,0.325) (0.000,0.048) (0.000,0.130) (0.000,0.239) (0.000,0.323) (0.000,0.285) 
438     1138    (0)    1 :  0.053 0.013 0.032 0.058 0.007 0.134 0.058 0.072 0.013 0.064 0.011 0.015 0.055 0.044 0.140 0.005 0.017 0.060 0.030 0.120     (0.000,0.428) (0.000,0.075) (0.000,0.203) (0.000,0.476) (0.000,0.034) (0.000,0.844) (0.000,0.471) (0.000,0.590) (0.000,0.078) (0.000,0.535) (0.000,0.064) (0.000,0.090) (0.000,0.445) (0.000,0.321) (0.000,0.853) (0.000,0.026) (0.000,0.093) (0.000,0.503) (0.000,0.193) (0.000,0.837) 
439     1139    (0)   18 :  0.051 0.011 0.033 0.084 0.007 0.135 0.040 0.067 0.010 0.079 0.011 0.016 0.077 0.054 0.099 0.006 0.021 0.063 0.034 0.102     (0.000,0.401) (0.000,0.065) (0.000,0.216) (0.000,0.684) (0.000,0.034) (0.000,0.848) (0.000,0.290) (0.000,0.547) (0.000,0.058) (0.000,0.658) (0.000,0.064) (0.000,0.096) (0.000,0.646) (0.000,0.435) (0.000,0.737) (0.000,0.033) (0.000,0.121) (0.000,0.531) (0.000,0.227) (0.000,0.781) 
440     1143    (0)   19 :  0.077 0.021 0.041 0.041 0.006 0.049 0.048 0.038 0.012 0.094 0.013 0.025 0.030 0.038 0.181 0.021 0.038 0.082 0.089 0.058     (0.000,0.639) (0.000,0.139) (0.000,0.301) (0.000,0.296) (0.000,0.032) (0.000,0.380) (0.000,0.372) (0.000,0.267) (0.000,0.070) (0.000,0.734) (0.000,0.077) (0.000,0.158) (0.000,0.190) (0.000,0.269) (0.000,0.908) (0.000,0.142) (0.000,0.275) (0.000,0.674) (0.000,0.708) (0.000,0.475) 
441     1146    (0)   19 :  0.081 0.020 0.033 0.061 0.008 0.046 0.053 0.043 0.014 0.099 0.014 0.030 0.046 0.045 0.083 0.011 0.055 0.086 0.102 0.068     (0.000,0.665) (0.000,0.132) (0.000,0.219) (0.000,0.499) (0.000,0.040) (0.000,0.350) (0.000,0.425) (0.000,0.324) (0.000,0.089) (0.000,0.751) (0.000,0.086) (0.000,0.207) (0.000,0.354) (0.000,0.339) (0.000,0.635) (0.000,0.062) (0.000,0.436) (0.000,0.696) (0.000,0.768) (0.000,0.569) 
442     1147    (0)    1 :  0.078 0.041 0.044 0.129 0.008 0.058 0.064 0.019 0.023 0.080 0.030 0.051 0.036 0.050 0.073 0.011 0.017 0.048 0.069 0.070     (0.000,0.638) (0.000,0.308) (0.000,0.327) (0.000,0.834) (0.000,0.044) (0.000,0.470) (0.000,0.516) (0.000,0.111) (0.000,0.156) (0.000,0.648) (0.000,0.220) (0.000,0.398) (0.000,0.256) (0.000,0.396) (0.000,0.572) (0.000,0.062) (0.000,0.097) (0.000,0.370) (0.000,0.565) (0.000,0.581) 
443     1156    (0)    8 :  0.057 0.027 0.035 0.064 0.009 0.047 0.051 0.073 0.022 0.061 0.020 0.038 0.078 0.079 0.024 0.009 0.024 0.061 0.048 0.172     (0.000,0.465) (0.000,0.193) (0.000,0.243) (0.000,0.518) (0.000,0.049) (0.000,0.363) (0.000,0.398) (0.000,0.581) (0.000,0.152) (0.000,0.502) (0.000,0.136) (0.000,0.287) (0.000,0.612) (0.000,0.638) (0.000,0.151) (0.000,0.052) (0.000,0.151) (0.000,0.504) (0.000,0.373) (0.000,0.900) 
444     1157    (0)   18 :  0.075 0.011 0.034 0.017 0.007 0.025 0.071 0.209 0.007 0.092 0.008 0.012 0.046 0.035 0.083 0.014 0.092 0.072 0.038 0.053     (0.000,0.629) (0.000,0.065) (0.000,0.223) (0.000,0.094) (0.000,0.036) (0.000,0.150) (0.000,0.597) (0.000,0.936) (0.000,0.041) (0.000,0.739) (0.000,0.041) (0.000,0.070) (0.000,0.348) (0.000,0.233) (0.000,0.630) (0.000,0.082) (0.000,0.721) (0.000,0.609) (0.000,0.269) (0.000,0.421) 
445     1162   (12)   13 :  0.039 0.027 0.038 0.037 0.011 0.253 0.025 0.098 0.032 0.043 0.026 0.033 0.081 0.028 0.056 0.019 0.015 0.038 0.021 0.080     (0.000,0.273) (0.000,0.192) (0.000,0.267) (0.000,0.266) (0.000,0.061) (0.000,0.942) (0.000,0.159) (0.000,0.690) (0.000,0.228) (0.000,0.329) (0.000,0.184) (0.000,0.239) (0.000,0.654) (0.000,0.184) (0.000,0.452) (0.000,0.129) (0.000,0.084) (0.000,0.275) (0.000,0.117) (0.000,0.648) 
446     1167   (12)   14 :  0.085 0.017 0.031 0.037 0.010 0.080 0.035 0.066 0.014 0.092 0.012 0.014 0.090 0.086 0.034 0.008 0.062 0.079 0.068 0.079     (0.000,0.700) (0.000,0.109) (0.000,0.194) (0.000,0.267) (0.000,0.050) (0.000,0.652) (0.000,0.238) (0.000,0.549) (0.000,0.082) (0.000,0.734) (0.000,0.072) (0.000,0.079) (0.000,0.708) (0.000,0.698) (0.000,0.237) (0.000,0.045) (0.000,0.502) (0.000,0.659) (0.000,0.574) (0.000,0.653) 
447     1173    (0)    9 :  0.012 0.190 0.011 0.013 0.006 0.014 0.011 0.010 0.420 0.012 0.177 0.037 0.014 0.010 0.013 0.007 0.009 0.011 0.011 0.013     (0.000,0.071) (0.000,0.934) (0.000,0.060) (0.000,0.074) (0.000,0.030) (0.000,0.086) (0.000,0.062) (0.000,0.057) (0.000,0.980) (0.000,0.066) (0.000,0.926) (0.000,0.246) (0.000,0.079) (0.000,0.058) (0.000,0.080) (0.000,0.037) (0.000,0.048) (0.000,0.064) (0.000,0.059) (0.000,0.077) 
448     1176    (0)    3 :  0.056 0.017 0.056 0.047 0.008 0.128 0.039 0.060 0.015 0.048 0.013 0.036 0.025 0.078 0.071 0.008 0.104 0.096 0.047 0.049     (0.000,0.455) (0.000,0.114) (0.000,0.451) (0.000,0.363) (0.000,0.039) (0.000,0.820) (0.000,0.284) (0.000,0.483) (0.000,0.096) (0.000,0.376) (0.000,0.081) (0.000,0.262) (0.000,0.151) (0.000,0.628) (0.000,0.544) (0.000,0.042) (0.000,0.702) (0.000,0.730) (0.000,0.357) (0.000,0.388) 
449     1182    (0)    6 :  0.038 0.016 0.030 0.027 0.029 0.109 0.019 0.047 0.011 0.070 0.014 0.011 0.086 0.045 0.260 0.008 0.040 0.047 0.043 0.050     (0.000,0.272) (0.000,0.101) (0.000,0.202) (0.000,0.177) (0.000,0.189) (0.000,0.701) (0.000,0.114) (0.000,0.367) (0.000,0.065) (0.000,0.540) (0.000,0.087) (0.000,0.063) (0.000,0.642) (0.000,0.343) (0.000,0.943) (0.000,0.043) (0.000,0.292) (0.000,0.368) (0.000,0.323) (0.000,0.396) 
450     1185    (0)   18 :  0.046 0.014 0.034 0.069 0.007 0.091 0.027 0.119 0.012 0.066 0.012 0.018 0.062 0.074 0.060 0.013 0.038 0.082 0.051 0.107     (0.000,0.347) (0.000,0.089) (0.000,0.222) (0.000,0.572) (0.000,0.035) (0.000,0.692) (0.000,0.163) (0.000,0.810) (0.000,0.077) (0.000,0.551) (0.000,0.069) (0.000,0.108) (0.000,0.515) (0.000,0.615) (0.000,0.486) (0.000,0.074) (0.000,0.265) (0.000,0.676) (0.000,0.400) (0.000,0.791) 
451     1200    (0)    7 :  0.080 0.037 0.033 0.084 0.010 0.050 0.054 0.041 0.024 0.072 0.018 0.066 0.039 0.055 0.042 0.013 0.025 0.057 0.106 0.094     (0.000,0.651) (0.000,0.271) (0.000,0.215) (0.000,0.655) (0.000,0.056) (0.000,0.389) (0.000,0.437) (0.000,0.303) (0.000,0.167) (0.000,0.588) (0.000,0.118) (0.000,0.523) (0.000,0.279) (0.000,0.438) (0.000,0.319) (0.000,0.077) (0.000,0.162) (0.000,0.471) (0.000,0.763) (0.000,0.727) 
452     1205    (0)    9 :  0.019 0.347 0.014 0.016 0.013 0.018 0.021 0.010 0.286 0.018 0.127 0.008 0.010 0.013 0.027 0.004 0.011 0.013 0.012 0.013     (0.000,0.131) (0.000,0.950) (0.000,0.088) (0.000,0.108) (0.000,0.085) (0.000,0.121) (0.000,0.150) (0.000,0.058) (0.000,0.908) (0.000,0.124) (0.000,0.831) (0.000,0.043) (0.000,0.062) (0.000,0.080) (0.000,0.195) (0.000,0.020) (0.000,0.066) (0.000,0.081) (0.000,0.072) (0.000,0.084) 
453     1207    (0)    9 :  0.010 0.339 0.007 0.009 0.005 0.009 0.009 0.007 0.426 0.009 0.091 0.014 0.008 0.009 0.010 0.005 0.007 0.009 0.010 0.009     (0.000,0.053) (0.000,0.982) (0.000,0.040) (0.000,0.047) (0.000,0.025) (0.000,0.047) (0.000,0.047) (0.000,0.039) (0.000,0.985) (0.000,0.049) (0.000,0.804) (0.000,0.074) (0.000,0.044) (0.000,0.048) (0.000,0.056) (0.000,0.026) (0.000,0.038) (0.000,0.049) (0.000,0.052) (0.000,0.048) 
454     1208    (0)    2 :  0.010 0.401 0.007 0.009 0.005 0.009 0.009 0.006 0.319 0.010 0.136 0.016 0.008 0.008 0.009 0.005 0.007 0.008 0.008 0.008     (0.000,0.054) (0.000,0.986) (0.000,0.039) (0.000,0.051) (0.000,0.028) (0.000,0.048) (0.000,0.053) (0.000,0.034) (0.000,0.976) (0.000,0.054) (0.000,0.908) (0.000,0.086) (0.000,0.042) (0.000,0.042) (0.000,0.051) (0.000,0.025) (0.000,0.038) (0.000,0.043) (0.000,0.046) (0.000,0.046) 
455     1212   (12)    7 :  0.087 0.017 0.061 0.079 0.008 0.030 0.332 0.020 0.018 0.025 0.017 0.045 0.019 0.012 0.137 0.005 0.015 0.025 0.016 0.031     (0.000,0.720) (0.000,0.108) (0.000,0.505) (0.000,0.659) (0.000,0.043) (0.000,0.201) (0.000,0.967) (0.000,0.119) (0.000,0.111) (0.000,0.162) (0.000,0.105) (0.000,0.335) (0.000,0.105) (0.000,0.067) (0.000,0.862) (0.000,0.029) (0.000,0.079) (0.000,0.145) (0.000,0.090) (0.000,0.200) 
456     1214    (0)    7 :  0.090 0.024 0.032 0.053 0.011 0.050 0.046 0.045 0.012 0.098 0.011 0.049 0.042 0.061 0.044 0.023 0.030 0.059 0.151 0.068     (0.000,0.723) (0.000,0.160) (0.000,0.208) (0.000,0.423) (0.000,0.058) (0.000,0.396) (0.000,0.350) (0.000,0.346) (0.000,0.069) (0.000,0.754) (0.000,0.062) (0.000,0.379) (0.000,0.310) (0.000,0.503) (0.000,0.330) (0.000,0.161) (0.000,0.201) (0.000,0.491) (0.000,0.880) (0.000,0.571) 
457     1218   (25)   10 :  0.100 0.012 0.025 0.109 0.010 0.022 0.015 0.048 0.012 0.331 0.010 0.011 0.016 0.033 0.019 0.006 0.038 0.029 0.028 0.126     (0.000,0.784) (0.000,0.072) (0.000,0.140) (0.000,0.807) (0.000,0.053) (0.000,0.133) (0.000,0.080) (0.000,0.374) (0.000,0.070) (0.000,0.970) (0.000,0.057) (0.000,0.059) (0.000,0.093) (0.000,0.212) (0.000,0.109) (0.000,0.031) (0.000,0.266) (0.000,0.173) (0.000,0.184) (0.000,0.850) 
458     1222    (0)    9 :  0.005 0.137 0.004 0.004 0.011 0.005 0.005 0.004 0.692 0.005 0.086 0.007 0.004 0.005 0.005 0.004 0.004 0.004 0.005 0.004     (0.000,0.026) (0.000,0.934) (0.000,0.022) (0.000,0.022) (0.000,0.068) (0.000,0.027) (0.000,0.026) (0.000,0.022) (0.000,0.996) (0.000,0.024) (0.000,0.831) (0.000,0.039) (0.000,0.024) (0.000,0.027) (0.000,0.025) (0.000,0.022) (0.000,0.022) (0.000,0.023) (0.000,0.025) (0.000,0.023) 
459     1224    (0)    2 :  0.027 0.226 0.014 0.014 0.007 0.013 0.027 0.033 0.370 0.017 0.032 0.013 0.014 0.015 0.038 0.051 0.032 0.032 0.013 0.014     (0.000,0.200) (0.000,0.812) (0.000,0.091) (0.000,0.085) (0.000,0.036) (0.000,0.076) (0.000,0.197) (0.000,0.240) (0.000,0.854) (0.000,0.112) (0.000,0.240) (0.000,0.065) (0.000,0.084) (0.000,0.090) (0.000,0.265) (0.000,0.334) (0.000,0.233) (0.000,0.236) (0.000,0.080) (0.000,0.087) 
460     1226    (0)    9 :  0.005 0.073 0.004 0.004 0.005 0.005 0.004 0.004 0.770 0.005 0.080 0.008 0.004 0.004 0.004 0.004 0.004 0.004 0.004 0.004     (0.000,0.024) (0.000,0.726) (0.000,0.022) (0.000,0.022) (0.000,0.027) (0.000,0.025) (0.000,0.023) (0.000,0.021) (0.000,0.997) (0.000,0.024) (0.000,0.822) (0.000,0.043) (0.000,0.022) (0.000,0.022) (0.000,0.022) (0.000,0.023) (0.000,0.022) (0.000,0.021) (0.000,0.022) (0.000,0.022) 
461     1233    (0)    9 :  0.005 0.131 0.005 0.005 0.004 0.006 0.005 0.005 0.720 0.005 0.058 0.008 0.005 0.005 0.006 0.005 0.005 0.005 0.005 0.006     (0.000,0.029) (0.000,0.933) (0.000,0.027) (0.000,0.025) (0.000,0.023) (0.000,0.030) (0.000,0.029) (0.000,0.029) (0.000,0.996) (0.000,0.027) (0.000,0.543) (0.000,0.043) (0.000,0.028) (0.000,0.027) (0.000,0.029) (0.000,0.026) (0.000,0.025) (0.000,0.028) (0.000,0.027) (0.000,0.030) 
462     1236    (0)    9 :  0.009 0.586 0.007 0.006 0.006 0.009 0.008 0.008 0.246 0.008 0.023 0.016 0.009 0.008 0.007 0.011 0.007 0.009 0.008 0.007     (0.000,0.049) (0.000,0.993) (0.000,0.039) (0.000,0.035) (0.000,0.030) (0.000,0.054) (0.000,0.042) (0.000,0.048) (0.000,0.918) (0.000,0.045) (0.000,0.130) (0.000,0.092) (0.000,0.053) (0.000,0.047) (0.000,0.041) (0.000,0.073) (0.000,0.039) (0.000,0.049) (0.000,0.047) (0.000,0.042) 
463     1237    (0)   12 :  0.017 0.025 0.015 0.009 0.010 0.013 0.014 0.010 0.026 0.011 0.015 0.746 0.007 0.012 0.008 0.018 0.011 0.011 0.011 0.010     (0.000,0.090) (0.000,0.179) (0.000,0.087) (0.000,0.050) (0.000,0.055) (0.000,0.070) (0.000,0.073) (0.000,0.053) (0.000,0.191) (0.000,0.060) (0.000,0.094) (0.222,0.992) (0.000,0.040) (0.000,0.067) (0.000,0.042) (0.000,0.123) (0.000,0.062) (0.000,0.059) (0.000,0.062) (0.000,0.054) 
464     1239    (0)   18 :  0.038 0.015 0.034 0.021 0.007 0.051 0.031 0.403 0.010 0.059 0.009 0.012 0.040 0.047 0.058 0.009 0.027 0.042 0.029 0.058     (0.000,0.259) (0.000,0.090) (0.000,0.224) (0.000,0.112) (0.000,0.037) (0.000,0.409) (0.000,0.193) (0.000,0.981) (0.000,0.058) (0.000,0.498) (0.000,0.050) (0.000,0.063) (0.000,0.283) (0.000,0.364) (0.000,0.487) (0.000,0.050) (0.000,0.159) (0.000,0.304) (0.000,0.171) (0.000,0.494) 
465     1240    (0)    9 :  0.014 0.437 0.015 0.013 0.028 0.011 0.025 0.029 0.113 0.017 0.130 0.034 0.028 0.024 0.018 0.005 0.017 0.014 0.014 0.015     (0.000,0.078) (0.000,0.977) (0.000,0.095) (0.000,0.072) (0.000,0.198) (0.000,0.060) (0.000,0.168) (0.000,0.205) (0.000,0.727) (0.000,0.100) (0.000,0.820) (0.000,0.246) (0.000,0.183) (0.000,0.157) (0.000,0.119) (0.000,0.027) (0.000,0.097) (0.000,0.080) (0.000,0.082) (0.000,0.089) 
466     1241   (25)    2 :  0.013 0.474 0.015 0.009 0.013 0.010 0.022 0.037 0.155 0.016 0.061 0.035 0.029 0.022 0.019 0.006 0.021 0.014 0.015 0.014     (0.000,0.068) (0.000,0.985) (0.000,0.090) (0.000,0.050) (0.000,0.068) (0.000,0.054) (0.000,0.133) (0.000,0.264) (0.000,0.841) (0.000,0.089) (0.000,0.516) (0.000,0.234) (0.000,0.177) (0.000,0.129) (0.000,0.122) (0.000,0.031) (0.000,0.120) (0.000,0.079) (0.000,0.083) (0.000,0.081) 
467     1248    (0)   16 :  0.065 0.037 0.031 0.021 0.009 0.081 0.027 0.104 0.034 0.043 0.022 0.023 0.032 0.033 0.066 0.173 0.047 0.059 0.040 0.052     (0.000,0.523) (0.000,0.274) (0.000,0.203) (0.000,0.131) (0.000,0.048) (0.000,0.616) (0.000,0.179) (0.000,0.694) (0.000,0.248) (0.000,0.333) (0.000,0.154) (0.000,0.157) (0.000,0.213) (0.000,0.237) (0.000,0.512) (0.000,0.746) (0.000,0.367) (0.000,0.476) (0.000,0.295) (0.000,0.411) 
468     1250    (0)   11 :  0.014 0.493 0.011 0.009 0.006 0.012 0.011 0.012 0.195 0.012 0.101 0.025 0.012 0.012 0.011 0.014 0.012 0.012 0.014 0.012     (0.000,0.082) (0.000,0.987) (0.000,0.061) (0.000,0.048) (0.000,0.033) (0.000,0.070) (0.000,0.061) (0.000,0.074) (0.000,0.869) (0.000,0.072) (0.000,0.795) (0.000,0.150) (0.000,0.071) (0.000,0.071) (0.000,0.063) (0.000,0.089) (0.000,0.067) (0.000,0.070) (0.000,0.083) (0.000,0.067) 
469     1259    (0)    9 :  0.010 0.163 0.010 0.010 0.005 0.011 0.009 0.009 0.482 0.009 0.199 0.012 0.009 0.009 0.010 0.006 0.008 0.009 0.009 0.010     (0.000,0.054) (0.000,0.928) (0.000,0.056) (0.000,0.055) (0.000,0.027) (0.000,0.059) (0.000,0.047) (0.000,0.051) (0.000,0.988) (0.000,0.049) (0.000,0.951) (0.000,0.063) (0.000,0.047) (0.000,0.049) (0.000,0.054) (0.000,0.035) (0.000,0.043) (0.000,0.050) (0.000,0.048) (0.000,0.056) 
470     1265    (0)    2 :  0.010 0.448 0.008 0.007 0.006 0.010 0.009 0.010 0.301 0.010 0.077 0.025 0.011 0.009 0.009 0.012 0.010 0.009 0.010 0.009     (0.000,0.061) (0.000,0.988) (0.000,0.043) (0.000,0.037) (0.000,0.032) (0.000,0.057) (0.000,0.048) (0.000,0.061) (0.000,0.929) (0.000,0.056) (0.000,0.715) (0.000,0.155) (0.000,0.066) (0.000,0.054) (0.000,0.048) (0.000,0.078) (0.000,0.055) (0.000,0.055) (0.000,0.061) (0.000,0.052) 
471     1276    (0)   11 :  0.009 0.225 0.011 0.010 0.006 0.009 0.011 0.014 0.470 0.010 0.132 0.014 0.011 0.010 0.012 0.004 0.009 0.010 0.009 0.012     (0.000,0.052) (0.000,0.956) (0.000,0.066) (0.000,0.058) (0.000,0.031) (0.000,0.051) (0.000,0.067) (0.000,0.089) (0.000,0.982) (0.000,0.059) (0.000,0.891) (0.000,0.079) (0.000,0.065) (0.000,0.058) (0.000,0.071) (0.000,0.023) (0.000,0.053) (0.000,0.055) (0.000,0.051) (0.000,0.068) 
472     1283    (0)   18 :  0.063 0.013 0.034 0.066 0.008 0.092 0.022 0.127 0.011 0.076 0.010 0.014 0.052 0.062 0.048 0.022 0.078 0.074 0.064 0.065     (0.000,0.523) (0.000,0.076) (0.000,0.224) (0.000,0.550) (0.000,0.039) (0.000,0.719) (0.000,0.123) (0.000,0.845) (0.000,0.068) (0.000,0.634) (0.000,0.057) (0.000,0.077) (0.000,0.418) (0.000,0.512) (0.000,0.369) (0.000,0.140) (0.000,0.633) (0.000,0.623) (0.000,0.526) (0.000,0.549) 
473     1291    (0)    1 :  0.050 0.054 0.023 0.046 0.008 0.061 0.022 0.081 0.067 0.043 0.045 0.042 0.092 0.066 0.033 0.036 0.069 0.062 0.042 0.057     (0.000,0.394) (0.000,0.393) (0.000,0.147) (0.000,0.362) (0.000,0.044) (0.000,0.479) (0.000,0.130) (0.000,0.617) (0.000,0.444) (0.000,0.322) (0.000,0.340) (0.000,0.308) (0.000,0.672) (0.000,0.522) (0.000,0.236) (0.000,0.269) (0.000,0.549) (0.000,0.494) (0.000,0.321) (0.000,0.451) 
474     1301    (0)    9 :  0.012 0.212 0.011 0.010 0.005 0.010 0.011 0.009 0.501 0.010 0.122 0.010 0.008 0.010 0.012 0.005 0.008 0.010 0.010 0.012     (0.000,0.066) (0.000,0.954) (0.000,0.057) (0.000,0.055) (0.000,0.026) (0.000,0.056) (0.000,0.060) (0.000,0.049) (0.000,0.989) (0.000,0.054) (0.000,0.881) (0.000,0.050) (0.000,0.043) (0.000,0.052) (0.000,0.066) (0.000,0.027) (0.000,0.043) (0.000,0.055) (0.000,0.056) (0.000,0.061) 
475     1302    (0)    2 :  0.018 0.119 0.020 0.025 0.005 0.018 0.013 0.014 0.344 0.016 0.288 0.015 0.014 0.013 0.016 0.006 0.012 0.014 0.013 0.018     (0.000,0.099) (0.000,0.834) (0.000,0.110) (0.000,0.150) (0.000,0.027) (0.000,0.107) (0.000,0.068) (0.000,0.083) (0.000,0.973) (0.000,0.085) (0.000,0.967) (0.000,0.080) (0.000,0.079) (0.000,0.072) (0.000,0.088) (0.000,0.034) (0.000,0.065) (0.000,0.077) (0.000,0.068) (0.000,0.101) 
476     1306    (0)    9 :  0.008 0.161 0.008 0.007 0.004 0.008 0.008 0.007 0.634 0.007 0.087 0.007 0.006 0.007 0.008 0.004 0.006 0.007 0.007 0.008     (0.000,0.043) (0.000,0.942) (0.000,0.040) (0.000,0.038) (0.000,0.023) (0.000,0.041) (0.000,0.041) (0.000,0.037) (0.000,0.994) (0.000,0.037) (0.000,0.816) (0.000,0.037) (0.000,0.033) (0.000,0.036) (0.000,0.045) (0.000,0.021) (0.000,0.032) (0.000,0.040) (0.000,0.038) (0.000,0.042) 
477     1307   (12)   13 :  0.090 0.090 0.031 0.060 0.017 0.038 0.079 0.040 0.046 0.050 0.026 0.057 0.026 0.057 0.046 0.037 0.017 0.043 0.076 0.074     (0.000,0.714) (0.000,0.667) (0.000,0.203) (0.000,0.482) (0.000,0.095) (0.000,0.267) (0.000,0.643) (0.000,0.289) (0.000,0.350) (0.000,0.391) (0.000,0.177) (0.000,0.449) (0.000,0.158) (0.000,0.463) (0.000,0.356) (0.000,0.274) (0.000,0.097) (0.000,0.324) (0.000,0.604) (0.000,0.606) 
478     1308   (12)    2 :  0.019 0.374 0.012 0.010 0.007 0.013 0.014 0.012 0.286 0.015 0.110 0.015 0.014 0.017 0.016 0.008 0.014 0.014 0.016 0.012     (0.000,0.107) (0.000,0.980) (0.000,0.065) (0.000,0.055) (0.000,0.035) (0.000,0.069) (0.000,0.075) (0.000,0.065) (0.000,0.965) (0.000,0.079) (0.000,0.835) (0.000,0.081) (0.000,0.074) (0.000,0.090) (0.000,0.088) (0.000,0.045) (0.000,0.076) (0.000,0.075) (0.000,0.091) (0.000,0.066) 
479     1309    (0)    2 :  0.011 0.391 0.008 0.009 0.006 0.008 0.009 0.007 0.281 0.010 0.177 0.013 0.008 0.009 0.008 0.006 0.009 0.009 0.010 0.009     (0.000,0.061) (0.000,0.985) (0.000,0.043) (0.000,0.048) (0.000,0.030) (0.000,0.045) (0.000,0.050) (0.000,0.040) (0.000,0.971) (0.000,0.052) (0.000,0.943) (0.000,0.068) (0.000,0.044) (0.000,0.051) (0.000,0.045) (0.000,0.031) (0.000,0.049) (0.000,0.047) (0.000,0.053) (0.000,0.045) 
480     1310   (12)    2 :  0.024 0.311 0.014 0.018 0.009 0.018 0.017 0.013 0.169 0.023 0.242 0.024 0.018 0.015 0.016 0.009 0.017 0.014 0.014 0.014     (0.000,0.139) (0.000,0.968) (0.000,0.081) (0.000,0.103) (0.000,0.046) (0.000,0.099) (0.000,0.093) (0.000,0.072) (0.000,0.903) (0.000,0.139) (0.000,0.953) (0.000,0.141) (0.000,0.106) (0.000,0.086) (0.000,0.088) (0.000,0.051) (0.000,0.096) (0.000,0.079) (0.000,0.080) (0.000,0.075) 
481     1313    (0)   12 :  0.017 0.015 0.012 0.015 0.008 0.019 0.013 0.019 0.018 0.015 0.017 0.674 0.048 0.016 0.011 0.011 0.018 0.018 0.020 0.017     (0.000,0.103) (0.000,0.088) (0.000,0.071) (0.000,0.088) (0.000,0.042) (0.000,0.119) (0.000,0.071) (0.000,0.115) (0.000,0.114) (0.000,0.089) (0.000,0.106) (0.134,0.986) (0.000,0.374) (0.000,0.095) (0.000,0.063) (0.000,0.061) (0.000,0.109) (0.000,0.109) (0.000,0.127) (0.000,0.109) 
482     1317    (0)    7 :  0.090 0.009 0.138 0.076 0.008 0.028 0.045 0.035 0.012 0.095 0.009 0.015 0.043 0.047 0.039 0.024 0.036 0.105 0.063 0.083     (0.000,0.697) (0.000,0.051) (0.000,0.809) (0.000,0.597) (0.000,0.044) (0.000,0.187) (0.000,0.337) (0.000,0.246) (0.000,0.074) (0.000,0.699) (0.000,0.049) (0.000,0.093) (0.000,0.317) (0.000,0.363) (0.000,0.288) (0.000,0.168) (0.000,0.272) (0.000,0.772) (0.000,0.502) (0.000,0.663) 
483     1318    (0)    7 :  0.098 0.018 0.195 0.050 0.007 0.059 0.033 0.029 0.033 0.104 0.019 0.012 0.047 0.042 0.037 0.007 0.021 0.071 0.040 0.079     (0.000,0.745) (0.000,0.121) (0.000,0.897) (0.000,0.388) (0.000,0.036) (0.000,0.469) (0.000,0.226) (0.000,0.196) (0.000,0.243) (0.000,0.746) (0.000,0.131) (0.000,0.069) (0.000,0.366) (0.000,0.316) (0.000,0.270) (0.000,0.036) (0.000,0.128) (0.000,0.581) (0.000,0.289) (0.000,0.634) 
484     1320   (25)    3 :  0.060 0.009 0.180 0.051 0.015 0.045 0.030 0.054 0.014 0.121 0.009 0.016 0.081 0.036 0.026 0.006 0.040 0.073 0.052 0.079     (0.000,0.488) (0.000,0.051) (0.000,0.890) (0.000,0.393) (0.000,0.083) (0.000,0.343) (0.000,0.196) (0.000,0.437) (0.000,0.088) (0.000,0.815) (0.000,0.048) (0.000,0.094) (0.000,0.661) (0.000,0.255) (0.000,0.163) (0.000,0.034) (0.000,0.296) (0.000,0.615) (0.000,0.413) (0.000,0.646) 
485     1322    (0)   13 :  0.043 0.009 0.031 0.047 0.009 0.050 0.030 0.055 0.012 0.052 0.011 0.019 0.226 0.049 0.013 0.005 0.070 0.065 0.042 0.162     (0.000,0.312) (0.000,0.054) (0.000,0.191) (0.000,0.356) (0.000,0.044) (0.000,0.389) (0.000,0.188) (0.000,0.450) (0.000,0.076) (0.000,0.418) (0.000,0.066) (0.000,0.117) (0.000,0.944) (0.000,0.387) (0.000,0.071) (0.000,0.025) (0.000,0.582) (0.000,0.558) (0.000,0.307) (0.000,0.908) 
486     1323    (0)   14 :  0.105 0.010 0.021 0.018 0.009 0.064 0.028 0.096 0.009 0.075 0.008 0.025 0.064 0.128 0.019 0.006 0.140 0.067 0.021 0.085     (0.000,0.752) (0.000,0.063) (0.000,0.122) (0.000,0.104) (0.000,0.047) (0.000,0.494) (0.000,0.180) (0.000,0.720) (0.000,0.057) (0.000,0.560) (0.000,0.050) (0.000,0.183) (0.000,0.482) (0.000,0.835) (0.000,0.122) (0.000,0.035) (0.000,0.832) (0.000,0.554) (0.000,0.128) (0.000,0.643) 
487     1325    (0)   13 :  0.042 0.007 0.040 0.026 0.010 0.053 0.044 0.156 0.006 0.089 0.006 0.016 0.142 0.041 0.028 0.006 0.056 0.062 0.058 0.113     (0.000,0.306) (0.000,0.036) (0.000,0.284) (0.000,0.159) (0.000,0.050) (0.000,0.423) (0.000,0.329) (0.000,0.898) (0.000,0.031) (0.000,0.726) (0.000,0.030) (0.000,0.091) (0.000,0.880) (0.000,0.295) (0.000,0.181) (0.000,0.030) (0.000,0.449) (0.000,0.519) (0.000,0.471) (0.000,0.827) 
488     1326    (0)   13 :  0.046 0.007 0.033 0.021 0.008 0.076 0.040 0.187 0.006 0.075 0.005 0.013 0.135 0.041 0.030 0.006 0.034 0.061 0.043 0.134     (0.000,0.343) (0.000,0.035) (0.000,0.211) (0.000,0.123) (0.000,0.040) (0.000,0.630) (0.000,0.278) (0.000,0.928) (0.000,0.031) (0.000,0.637) (0.000,0.029) (0.000,0.075) (0.000,0.872) (0.000,0.292) (0.000,0.196) (0.000,0.033) (0.000,0.224) (0.000,0.515) (0.000,0.313) (0.000,0.876) 
489     1328    (0)   10 :  0.045 0.015 0.032 0.046 0.010 0.060 0.049 0.079 0.008 0.056 0.006 0.020 0.147 0.124 0.032 0.007 0.036 0.113 0.068 0.047     (0.000,0.337) (0.000,0.096) (0.000,0.216) (0.000,0.341) (0.000,0.054) (0.000,0.473) (0.000,0.377) (0.000,0.611) (0.000,0.047) (0.000,0.454) (0.000,0.033) (0.000,0.122) (0.000,0.875) (0.000,0.834) (0.000,0.221) (0.000,0.039) (0.000,0.256) (0.000,0.800) (0.000,0.561) (0.000,0.359) 
490     1337   (25)   13 :  0.089 0.011 0.029 0.024 0.009 0.074 0.054 0.090 0.010 0.069 0.009 0.011 0.103 0.055 0.052 0.010 0.057 0.095 0.050 0.099     (0.000,0.724) (0.000,0.060) (0.000,0.181) (0.000,0.141) (0.000,0.045) (0.000,0.603) (0.000,0.437) (0.000,0.714) (0.000,0.056) (0.000,0.584) (0.000,0.049) (0.000,0.064) (0.000,0.767) (0.000,0.445) (0.000,0.409) (0.000,0.058) (0.000,0.460) (0.000,0.752) (0.000,0.389) (0.000,0.761) 
491     1338    (0)   12 :  0.052 0.058 0.022 0.020 0.019 0.071 0.036 0.028 0.032 0.053 0.031 0.269 0.092 0.024 0.023 0.024 0.033 0.031 0.042 0.041     (0.000,0.409) (0.000,0.415) (0.000,0.135) (0.000,0.130) (0.000,0.115) (0.000,0.560) (0.000,0.269) (0.000,0.195) (0.000,0.241) (0.000,0.415) (0.000,0.229) (0.000,0.933) (0.000,0.678) (0.000,0.154) (0.000,0.146) (0.000,0.174) (0.000,0.240) (0.000,0.212) (0.000,0.323) (0.000,0.311) 
492     1343    (0)   13 :  0.061 0.008 0.040 0.040 0.006 0.067 0.059 0.115 0.009 0.037 0.009 0.026 0.034 0.044 0.074 0.009 0.177 0.110 0.025 0.049     (0.000,0.507) (0.000,0.046) (0.000,0.288) (0.000,0.289) (0.000,0.033) (0.000,0.522) (0.000,0.477) (0.000,0.797) (0.000,0.052) (0.000,0.262) (0.000,0.053) (0.000,0.186) (0.000,0.237) (0.000,0.327) (0.000,0.557) (0.000,0.050) (0.000,0.892) (0.000,0.798) (0.000,0.151) (0.000,0.376) 
493     1344    (0)    3 :  0.057 0.018 0.065 0.051 0.008 0.134 0.048 0.046 0.020 0.041 0.018 0.054 0.036 0.077 0.043 0.005 0.084 0.087 0.045 0.063     (0.000,0.462) (0.000,0.125) (0.000,0.526) (0.000,0.398) (0.000,0.041) (0.000,0.827) (0.000,0.370) (0.000,0.352) (0.000,0.139) (0.000,0.306) (0.000,0.126) (0.000,0.404) (0.000,0.254) (0.000,0.619) (0.000,0.323) (0.000,0.028) (0.000,0.612) (0.000,0.687) (0.000,0.343) (0.000,0.513) 
494     1351    (0)    1 :  0.052 0.020 0.080 0.069 0.008 0.064 0.087 0.057 0.022 0.067 0.019 0.022 0.052 0.046 0.092 0.005 0.033 0.057 0.050 0.101     (0.000,0.411) (0.000,0.133) (0.000,0.647) (0.000,0.560) (0.000,0.042) (0.000,0.517) (0.000,0.693) (0.000,0.458) (0.000,0.153) (0.000,0.556) (0.000,0.126) (0.000,0.142) (0.000,0.413) (0.000,0.348) (0.000,0.686) (0.000,0.025) (0.000,0.228) (0.000,0.460) (0.000,0.394) (0.000,0.763) 
495     1356    (0)    3 :  0.085 0.040 0.034 0.073 0.009 0.090 0.045 0.027 0.022 0.060 0.014 0.032 0.089 0.077 0.034 0.009 0.028 0.108 0.083 0.043     (0.000,0.680) (0.000,0.296) (0.000,0.241) (0.000,0.574) (0.000,0.045) (0.000,0.697) (0.000,0.339) (0.000,0.177) (0.000,0.154) (0.000,0.482) (0.000,0.085) (0.000,0.212) (0.000,0.676) (0.000,0.624) (0.000,0.240) (0.000,0.047) (0.000,0.190) (0.000,0.773) (0.000,0.650) (0.000,0.326) 
496     1365    (0)    1 :  0.089 0.033 0.051 0.071 0.008 0.060 0.095 0.025 0.027 0.060 0.023 0.036 0.037 0.057 0.068 0.010 0.018 0.055 0.077 0.099     (0.000,0.702) (0.000,0.244) (0.000,0.398) (0.000,0.571) (0.000,0.044) (0.000,0.491) (0.000,0.720) (0.000,0.158) (0.000,0.199) (0.000,0.493) (0.000,0.165) (0.000,0.270) (0.000,0.262) (0.000,0.466) (0.000,0.539) (0.000,0.055) (0.000,0.110) (0.000,0.448) (0.000,0.619) (0.000,0.744) 
497     1366    (0)   10 :  0.062 0.101 0.037 0.059 0.009 0.034 0.049 0.018 0.056 0.043 0.051 0.101 0.031 0.058 0.027 0.015 0.019 0.047 0.104 0.078     (0.000,0.500) (0.000,0.662) (0.000,0.265) (0.000,0.469) (0.000,0.046) (0.000,0.240) (0.000,0.375) (0.000,0.108) (0.000,0.414) (0.000,0.316) (0.000,0.388) (0.000,0.725) (0.000,0.209) (0.000,0.461) (0.000,0.177) (0.000,0.093) (0.000,0.117) (0.000,0.364) (0.000,0.743) (0.000,0.623) 
498     1368   (12)   13 :  0.077 0.029 0.019 0.010 0.011 0.023 0.055 0.087 0.027 0.042 0.018 0.017 0.164 0.067 0.020 0.013 0.170 0.065 0.037 0.051     (0.000,0.634) (0.000,0.218) (0.000,0.107) (0.000,0.053) (0.000,0.060) (0.000,0.132) (0.000,0.443) (0.000,0.686) (0.000,0.195) (0.000,0.309) (0.000,0.118) (0.000,0.109) (0.000,0.870) (0.000,0.556) (0.000,0.123) (0.000,0.076) (0.000,0.898) (0.000,0.541) (0.000,0.262) (0.000,0.407) 
499     1370    (0)   13 :  0.048 0.008 0.031 0.020 0.006 0.048 0.038 0.287 0.010 0.028 0.009 0.020 0.040 0.030 0.026 0.009 0.184 0.082 0.016 0.058     (0.000,0.376) (0.000,0.046) (0.000,0.197) (0.000,0.113) (0.000,0.031) (0.000,0.369) (0.000,0.263) (0.000,0.964) (0.000,0.059) (0.000,0.180) (0.000,0.051) (0.000,0.133) (0.000,0.297) (0.000,0.194) (0.000,0.174) (0.000,0.050) (0.000,0.911) (0.000,0.687) (0.000,0.088) (0.000,0.476) 
500     1372    (0)   18 :  0.069 0.016 0.022 0.025 0.008 0.086 0.033 0.093 0.011 0.042 0.007 0.011 0.174 0.137 0.019 0.009 0.033 0.116 0.039 0.052     (0.000,0.584) (0.000,0.105) (0.000,0.130) (0.000,0.152) (0.000,0.040) (0.000,0.672) (0.000,0.217) (0.000,0.694) (0.000,0.064) (0.000,0.316) (0.000,0.038) (0.000,0.060) (0.000,0.905) (0.000,0.866) (0.000,0.111) (0.000,0.051) (0.000,0.223) (0.000,0.818) (0.000,0.273) (0.000,0.413) 
501     1374    (0)   20 :  0.036 0.007 0.034 0.024 0.008 0.049 0.022 0.225 0.006 0.060 0.006 0.011 0.111 0.068 0.020 0.012 0.104 0.066 0.051 0.081     (0.000,0.239) (0.000,0.037) (0.000,0.222) (0.000,0.142) (0.000,0.040) (0.000,0.384) (0.000,0.121) (0.000,0.950) (0.000,0.031) (0.000,0.502) (0.000,0.030) (0.000,0.058) (0.000,0.811) (0.000,0.575) (0.000,0.117) (0.000,0.071) (0.000,0.785) (0.000,0.568) (0.000,0.403) (0.000,0.687) 
502     1377    (0)    7 :  0.072 0.011 0.086 0.011 0.007 0.015 0.406 0.040 0.010 0.027 0.009 0.017 0.020 0.035 0.016 0.007 0.033 0.114 0.021 0.044     (0.000,0.602) (0.000,0.068) (0.000,0.643) (0.000,0.058) (0.000,0.034) (0.000,0.083) (0.000,0.975) (0.000,0.301) (0.000,0.063) (0.000,0.175) (0.000,0.050) (0.000,0.108) (0.000,0.124) (0.000,0.245) (0.000,0.097) (0.000,0.037) (0.000,0.230) (0.000,0.805) (0.000,0.122) (0.000,0.331) 
503     1380    (0)   19 :  0.062 0.017 0.073 0.039 0.007 0.029 0.095 0.082 0.019 0.028 0.014 0.023 0.055 0.074 0.034 0.008 0.081 0.092 0.055 0.113     (0.000,0.505) (0.000,0.113) (0.000,0.581) (0.000,0.280) (0.000,0.038) (0.000,0.198) (0.000,0.676) (0.000,0.640) (0.000,0.134) (0.000,0.178) (0.000,0.088) (0.000,0.158) (0.000,0.434) (0.000,0.585) (0.000,0.242) (0.000,0.046) (0.000,0.635) (0.000,0.717) (0.000,0.437) (0.000,0.791) 
504     1381   (12)    4 :  0.078 0.015 0.045 0.026 0.015 0.035 0.148 0.123 0.012 0.090 0.011 0.013 0.049 0.033 0.048 0.006 0.093 0.053 0.029 0.080     (0.000,0.640) (0.000,0.094) (0.000,0.340) (0.000,0.161) (0.000,0.083) (0.000,0.239) (0.000,0.872) (0.000,0.801) (0.000,0.074) (0.000,0.716) (0.000,0.065) (0.000,0.072) (0.000,0.380) (0.000,0.218) (0.000,0.374) (0.000,0.030) (0.000,0.712) (0.000,0.426) (0.000,0.185) (0.000,0.657) 
505     1387    (0)   13 :  0.042 0.021 0.041 0.020 0.008 0.046 0.047 0.251 0.015 0.049 0.012 0.015 0.047 0.083 0.044 0.008 0.037 0.063 0.052 0.099     (0.000,0.305) (0.000,0.140) (0.000,0.298) (0.000,0.112) (0.000,0.041) (0.000,0.356) (0.000,0.365) (0.000,0.951) (0.000,0.098) (0.000,0.377) (0.000,0.069) (0.000,0.084) (0.000,0.357) (0.000,0.688) (0.000,0.328) (0.000,0.042) (0.000,0.256) (0.000,0.540) (0.000,0.412) (0.000,0.775) 
506     1388    (0)   20 :  0.021 0.111 0.046 0.031 0.010 0.018 0.028 0.060 0.072 0.031 0.079 0.084 0.065 0.083 0.023 0.014 0.095 0.042 0.048 0.041     (0.000,0.122) (0.000,0.622) (0.000,0.354) (0.000,0.219) (0.000,0.051) (0.000,0.105) (0.000,0.185) (0.000,0.457) (0.000,0.462) (0.000,0.211) (0.000,0.510) (0.000,0.627) (0.000,0.498) (0.000,0.612) (0.000,0.154) (0.000,0.093) (0.000,0.647) (0.000,0.315) (0.000,0.371) (0.000,0.306) 
507     1389   (12)   17 :  0.025 0.009 0.054 0.035 0.010 0.021 0.040 0.236 0.008 0.049 0.008 0.012 0.044 0.054 0.063 0.011 0.173 0.061 0.044 0.044     (0.000,0.148) (0.000,0.050) (0.000,0.434) (0.000,0.237) (0.000,0.051) (0.000,0.120) (0.000,0.282) (0.000,0.950) (0.000,0.043) (0.000,0.377) (0.000,0.042) (0.000,0.065) (0.000,0.330) (0.000,0.440) (0.000,0.523) (0.000,0.061) (0.000,0.912) (0.000,0.517) (0.000,0.329) (0.000,0.329) 
508     1391    (0)   13 :  0.043 0.011 0.025 0.030 0.011 0.067 0.047 0.052 0.012 0.033 0.010 0.058 0.059 0.074 0.039 0.010 0.072 0.102 0.046 0.201     (0.000,0.327) (0.000,0.067) (0.000,0.150) (0.000,0.203) (0.000,0.057) (0.000,0.525) (0.000,0.357) (0.000,0.420) (0.000,0.077) (0.000,0.226) (0.000,0.056) (0.000,0.345) (0.000,0.478) (0.000,0.588) (0.000,0.287) (0.000,0.058) (0.000,0.572) (0.000,0.751) (0.000,0.350) (0.000,0.919) 
509     1396    (0)   13 :  0.057 0.008 0.036 0.036 0.009 0.053 0.027 0.078 0.007 0.080 0.007 0.010 0.120 0.077 0.021 0.008 0.191 0.059 0.065 0.051     (0.000,0.474) (0.000,0.043) (0.000,0.237) (0.000,0.250) (0.000,0.048) (0.000,0.427) (0.000,0.157) (0.000,0.662) (0.000,0.038) (0.000,0.676) (0.000,0.040) (0.000,0.053) (0.000,0.832) (0.000,0.658) (0.000,0.121) (0.000,0.046) (0.000,0.931) (0.000,0.489) (0.000,0.545) (0.000,0.401) 
510     1400    (0)   17 :  0.064 0.010 0.029 0.029 0.007 0.040 0.026 0.106 0.010 0.051 0.010 0.011 0.074 0.079 0.024 0.030 0.165 0.101 0.056 0.078     (0.000,0.537) (0.000,0.062) (0.000,0.176) (0.000,0.181) (0.000,0.033) (0.000,0.292) (0.000,0.155) (0.000,0.776) (0.000,0.060) (0.000,0.409) (0.000,0.058) (0.000,0.065) (0.000,0.600) (0.000,0.653) (0.000,0.151) (0.000,0.213) (0.000,0.900) (0.000,0.777) (0.000,0.453) (0.000,0.647) 
511     1402    (0)    1 :  0.095 0.014 0.054 0.068 0.007 0.032 0.025 0.057 0.016 0.123 0.014 0.010 0.030 0.073 0.021 0.007 0.093 0.058 0.038 0.164     (0.000,0.726) (0.000,0.092) (0.000,0.432) (0.000,0.547) (0.000,0.036) (0.000,0.217) (0.000,0.159) (0.000,0.455) (0.000,0.113) (0.000,0.806) (0.000,0.093) (0.000,0.057) (0.000,0.209) (0.000,0.602) (0.000,0.132) (0.000,0.036) (0.000,0.692) (0.000,0.477) (0.000,0.274) (0.000,0.889) 
512     1403    (0)   13 :  0.049 0.021 0.020 0.022 0.008 0.060 0.022 0.088 0.026 0.040 0.023 0.030 0.306 0.054 0.015 0.013 0.056 0.049 0.029 0.070     (0.000,0.383) (0.000,0.147) (0.000,0.112) (0.000,0.133) (0.000,0.043) (0.000,0.491) (0.000,0.127) (0.000,0.689) (0.000,0.190) (0.000,0.290) (0.000,0.166) (0.000,0.215) (0.000,0.960) (0.000,0.438) (0.000,0.082) (0.000,0.077) (0.000,0.451) (0.000,0.390) (0.000,0.181) (0.000,0.576) 
513     1408    (0)   12 :  0.037 0.090 0.020 0.025 0.015 0.041 0.036 0.025 0.078 0.027 0.061 0.331 0.044 0.019 0.017 0.032 0.016 0.022 0.022 0.041     (0.000,0.274) (0.000,0.594) (0.000,0.121) (0.000,0.175) (0.000,0.088) (0.000,0.306) (0.000,0.273) (0.000,0.179) (0.000,0.511) (0.000,0.189) (0.000,0.446) (0.000,0.957) (0.000,0.335) (0.000,0.115) (0.000,0.100) (0.000,0.239) (0.000,0.094) (0.000,0.141) (0.000,0.145) (0.000,0.315) 
514     1409    (0)    2 :  0.018 0.227 0.014 0.012 0.008 0.020 0.014 0.021 0.253 0.016 0.107 0.115 0.036 0.020 0.012 0.029 0.022 0.018 0.021 0.018     (0.000,0.124) (0.000,0.882) (0.000,0.089) (0.000,0.069) (0.000,0.045) (0.000,0.136) (0.000,0.087) (0.000,0.152) (0.000,0.818) (0.000,0.106) (0.000,0.712) (0.000,0.791) (0.000,0.268) (0.000,0.137) (0.000,0.069) (0.000,0.210) (0.000,0.153) (0.000,0.123) (0.000,0.146) (0.000,0.125) 
515     1410    (0)    1 :  0.065 0.108 0.028 0.019 0.009 0.045 0.035 0.050 0.129 0.031 0.059 0.029 0.032 0.048 0.034 0.054 0.054 0.060 0.054 0.055     (0.000,0.504) (0.000,0.596) (0.000,0.187) (0.000,0.118) (0.000,0.048) (0.000,0.340) (0.000,0.255) (0.000,0.382) (0.000,0.606) (0.000,0.226) (0.000,0.419) (0.000,0.205) (0.000,0.227) (0.000,0.376) (0.000,0.256) (0.000,0.375) (0.000,0.408) (0.000,0.463) (0.000,0.423) (0.000,0.430) 
516     1411    (0)   14 :  0.069 0.085 0.025 0.015 0.013 0.090 0.034 0.052 0.066 0.036 0.040 0.045 0.095 0.062 0.036 0.056 0.046 0.047 0.048 0.042     (0.000,0.534) (0.000,0.511) (0.000,0.161) (0.000,0.086) (0.000,0.072) (0.000,0.635) (0.000,0.246) (0.000,0.413) (0.000,0.416) (0.000,0.270) (0.000,0.295) (0.000,0.333) (0.000,0.675) (0.000,0.483) (0.000,0.272) (0.000,0.387) (0.000,0.359) (0.000,0.374) (0.000,0.379) (0.000,0.322) 
517     1412    (0)   18 :  0.047 0.015 0.020 0.034 0.008 0.112 0.021 0.053 0.011 0.025 0.007 0.024 0.050 0.183 0.017 0.012 0.103 0.180 0.050 0.030     (0.000,0.361) (0.000,0.099) (0.000,0.109) (0.000,0.233) (0.000,0.040) (0.000,0.771) (0.000,0.123) (0.000,0.425) (0.000,0.067) (0.000,0.152) (0.000,0.036) (0.000,0.161) (0.000,0.385) (0.000,0.916) (0.000,0.094) (0.000,0.073) (0.000,0.698) (0.000,0.913) (0.000,0.389) (0.000,0.191) 
518     1414    (0)   18 :  0.050 0.014 0.034 0.031 0.008 0.134 0.024 0.123 0.014 0.033 0.012 0.040 0.042 0.089 0.020 0.009 0.125 0.090 0.044 0.064     (0.000,0.389) (0.000,0.088) (0.000,0.223) (0.000,0.206) (0.000,0.041) (0.000,0.842) (0.000,0.145) (0.000,0.825) (0.000,0.092) (0.000,0.225) (0.000,0.072) (0.000,0.300) (0.000,0.317) (0.000,0.710) (0.000,0.117) (0.000,0.046) (0.000,0.816) (0.000,0.725) (0.000,0.329) (0.000,0.529) 
519     1416    (0)   13 :  0.059 0.051 0.017 0.047 0.037 0.092 0.041 0.120 0.021 0.028 0.007 0.011 0.087 0.098 0.025 0.039 0.016 0.140 0.032 0.034     (0.000,0.470) (0.000,0.364) (0.000,0.100) (0.000,0.358) (0.000,0.233) (0.000,0.642) (0.000,0.306) (0.000,0.684) (0.000,0.149) (0.000,0.184) (0.000,0.038) (0.000,0.061) (0.000,0.633) (0.000,0.693) (0.000,0.162) (0.000,0.236) (0.000,0.092) (0.000,0.810) (0.000,0.220) (0.000,0.241) 
520     1417    (0)   18 :  0.071 0.020 0.035 0.051 0.009 0.048 0.070 0.108 0.015 0.050 0.008 0.016 0.086 0.070 0.050 0.009 0.060 0.131 0.050 0.042     (0.000,0.583) (0.000,0.134) (0.000,0.246) (0.000,0.395) (0.000,0.049) (0.000,0.368) (0.000,0.572) (0.000,0.735) (0.000,0.096) (0.000,0.391) (0.000,0.044) (0.000,0.090) (0.000,0.661) (0.000,0.567) (0.000,0.385) (0.000,0.051) (0.000,0.474) (0.000,0.840) (0.000,0.395) (0.000,0.315) 
521     1422    (0)   19 :  0.056 0.014 0.035 0.031 0.026 0.021 0.076 0.076 0.008 0.037 0.009 0.011 0.030 0.168 0.096 0.024 0.049 0.078 0.112 0.043     (0.000,0.448) (0.000,0.087) (0.000,0.234) (0.000,0.203) (0.000,0.181) (0.000,0.121) (0.000,0.607) (0.000,0.601) (0.000,0.047) (0.000,0.266) (0.000,0.048) (0.000,0.066) (0.000,0.200) (0.000,0.893) (0.000,0.701) (0.000,0.173) (0.000,0.385) (0.000,0.637) (0.000,0.781) (0.000,0.320) 
522     1424    (0)   14 :  0.075 0.012 0.042 0.035 0.010 0.061 0.080 0.124 0.009 0.067 0.008 0.016 0.050 0.083 0.066 0.014 0.028 0.060 0.065 0.095     (0.000,0.627) (0.000,0.071) (0.000,0.304) (0.000,0.244) (0.000,0.054) (0.000,0.493) (0.000,0.653) (0.000,0.828) (0.000,0.050) (0.000,0.559) (0.000,0.044) (0.000,0.101) (0.000,0.392) (0.000,0.677) (0.000,0.542) (0.000,0.086) (0.000,0.179) (0.000,0.506) (0.000,0.530) (0.000,0.744) 
523     1426    (0)   17 :  0.064 0.011 0.042 0.019 0.007 0.023 0.079 0.171 0.008 0.059 0.008 0.009 0.030 0.039 0.146 0.015 0.139 0.060 0.038 0.034     (0.000,0.542) (0.000,0.061) (0.000,0.303) (0.000,0.106) (0.000,0.037) (0.000,0.135) (0.000,0.660) (0.000,0.912) (0.000,0.046) (0.000,0.487) (0.000,0.044) (0.000,0.052) (0.000,0.192) (0.000,0.272) (0.000,0.873) (0.000,0.087) (0.000,0.876) (0.000,0.509) (0.000,0.266) (0.000,0.221) 
524     1433    (0)   20 :  0.051 0.017 0.045 0.041 0.009 0.057 0.037 0.150 0.015 0.063 0.013 0.019 0.068 0.076 0.034 0.009 0.066 0.069 0.071 0.091     (0.000,0.410) (0.000,0.112) (0.000,0.341) (0.000,0.296) (0.000,0.046) (0.000,0.460) (0.000,0.261) (0.000,0.877) (0.000,0.099) (0.000,0.521) (0.000,0.080) (0.000,0.115) (0.000,0.569) (0.000,0.633) (0.000,0.226) (0.000,0.046) (0.000,0.545) (0.000,0.582) (0.000,0.588) (0.000,0.729) 
525     1435    (0)   14 :  0.039 0.016 0.039 0.029 0.008 0.020 0.036 0.099 0.012 0.046 0.011 0.016 0.032 0.073 0.039 0.018 0.239 0.080 0.102 0.047     (0.000,0.276) (0.000,0.102) (0.000,0.272) (0.000,0.179) (0.000,0.041) (0.000,0.112) (0.000,0.247) (0.000,0.751) (0.000,0.078) (0.000,0.352) (0.000,0.065) (0.000,0.090) (0.000,0.210) (0.000,0.613) (0.000,0.286) (0.000,0.112) (0.000,0.945) (0.000,0.668) (0.000,0.768) (0.000,0.363) 
526     1438    (0)   20 :  0.042 0.181 0.037 0.027 0.012 0.029 0.042 0.038 0.058 0.054 0.105 0.098 0.058 0.036 0.022 0.013 0.048 0.029 0.034 0.035     (0.000,0.311) (0.000,0.794) (0.000,0.271) (0.000,0.183) (0.000,0.066) (0.000,0.200) (0.000,0.313) (0.000,0.281) (0.000,0.425) (0.000,0.418) (0.000,0.623) (0.000,0.699) (0.000,0.441) (0.000,0.264) (0.000,0.143) (0.000,0.079) (0.000,0.368) (0.000,0.202) (0.000,0.247) (0.000,0.256) 
527     1439    (0)    1 :  0.058 0.013 0.078 0.038 0.007 0.020 0.170 0.072 0.013 0.026 0.011 0.015 0.023 0.039 0.150 0.010 0.096 0.072 0.042 0.047     (0.000,0.476) (0.000,0.080) (0.000,0.640) (0.000,0.264) (0.000,0.035) (0.000,0.117) (0.000,0.883) (0.000,0.582) (0.000,0.085) (0.000,0.159) (0.000,0.063) (0.000,0.093) (0.000,0.142) (0.000,0.289) (0.000,0.854) (0.000,0.056) (0.000,0.720) (0.000,0.600) (0.000,0.312) (0.000,0.359) 
528     1447   (12)   14 :  0.042 0.010 0.038 0.024 0.008 0.023 0.071 0.206 0.011 0.038 0.009 0.010 0.027 0.030 0.183 0.013 0.097 0.074 0.032 0.054     (0.000,0.308) (0.000,0.059) (0.000,0.263) (0.000,0.137) (0.000,0.039) (0.000,0.139) (0.000,0.602) (0.000,0.937) (0.000,0.066) (0.000,0.259) (0.000,0.048) (0.000,0.055) (0.000,0.164) (0.000,0.193) (0.000,0.919) (0.000,0.077) (0.000,0.747) (0.000,0.633) (0.000,0.207) (0.000,0.438) 
529     1448    (0)   14 :  0.046 0.013 0.053 0.051 0.008 0.032 0.043 0.182 0.012 0.062 0.013 0.018 0.061 0.046 0.043 0.011 0.122 0.065 0.051 0.065     (0.000,0.354) (0.000,0.079) (0.000,0.426) (0.000,0.396) (0.000,0.042) (0.000,0.215) (0.000,0.323) (0.000,0.912) (0.000,0.077) (0.000,0.524) (0.000,0.077) (0.000,0.112) (0.000,0.502) (0.000,0.346) (0.000,0.325) (0.000,0.063) (0.000,0.825) (0.000,0.552) (0.000,0.406) (0.000,0.542) 
530     1451   (12)   13 :  0.027 0.124 0.022 0.016 0.015 0.022 0.029 0.055 0.076 0.029 0.063 0.102 0.168 0.053 0.022 0.016 0.070 0.031 0.034 0.026     (0.000,0.178) (0.000,0.724) (0.000,0.142) (0.000,0.095) (0.000,0.081) (0.000,0.139) (0.000,0.198) (0.000,0.424) (0.000,0.530) (0.000,0.195) (0.000,0.482) (0.000,0.709) (0.000,0.883) (0.000,0.408) (0.000,0.139) (0.000,0.098) (0.000,0.563) (0.000,0.215) (0.000,0.248) (0.000,0.174) 
531     1452   (12)   13 :  0.042 0.073 0.030 0.019 0.018 0.026 0.046 0.071 0.044 0.047 0.029 0.045 0.093 0.089 0.030 0.011 0.122 0.049 0.078 0.038     (0.000,0.315) (0.000,0.510) (0.000,0.202) (0.000,0.115) (0.000,0.103) (0.000,0.164) (0.000,0.352) (0.000,0.574) (0.000,0.329) (0.000,0.359) (0.000,0.212) (0.000,0.337) (0.000,0.691) (0.000,0.694) (0.000,0.200) (0.000,0.062) (0.000,0.804) (0.000,0.391) (0.000,0.609) (0.000,0.275) 
532     1453    (0)   14 :  0.032 0.008 0.097 0.027 0.007 0.038 0.028 0.049 0.007 0.036 0.007 0.007 0.032 0.189 0.045 0.009 0.165 0.089 0.094 0.033     (0.000,0.216) (0.000,0.043) (0.000,0.718) (0.000,0.175) (0.000,0.038) (0.000,0.279) (0.000,0.184) (0.000,0.378) (0.000,0.036) (0.000,0.250) (0.000,0.037) (0.000,0.040) (0.000,0.222) (0.000,0.921) (0.000,0.349) (0.000,0.053) (0.000,0.894) (0.000,0.708) (0.000,0.708) (0.000,0.223) 
533     1461    (0)    1 :  0.066 0.024 0.042 0.026 0.009 0.159 0.040 0.055 0.017 0.043 0.015 0.026 0.085 0.062 0.088 0.016 0.021 0.058 0.053 0.094     (0.000,0.533) (0.000,0.174) (0.000,0.305) (0.000,0.169) (0.000,0.047) (0.000,0.855) (0.000,0.291) (0.000,0.436) (0.000,0.115) (0.000,0.327) (0.000,0.097) (0.000,0.179) (0.000,0.630) (0.000,0.504) (0.000,0.664) (0.000,0.104) (0.000,0.131) (0.000,0.471) (0.000,0.421) (0.000,0.723) 
534     1469    (0)    7 :  0.098 0.098 0.035 0.027 0.012 0.060 0.087 0.035 0.064 0.070 0.062 0.038 0.057 0.036 0.055 0.009 0.043 0.037 0.032 0.044     (0.000,0.707) (0.000,0.577) (0.000,0.250) (0.000,0.184) (0.000,0.065) (0.000,0.475) (0.000,0.646) (0.000,0.256) (0.000,0.437) (0.000,0.554) (0.000,0.437) (0.000,0.280) (0.000,0.434) (0.000,0.259) (0.000,0.431) (0.000,0.054) (0.000,0.328) (0.000,0.271) (0.000,0.228) (0.000,0.334) 
535     1470    (0)    1 :  0.106 0.014 0.032 0.017 0.007 0.026 0.090 0.092 0.011 0.055 0.009 0.009 0.024 0.040 0.165 0.018 0.120 0.075 0.053 0.037     (0.000,0.802) (0.000,0.087) (0.000,0.198) (0.000,0.094) (0.000,0.035) (0.000,0.162) (0.000,0.727) (0.000,0.731) (0.000,0.068) (0.000,0.440) (0.000,0.052) (0.000,0.051) (0.000,0.144) (0.000,0.287) (0.000,0.896) (0.000,0.108) (0.000,0.828) (0.000,0.644) (0.000,0.419) (0.000,0.250) 
536     1479    (0)    3 :  0.060 0.020 0.031 0.077 0.011 0.035 0.044 0.039 0.016 0.041 0.013 0.068 0.036 0.075 0.026 0.094 0.025 0.060 0.127 0.103     (0.000,0.493) (0.000,0.132) (0.000,0.198) (0.000,0.630) (0.000,0.056) (0.000,0.245) (0.000,0.334) (0.000,0.284) (0.000,0.100) (0.000,0.301) (0.000,0.079) (0.000,0.529) (0.000,0.256) (0.000,0.621) (0.000,0.158) (0.000,0.613) (0.000,0.169) (0.000,0.493) (0.000,0.832) (0.000,0.766) 
537     1481    (0)   18 :  0.096 0.021 0.034 0.033 0.007 0.051 0.040 0.099 0.018 0.060 0.016 0.015 0.048 0.066 0.049 0.028 0.084 0.092 0.072 0.069     (0.000,0.744) (0.000,0.142) (0.000,0.224) (0.000,0.221) (0.000,0.036) (0.000,0.405) (0.000,0.289) (0.000,0.743) (0.000,0.123) (0.000,0.497) (0.000,0.103) (0.000,0.087) (0.000,0.374) (0.000,0.549) (0.000,0.382) (0.000,0.187) (0.000,0.675) (0.000,0.728) (0.000,0.598) (0.000,0.578) 
538     1483    (0)    1 :  0.044 0.115 0.029 0.026 0.008 0.032 0.025 0.035 0.088 0.036 0.065 0.062 0.058 0.067 0.026 0.037 0.075 0.054 0.074 0.041     (0.000,0.333) (0.000,0.633) (0.000,0.202) (0.000,0.175) (0.000,0.043) (0.000,0.229) (0.000,0.158) (0.000,0.252) (0.000,0.525) (0.000,0.254) (0.000,0.457) (0.000,0.481) (0.000,0.448) (0.000,0.519) (0.000,0.174) (0.000,0.276) (0.000,0.551) (0.000,0.424) (0.000,0.557) (0.000,0.306) 
539     1487    (0)   20 :  0.067 0.019 0.032 0.085 0.011 0.032 0.052 0.029 0.013 0.042 0.013 0.033 0.032 0.127 0.031 0.063 0.035 0.062 0.147 0.075     (0.000,0.557) (0.000,0.123) (0.000,0.209) (0.000,0.679) (0.000,0.061) (0.000,0.212) (0.000,0.406) (0.000,0.183) (0.000,0.085) (0.000,0.311) (0.000,0.076) (0.000,0.238) (0.000,0.217) (0.000,0.841) (0.000,0.209) (0.000,0.452) (0.000,0.254) (0.000,0.513) (0.000,0.869) (0.000,0.624) 
540     1489    (0)   14 :  0.065 0.021 0.037 0.045 0.006 0.028 0.066 0.095 0.038 0.034 0.020 0.016 0.027 0.039 0.091 0.017 0.119 0.106 0.045 0.086     (0.000,0.539) (0.000,0.145) (0.000,0.256) (0.000,0.337) (0.000,0.032) (0.000,0.176) (0.000,0.540) (0.000,0.708) (0.000,0.285) (0.000,0.228) (0.000,0.142) (0.000,0.095) (0.000,0.169) (0.000,0.277) (0.000,0.662) (0.000,0.105) (0.000,0.787) (0.000,0.780) (0.000,0.339) (0.000,0.684) 
541     1491    (0)   14 :  0.063 0.021 0.035 0.054 0.006 0.051 0.045 0.092 0.037 0.037 0.020 0.016 0.037 0.057 0.062 0.015 0.073 0.109 0.052 0.119     (0.000,0.514) (0.000,0.148) (0.000,0.235) (0.000,0.428) (0.000,0.033) (0.000,0.402) (0.000,0.344) (0.000,0.692) (0.000,0.279) (0.000,0.263) (0.000,0.138) (0.000,0.095) (0.000,0.260) (0.000,0.457) (0.000,0.490) (0.000,0.087) (0.000,0.580) (0.000,0.783) (0.000,0.410) (0.000,0.816) 
542     1492    (0)   13 :  0.066 0.026 0.032 0.070 0.007 0.099 0.022 0.061 0.030 0.047 0.029 0.019 0.079 0.098 0.022 0.017 0.051 0.076 0.060 0.089     (0.000,0.555) (0.000,0.183) (0.000,0.203) (0.000,0.584) (0.000,0.035) (0.000,0.726) (0.000,0.125) (0.000,0.501) (0.000,0.222) (0.000,0.366) (0.000,0.212) (0.000,0.116) (0.000,0.636) (0.000,0.748) (0.000,0.132) (0.000,0.097) (0.000,0.405) (0.000,0.630) (0.000,0.495) (0.000,0.711) 
543     1493   (12)   14 :  0.069 0.011 0.033 0.037 0.007 0.067 0.048 0.132 0.014 0.046 0.010 0.010 0.041 0.047 0.118 0.016 0.064 0.096 0.046 0.086     (0.000,0.577) (0.000,0.068) (0.000,0.216) (0.000,0.259) (0.000,0.037) (0.000,0.547) (0.000,0.369) (0.000,0.853) (0.000,0.088) (0.000,0.352) (0.000,0.056) (0.000,0.056) (0.000,0.300) (0.000,0.355) (0.000,0.813) (0.000,0.097) (0.000,0.518) (0.000,0.754) (0.000,0.354) (0.000,0.704) 
544     1495   (12)   14 :  0.112 0.036 0.032 0.079 0.023 0.045 0.117 0.028 0.019 0.071 0.019 0.076 0.032 0.045 0.033 0.030 0.019 0.038 0.067 0.081     (0.000,0.800) (0.000,0.268) (0.000,0.207) (0.000,0.646) (0.000,0.148) (0.000,0.342) (0.000,0.804) (0.000,0.181) (0.000,0.118) (0.000,0.584) (0.000,0.118) (0.000,0.594) (0.000,0.215) (0.000,0.341) (0.000,0.221) (0.000,0.213) (0.000,0.113) (0.000,0.269) (0.000,0.537) (0.000,0.653) 
545     1498   (12)   18 :  0.092 0.017 0.037 0.027 0.008 0.029 0.064 0.098 0.016 0.058 0.014 0.012 0.034 0.043 0.113 0.031 0.133 0.080 0.052 0.041     (0.000,0.737) (0.000,0.111) (0.000,0.249) (0.000,0.165) (0.000,0.040) (0.000,0.188) (0.000,0.541) (0.000,0.753) (0.000,0.099) (0.000,0.481) (0.000,0.085) (0.000,0.064) (0.000,0.230) (0.000,0.315) (0.000,0.792) (0.000,0.209) (0.000,0.852) (0.000,0.669) (0.000,0.414) (0.000,0.298) 
546     1499    (0)   18 :  0.122 0.037 0.031 0.069 0.013 0.065 0.057 0.035 0.018 0.084 0.022 0.044 0.043 0.064 0.025 0.030 0.031 0.052 0.075 0.084     (0.000,0.824) (0.000,0.280) (0.000,0.199) (0.000,0.562) (0.000,0.072) (0.000,0.521) (0.000,0.450) (0.000,0.253) (0.000,0.121) (0.000,0.667) (0.000,0.153) (0.000,0.332) (0.000,0.323) (0.000,0.525) (0.000,0.148) (0.000,0.216) (0.000,0.210) (0.000,0.411) (0.000,0.604) (0.000,0.667) 
547     1502   (25)   14 :  0.021 0.019 0.014 0.015 0.052 0.038 0.016 0.014 0.036 0.018 0.017 0.232 0.022 0.026 0.012 0.349 0.019 0.020 0.035 0.025     (0.000,0.129) (0.000,0.120) (0.000,0.079) (0.000,0.091) (0.000,0.369) (0.000,0.282) (0.000,0.093) (0.000,0.081) (0.000,0.260) (0.000,0.112) (0.000,0.117) (0.000,0.929) (0.000,0.146) (0.000,0.178) (0.000,0.072) (0.000,0.867) (0.000,0.126) (0.000,0.131) (0.000,0.256) (0.000,0.167) 
548     1512   (12)   14 :  0.037 0.017 0.042 0.021 0.014 0.156 0.020 0.091 0.015 0.037 0.016 0.029 0.164 0.064 0.021 0.063 0.037 0.048 0.046 0.062     (0.000,0.259) (0.000,0.112) (0.000,0.306) (0.000,0.120) (0.000,0.078) (0.000,0.872) (0.000,0.116) (0.000,0.669) (0.000,0.099) (0.000,0.265) (0.000,0.109) (0.000,0.208) (0.000,0.891) (0.000,0.528) (0.000,0.122) (0.000,0.417) (0.000,0.264) (0.000,0.382) (0.000,0.354) (0.000,0.519) 
549     1513    (0)    8 :  0.030 0.005 0.042 0.024 0.008 0.095 0.027 0.125 0.005 0.032 0.005 0.013 0.058 0.129 0.025 0.006 0.240 0.066 0.031 0.034     (0.000,0.189) (0.000,0.028) (0.000,0.302) (0.000,0.137) (0.000,0.041) (0.000,0.731) (0.000,0.166) (0.000,0.852) (0.000,0.025) (0.000,0.210) (0.000,0.028) (0.000,0.077) (0.000,0.473) (0.000,0.868) (0.000,0.154) (0.000,0.034) (0.000,0.951) (0.000,0.567) (0.000,0.199) (0.000,0.228) 
550     1514    (0)    1 :  0.037 0.009 0.044 0.017 0.008 0.042 0.100 0.071 0.008 0.022 0.008 0.038 0.034 0.141 0.014 0.007 0.079 0.199 0.041 0.082     (0.000,0.252) (0.000,0.050) (0.000,0.324) (0.000,0.095) (0.000,0.044) (0.000,0.316) (0.000,0.675) (0.000,0.554) (0.000,0.046) (0.000,0.132) (0.000,0.042) (0.000,0.286) (0.000,0.240) (0.000,0.863) (0.000,0.079) (0.000,0.036) (0.000,0.585) (0.000,0.919) (0.000,0.304) (0.000,0.652) 
551     1515    (0)   17 :  0.021 0.006 0.037 0.015 0.008 0.044 0.024 0.221 0.004 0.035 0.005 0.010 0.187 0.057 0.050 0.010 0.131 0.053 0.038 0.044     (0.000,0.121) (0.000,0.030) (0.000,0.260) (0.000,0.079) (0.000,0.043) (0.000,0.323) (0.000,0.143) (0.000,0.942) (0.000,0.024) (0.000,0.236) (0.000,0.026) (0.000,0.056) (0.000,0.919) (0.000,0.461) (0.000,0.377) (0.000,0.059) (0.000,0.861) (0.000,0.424) (0.000,0.263) (0.000,0.326) 
552     1521    (0)   13 :  0.023 0.008 0.044 0.029 0.009 0.028 0.022 0.141 0.006 0.043 0.007 0.016 0.089 0.120 0.019 0.013 0.154 0.066 0.100 0.063     (0.000,0.130) (0.000,0.044) (0.000,0.329) (0.000,0.179) (0.000,0.044) (0.000,0.175) (0.000,0.126) (0.000,0.874) (0.000,0.036) (0.000,0.316) (0.000,0.039) (0.000,0.091) (0.000,0.730) (0.000,0.847) (0.000,0.102) (0.000,0.076) (0.000,0.895) (0.000,0.565) (0.000,0.780) (0.000,0.533) 
553     1525   (12)   13 :  0.019 0.007 0.049 0.032 0.013 0.021 0.024 0.101 0.006 0.044 0.006 0.014 0.078 0.101 0.020 0.010 0.256 0.054 0.108 0.039     (0.000,0.101) (0.000,0.038) (0.000,0.386) (0.000,0.202) (0.000,0.066) (0.000,0.115) (0.000,0.137) (0.000,0.784) (0.000,0.030) (0.000,0.320) (0.000,0.033) (0.000,0.074) (0.000,0.670) (0.000,0.800) (0.000,0.111) (0.000,0.053) (0.000,0.959) (0.000,0.438) (0.000,0.817) (0.000,0.265) 
554     1526    (0)   13 :  0.024 0.016 0.029 0.018 0.010 0.029 0.025 0.141 0.012 0.036 0.014 0.047 0.275 0.080 0.016 0.014 0.080 0.041 0.044 0.047     (0.000,0.140) (0.000,0.103) (0.000,0.189) (0.000,0.099) (0.000,0.052) (0.000,0.187) (0.000,0.148) (0.000,0.859) (0.000,0.078) (0.000,0.247) (0.000,0.093) (0.000,0.354) (0.000,0.958) (0.000,0.668) (0.000,0.087) (0.000,0.085) (0.000,0.667) (0.000,0.300) (0.000,0.331) (0.000,0.371) 
555     1531   (12)   18 :  0.019 0.015 0.015 0.012 0.012 0.024 0.027 0.027 0.024 0.016 0.015 0.475 0.162 0.020 0.015 0.009 0.029 0.024 0.018 0.040     (0.000,0.115) (0.000,0.094) (0.000,0.086) (0.000,0.071) (0.000,0.061) (0.000,0.164) (0.000,0.173) (0.000,0.187) (0.000,0.165) (0.000,0.094) (0.000,0.092) (0.000,0.972) (0.000,0.887) (0.000,0.126) (0.000,0.092) (0.000,0.046) (0.000,0.193) (0.000,0.156) (0.000,0.113) (0.000,0.300) 
556     1534    (0)   20 :  0.086 0.005 0.026 0.019 0.007 0.089 0.021 0.078 0.005 0.075 0.005 0.006 0.097 0.127 0.031 0.005 0.095 0.062 0.030 0.132     (0.000,0.673) (0.000,0.029) (0.000,0.161) (0.000,0.116) (0.000,0.037) (0.000,0.637) (0.000,0.129) (0.000,0.626) (0.000,0.027) (0.000,0.557) (0.000,0.026) (0.000,0.030) (0.000,0.674) (0.000,0.848) (0.000,0.222) (0.000,0.027) (0.000,0.728) (0.000,0.513) (0.000,0.197) (0.000,0.840) 
557     1536    (0)   20 :  0.080 0.016 0.048 0.025 0.007 0.092 0.038 0.068 0.017 0.055 0.016 0.016 0.111 0.066 0.021 0.009 0.041 0.075 0.057 0.142     (0.000,0.664) (0.000,0.107) (0.000,0.373) (0.000,0.147) (0.000,0.034) (0.000,0.717) (0.000,0.267) (0.000,0.569) (0.000,0.115) (0.000,0.442) (0.000,0.110) (0.000,0.098) (0.000,0.775) (0.000,0.557) (0.000,0.124) (0.000,0.048) (0.000,0.300) (0.000,0.631) (0.000,0.466) (0.000,0.872) 
558     1543    (0)   14 :  0.017 0.030 0.025 0.015 0.011 0.023 0.014 0.034 0.035 0.017 0.035 0.110 0.416 0.022 0.014 0.063 0.044 0.027 0.025 0.025     (0.000,0.098) (0.000,0.225) (0.000,0.171) (0.000,0.089) (0.000,0.056) (0.000,0.143) (0.000,0.080) (0.000,0.249) (0.000,0.260) (0.000,0.095) (0.000,0.268) (0.000,0.692) (0.000,0.970) (0.000,0.133) (0.000,0.079) (0.000,0.420) (0.000,0.350) (0.000,0.176) (0.000,0.165) (0.000,0.162) 
559     1546    (0)    6 :  0.102 0.021 0.046 0.055 0.017 0.044 0.025 0.041 0.020 0.087 0.019 0.046 0.041 0.073 0.014 0.050 0.045 0.043 0.068 0.143     (0.000,0.726) (0.000,0.151) (0.000,0.355) (0.000,0.437) (0.000,0.102) (0.000,0.331) (0.000,0.160) (0.000,0.311) (0.000,0.146) (0.000,0.621) (0.000,0.133) (0.000,0.332) (0.000,0.308) (0.000,0.579) (0.000,0.083) (0.000,0.324) (0.000,0.352) (0.000,0.329) (0.000,0.543) (0.000,0.822) 
560     1549    (0)    8 :  0.024 0.012 0.035 0.029 0.008 0.060 0.017 0.089 0.014 0.019 0.019 0.072 0.309 0.047 0.012 0.009 0.112 0.055 0.021 0.039     (0.000,0.140) (0.000,0.071) (0.000,0.249) (0.000,0.201) (0.000,0.040) (0.000,0.458) (0.000,0.093) (0.000,0.686) (0.000,0.092) (0.000,0.113) (0.000,0.128) (0.000,0.489) (0.000,0.949) (0.000,0.358) (0.000,0.067) (0.000,0.049) (0.000,0.774) (0.000,0.435) (0.000,0.120) (0.000,0.280) 
561     1552    (0)    1 :  0.066 0.015 0.055 0.039 0.065 0.053 0.056 0.047 0.010 0.174 0.016 0.020 0.067 0.028 0.064 0.006 0.061 0.037 0.061 0.059     (0.000,0.541) (0.000,0.098) (0.000,0.440) (0.000,0.291) (0.000,0.382) (0.000,0.424) (0.000,0.446) (0.000,0.369) (0.000,0.059) (0.000,0.897) (0.000,0.102) (0.000,0.121) (0.000,0.535) (0.000,0.184) (0.000,0.501) (0.000,0.031) (0.000,0.483) (0.000,0.261) (0.000,0.486) (0.000,0.478) 
562     1560    (0)    1 :  0.089 0.019 0.073 0.050 0.016 0.059 0.160 0.032 0.010 0.150 0.015 0.020 0.038 0.032 0.047 0.006 0.058 0.033 0.038 0.054     (0.000,0.711) (0.000,0.128) (0.000,0.606) (0.000,0.397) (0.000,0.095) (0.000,0.479) (0.000,0.889) (0.000,0.225) (0.000,0.059) (0.000,0.885) (0.000,0.099) (0.000,0.120) (0.000,0.270) (0.000,0.213) (0.000,0.367) (0.000,0.031) (0.000,0.467) (0.000,0.222) (0.000,0.276) (0.000,0.438) 
563     1562    (0)   14 :  0.028 0.005 0.033 0.024 0.007 0.172 0.026 0.090 0.005 0.030 0.005 0.007 0.218 0.078 0.077 0.005 0.061 0.050 0.026 0.053     (0.000,0.171) (0.000,0.027) (0.000,0.215) (0.000,0.146) (0.000,0.039) (0.000,0.904) (0.000,0.166) (0.000,0.714) (0.000,0.026) (0.000,0.194) (0.000,0.027) (0.000,0.037) (0.000,0.944) (0.000,0.661) (0.000,0.619) (0.000,0.028) (0.000,0.501) (0.000,0.385) (0.000,0.156) (0.000,0.428) 
564     1568    (0)   18 :  0.037 0.009 0.045 0.045 0.008 0.064 0.028 0.137 0.008 0.054 0.009 0.018 0.136 0.071 0.021 0.009 0.073 0.066 0.069 0.093     (0.000,0.252) (0.000,0.048) (0.000,0.337) (0.000,0.338) (0.000,0.042) (0.000,0.526) (0.000,0.168) (0.000,0.864) (0.000,0.046) (0.000,0.445) (0.000,0.050) (0.000,0.106) (0.000,0.871) (0.000,0.601) (0.000,0.120) (0.000,0.051) (0.000,0.611) (0.000,0.564) (0.000,0.583) (0.000,0.751) 
565     1569    (0)   18 :  0.057 0.012 0.041 0.022 0.008 0.037 0.046 0.148 0.009 0.053 0.010 0.015 0.069 0.075 0.037 0.018 0.103 0.085 0.080 0.075     (0.000,0.469) (0.000,0.069) (0.000,0.300) (0.000,0.129) (0.000,0.039) (0.000,0.260) (0.000,0.347) (0.000,0.876) (0.000,0.056) (0.000,0.431) (0.000,0.056) (0.000,0.089) (0.000,0.575) (0.000,0.631) (0.000,0.258) (0.000,0.105) (0.000,0.773) (0.000,0.698) (0.000,0.666) (0.000,0.632) 
566     1573    (0)    7 :  0.066 0.011 0.071 0.066 0.012 0.024 0.284 0.029 0.008 0.033 0.009 0.036 0.030 0.044 0.047 0.012 0.042 0.050 0.059 0.066     (0.000,0.541) (0.000,0.066) (0.000,0.582) (0.000,0.538) (0.000,0.064) (0.000,0.150) (0.000,0.949) (0.000,0.198) (0.000,0.049) (0.000,0.231) (0.000,0.052) (0.000,0.263) (0.000,0.199) (0.000,0.337) (0.000,0.355) (0.000,0.074) (0.000,0.318) (0.000,0.394) (0.000,0.468) (0.000,0.544) 
567     1575    (0)   18 :  0.058 0.012 0.041 0.066 0.008 0.027 0.019 0.090 0.012 0.099 0.012 0.016 0.043 0.103 0.013 0.008 0.091 0.056 0.060 0.165     (0.000,0.468) (0.000,0.074) (0.000,0.300) (0.000,0.545) (0.000,0.042) (0.000,0.172) (0.000,0.108) (0.000,0.702) (0.000,0.071) (0.000,0.733) (0.000,0.073) (0.000,0.099) (0.000,0.327) (0.000,0.779) (0.000,0.069) (0.000,0.043) (0.000,0.713) (0.000,0.458) (0.000,0.491) (0.000,0.897) 
568     1576   (12)   13 :  0.031 0.008 0.114 0.020 0.008 0.027 0.048 0.075 0.008 0.030 0.007 0.011 0.035 0.085 0.051 0.010 0.144 0.122 0.113 0.052     (0.000,0.202) (0.000,0.043) (0.000,0.778) (0.000,0.120) (0.000,0.042) (0.000,0.182) (0.000,0.367) (0.000,0.584) (0.000,0.045) (0.000,0.198) (0.000,0.038) (0.000,0.058) (0.000,0.245) (0.000,0.652) (0.000,0.396) (0.000,0.059) (0.000,0.850) (0.000,0.823) (0.000,0.769) (0.000,0.414) 
569     1577    (0)    7 :  0.074 0.010 0.304 0.019 0.008 0.030 0.137 0.038 0.008 0.061 0.008 0.023 0.029 0.035 0.033 0.006 0.047 0.050 0.043 0.036     (0.000,0.621) (0.000,0.058) (0.000,0.958) (0.000,0.108) (0.000,0.041) (0.000,0.203) (0.000,0.855) (0.000,0.283) (0.000,0.047) (0.000,0.499) (0.000,0.047) (0.000,0.149) (0.000,0.195) (0.000,0.240) (0.000,0.229) (0.000,0.032) (0.000,0.363) (0.000,0.393) (0.000,0.326) (0.000,0.257) 
570     1579    (0)   14 :  0.037 0.009 0.033 0.032 0.007 0.062 0.020 0.111 0.007 0.043 0.008 0.014 0.100 0.127 0.021 0.024 0.083 0.089 0.090 0.084     (0.000,0.256) (0.000,0.048) (0.000,0.214) (0.000,0.203) (0.000,0.036) (0.000,0.512) (0.000,0.113) (0.000,0.802) (0.000,0.041) (0.000,0.313) (0.000,0.044) (0.000,0.079) (0.000,0.778) (0.000,0.855) (0.000,0.119) (0.000,0.155) (0.000,0.674) (0.000,0.728) (0.000,0.729) (0.000,0.693) 
571     1581   (25)    7 :  0.065 0.017 0.292 0.019 0.012 0.028 0.110 0.033 0.014 0.056 0.012 0.042 0.031 0.040 0.025 0.007 0.052 0.053 0.055 0.036     (0.000,0.533) (0.000,0.109) (0.000,0.952) (0.000,0.114) (0.000,0.064) (0.000,0.181) (0.000,0.782) (0.000,0.236) (0.000,0.091) (0.000,0.454) (0.000,0.076) (0.000,0.305) (0.000,0.214) (0.000,0.299) (0.000,0.157) (0.000,0.036) (0.000,0.408) (0.000,0.425) (0.000,0.438) (0.000,0.254) 
572     1585    (0)    8 :  0.071 0.006 0.035 0.028 0.006 0.087 0.032 0.169 0.006 0.062 0.007 0.012 0.104 0.039 0.043 0.029 0.062 0.077 0.050 0.077     (0.000,0.603) (0.000,0.035) (0.000,0.228) (0.000,0.174) (0.000,0.033) (0.000,0.694) (0.000,0.205) (0.000,0.912) (0.000,0.032) (0.000,0.515) (0.000,0.036) (0.000,0.065) (0.000,0.789) (0.000,0.271) (0.000,0.312) (0.000,0.188) (0.000,0.506) (0.000,0.658) (0.000,0.393) (0.000,0.654) 
573     1586    (0)    5 :  0.054 0.006 0.036 0.038 0.007 0.120 0.023 0.110 0.006 0.066 0.006 0.014 0.146 0.052 0.024 0.015 0.059 0.066 0.073 0.080     (0.000,0.443) (0.000,0.035) (0.000,0.238) (0.000,0.264) (0.000,0.038) (0.000,0.841) (0.000,0.127) (0.000,0.811) (0.000,0.032) (0.000,0.564) (0.000,0.034) (0.000,0.077) (0.000,0.892) (0.000,0.412) (0.000,0.138) (0.000,0.086) (0.000,0.482) (0.000,0.566) (0.000,0.616) (0.000,0.675) 
574     1587    (0)   18 :  0.072 0.007 0.032 0.027 0.007 0.070 0.029 0.127 0.006 0.066 0.007 0.012 0.100 0.051 0.037 0.054 0.085 0.081 0.070 0.060     (0.000,0.609) (0.000,0.037) (0.000,0.208) (0.000,0.164) (0.000,0.035) (0.000,0.578) (0.000,0.177) (0.000,0.852) (0.000,0.031) (0.000,0.561) (0.000,0.037) (0.000,0.067) (0.000,0.767) (0.000,0.397) (0.000,0.259) (0.000,0.424) (0.000,0.693) (0.000,0.679) (0.000,0.591) (0.000,0.498) 
575     1588    (0)    1 :  0.065 0.008 0.031 0.025 0.008 0.083 0.025 0.082 0.007 0.068 0.007 0.014 0.101 0.079 0.023 0.019 0.078 0.075 0.133 0.067     (0.000,0.556) (0.000,0.045) (0.000,0.196) (0.000,0.146) (0.000,0.041) (0.000,0.686) (0.000,0.150) (0.000,0.682) (0.000,0.036) (0.000,0.582) (0.000,0.037) (0.000,0.079) (0.000,0.783) (0.000,0.664) (0.000,0.132) (0.000,0.113) (0.000,0.655) (0.000,0.643) (0.000,0.869) (0.000,0.573) 
576     1589    (0)   14 :  0.075 0.008 0.028 0.020 0.007 0.130 0.023 0.097 0.007 0.058 0.007 0.012 0.103 0.078 0.027 0.028 0.044 0.076 0.092 0.078     (0.000,0.641) (0.000,0.045) (0.000,0.163) (0.000,0.110) (0.000,0.035) (0.000,0.859) (0.000,0.132) (0.000,0.762) (0.000,0.036) (0.000,0.483) (0.000,0.038) (0.000,0.069) (0.000,0.790) (0.000,0.667) (0.000,0.165) (0.000,0.182) (0.000,0.328) (0.000,0.655) (0.000,0.748) (0.000,0.667) 
577     1593   (12)    8 :  0.105 0.012 0.044 0.047 0.011 0.108 0.088 0.047 0.009 0.089 0.012 0.020 0.080 0.041 0.049 0.011 0.062 0.052 0.047 0.066     (0.000,0.791) (0.000,0.072) (0.000,0.331) (0.000,0.355) (0.000,0.058) (0.000,0.798) (0.000,0.699) (0.000,0.368) (0.000,0.053) (0.000,0.717) (0.000,0.068) (0.000,0.117) (0.000,0.660) (0.000,0.296) (0.000,0.378) (0.000,0.058) (0.000,0.514) (0.000,0.419) (0.000,0.354) (0.000,0.556) 
578     1596    (0)   14 :  0.044 0.006 0.025 0.020 0.008 0.198 0.026 0.047 0.006 0.032 0.006 0.007 0.151 0.113 0.072 0.006 0.078 0.064 0.043 0.048     (0.000,0.329) (0.000,0.035) (0.000,0.152) (0.000,0.119) (0.000,0.039) (0.000,0.929) (0.000,0.164) (0.000,0.355) (0.000,0.033) (0.000,0.209) (0.000,0.032) (0.000,0.037) (0.000,0.887) (0.000,0.824) (0.000,0.579) (0.000,0.035) (0.000,0.649) (0.000,0.539) (0.000,0.322) (0.000,0.371) 
579     1599    (0)    3 :  0.053 0.011 0.040 0.046 0.009 0.055 0.032 0.062 0.011 0.055 0.010 0.023 0.090 0.068 0.021 0.009 0.111 0.075 0.136 0.082     (0.000,0.423) (0.000,0.065) (0.000,0.283) (0.000,0.344) (0.000,0.048) (0.000,0.444) (0.000,0.208) (0.000,0.519) (0.000,0.068) (0.000,0.452) (0.000,0.060) (0.000,0.143) (0.000,0.725) (0.000,0.576) (0.000,0.121) (0.000,0.049) (0.000,0.798) (0.000,0.642) (0.000,0.866) (0.000,0.686) 
580     1603    (0)   18 :  0.073 0.016 0.022 0.034 0.009 0.032 0.016 0.073 0.016 0.084 0.015 0.028 0.080 0.101 0.013 0.036 0.113 0.064 0.058 0.118     (0.000,0.580) (0.000,0.106) (0.000,0.129) (0.000,0.238) (0.000,0.046) (0.000,0.221) (0.000,0.088) (0.000,0.583) (0.000,0.107) (0.000,0.626) (0.000,0.098) (0.000,0.201) (0.000,0.590) (0.000,0.755) (0.000,0.071) (0.000,0.268) (0.000,0.788) (0.000,0.526) (0.000,0.466) (0.000,0.772) 
581     1607    (0)    7 :  0.072 0.011 0.039 0.035 0.008 0.036 0.053 0.056 0.011 0.050 0.010 0.012 0.055 0.074 0.042 0.011 0.189 0.086 0.096 0.054     (0.000,0.614) (0.000,0.064) (0.000,0.276) (0.000,0.238) (0.000,0.039) (0.000,0.247) (0.000,0.423) (0.000,0.451) (0.000,0.065) (0.000,0.387) (0.000,0.061) (0.000,0.069) (0.000,0.451) (0.000,0.620) (0.000,0.309) (0.000,0.062) (0.000,0.922) (0.000,0.710) (0.000,0.754) (0.000,0.435) 
582     1610   (12)   20 :  0.064 0.009 0.029 0.031 0.008 0.189 0.034 0.105 0.010 0.044 0.008 0.011 0.100 0.052 0.042 0.009 0.027 0.069 0.042 0.117     (0.000,0.543) (0.000,0.047) (0.000,0.179) (0.000,0.193) (0.000,0.037) (0.000,0.929) (0.000,0.221) (0.000,0.803) (0.000,0.055) (0.000,0.319) (0.000,0.045) (0.000,0.059) (0.000,0.785) (0.000,0.416) (0.000,0.302) (0.000,0.048) (0.000,0.163) (0.000,0.594) (0.000,0.309) (0.000,0.839) 
583     1613   (12)   14 :  0.054 0.008 0.032 0.034 0.007 0.051 0.028 0.080 0.007 0.048 0.008 0.011 0.071 0.078 0.043 0.053 0.146 0.103 0.082 0.056     (0.000,0.430) (0.000,0.042) (0.000,0.208) (0.000,0.225) (0.000,0.038) (0.000,0.400) (0.000,0.169) (0.000,0.657) (0.000,0.039) (0.000,0.363) (0.000,0.041) (0.000,0.059) (0.000,0.589) (0.000,0.650) (0.000,0.320) (0.000,0.415) (0.000,0.880) (0.000,0.789) (0.000,0.677) (0.000,0.462) 
584     1615   (12)   12 :  0.014 0.320 0.009 0.010 0.008 0.010 0.013 0.009 0.248 0.012 0.201 0.054 0.016 0.012 0.009 0.008 0.013 0.011 0.013 0.011     (0.000,0.076) (0.000,0.976) (0.000,0.047) (0.000,0.054) (0.000,0.043) (0.000,0.056) (0.000,0.069) (0.000,0.045) (0.000,0.957) (0.000,0.065) (0.000,0.945) (0.000,0.454) (0.000,0.087) (0.000,0.066) (0.000,0.048) (0.000,0.044) (0.000,0.069) (0.000,0.060) (0.000,0.073) (0.000,0.058) 
585     1616   (25)   18 :  0.056 0.095 0.033 0.018 0.013 0.046 0.047 0.037 0.108 0.036 0.054 0.051 0.090 0.059 0.033 0.014 0.048 0.048 0.065 0.049     (0.000,0.437) (0.000,0.599) (0.000,0.232) (0.000,0.110) (0.000,0.069) (0.000,0.349) (0.000,0.366) (0.000,0.266) (0.000,0.624) (0.000,0.257) (0.000,0.405) (0.000,0.391) (0.000,0.650) (0.000,0.469) (0.000,0.230) (0.000,0.082) (0.000,0.365) (0.000,0.375) (0.000,0.510) (0.000,0.378) 
586     1620    (0)   13 :  0.045 0.017 0.021 0.014 0.013 0.034 0.037 0.023 0.012 0.172 0.018 0.012 0.246 0.051 0.017 0.022 0.070 0.094 0.045 0.037     (0.000,0.347) (0.000,0.114) (0.000,0.123) (0.000,0.078) (0.000,0.078) (0.000,0.246) (0.000,0.266) (0.000,0.140) (0.000,0.073) (0.000,0.873) (0.000,0.128) (0.000,0.079) (0.000,0.931) (0.000,0.402) (0.000,0.101) (0.000,0.163) (0.000,0.550) (0.000,0.701) (0.000,0.342) (0.000,0.266) 
587     1623    (0)    4 :  0.096 0.008 0.032 0.036 0.016 0.098 0.093 0.049 0.014 0.116 0.013 0.010 0.066 0.035 0.100 0.007 0.049 0.071 0.030 0.063     (0.000,0.745) (0.000,0.042) (0.000,0.208) (0.000,0.250) (0.000,0.099) (0.000,0.713) (0.000,0.708) (0.000,0.380) (0.000,0.087) (0.000,0.811) (0.000,0.085) (0.000,0.061) (0.000,0.524) (0.000,0.239) (0.000,0.684) (0.000,0.039) (0.000,0.375) (0.000,0.593) (0.000,0.194) (0.000,0.513) 
588     1624    (0)    9 :  0.009 0.354 0.013 0.007 0.010 0.081 0.009 0.007 0.251 0.009 0.142 0.013 0.009 0.017 0.009 0.020 0.006 0.015 0.011 0.009     (0.000,0.051) (0.000,0.961) (0.000,0.079) (0.000,0.037) (0.000,0.057) (0.000,0.366) (0.000,0.051) (0.000,0.037) (0.000,0.880) (0.000,0.052) (0.000,0.805) (0.000,0.068) (0.000,0.049) (0.000,0.115) (0.000,0.052) (0.000,0.142) (0.000,0.034) (0.000,0.095) (0.000,0.065) (0.000,0.050) 
589     1625    (0)    9 :  0.008 0.462 0.006 0.007 0.005 0.008 0.008 0.006 0.371 0.007 0.040 0.012 0.009 0.008 0.008 0.006 0.006 0.009 0.008 0.007     (0.000,0.045) (0.000,0.989) (0.000,0.033) (0.000,0.039) (0.000,0.027) (0.000,0.046) (0.000,0.044) (0.000,0.032) (0.000,0.982) (0.000,0.040) (0.000,0.290) (0.000,0.063) (0.000,0.048) (0.000,0.044) (0.000,0.042) (0.000,0.035) (0.000,0.030) (0.000,0.047) (0.000,0.044) (0.000,0.037) 
590     1626    (0)    9 :  0.006 0.308 0.005 0.006 0.005 0.006 0.007 0.005 0.387 0.006 0.204 0.010 0.006 0.005 0.006 0.005 0.005 0.006 0.006 0.006     (0.000,0.034) (0.000,0.983) (0.000,0.028) (0.000,0.031) (0.000,0.026) (0.000,0.034) (0.000,0.035) (0.000,0.026) (0.000,0.987) (0.000,0.035) (0.000,0.964) (0.000,0.055) (0.000,0.031) (0.000,0.029) (0.000,0.034) (0.000,0.026) (0.000,0.025) (0.000,0.031) (0.000,0.031) (0.000,0.033) 
591     1633   (12)   13 :  0.058 0.026 0.044 0.027 0.013 0.057 0.072 0.079 0.018 0.085 0.020 0.014 0.054 0.070 0.082 0.010 0.028 0.076 0.089 0.077     (0.000,0.478) (0.000,0.184) (0.000,0.334) (0.000,0.170) (0.000,0.068) (0.000,0.459) (0.000,0.593) (0.000,0.638) (0.000,0.115) (0.000,0.688) (0.000,0.137) (0.000,0.080) (0.000,0.441) (0.000,0.579) (0.000,0.656) (0.000,0.057) (0.000,0.180) (0.000,0.633) (0.000,0.706) (0.000,0.636) 
592     1638    (0)    4 :  0.090 0.041 0.028 0.032 0.010 0.068 0.088 0.043 0.030 0.058 0.027 0.026 0.037 0.045 0.057 0.019 0.012 0.066 0.082 0.142     (0.000,0.710) (0.000,0.310) (0.000,0.178) (0.000,0.215) (0.000,0.050) (0.000,0.536) (0.000,0.695) (0.000,0.320) (0.000,0.218) (0.000,0.473) (0.000,0.193) (0.000,0.181) (0.000,0.259) (0.000,0.347) (0.000,0.456) (0.000,0.129) (0.000,0.064) (0.000,0.551) (0.000,0.654) (0.000,0.858) 
593     1659    (0)    9 :  0.006 0.176 0.005 0.006 0.005 0.006 0.007 0.006 0.511 0.006 0.207 0.010 0.007 0.006 0.006 0.006 0.006 0.006 0.006 0.006     (0.000,0.035) (0.000,0.953) (0.000,0.029) (0.000,0.030) (0.000,0.029) (0.000,0.034) (0.000,0.038) (0.000,0.031) (0.000,0.992) (0.000,0.032) (0.000,0.964) (0.000,0.056) (0.000,0.035) (0.000,0.030) (0.000,0.032) (0.000,0.030) (0.000,0.029) (0.000,0.031) (0.000,0.030) (0.000,0.034) 
594     1667    (0)    9 :  0.007 0.215 0.005 0.006 0.005 0.007 0.007 0.006 0.646 0.006 0.030 0.009 0.008 0.007 0.006 0.006 0.005 0.007 0.006 0.006     (0.000,0.036) (0.000,0.966) (0.000,0.028) (0.000,0.031) (0.000,0.027) (0.000,0.037) (0.000,0.037) (0.000,0.033) (0.000,0.994) (0.000,0.030) (0.000,0.189) (0.000,0.049) (0.000,0.044) (0.000,0.035) (0.000,0.032) (0.000,0.031) (0.000,0.028) (0.000,0.038) (0.000,0.032) (0.000,0.032) 
595     1668    (0)    9 :  0.007 0.184 0.007 0.006 0.005 0.007 0.006 0.006 0.420 0.007 0.279 0.010 0.007 0.007 0.006 0.008 0.006 0.007 0.007 0.007     (0.000,0.038) (0.000,0.955) (0.000,0.035) (0.000,0.033) (0.000,0.027) (0.000,0.038) (0.000,0.035) (0.000,0.035) (0.000,0.987) (0.000,0.036) (0.000,0.977) (0.000,0.052) (0.000,0.041) (0.000,0.038) (0.000,0.034) (0.000,0.044) (0.000,0.035) (0.000,0.037) (0.000,0.039) (0.000,0.035) 
596     1669    (0)   11 :  0.009 0.132 0.009 0.008 0.005 0.010 0.009 0.009 0.396 0.009 0.320 0.013 0.010 0.009 0.008 0.009 0.008 0.009 0.009 0.010     (0.000,0.051) (0.000,0.898) (0.000,0.048) (0.000,0.045) (0.000,0.029) (0.000,0.053) (0.000,0.047) (0.000,0.049) (0.000,0.983) (0.000,0.047) (0.000,0.977) (0.000,0.071) (0.000,0.057) (0.000,0.046) (0.000,0.046) (0.000,0.048) (0.000,0.041) (0.000,0.048) (0.000,0.047) (0.000,0.053) 
597     1672    (0)    9 :  0.006 0.121 0.005 0.005 0.005 0.006 0.006 0.006 0.657 0.006 0.119 0.009 0.007 0.006 0.006 0.006 0.005 0.006 0.006 0.006     (0.000,0.032) (0.000,0.913) (0.000,0.028) (0.000,0.027) (0.000,0.025) (0.000,0.033) (0.000,0.033) (0.000,0.033) (0.000,0.995) (0.000,0.030) (0.000,0.907) (0.000,0.049) (0.000,0.036) (0.000,0.031) (0.000,0.032) (0.000,0.031) (0.000,0.029) (0.000,0.033) (0.000,0.032) (0.000,0.033) 
598     1673    (0)   11 :  0.006 0.243 0.005 0.005 0.005 0.005 0.006 0.005 0.446 0.005 0.224 0.006 0.005 0.005 0.005 0.005 0.005 0.005 0.005 0.005     (0.000,0.030) (0.000,0.978) (0.000,0.027) (0.000,0.026) (0.000,0.024) (0.000,0.028) (0.000,0.030) (0.000,0.024) (0.000,0.991) (0.000,0.028) (0.000,0.973) (0.000,0.033) (0.000,0.025) (0.000,0.026) (0.000,0.027) (0.000,0.026) (0.000,0.024) (0.000,0.026) (0.000,0.027) (0.000,0.027) 
599     1675    (0)    6 :  0.049 0.030 0.168 0.050 0.043 0.019 0.069 0.042 0.019 0.061 0.090 0.015 0.065 0.019 0.123 0.008 0.033 0.033 0.037 0.028     (0.000,0.375) (0.000,0.221) (0.000,0.814) (0.000,0.384) (0.000,0.260) (0.000,0.115) (0.000,0.506) (0.000,0.323) (0.000,0.128) (0.000,0.467) (0.000,0.564) (0.000,0.092) (0.000,0.488) (0.000,0.113) (0.000,0.759) (0.000,0.044) (0.000,0.228) (0.000,0.226) (0.000,0.263) (0.000,0.181) 
600     1679    (0)   11 :  0.007 0.780 0.007 0.006 0.012 0.006 0.009 0.007 0.039 0.007 0.055 0.008 0.006 0.008 0.007 0.006 0.005 0.007 0.009 0.008     (0.000,0.039) (0.001,0.995) (0.000,0.038) (0.000,0.033) (0.000,0.077) (0.000,0.031) (0.000,0.050) (0.000,0.038) (0.000,0.284) (0.000,0.038) (0.000,0.475) (0.000,0.042) (0.000,0.032) (0.000,0.044) (0.000,0.040) (0.000,0.037) (0.000,0.028) (0.000,0.037) (0.000,0.049) (0.000,0.042) 
601     1687    (0)    9 :  0.020 0.177 0.015 0.021 0.006 0.023 0.019 0.013 0.488 0.014 0.082 0.011 0.017 0.014 0.017 0.006 0.008 0.021 0.012 0.016     (0.000,0.116) (0.000,0.904) (0.000,0.085) (0.000,0.128) (0.000,0.029) (0.000,0.147) (0.000,0.110) (0.000,0.073) (0.000,0.985) (0.000,0.078) (0.000,0.614) (0.000,0.058) (0.000,0.102) (0.000,0.077) (0.000,0.096) (0.000,0.031) (0.000,0.042) (0.000,0.126) (0.000,0.064) (0.000,0.092) 
602     1688    (0)    9 :  0.008 0.112 0.012 0.010 0.005 0.007 0.007 0.009 0.225 0.008 0.519 0.008 0.016 0.007 0.008 0.005 0.008 0.008 0.008 0.008     (0.000,0.042) (0.000,0.834) (0.000,0.077) (0.000,0.063) (0.000,0.026) (0.000,0.039) (0.000,0.040) (0.000,0.050) (0.000,0.919) (0.000,0.046) (0.000,0.990) (0.000,0.045) (0.000,0.104) (0.000,0.039) (0.000,0.044) (0.000,0.028) (0.000,0.045) (0.000,0.046) (0.000,0.042) (0.000,0.045) 
603     1695    (0)   19 :  0.050 0.031 0.044 0.070 0.009 0.030 0.038 0.060 0.047 0.049 0.056 0.015 0.037 0.058 0.042 0.031 0.104 0.093 0.076 0.060     (0.000,0.392) (0.000,0.236) (0.000,0.331) (0.000,0.549) (0.000,0.045) (0.000,0.198) (0.000,0.275) (0.000,0.476) (0.000,0.351) (0.000,0.386) (0.000,0.396) (0.000,0.092) (0.000,0.267) (0.000,0.466) (0.000,0.314) (0.000,0.223) (0.000,0.702) (0.000,0.700) (0.000,0.599) (0.000,0.485) 
604     1701    (0)    9 :  0.008 0.209 0.007 0.007 0.006 0.008 0.007 0.007 0.286 0.008 0.374 0.013 0.009 0.008 0.007 0.007 0.008 0.007 0.007 0.007     (0.000,0.045) (0.000,0.960) (0.000,0.035) (0.000,0.040) (0.000,0.031) (0.000,0.041) (0.000,0.040) (0.000,0.036) (0.000,0.974) (0.000,0.043) (0.000,0.985) (0.000,0.071) (0.000,0.051) (0.000,0.041) (0.000,0.036) (0.000,0.038) (0.000,0.041) (0.000,0.040) (0.000,0.040) (0.000,0.038) 
605     1704    (0)    9 :  0.011 0.192 0.009 0.008 0.005 0.009 0.011 0.009 0.426 0.009 0.221 0.010 0.010 0.010 0.010 0.007 0.008 0.010 0.011 0.011     (0.000,0.061) (0.000,0.947) (0.000,0.049) (0.000,0.045) (0.000,0.028) (0.000,0.052) (0.000,0.061) (0.000,0.050) (0.000,0.985) (0.000,0.051) (0.000,0.956) (0.000,0.056) (0.000,0.052) (0.000,0.054) (0.000,0.056) (0.000,0.035) (0.000,0.043) (0.000,0.056) (0.000,0.058) (0.000,0.059) 
606     1705    (0)    2 :  0.014 0.476 0.016 0.011 0.019 0.014 0.018 0.015 0.220 0.013 0.048 0.013 0.018 0.020 0.012 0.010 0.013 0.018 0.018 0.014     (0.000,0.090) (0.000,0.963) (0.000,0.106) (0.000,0.065) (0.000,0.128) (0.000,0.091) (0.000,0.121) (0.000,0.101) (0.000,0.864) (0.000,0.079) (0.000,0.396) (0.000,0.076) (0.000,0.126) (0.000,0.140) (0.000,0.072) (0.000,0.063) (0.000,0.082) (0.000,0.125) (0.000,0.118) (0.000,0.093) 
607     1708    (0)   10 :  0.076 0.019 0.040 0.034 0.017 0.043 0.046 0.036 0.013 0.113 0.024 0.016 0.105 0.061 0.013 0.013 0.113 0.059 0.095 0.064     (0.000,0.630) (0.000,0.128) (0.000,0.282) (0.000,0.230) (0.000,0.096) (0.000,0.326) (0.000,0.348) (0.000,0.255) (0.000,0.078) (0.000,0.798) (0.000,0.175) (0.000,0.100) (0.000,0.756) (0.000,0.509) (0.000,0.071) (0.000,0.085) (0.000,0.772) (0.000,0.487) (0.000,0.723) (0.000,0.535) 
608     1710    (0)   14 :  0.081 0.024 0.034 0.021 0.008 0.037 0.049 0.067 0.025 0.051 0.032 0.012 0.082 0.087 0.021 0.025 0.072 0.108 0.073 0.091     (0.000,0.657) (0.000,0.173) (0.000,0.225) (0.000,0.119) (0.000,0.039) (0.000,0.262) (0.000,0.378) (0.000,0.539) (0.000,0.181) (0.000,0.410) (0.000,0.243) (0.000,0.071) (0.000,0.644) (0.000,0.691) (0.000,0.130) (0.000,0.171) (0.000,0.574) (0.000,0.782) (0.000,0.607) (0.000,0.705) 
609     1711    (0)    3 :  0.053 0.017 0.034 0.034 0.009 0.050 0.025 0.052 0.019 0.053 0.030 0.014 0.151 0.111 0.012 0.016 0.068 0.081 0.084 0.086     (0.000,0.423) (0.000,0.114) (0.000,0.223) (0.000,0.229) (0.000,0.046) (0.000,0.391) (0.000,0.148) (0.000,0.416) (0.000,0.135) (0.000,0.429) (0.000,0.227) (0.000,0.082) (0.000,0.869) (0.000,0.801) (0.000,0.067) (0.000,0.104) (0.000,0.553) (0.000,0.669) (0.000,0.687) (0.000,0.687) 
610     1712    (0)   13 :  0.089 0.015 0.033 0.016 0.008 0.042 0.047 0.094 0.013 0.064 0.017 0.011 0.092 0.075 0.025 0.035 0.066 0.102 0.074 0.083     (0.000,0.710) (0.000,0.095) (0.000,0.212) (0.000,0.090) (0.000,0.040) (0.000,0.312) (0.000,0.357) (0.000,0.720) (0.000,0.080) (0.000,0.531) (0.000,0.119) (0.000,0.060) (0.000,0.706) (0.000,0.621) (0.000,0.156) (0.000,0.256) (0.000,0.537) (0.000,0.771) (0.000,0.615) (0.000,0.671) 
611     1716    (0)   13 :  0.058 0.011 0.029 0.025 0.011 0.042 0.021 0.118 0.011 0.072 0.014 0.029 0.050 0.098 0.016 0.020 0.201 0.072 0.034 0.068     (0.000,0.460) (0.000,0.072) (0.000,0.190) (0.000,0.165) (0.000,0.061) (0.000,0.318) (0.000,0.128) (0.000,0.794) (0.000,0.070) (0.000,0.532) (0.000,0.099) (0.000,0.214) (0.000,0.379) (0.000,0.729) (0.000,0.094) (0.000,0.139) (0.000,0.893) (0.000,0.588) (0.000,0.236) (0.000,0.534) 
612     1719    (0)    6 :  0.055 0.009 0.031 0.029 0.108 0.085 0.040 0.056 0.012 0.135 0.016 0.011 0.077 0.043 0.079 0.008 0.051 0.048 0.059 0.049     (0.000,0.445) (0.000,0.050) (0.000,0.219) (0.000,0.198) (0.000,0.523) (0.000,0.619) (0.000,0.295) (0.000,0.445) (0.000,0.076) (0.000,0.836) (0.000,0.104) (0.000,0.062) (0.000,0.606) (0.000,0.325) (0.000,0.600) (0.000,0.042) (0.000,0.393) (0.000,0.376) (0.000,0.468) (0.000,0.385) 
613     1720    (0)    1 :  0.038 0.008 0.052 0.033 0.009 0.062 0.036 0.127 0.006 0.068 0.009 0.009 0.089 0.091 0.047 0.019 0.069 0.083 0.080 0.065     (0.000,0.269) (0.000,0.042) (0.000,0.412) (0.000,0.221) (0.000,0.047) (0.000,0.502) (0.000,0.252) (0.000,0.843) (0.000,0.034) (0.000,0.569) (0.000,0.053) (0.000,0.047) (0.000,0.717) (0.000,0.723) (0.000,0.364) (0.000,0.132) (0.000,0.559) (0.000,0.685) (0.000,0.657) (0.000,0.549) 
614     1722    (0)    7 :  0.053 0.031 0.076 0.029 0.008 0.071 0.062 0.102 0.030 0.060 0.043 0.017 0.063 0.048 0.050 0.011 0.021 0.062 0.049 0.114     (0.000,0.428) (0.000,0.226) (0.000,0.612) (0.000,0.186) (0.000,0.041) (0.000,0.566) (0.000,0.503) (0.000,0.718) (0.000,0.227) (0.000,0.495) (0.000,0.312) (0.000,0.100) (0.000,0.513) (0.000,0.371) (0.000,0.388) (0.000,0.065) (0.000,0.124) (0.000,0.514) (0.000,0.380) (0.000,0.793) 
615     1723    (0)    7 :  0.081 0.014 0.052 0.028 0.009 0.018 0.042 0.153 0.012 0.143 0.015 0.011 0.027 0.049 0.028 0.013 0.063 0.061 0.053 0.128     (0.000,0.654) (0.000,0.089) (0.000,0.411) (0.000,0.181) (0.000,0.048) (0.000,0.102) (0.000,0.313) (0.000,0.871) (0.000,0.078) (0.000,0.851) (0.000,0.101) (0.000,0.063) (0.000,0.171) (0.000,0.378) (0.000,0.182) (0.000,0.083) (0.000,0.512) (0.000,0.510) (0.000,0.414) (0.000,0.829) 
616     1724    (0)   18 :  0.059 0.016 0.047 0.022 0.008 0.040 0.065 0.169 0.014 0.060 0.019 0.013 0.061 0.054 0.053 0.023 0.045 0.085 0.062 0.083     (0.000,0.484) (0.000,0.106) (0.000,0.365) (0.000,0.127) (0.000,0.042) (0.000,0.298) (0.000,0.537) (0.000,0.890) (0.000,0.092) (0.000,0.492) (0.000,0.134) (0.000,0.074) (0.000,0.505) (0.000,0.439) (0.000,0.423) (0.000,0.159) (0.000,0.345) (0.000,0.692) (0.000,0.513) (0.000,0.673) 
617     1725    (0)   13 :  0.036 0.033 0.029 0.020 0.011 0.040 0.028 0.084 0.023 0.047 0.046 0.034 0.232 0.077 0.018 0.042 0.048 0.052 0.054 0.047     (0.000,0.250) (0.000,0.244) (0.000,0.191) (0.000,0.118) (0.000,0.057) (0.000,0.295) (0.000,0.176) (0.000,0.643) (0.000,0.165) (0.000,0.363) (0.000,0.332) (0.000,0.249) (0.000,0.935) (0.000,0.627) (0.000,0.107) (0.000,0.317) (0.000,0.379) (0.000,0.413) (0.000,0.438) (0.000,0.360) 
618     1728   (12)   14 :  0.100 0.012 0.033 0.021 0.011 0.039 0.029 0.052 0.010 0.043 0.017 0.011 0.056 0.253 0.025 0.020 0.027 0.146 0.056 0.040     (0.000,0.717) (0.000,0.072) (0.000,0.230) (0.000,0.128) (0.000,0.056) (0.000,0.281) (0.000,0.196) (0.000,0.405) (0.000,0.055) (0.000,0.325) (0.000,0.108) (0.000,0.061) (0.000,0.445) (0.000,0.940) (0.000,0.157) (0.000,0.134) (0.000,0.173) (0.000,0.852) (0.000,0.445) (0.000,0.294) 
619     1729   (12)   14 :  0.047 0.016 0.050 0.025 0.013 0.048 0.043 0.095 0.012 0.072 0.017 0.012 0.086 0.108 0.034 0.018 0.057 0.075 0.114 0.058     (0.000,0.367) (0.000,0.100) (0.000,0.388) (0.000,0.149) (0.000,0.070) (0.000,0.371) (0.000,0.319) (0.000,0.737) (0.000,0.067) (0.000,0.606) (0.000,0.112) (0.000,0.065) (0.000,0.694) (0.000,0.797) (0.000,0.228) (0.000,0.116) (0.000,0.465) (0.000,0.629) (0.000,0.816) (0.000,0.480) 
620     1730   (12)    3 :  0.076 0.020 0.043 0.032 0.016 0.089 0.059 0.070 0.012 0.113 0.023 0.013 0.081 0.074 0.038 0.020 0.038 0.061 0.056 0.066     (0.000,0.629) (0.000,0.137) (0.000,0.323) (0.000,0.217) (0.000,0.092) (0.000,0.680) (0.000,0.468) (0.000,0.560) (0.000,0.067) (0.000,0.800) (0.000,0.167) (0.000,0.072) (0.000,0.651) (0.000,0.610) (0.000,0.265) (0.000,0.134) (0.000,0.273) (0.000,0.505) (0.000,0.456) (0.000,0.547) 
621     1735    (0)    7 :  0.046 0.013 0.034 0.039 0.008 0.054 0.022 0.051 0.011 0.054 0.017 0.014 0.078 0.104 0.020 0.055 0.077 0.092 0.149 0.062     (0.000,0.348) (0.000,0.080) (0.000,0.227) (0.000,0.283) (0.000,0.044) (0.000,0.433) (0.000,0.125) (0.000,0.406) (0.000,0.070) (0.000,0.437) (0.000,0.114) (0.000,0.078) (0.000,0.644) (0.000,0.779) (0.000,0.109) (0.000,0.404) (0.000,0.617) (0.000,0.733) (0.000,0.881) (0.000,0.510) 
622     1737   (25)    7 :  0.126 0.015 0.041 0.032 0.012 0.025 0.038 0.088 0.014 0.160 0.017 0.009 0.028 0.051 0.034 0.018 0.065 0.066 0.059 0.101     (0.000,0.835) (0.000,0.097) (0.000,0.299) (0.000,0.216) (0.000,0.064) (0.000,0.158) (0.000,0.278) (0.000,0.687) (0.000,0.088) (0.000,0.879) (0.000,0.111) (0.000,0.050) (0.000,0.179) (0.000,0.405) (0.000,0.240) (0.000,0.114) (0.000,0.526) (0.000,0.548) (0.000,0.480) (0.000,0.745) 
623     1738    (0)    9 :  0.005 0.221 0.005 0.005 0.011 0.005 0.006 0.005 0.265 0.005 0.415 0.008 0.005 0.005 0.005 0.008 0.005 0.005 0.005 0.005     (0.000,0.029) (0.000,0.972) (0.000,0.027) (0.000,0.024) (0.000,0.071) (0.000,0.028) (0.000,0.030) (0.000,0.025) (0.000,0.976) (0.000,0.029) (0.000,0.988) (0.000,0.041) (0.000,0.028) (0.000,0.028) (0.000,0.026) (0.000,0.047) (0.000,0.026) (0.000,0.028) (0.000,0.029) (0.000,0.027) 
624     1739    (0)   14 :  0.066 0.012 0.047 0.020 0.013 0.056 0.052 0.104 0.011 0.098 0.020 0.010 0.121 0.046 0.025 0.018 0.038 0.075 0.082 0.086     (0.000,0.551) (0.000,0.073) (0.000,0.355) (0.000,0.115) (0.000,0.069) (0.000,0.460) (0.000,0.417) (0.000,0.772) (0.000,0.067) (0.000,0.753) (0.000,0.140) (0.000,0.056) (0.000,0.822) (0.000,0.356) (0.000,0.151) (0.000,0.126) (0.000,0.272) (0.000,0.631) (0.000,0.664) (0.000,0.694) 
625     1740    (0)    3 :  0.053 0.029 0.036 0.029 0.010 0.045 0.029 0.047 0.030 0.063 0.085 0.012 0.121 0.095 0.013 0.027 0.045 0.077 0.080 0.073     (0.000,0.423) (0.000,0.213) (0.000,0.247) (0.000,0.195) (0.000,0.056) (0.000,0.342) (0.000,0.185) (0.000,0.366) (0.000,0.220) (0.000,0.510) (0.000,0.503) (0.000,0.068) (0.000,0.783) (0.000,0.719) (0.000,0.072) (0.000,0.194) (0.000,0.348) (0.000,0.619) (0.000,0.641) (0.000,0.584) 
626     1745    (0)    1 :  0.070 0.052 0.076 0.024 0.017 0.033 0.161 0.027 0.021 0.111 0.076 0.009 0.026 0.052 0.079 0.010 0.036 0.039 0.052 0.031     (0.000,0.569) (0.000,0.389) (0.000,0.604) (0.000,0.155) (0.000,0.095) (0.000,0.226) (0.000,0.881) (0.000,0.182) (0.000,0.147) (0.000,0.780) (0.000,0.477) (0.000,0.048) (0.000,0.163) (0.000,0.415) (0.000,0.605) (0.000,0.062) (0.000,0.264) (0.000,0.283) (0.000,0.407) (0.000,0.201) 
627     1747    (0)   14 :  0.029 0.086 0.021 0.019 0.010 0.026 0.033 0.027 0.131 0.025 0.227 0.021 0.078 0.049 0.034 0.039 0.038 0.041 0.039 0.028     (0.000,0.204) (0.000,0.590) (0.000,0.141) (0.000,0.132) (0.000,0.054) (0.000,0.178) (0.000,0.236) (0.000,0.182) (0.000,0.687) (0.000,0.173) (0.000,0.791) (0.000,0.137) (0.000,0.591) (0.000,0.361) (0.000,0.249) (0.000,0.285) (0.000,0.277) (0.000,0.307) (0.000,0.292) (0.000,0.196) 
628     1749   (12)   12 :  0.015 0.007 0.012 0.012 0.009 0.019 0.016 0.020 0.006 0.014 0.006 0.728 0.017 0.017 0.010 0.018 0.013 0.017 0.017 0.027     (0.000,0.084) (0.000,0.039) (0.000,0.065) (0.000,0.067) (0.000,0.048) (0.000,0.115) (0.000,0.085) (0.000,0.120) (0.000,0.032) (0.000,0.077) (0.000,0.034) (0.104,0.992) (0.000,0.096) (0.000,0.091) (0.000,0.056) (0.000,0.114) (0.000,0.072) (0.000,0.094) (0.000,0.098) (0.000,0.160) 
629     1750   (12)   18 :  0.031 0.016 0.020 0.033 0.007 0.053 0.018 0.035 0.022 0.027 0.021 0.018 0.038 0.040 0.017 0.010 0.019 0.484 0.038 0.051     (0.000,0.209) (0.000,0.102) (0.000,0.119) (0.000,0.228) (0.000,0.038) (0.000,0.415) (0.000,0.102) (0.000,0.256) (0.000,0.155) (0.000,0.178) (0.000,0.146) (0.000,0.114) (0.000,0.281) (0.000,0.290) (0.000,0.100) (0.000,0.052) (0.000,0.112) (0.000,0.974) (0.000,0.270) (0.000,0.403) 
630     1751   (12)   17 :  0.060 0.014 0.036 0.035 0.011 0.050 0.035 0.070 0.014 0.071 0.013 0.021 0.107 0.066 0.019 0.008 0.101 0.075 0.099 0.094     (0.000,0.502) (0.000,0.087) (0.000,0.246) (0.000,0.242) (0.000,0.058) (0.000,0.395) (0.000,0.233) (0.000,0.582) (0.000,0.091) (0.000,0.603) (0.000,0.078) (0.000,0.133) (0.000,0.786) (0.000,0.560) (0.000,0.106) (0.000,0.042) (0.000,0.758) (0.000,0.635) (0.000,0.758) (0.000,0.744) 
631     1752   (12)    1 :  0.062 0.019 0.050 0.042 0.007 0.089 0.027 0.063 0.019 0.062 0.021 0.019 0.089 0.070 0.027 0.014 0.047 0.087 0.059 0.125     (0.000,0.514) (0.000,0.126) (0.000,0.392) (0.000,0.311) (0.000,0.038) (0.000,0.694) (0.000,0.169) (0.000,0.517) (0.000,0.135) (0.000,0.514) (0.000,0.147) (0.000,0.119) (0.000,0.684) (0.000,0.582) (0.000,0.179) (0.000,0.087) (0.000,0.365) (0.000,0.694) (0.000,0.487) (0.000,0.830) 
632     1753   (25)   12 :  0.072 0.133 0.027 0.023 0.026 0.091 0.050 0.024 0.038 0.064 0.071 0.165 0.032 0.017 0.026 0.033 0.021 0.023 0.026 0.037     (0.000,0.573) (0.000,0.777) (0.000,0.172) (0.000,0.147) (0.000,0.167) (0.000,0.698) (0.000,0.396) (0.000,0.160) (0.000,0.286) (0.000,0.509) (0.000,0.519) (0.000,0.880) (0.000,0.220) (0.000,0.098) (0.000,0.165) (0.000,0.240) (0.000,0.129) (0.000,0.148) (0.000,0.175) (0.000,0.270) 
633     1755   (12)    9 :  0.009 0.100 0.008 0.008 0.006 0.010 0.010 0.010 0.623 0.008 0.095 0.040 0.013 0.008 0.009 0.006 0.008 0.009 0.009 0.011     (0.000,0.049) (0.000,0.824) (0.000,0.043) (0.000,0.041) (0.000,0.033) (0.000,0.057) (0.000,0.055) (0.000,0.053) (0.000,0.992) (0.000,0.043) (0.000,0.813) (0.000,0.269) (0.000,0.067) (0.000,0.044) (0.000,0.052) (0.000,0.033) (0.000,0.041) (0.000,0.051) (0.000,0.046) (0.000,0.061) 
634     1756   (12)    9 :  0.011 0.180 0.009 0.008 0.006 0.010 0.010 0.009 0.505 0.009 0.140 0.026 0.010 0.010 0.010 0.007 0.008 0.010 0.010 0.011     (0.000,0.057) (0.000,0.938) (0.000,0.049) (0.000,0.044) (0.000,0.033) (0.000,0.056) (0.000,0.056) (0.000,0.048) (0.000,0.988) (0.000,0.049) (0.000,0.906) (0.000,0.140) (0.000,0.056) (0.000,0.052) (0.000,0.054) (0.000,0.039) (0.000,0.046) (0.000,0.054) (0.000,0.057) (0.000,0.059) 
635     1757   (25)   14 :  0.015 0.200 0.011 0.009 0.010 0.015 0.014 0.014 0.384 0.012 0.117 0.077 0.027 0.013 0.013 0.014 0.013 0.014 0.014 0.014     (0.000,0.084) (0.000,0.935) (0.000,0.060) (0.000,0.049) (0.000,0.052) (0.000,0.088) (0.000,0.078) (0.000,0.078) (0.000,0.978) (0.000,0.067) (0.000,0.838) (0.000,0.663) (0.000,0.161) (0.000,0.074) (0.000,0.076) (0.000,0.077) (0.000,0.070) (0.000,0.079) (0.000,0.082) (0.000,0.080) 
636     1760   (12)   14 :  0.036 0.010 0.031 0.034 0.011 0.034 0.026 0.073 0.006 0.051 0.007 0.024 0.043 0.106 0.033 0.131 0.047 0.077 0.157 0.066     (0.000,0.249) (0.000,0.054) (0.000,0.198) (0.000,0.224) (0.000,0.057) (0.000,0.234) (0.000,0.168) (0.000,0.575) (0.000,0.033) (0.000,0.401) (0.000,0.036) (0.000,0.152) (0.000,0.315) (0.000,0.782) (0.000,0.221) (0.000,0.710) (0.000,0.361) (0.000,0.639) (0.000,0.895) (0.000,0.545) 
637     1763   (12)    7 :  0.076 0.025 0.047 0.056 0.010 0.018 0.039 0.107 0.027 0.114 0.020 0.019 0.021 0.050 0.029 0.007 0.083 0.059 0.046 0.149     (0.000,0.610) (0.000,0.175) (0.000,0.361) (0.000,0.444) (0.000,0.051) (0.000,0.101) (0.000,0.288) (0.000,0.750) (0.000,0.195) (0.000,0.767) (0.000,0.138) (0.000,0.121) (0.000,0.128) (0.000,0.387) (0.000,0.196) (0.000,0.039) (0.000,0.649) (0.000,0.478) (0.000,0.356) (0.000,0.865) 
638     1764   (12)    8 :  0.072 0.008 0.037 0.032 0.007 0.049 0.056 0.201 0.009 0.067 0.009 0.014 0.049 0.020 0.134 0.023 0.051 0.068 0.031 0.062     (0.000,0.614) (0.000,0.045) (0.000,0.255) (0.000,0.203) (0.000,0.036) (0.000,0.377) (0.000,0.453) (0.000,0.934) (0.000,0.048) (0.000,0.570) (0.000,0.050) (0.000,0.080) (0.000,0.383) (0.000,0.112) (0.000,0.856) (0.000,0.146) (0.000,0.401) (0.000,0.588) (0.000,0.201) (0.000,0.518) 
639     1765   (12)    1 :  0.088 0.025 0.061 0.068 0.012 0.108 0.062 0.045 0.018 0.127 0.025 0.041 0.046 0.024 0.055 0.008 0.029 0.042 0.043 0.074     (0.000,0.709) (0.000,0.174) (0.000,0.504) (0.000,0.558) (0.000,0.067) (0.000,0.787) (0.000,0.507) (0.000,0.340) (0.000,0.118) (0.000,0.844) (0.000,0.176) (0.000,0.297) (0.000,0.357) (0.000,0.139) (0.000,0.444) (0.000,0.045) (0.000,0.189) (0.000,0.308) (0.000,0.323) (0.000,0.614) 
640     1768    (0)   13 :  0.068 0.052 0.029 0.083 0.007 0.091 0.021 0.063 0.063 0.051 0.053 0.018 0.049 0.084 0.028 0.016 0.044 0.063 0.044 0.072     (0.000,0.555) (0.000,0.391) (0.000,0.185) (0.000,0.660) (0.000,0.036) (0.000,0.665) (0.000,0.120) (0.000,0.500) (0.000,0.443) (0.000,0.404) (0.000,0.402) (0.000,0.108) (0.000,0.386) (0.000,0.666) (0.000,0.183) (0.000,0.093) (0.000,0.329) (0.000,0.513) (0.000,0.335) (0.000,0.583) 
641     1769    (0)   10 :  0.158 0.008 0.024 0.111 0.008 0.022 0.027 0.037 0.007 0.290 0.006 0.009 0.013 0.034 0.030 0.006 0.019 0.025 0.023 0.142     (0.000,0.907) (0.000,0.047) (0.000,0.138) (0.000,0.813) (0.000,0.043) (0.000,0.133) (0.000,0.175) (0.000,0.253) (0.000,0.041) (0.000,0.964) (0.000,0.035) (0.000,0.052) (0.000,0.071) (0.000,0.220) (0.000,0.207) (0.000,0.034) (0.000,0.108) (0.000,0.148) (0.000,0.142) (0.000,0.880) 
642     1770   (25)    7 :  0.059 0.020 0.039 0.051 0.016 0.051 0.033 0.047 0.016 0.076 0.016 0.023 0.063 0.078 0.033 0.011 0.106 0.066 0.151 0.047     (0.000,0.487) (0.000,0.122) (0.000,0.271) (0.000,0.402) (0.000,0.087) (0.000,0.402) (0.000,0.217) (0.000,0.356) (0.000,0.098) (0.000,0.639) (0.000,0.093) (0.000,0.138) (0.000,0.533) (0.000,0.650) (0.000,0.215) (0.000,0.060) (0.000,0.780) (0.000,0.563) (0.000,0.889) (0.000,0.360) 
643     1771   (25)   18 :  0.039 0.013 0.033 0.040 0.016 0.066 0.046 0.085 0.017 0.047 0.015 0.027 0.164 0.060 0.062 0.011 0.116 0.058 0.036 0.049     (0.000,0.279) (0.000,0.080) (0.000,0.223) (0.000,0.300) (0.000,0.094) (0.000,0.542) (0.000,0.352) (0.000,0.684) (0.000,0.112) (0.000,0.362) (0.000,0.096) (0.000,0.192) (0.000,0.890) (0.000,0.495) (0.000,0.491) (0.000,0.064) (0.000,0.798) (0.000,0.473) (0.000,0.250) (0.000,0.390) 
644     1778    (0)   11 :  0.006 0.114 0.005 0.006 0.004 0.006 0.006 0.005 0.549 0.006 0.244 0.007 0.005 0.005 0.006 0.004 0.005 0.005 0.005 0.006     (0.000,0.033) (0.000,0.905) (0.000,0.029) (0.000,0.034) (0.000,0.020) (0.000,0.030) (0.000,0.031) (0.000,0.027) (0.000,0.994) (0.000,0.030) (0.000,0.975) (0.000,0.038) (0.000,0.025) (0.000,0.027) (0.000,0.033) (0.000,0.020) (0.000,0.024) (0.000,0.029) (0.000,0.028) (0.000,0.032) 
645     1779    (0)    9 :  0.006 0.122 0.005 0.006 0.004 0.006 0.006 0.005 0.434 0.006 0.343 0.011 0.006 0.006 0.005 0.005 0.006 0.006 0.006 0.006     (0.000,0.033) (0.000,0.914) (0.000,0.027) (0.000,0.035) (0.000,0.023) (0.000,0.030) (0.000,0.029) (0.000,0.028) (0.000,0.989) (0.000,0.031) (0.000,0.985) (0.000,0.063) (0.000,0.034) (0.000,0.032) (0.000,0.029) (0.000,0.028) (0.000,0.031) (0.000,0.029) (0.000,0.031) (0.000,0.030) 
646     1780    (0)    9 :  0.007 0.124 0.006 0.007 0.004 0.006 0.006 0.005 0.337 0.006 0.439 0.008 0.005 0.006 0.006 0.005 0.005 0.006 0.006 0.006     (0.000,0.036) (0.000,0.916) (0.000,0.032) (0.000,0.039) (0.000,0.021) (0.000,0.032) (0.000,0.031) (0.000,0.028) (0.000,0.984) (0.000,0.033) (0.000,0.990) (0.000,0.044) (0.000,0.028) (0.000,0.031) (0.000,0.032) (0.000,0.025) (0.000,0.029) (0.000,0.031) (0.000,0.031) (0.000,0.032) 
647     1786    (0)   11 :  0.055 0.157 0.023 0.030 0.009 0.022 0.069 0.014 0.080 0.033 0.286 0.013 0.013 0.035 0.051 0.012 0.014 0.025 0.032 0.026     (0.000,0.408) (0.000,0.760) (0.000,0.162) (0.000,0.220) (0.000,0.051) (0.000,0.149) (0.000,0.464) (0.000,0.085) (0.000,0.543) (0.000,0.249) (0.000,0.792) (0.000,0.077) (0.000,0.074) (0.000,0.263) (0.000,0.365) (0.000,0.076) (0.000,0.084) (0.000,0.173) (0.000,0.240) (0.000,0.187) 
648     1787    (0)   11 :  0.006 0.027 0.006 0.006 0.004 0.006 0.006 0.005 0.044 0.006 0.834 0.008 0.005 0.005 0.005 0.006 0.005 0.005 0.005 0.006     (0.000,0.032) (0.000,0.138) (0.000,0.031) (0.000,0.034) (0.000,0.023) (0.000,0.032) (0.000,0.032) (0.000,0.026) (0.000,0.286) (0.000,0.031) (0.243,0.997) (0.000,0.043) (0.000,0.027) (0.000,0.026) (0.000,0.028) (0.000,0.031) (0.000,0.024) (0.000,0.027) (0.000,0.027) (0.000,0.030) 
649     1788    (0)   11 :  0.026 0.101 0.018 0.014 0.006 0.018 0.025 0.013 0.044 0.023 0.571 0.010 0.012 0.017 0.025 0.011 0.013 0.017 0.020 0.016     (0.000,0.186) (0.000,0.760) (0.000,0.123) (0.000,0.087) (0.000,0.033) (0.000,0.124) (0.000,0.174) (0.000,0.086) (0.000,0.368) (0.000,0.156) (0.000,0.962) (0.000,0.056) (0.000,0.076) (0.000,0.113) (0.000,0.181) (0.000,0.071) (0.000,0.082) (0.000,0.110) (0.000,0.134) (0.000,0.103) 
650     1789   (25)   11 :  0.005 0.046 0.004 0.005 0.006 0.005 0.005 0.004 0.674 0.005 0.190 0.013 0.005 0.005 0.004 0.004 0.005 0.005 0.005 0.005     (0.000,0.026) (0.000,0.321) (0.000,0.022) (0.000,0.026) (0.000,0.030) (0.000,0.026) (0.000,0.025) (0.000,0.024) (0.000,0.995) (0.000,0.025) (0.000,0.966) (0.000,0.074) (0.000,0.027) (0.000,0.025) (0.000,0.024) (0.000,0.023) (0.000,0.025) (0.000,0.025) (0.000,0.025) (0.000,0.026) 
651     1791    (0)    9 :  0.008 0.260 0.006 0.007 0.024 0.008 0.008 0.006 0.248 0.008 0.353 0.010 0.007 0.008 0.008 0.005 0.006 0.007 0.007 0.007     (0.000,0.043) (0.000,0.971) (0.000,0.033) (0.000,0.041) (0.000,0.172) (0.000,0.041) (0.000,0.042) (0.000,0.032) (0.000,0.961) (0.000,0.041) (0.000,0.979) (0.000,0.058) (0.000,0.041) (0.000,0.042) (0.000,0.046) (0.000,0.029) (0.000,0.030) (0.000,0.038) (0.000,0.041) (0.000,0.037) 
652     1792    (0)   11 :  0.007 0.092 0.007 0.009 0.005 0.008 0.007 0.007 0.330 0.008 0.447 0.015 0.009 0.007 0.008 0.006 0.006 0.007 0.007 0.008     (0.000,0.040) (0.000,0.822) (0.000,0.038) (0.000,0.050) (0.000,0.025) (0.000,0.047) (0.000,0.036) (0.000,0.037) (0.000,0.978) (0.000,0.043) (0.000,0.988) (0.000,0.086) (0.000,0.050) (0.000,0.039) (0.000,0.043) (0.000,0.035) (0.000,0.034) (0.000,0.040) (0.000,0.039) (0.000,0.043) 
653     1796    (0)    9 :  0.005 0.040 0.005 0.005 0.009 0.006 0.005 0.005 0.615 0.005 0.254 0.007 0.005 0.005 0.005 0.006 0.005 0.005 0.005 0.005     (0.000,0.027) (0.000,0.253) (0.000,0.027) (0.000,0.027) (0.000,0.052) (0.000,0.030) (0.000,0.024) (0.000,0.025) (0.000,0.994) (0.000,0.027) (0.000,0.978) (0.000,0.039) (0.000,0.027) (0.000,0.026) (0.000,0.026) (0.000,0.031) (0.000,0.026) (0.000,0.026) (0.000,0.026) (0.000,0.025) 
654     1797   (12)    2 :  0.005 0.048 0.005 0.004 0.005 0.005 0.004 0.004 0.760 0.005 0.113 0.006 0.004 0.004 0.005 0.005 0.004 0.004 0.004 0.004     (0.000,0.025) (0.000,0.339) (0.000,0.024) (0.000,0.023) (0.000,0.025) (0.000,0.026) (0.000,0.024) (0.000,0.023) (0.000,0.997) (0.000,0.024) (0.000,0.918) (0.000,0.033) (0.000,0.022) (0.000,0.023) (0.000,0.024) (0.000,0.025) (0.000,0.022) (0.000,0.023) (0.000,0.023) (0.000,0.023) 
655     1799    (0)    2 :  0.005 0.099 0.005 0.005 0.012 0.005 0.005 0.005 0.629 0.005 0.182 0.006 0.005 0.005 0.005 0.004 0.005 0.005 0.005 0.005     (0.000,0.027) (0.000,0.875) (0.000,0.027) (0.000,0.027) (0.000,0.080) (0.000,0.027) (0.000,0.025) (0.000,0.026) (0.000,0.995) (0.000,0.026) (0.000,0.959) (0.000,0.030) (0.000,0.025) (0.000,0.026) (0.000,0.027) (0.000,0.024) (0.000,0.024) (0.000,0.025) (0.000,0.026) (0.000,0.027) 
656     1801    (0)    9 :  0.008 0.407 0.009 0.008 0.058 0.008 0.009 0.026 0.179 0.010 0.168 0.011 0.009 0.009 0.009 0.038 0.008 0.009 0.009 0.009     (0.000,0.047) (0.000,0.973) (0.000,0.054) (0.000,0.045) (0.000,0.309) (0.000,0.046) (0.000,0.049) (0.000,0.189) (0.000,0.784) (0.000,0.058) (0.000,0.807) (0.000,0.061) (0.000,0.054) (0.000,0.052) (0.000,0.050) (0.000,0.222) (0.000,0.046) (0.000,0.051) (0.000,0.052) (0.000,0.049) 
657     1817    (0)    9 :  0.005 0.145 0.004 0.005 0.007 0.005 0.005 0.004 0.705 0.004 0.065 0.006 0.006 0.005 0.004 0.006 0.004 0.005 0.005 0.004     (0.000,0.026) (0.000,0.942) (0.000,0.023) (0.000,0.026) (0.000,0.039) (0.000,0.028) (0.000,0.025) (0.000,0.024) (0.000,0.996) (0.000,0.023) (0.000,0.537) (0.000,0.034) (0.000,0.030) (0.000,0.027) (0.000,0.023) (0.000,0.033) (0.000,0.021) (0.000,0.027) (0.000,0.024) (0.000,0.023) 
658     1820   (25)    9 :  0.009 0.145 0.013 0.008 0.017 0.009 0.015 0.019 0.268 0.013 0.370 0.020 0.016 0.014 0.013 0.006 0.013 0.011 0.011 0.011     (0.000,0.052) (0.000,0.897) (0.000,0.077) (0.000,0.045) (0.000,0.105) (0.000,0.049) (0.000,0.096) (0.000,0.126) (0.000,0.936) (0.000,0.080) (0.000,0.970) (0.000,0.125) (0.000,0.094) (0.000,0.083) (0.000,0.083) (0.000,0.032) (0.000,0.074) (0.000,0.060) (0.000,0.064) (0.000,0.062) 
659     1821    (0)   11 :  0.006 0.024 0.005 0.005 0.004 0.005 0.006 0.005 0.032 0.005 0.857 0.007 0.005 0.005 0.005 0.004 0.005 0.005 0.005 0.005     (0.000,0.029) (0.000,0.156) (0.000,0.026) (0.000,0.026) (0.000,0.024) (0.000,0.026) (0.000,0.030) (0.000,0.025) (0.000,0.220) (0.000,0.028) (0.503,0.997) (0.000,0.035) (0.000,0.026) (0.000,0.027) (0.000,0.026) (0.000,0.024) (0.000,0.026) (0.000,0.026) (0.000,0.028) (0.000,0.027) 
660     1829    (0)    9 :  0.006 0.049 0.005 0.005 0.005 0.006 0.006 0.005 0.528 0.006 0.327 0.007 0.006 0.006 0.005 0.005 0.005 0.006 0.006 0.005     (0.000,0.032) (0.000,0.355) (0.000,0.028) (0.000,0.029) (0.000,0.027) (0.000,0.031) (0.000,0.030) (0.000,0.027) (0.000,0.993) (0.000,0.031) (0.000,0.984) (0.000,0.040) (0.000,0.029) (0.000,0.031) (0.000,0.029) (0.000,0.028) (0.000,0.029) (0.000,0.030) (0.000,0.032) (0.000,0.029) 
661     1832    (0)    2 :  0.009 0.210 0.009 0.007 0.007 0.008 0.010 0.011 0.020 0.011 0.610 0.013 0.012 0.009 0.008 0.010 0.009 0.008 0.009 0.008     (0.000,0.050) (0.000,0.952) (0.000,0.051) (0.000,0.039) (0.000,0.039) (0.000,0.046) (0.000,0.058) (0.000,0.070) (0.000,0.114) (0.000,0.066) (0.000,0.987) (0.000,0.082) (0.000,0.075) (0.000,0.051) (0.000,0.046) (0.000,0.065) (0.000,0.050) (0.000,0.049) (0.000,0.054) (0.000,0.048) 
662     1836   (12)   11 :  0.007 0.050 0.007 0.007 0.005 0.007 0.007 0.006 0.155 0.007 0.676 0.008 0.008 0.007 0.007 0.007 0.006 0.007 0.008 0.007     (0.000,0.040) (0.000,0.389) (0.000,0.036) (0.000,0.035) (0.000,0.027) (0.000,0.037) (0.000,0.037) (0.000,0.034) (0.000,0.939) (0.000,0.037) (0.000,0.994) (0.000,0.042) (0.000,0.042) (0.000,0.038) (0.000,0.036) (0.000,0.038) (0.000,0.033) (0.000,0.038) (0.000,0.041) (0.000,0.038) 
663     1837   (25)   11 :  0.007 0.033 0.006 0.006 0.005 0.006 0.007 0.006 0.042 0.007 0.822 0.007 0.006 0.006 0.006 0.004 0.006 0.006 0.006 0.006     (0.000,0.035) (0.000,0.237) (0.000,0.033) (0.000,0.031) (0.000,0.029) (0.000,0.034) (0.000,0.036) (0.000,0.029) (0.000,0.324) (0.000,0.036) (0.368,0.996) (0.000,0.038) (0.000,0.030) (0.000,0.032) (0.000,0.034) (0.000,0.024) (0.000,0.030) (0.000,0.032) (0.000,0.034) (0.000,0.033) 
664     1841   (25)   17 :  0.042 0.010 0.031 0.052 0.008 0.049 0.025 0.040 0.008 0.058 0.009 0.033 0.055 0.066 0.042 0.123 0.083 0.079 0.133 0.053     (0.000,0.308) (0.000,0.059) (0.000,0.193) (0.000,0.405) (0.000,0.041) (0.000,0.381) (0.000,0.152) (0.000,0.289) (0.000,0.042) (0.000,0.465) (0.000,0.048) (0.000,0.228) (0.000,0.445) (0.000,0.557) (0.000,0.309) (0.000,0.725) (0.000,0.666) (0.000,0.658) (0.000,0.861) (0.000,0.418) 
665     1842   (12)   18 :  0.062 0.017 0.114 0.211 0.007 0.029 0.074 0.016 0.011 0.107 0.008 0.027 0.051 0.043 0.018 0.008 0.052 0.066 0.055 0.023     (0.000,0.509) (0.000,0.112) (0.000,0.744) (0.000,0.924) (0.000,0.039) (0.000,0.199) (0.000,0.601) (0.000,0.091) (0.000,0.071) (0.000,0.744) (0.000,0.047) (0.000,0.167) (0.000,0.392) (0.000,0.317) (0.000,0.106) (0.000,0.043) (0.000,0.406) (0.000,0.526) (0.000,0.438) (0.000,0.140) 
666     1843   (25)   16 :  0.018 0.039 0.013 0.010 0.022 0.219 0.012 0.014 0.005 0.014 0.006 0.017 0.013 0.020 0.010 0.479 0.009 0.036 0.024 0.020     (0.000,0.120) (0.000,0.270) (0.000,0.081) (0.000,0.064) (0.000,0.166) (0.000,0.601) (0.000,0.079) (0.000,0.089) (0.000,0.029) (0.000,0.095) (0.000,0.030) (0.000,0.100) (0.000,0.081) (0.000,0.136) (0.000,0.060) (0.006,0.800) (0.000,0.055) (0.000,0.222) (0.000,0.162) (0.000,0.136) 
667     1844    (0)    7 :  0.072 0.007 0.075 0.118 0.007 0.042 0.116 0.065 0.006 0.126 0.008 0.016 0.043 0.037 0.056 0.007 0.070 0.051 0.025 0.055     (0.000,0.588) (0.000,0.039) (0.000,0.593) (0.000,0.790) (0.000,0.033) (0.000,0.314) (0.000,0.804) (0.000,0.511) (0.000,0.033) (0.000,0.834) (0.000,0.046) (0.000,0.105) (0.000,0.325) (0.000,0.259) (0.000,0.437) (0.000,0.040) (0.000,0.544) (0.000,0.401) (0.000,0.151) (0.000,0.434) 
668     1847   (12)   14 :  0.026 0.006 0.211 0.170 0.013 0.014 0.120 0.048 0.004 0.073 0.006 0.024 0.070 0.033 0.032 0.011 0.023 0.030 0.038 0.051     (0.000,0.156) (0.000,0.032) (0.000,0.927) (0.000,0.906) (0.000,0.070) (0.000,0.080) (0.000,0.810) (0.000,0.368) (0.000,0.023) (0.000,0.604) (0.000,0.030) (0.000,0.159) (0.000,0.552) (0.000,0.222) (0.000,0.218) (0.000,0.069) (0.000,0.146) (0.000,0.188) (0.000,0.268) (0.000,0.398) 
669     1848    (0)   13 :  0.070 0.006 0.080 0.029 0.006 0.018 0.068 0.065 0.005 0.076 0.005 0.009 0.033 0.026 0.037 0.048 0.266 0.063 0.054 0.034     (0.000,0.599) (0.000,0.032) (0.000,0.648) (0.000,0.186) (0.000,0.030) (0.000,0.104) (0.000,0.572) (0.000,0.535) (0.000,0.027) (0.000,0.624) (0.000,0.028) (0.000,0.050) (0.000,0.220) (0.000,0.157) (0.000,0.269) (0.000,0.379) (0.000,0.959) (0.000,0.533) (0.000,0.434) (0.000,0.227) 
670     1850   (25)    4 :  0.037 0.008 0.151 0.249 0.013 0.025 0.045 0.033 0.007 0.121 0.010 0.016 0.074 0.016 0.021 0.006 0.076 0.030 0.026 0.035     (0.000,0.252) (0.000,0.043) (0.000,0.882) (0.000,0.955) (0.000,0.071) (0.000,0.161) (0.000,0.342) (0.000,0.225) (0.000,0.038) (0.000,0.835) (0.000,0.056) (0.000,0.086) (0.000,0.602) (0.000,0.086) (0.000,0.125) (0.000,0.034) (0.000,0.630) (0.000,0.191) (0.000,0.160) (0.000,0.239) 
671     1854   (25)   16 :  0.025 0.056 0.015 0.016 0.019 0.018 0.026 0.018 0.038 0.024 0.081 0.092 0.049 0.019 0.013 0.412 0.024 0.017 0.019 0.017     (0.000,0.174) (0.000,0.399) (0.000,0.093) (0.000,0.105) (0.000,0.127) (0.000,0.114) (0.000,0.183) (0.000,0.104) (0.000,0.284) (0.000,0.165) (0.000,0.518) (0.000,0.595) (0.000,0.377) (0.000,0.121) (0.000,0.078) (0.000,0.873) (0.000,0.164) (0.000,0.106) (0.000,0.116) (0.000,0.107) 
672     1857   (12)    1 :  0.073 0.012 0.056 0.060 0.024 0.024 0.121 0.045 0.008 0.028 0.009 0.031 0.030 0.078 0.076 0.010 0.038 0.089 0.116 0.072     (0.000,0.584) (0.000,0.079) (0.000,0.442) (0.000,0.464) (0.000,0.167) (0.000,0.150) (0.000,0.771) (0.000,0.347) (0.000,0.044) (0.000,0.188) (0.000,0.049) (0.000,0.219) (0.000,0.204) (0.000,0.586) (0.000,0.590) (0.000,0.056) (0.000,0.285) (0.000,0.695) (0.000,0.773) (0.000,0.574) 
673     1858    (0)    7 :  0.139 0.013 0.030 0.141 0.008 0.106 0.075 0.030 0.008 0.049 0.007 0.014 0.047 0.048 0.037 0.010 0.022 0.095 0.031 0.090     (0.000,0.866) (0.000,0.085) (0.000,0.198) (0.000,0.834) (0.000,0.044) (0.000,0.746) (0.000,0.597) (0.000,0.211) (0.000,0.043) (0.000,0.379) (0.000,0.038) (0.000,0.088) (0.000,0.356) (0.000,0.363) (0.000,0.264) (0.000,0.059) (0.000,0.140) (0.000,0.723) (0.000,0.204) (0.000,0.689) 
674     1859   (12)    7 :  0.102 0.012 0.031 0.056 0.010 0.121 0.069 0.068 0.007 0.089 0.009 0.024 0.041 0.031 0.045 0.008 0.020 0.051 0.030 0.176     (0.000,0.775) (0.000,0.072) (0.000,0.200) (0.000,0.439) (0.000,0.053) (0.000,0.813) (0.000,0.563) (0.000,0.538) (0.000,0.041) (0.000,0.706) (0.000,0.053) (0.000,0.165) (0.000,0.306) (0.000,0.206) (0.000,0.334) (0.000,0.046) (0.000,0.118) (0.000,0.401) (0.000,0.191) (0.000,0.915) 
675     1862    (0)   14 :  0.039 0.026 0.031 0.049 0.008 0.037 0.030 0.070 0.031 0.040 0.024 0.030 0.155 0.081 0.026 0.013 0.089 0.076 0.037 0.108     (0.000,0.286) (0.000,0.192) (0.000,0.218) (0.000,0.383) (0.000,0.044) (0.000,0.265) (0.000,0.200) (0.000,0.559) (0.000,0.225) (0.000,0.292) (0.000,0.176) (0.000,0.218) (0.000,0.853) (0.000,0.642) (0.000,0.174) (0.000,0.082) (0.000,0.673) (0.000,0.610) (0.000,0.265) (0.000,0.747) 
676     1863   (12)    3 :  0.185 0.008 0.113 0.027 0.008 0.023 0.227 0.026 0.006 0.070 0.006 0.015 0.024 0.036 0.051 0.011 0.038 0.062 0.029 0.035     (0.000,0.924) (0.000,0.042) (0.000,0.757) (0.000,0.181) (0.000,0.043) (0.000,0.143) (0.000,0.939) (0.000,0.168) (0.000,0.033) (0.000,0.587) (0.000,0.033) (0.000,0.094) (0.000,0.151) (0.000,0.254) (0.000,0.397) (0.000,0.063) (0.000,0.277) (0.000,0.514) (0.000,0.190) (0.000,0.246) 
677     1865    (0)    9 :  0.012 0.321 0.009 0.012 0.005 0.012 0.011 0.008 0.492 0.009 0.028 0.010 0.009 0.009 0.013 0.004 0.006 0.011 0.009 0.010     (0.000,0.066) (0.000,0.976) (0.000,0.046) (0.000,0.067) (0.000,0.024) (0.000,0.071) (0.000,0.064) (0.000,0.041) (0.000,0.988) (0.000,0.053) (0.000,0.173) (0.000,0.055) (0.000,0.051) (0.000,0.050) (0.000,0.077) (0.000,0.020) (0.000,0.032) (0.000,0.064) (0.000,0.049) (0.000,0.057) 
678     1866    (0)   13 :  0.092 0.008 0.035 0.081 0.006 0.158 0.028 0.058 0.007 0.078 0.008 0.008 0.054 0.056 0.098 0.015 0.036 0.067 0.041 0.066     (0.000,0.748) (0.000,0.045) (0.000,0.237) (0.000,0.668) (0.000,0.031) (0.000,0.901) (0.000,0.166) (0.000,0.471) (0.000,0.037) (0.000,0.664) (0.000,0.041) (0.000,0.046) (0.000,0.435) (0.000,0.456) (0.000,0.753) (0.000,0.086) (0.000,0.241) (0.000,0.577) (0.000,0.295) (0.000,0.559) 
679     1867   (12)    9 :  0.013 0.391 0.014 0.012 0.020 0.011 0.017 0.016 0.184 0.013 0.193 0.017 0.013 0.015 0.015 0.007 0.011 0.012 0.011 0.012     (0.000,0.075) (0.000,0.976) (0.000,0.084) (0.000,0.071) (0.000,0.138) (0.000,0.064) (0.000,0.103) (0.000,0.102) (0.000,0.891) (0.000,0.073) (0.000,0.922) (0.000,0.101) (0.000,0.079) (0.000,0.091) (0.000,0.096) (0.000,0.037) (0.000,0.061) (0.000,0.069) (0.000,0.066) (0.000,0.073) 
680     1879   (12)   13 :  0.058 0.033 0.023 0.022 0.013 0.024 0.035 0.042 0.024 0.034 0.017 0.047 0.103 0.125 0.015 0.068 0.077 0.072 0.098 0.072     (0.000,0.469) (0.000,0.246) (0.000,0.140) (0.000,0.136) (0.000,0.073) (0.000,0.147) (0.000,0.240) (0.000,0.317) (0.000,0.172) (0.000,0.230) (0.000,0.117) (0.000,0.347) (0.000,0.708) (0.000,0.817) (0.000,0.088) (0.000,0.474) (0.000,0.582) (0.000,0.578) (0.000,0.712) (0.000,0.572) 
681     1880    (0)   14 :  0.086 0.061 0.044 0.029 0.009 0.130 0.042 0.046 0.033 0.047 0.036 0.072 0.024 0.070 0.024 0.009 0.082 0.065 0.037 0.053     (0.000,0.668) (0.000,0.429) (0.000,0.333) (0.000,0.189) (0.000,0.049) (0.000,0.787) (0.000,0.312) (0.000,0.355) (0.000,0.250) (0.000,0.360) (0.000,0.271) (0.000,0.515) (0.000,0.155) (0.000,0.551) (0.000,0.148) (0.000,0.052) (0.000,0.605) (0.000,0.519) (0.000,0.266) (0.000,0.416) 
682     1881    (0)   13 :  0.063 0.006 0.072 0.084 0.008 0.058 0.047 0.133 0.005 0.050 0.005 0.011 0.049 0.038 0.062 0.031 0.026 0.055 0.043 0.152     (0.000,0.528) (0.000,0.032) (0.000,0.606) (0.000,0.678) (0.000,0.040) (0.000,0.475) (0.000,0.358) (0.000,0.847) (0.000,0.028) (0.000,0.388) (0.000,0.027) (0.000,0.059) (0.000,0.378) (0.000,0.267) (0.000,0.514) (0.000,0.228) (0.000,0.168) (0.000,0.445) (0.000,0.320) (0.000,0.897) 
683     1883   (25)   13 :  0.053 0.010 0.053 0.081 0.012 0.066 0.056 0.137 0.009 0.050 0.009 0.018 0.065 0.058 0.059 0.015 0.023 0.058 0.043 0.124     (0.000,0.424) (0.000,0.058) (0.000,0.427) (0.000,0.667) (0.000,0.066) (0.000,0.539) (0.000,0.452) (0.000,0.857) (0.000,0.053) (0.000,0.391) (0.000,0.048) (0.000,0.105) (0.000,0.540) (0.000,0.476) (0.000,0.480) (0.000,0.091) (0.000,0.135) (0.000,0.482) (0.000,0.320) (0.000,0.843) 
684     1888    (0)   13 :  0.043 0.008 0.083 0.067 0.007 0.019 0.033 0.055 0.007 0.041 0.008 0.007 0.050 0.039 0.076 0.014 0.285 0.074 0.049 0.036     (0.000,0.324) (0.000,0.043) (0.000,0.662) (0.000,0.542) (0.000,0.035) (0.000,0.112) (0.000,0.222) (0.000,0.441) (0.000,0.039) (0.000,0.292) (0.000,0.042) (0.000,0.035) (0.000,0.378) (0.000,0.284) (0.000,0.611) (0.000,0.087) (0.000,0.963) (0.000,0.630) (0.000,0.382) (0.000,0.244) 
685     1890    (0)   14 :  0.044 0.008 0.089 0.033 0.007 0.066 0.026 0.052 0.008 0.041 0.008 0.010 0.041 0.128 0.042 0.014 0.114 0.112 0.112 0.048     (0.000,0.330) (0.000,0.045) (0.000,0.667) (0.000,0.224) (0.000,0.035) (0.000,0.518) (0.000,0.162) (0.000,0.412) (0.000,0.045) (0.000,0.298) (0.000,0.042) (0.000,0.052) (0.000,0.302) (0.000,0.826) (0.000,0.317) (0.000,0.080) (0.000,0.780) (0.000,0.794) (0.000,0.767) (0.000,0.368) 
686     1897   (25)   14 :  0.080 0.007 0.036 0.018 0.008 0.025 0.058 0.103 0.007 0.044 0.007 0.008 0.066 0.049 0.043 0.022 0.206 0.101 0.052 0.059     (0.000,0.681) (0.000,0.039) (0.000,0.239) (0.000,0.100) (0.000,0.042) (0.000,0.146) (0.000,0.485) (0.000,0.785) (0.000,0.037) (0.000,0.328) (0.000,0.036) (0.000,0.043) (0.000,0.542) (0.000,0.381) (0.000,0.325) (0.000,0.143) (0.000,0.939) (0.000,0.786) (0.000,0.411) (0.000,0.489) 
687     1898    (0)   13 :  0.040 0.016 0.020 0.020 0.011 0.026 0.025 0.038 0.013 0.031 0.013 0.059 0.220 0.101 0.011 0.065 0.074 0.059 0.091 0.068     (0.000,0.291) (0.000,0.101) (0.000,0.114) (0.000,0.122) (0.000,0.060) (0.000,0.165) (0.000,0.157) (0.000,0.274) (0.000,0.083) (0.000,0.208) (0.000,0.080) (0.000,0.430) (0.000,0.921) (0.000,0.753) (0.000,0.057) (0.000,0.464) (0.000,0.574) (0.000,0.477) (0.000,0.695) (0.000,0.549) 
688     1902   (25)   13 :  0.039 0.007 0.050 0.049 0.011 0.052 0.026 0.101 0.006 0.053 0.007 0.011 0.123 0.102 0.027 0.013 0.109 0.068 0.083 0.062     (0.000,0.270) (0.000,0.037) (0.000,0.397) (0.000,0.380) (0.000,0.057) (0.000,0.414) (0.000,0.152) (0.000,0.783) (0.000,0.032) (0.000,0.420) (0.000,0.037) (0.000,0.059) (0.000,0.852) (0.000,0.790) (0.000,0.164) (0.000,0.073) (0.000,0.805) (0.000,0.584) (0.000,0.694) (0.000,0.519) 
689     1903   (12)    4 :  0.035 0.006 0.035 0.044 0.009 0.037 0.016 0.051 0.005 0.048 0.005 0.012 0.077 0.072 0.018 0.027 0.217 0.073 0.167 0.046     (0.000,0.230) (0.000,0.029) (0.000,0.232) (0.000,0.324) (0.000,0.045) (0.000,0.253) (0.000,0.085) (0.000,0.410) (0.000,0.025) (0.000,0.371) (0.000,0.028) (0.000,0.060) (0.000,0.656) (0.000,0.621) (0.000,0.098) (0.000,0.185) (0.000,0.945) (0.000,0.630) (0.000,0.919) (0.000,0.344) 
690     1905    (0)   14 :  0.056 0.005 0.035 0.031 0.006 0.044 0.022 0.079 0.005 0.043 0.005 0.008 0.056 0.051 0.041 0.149 0.136 0.092 0.075 0.060     (0.000,0.450) (0.000,0.028) (0.000,0.237) (0.000,0.198) (0.000,0.031) (0.000,0.331) (0.000,0.129) (0.000,0.652) (0.000,0.025) (0.000,0.319) (0.000,0.027) (0.000,0.044) (0.000,0.451) (0.000,0.403) (0.000,0.298) (0.000,0.855) (0.000,0.868) (0.000,0.745) (0.000,0.635) (0.000,0.492) 
691     1911   (12)   10 :  0.031 0.006 0.067 0.042 0.008 0.040 0.021 0.108 0.006 0.044 0.008 0.007 0.300 0.034 0.020 0.016 0.050 0.077 0.036 0.082     (0.000,0.196) (0.000,0.030) (0.000,0.548) (0.000,0.305) (0.000,0.042) (0.000,0.292) (0.000,0.118) (0.000,0.801) (0.000,0.031) (0.000,0.323) (0.000,0.048) (0.000,0.036) (0.000,0.964) (0.000,0.233) (0.000,0.116) (0.000,0.104) (0.000,0.392) (0.000,0.652) (0.000,0.245) (0.000,0.681) 
692     1913   (25)    7 :  0.080 0.014 0.083 0.032 0.013 0.037 0.301 0.048 0.011 0.037 0.015 0.013 0.032 0.025 0.093 0.009 0.020 0.046 0.030 0.059     (0.000,0.664) (0.000,0.082) (0.000,0.678) (0.000,0.211) (0.000,0.071) (0.000,0.273) (0.000,0.960) (0.000,0.372) (0.000,0.065) (0.000,0.263) (0.000,0.097) (0.000,0.070) (0.000,0.217) (0.000,0.155) (0.000,0.719) (0.000,0.053) (0.000,0.115) (0.000,0.352) (0.000,0.197) (0.000,0.488) 
693     1915   (25)   14 :  0.045 0.039 0.042 0.114 0.024 0.021 0.055 0.024 0.019 0.053 0.022 0.066 0.027 0.086 0.023 0.020 0.066 0.056 0.130 0.069     (0.000,0.339) (0.000,0.298) (0.000,0.308) (0.000,0.797) (0.000,0.155) (0.000,0.120) (0.000,0.430) (0.000,0.152) (0.000,0.123) (0.000,0.423) (0.000,0.152) (0.000,0.514) (0.000,0.168) (0.000,0.674) (0.000,0.138) (0.000,0.138) (0.000,0.512) (0.000,0.449) (0.000,0.824) (0.000,0.569) 
1781     4468    (0)   16 :  0.026 0.016 0.015 0.018 0.013 0.015 0.024 0.011 0.010 0.022 0.016 0.019 0.019 0.012 0.013 0.687 0.018 0.014 0.016 0.017     (0.000,0.183) (0.000,0.114) (0.000,0.095) (0.000,0.122) (0.000,0.084) (0.000,0.098) (0.000,0.165) (0.000,0.058) (0.000,0.059) (0.000,0.155) (0.000,0.111) (0.000,0.132) (0.000,0.119) (0.000,0.072) (0.000,0.078) (0.294,0.954) (0.000,0.116) (0.000,0.083) (0.000,0.100) (0.000,0.107) 
1782     4470   (12)   10 :  0.084 0.009 0.055 0.156 0.011 0.037 0.060 0.033 0.008 0.038 0.008 0.016 0.032 0.051 0.045 0.105 0.024 0.051 0.075 0.104     (0.000,0.693) (0.000,0.050) (0.000,0.442) (0.000,0.893) (0.000,0.059) (0.000,0.256) (0.000,0.491) (0.000,0.220) (0.000,0.045) (0.000,0.262) (0.000,0.041) (0.000,0.093) (0.000,0.219) (0.000,0.400) (0.000,0.341) (0.000,0.682) (0.000,0.152) (0.000,0.401) (0.000,0.621) (0.000,0.785) 
1783     4474    (0)   14 :  0.037 0.019 0.060 0.071 0.071 0.016 0.090 0.034 0.016 0.041 0.016 0.032 0.026 0.131 0.043 0.079 0.031 0.040 0.107 0.040     (0.000,0.266) (0.000,0.124) (0.000,0.467) (0.000,0.546) (0.000,0.448) (0.000,0.097) (0.000,0.654) (0.000,0.244) (0.000,0.110) (0.000,0.300) (0.000,0.111) (0.000,0.238) (0.000,0.169) (0.000,0.815) (0.000,0.328) (0.000,0.465) (0.000,0.226) (0.000,0.294) (0.000,0.746) (0.000,0.302) 
1784     4483    (0)   14 :  0.070 0.046 0.047 0.125 0.008 0.045 0.048 0.023 0.030 0.062 0.030 0.033 0.028 0.079 0.067 0.019 0.029 0.060 0.085 0.065     (0.000,0.577) (0.000,0.352) (0.000,0.365) (0.000,0.815) (0.000,0.044) (0.000,0.347) (0.000,0.374) (0.000,0.137) (0.000,0.219) (0.000,0.503) (0.000,0.223) (0.000,0.241) (0.000,0.177) (0.000,0.629) (0.000,0.530) (0.000,0.129) (0.000,0.199) (0.000,0.485) (0.000,0.658) (0.000,0.534) 
