  7        9   (12)   17 :  0.047 0.006 0.047 0.043 0.007 0.122 0.028 0.213 0.006 0.055 0.006 0.010 0.081 0.033 0.062 0.014 0.025 0.056 0.031 0.108     (0.000,0.357) (0.000,0.032) (0.000,0.357) (0.000,0.314) (0.000,0.036) (0.000,0.838) (0.000,0.167) (0.000,0.944) (0.000,0.030) (0.000,0.451) (0.000,0.033) (0.000,0.054) (0.000,0.689) (0.000,0.213) (0.000,0.522) (0.000,0.078) (0.000,0.148) (0.000,0.462) (0.000,0.191) (0.000,0.816) 
  8       11   (12)    9 :  0.009 0.149 0.008 0.005 0.311 0.030 0.009 0.009 0.021 0.008 0.013 0.014 0.012 0.014 0.008 0.336 0.008 0.012 0.013 0.009     (0.000,0.051) (0.000,0.682) (0.000,0.045) (0.000,0.028) (0.057,0.645) (0.000,0.211) (0.000,0.053) (0.000,0.050) (0.000,0.148) (0.000,0.044) (0.000,0.082) (0.000,0.090) (0.000,0.068) (0.000,0.089) (0.000,0.047) (0.000,0.756) (0.000,0.043) (0.000,0.074) (0.000,0.075) (0.000,0.049) 
  9       12   (12)    3 :  0.029 0.009 0.036 0.031 0.010 0.138 0.028 0.092 0.012 0.022 0.010 0.072 0.026 0.073 0.020 0.005 0.240 0.081 0.026 0.040     (0.000,0.181) (0.000,0.054) (0.000,0.246) (0.000,0.206) (0.000,0.052) (0.000,0.855) (0.000,0.184) (0.000,0.730) (0.000,0.074) (0.000,0.137) (0.000,0.056) (0.000,0.518) (0.000,0.166) (0.000,0.614) (0.000,0.125) (0.000,0.025) (0.000,0.940) (0.000,0.678) (0.000,0.169) (0.000,0.285) 
 10       13   (25)    3 :  0.028 0.024 0.025 0.016 0.240 0.020 0.028 0.026 0.049 0.029 0.046 0.034 0.021 0.047 0.019 0.005 0.020 0.124 0.134 0.064     (0.000,0.202) (0.000,0.166) (0.000,0.178) (0.000,0.110) (0.000,0.674) (0.000,0.137) (0.000,0.202) (0.000,0.183) (0.000,0.267) (0.000,0.208) (0.000,0.239) (0.000,0.218) (0.000,0.150) (0.000,0.318) (0.000,0.130) (0.000,0.024) (0.000,0.136) (0.000,0.597) (0.000,0.640) (0.000,0.409) 
 11       16   (12)   14 :  0.030 0.026 0.046 0.028 0.172 0.019 0.071 0.066 0.005 0.027 0.006 0.005 0.033 0.108 0.057 0.034 0.030 0.168 0.048 0.022     (0.000,0.206) (0.000,0.173) (0.000,0.351) (0.000,0.194) (0.000,0.638) (0.000,0.118) (0.000,0.517) (0.000,0.481) (0.000,0.024) (0.000,0.186) (0.000,0.032) (0.000,0.027) (0.000,0.242) (0.000,0.678) (0.000,0.426) (0.000,0.222) (0.000,0.212) (0.000,0.728) (0.000,0.360) (0.000,0.142) 
 16       33    (0)   13 :  0.080 0.012 0.060 0.037 0.007 0.048 0.039 0.089 0.010 0.043 0.008 0.008 0.035 0.095 0.056 0.021 0.072 0.089 0.078 0.112     (0.000,0.667) (0.000,0.075) (0.000,0.497) (0.000,0.264) (0.000,0.035) (0.000,0.371) (0.000,0.278) (0.000,0.700) (0.000,0.058) (0.000,0.317) (0.000,0.045) (0.000,0.045) (0.000,0.236) (0.000,0.752) (0.000,0.450) (0.000,0.133) (0.000,0.604) (0.000,0.726) (0.000,0.650) (0.000,0.812) 
 17       34   (12)   17 :  0.076 0.010 0.034 0.033 0.010 0.025 0.063 0.034 0.008 0.054 0.010 0.009 0.140 0.028 0.059 0.022 0.071 0.235 0.041 0.038     (0.000,0.584) (0.000,0.056) (0.000,0.237) (0.000,0.235) (0.000,0.056) (0.000,0.162) (0.000,0.486) (0.000,0.241) (0.000,0.042) (0.000,0.420) (0.000,0.055) (0.000,0.051) (0.000,0.751) (0.000,0.182) (0.000,0.458) (0.000,0.149) (0.000,0.545) (0.000,0.923) (0.000,0.302) (0.000,0.276) 
 18       35   (12)   20 :  0.113 0.040 0.031 0.072 0.014 0.076 0.061 0.039 0.023 0.078 0.023 0.044 0.043 0.055 0.027 0.024 0.028 0.049 0.063 0.096     (0.000,0.799) (0.000,0.307) (0.000,0.202) (0.000,0.591) (0.000,0.081) (0.000,0.600) (0.000,0.488) (0.000,0.284) (0.000,0.161) (0.000,0.632) (0.000,0.160) (0.000,0.334) (0.000,0.328) (0.000,0.441) (0.000,0.168) (0.000,0.166) (0.000,0.181) (0.000,0.385) (0.000,0.515) (0.000,0.731) 
 19       37   (12)   10 :  0.035 0.007 0.047 0.038 0.012 0.016 0.018 0.172 0.005 0.165 0.006 0.014 0.027 0.071 0.019 0.011 0.145 0.045 0.071 0.077     (0.000,0.235) (0.000,0.040) (0.000,0.357) (0.000,0.268) (0.000,0.061) (0.000,0.090) (0.000,0.100) (0.000,0.913) (0.000,0.028) (0.000,0.898) (0.000,0.031) (0.000,0.077) (0.000,0.172) (0.000,0.599) (0.000,0.104) (0.000,0.066) (0.000,0.876) (0.000,0.332) (0.000,0.584) (0.000,0.642) 
 24       49    (0)   12 :  0.055 0.034 0.029 0.037 0.025 0.046 0.027 0.037 0.026 0.032 0.013 0.024 0.068 0.120 0.022 0.023 0.032 0.203 0.103 0.042     (0.000,0.392) (0.000,0.241) (0.000,0.200) (0.000,0.271) (0.000,0.174) (0.000,0.328) (0.000,0.184) (0.000,0.267) (0.000,0.188) (0.000,0.222) (0.000,0.089) (0.000,0.161) (0.000,0.491) (0.000,0.682) (0.000,0.142) (0.000,0.161) (0.000,0.231) (0.000,0.831) (0.000,0.634) (0.000,0.297) 
 25       55    (0)   13 :  0.014 0.004 0.022 0.036 0.015 0.026 0.014 0.056 0.004 0.029 0.004 0.005 0.217 0.107 0.086 0.013 0.032 0.252 0.044 0.021     (0.000,0.081) (0.000,0.020) (0.000,0.135) (0.000,0.266) (0.000,0.098) (0.000,0.180) (0.000,0.080) (0.000,0.438) (0.000,0.020) (0.000,0.200) (0.000,0.020) (0.000,0.028) (0.000,0.928) (0.000,0.738) (0.000,0.608) (0.000,0.084) (0.000,0.218) (0.000,0.948) (0.000,0.328) (0.000,0.128) 
 26       57    (0)   13 :  0.022 0.009 0.024 0.094 0.011 0.020 0.018 0.245 0.008 0.030 0.008 0.010 0.065 0.097 0.073 0.008 0.024 0.157 0.033 0.042     (0.000,0.133) (0.000,0.048) (0.000,0.140) (0.000,0.737) (0.000,0.064) (0.000,0.122) (0.000,0.103) (0.000,0.947) (0.000,0.046) (0.000,0.197) (0.000,0.046) (0.000,0.057) (0.000,0.542) (0.000,0.739) (0.000,0.590) (0.000,0.043) (0.000,0.144) (0.000,0.898) (0.000,0.209) (0.000,0.310) 
 27       59    (0)   18 :  0.012 0.013 0.020 0.133 0.016 0.010 0.010 0.061 0.012 0.017 0.010 0.010 0.027 0.297 0.018 0.009 0.096 0.127 0.081 0.023     (0.000,0.064) (0.000,0.080) (0.000,0.106) (0.000,0.870) (0.000,0.093) (0.000,0.051) (0.000,0.053) (0.000,0.504) (0.000,0.079) (0.000,0.090) (0.000,0.060) (0.000,0.052) (0.000,0.163) (0.000,0.967) (0.000,0.097) (0.000,0.049) (0.000,0.730) (0.000,0.858) (0.000,0.679) (0.000,0.127) 
 28       64    (0)   13 :  0.015 0.010 0.013 0.012 0.020 0.016 0.012 0.085 0.009 0.013 0.008 0.029 0.123 0.305 0.009 0.007 0.111 0.140 0.041 0.023     (0.000,0.082) (0.000,0.061) (0.000,0.067) (0.000,0.066) (0.000,0.130) (0.000,0.091) (0.000,0.062) (0.000,0.691) (0.000,0.059) (0.000,0.067) (0.000,0.046) (0.000,0.206) (0.000,0.798) (0.000,0.967) (0.000,0.045) (0.000,0.040) (0.000,0.768) (0.000,0.867) (0.000,0.301) (0.000,0.137) 
 29       65    (0)   13 :  0.011 0.010 0.013 0.023 0.017 0.010 0.010 0.063 0.010 0.013 0.010 0.016 0.246 0.272 0.009 0.009 0.089 0.097 0.047 0.025     (0.000,0.057) (0.000,0.058) (0.000,0.070) (0.000,0.139) (0.000,0.109) (0.000,0.049) (0.000,0.054) (0.000,0.528) (0.000,0.064) (0.000,0.068) (0.000,0.059) (0.000,0.104) (0.000,0.952) (0.000,0.961) (0.000,0.045) (0.000,0.048) (0.000,0.705) (0.000,0.762) (0.000,0.368) (0.000,0.148) 
 30       66    (0)   13 :  0.013 0.005 0.027 0.041 0.046 0.030 0.014 0.144 0.009 0.017 0.008 0.032 0.278 0.092 0.020 0.004 0.090 0.092 0.018 0.022     (0.000,0.071) (0.000,0.030) (0.000,0.180) (0.000,0.309) (0.000,0.314) (0.000,0.211) (0.000,0.082) (0.000,0.816) (0.000,0.056) (0.000,0.097) (0.000,0.045) (0.000,0.228) (0.000,0.935) (0.000,0.665) (0.000,0.120) (0.000,0.022) (0.000,0.638) (0.000,0.700) (0.000,0.098) (0.000,0.133) 
 31       67   (12)   20 :  0.015 0.007 0.022 0.020 0.024 0.014 0.017 0.186 0.005 0.020 0.005 0.007 0.068 0.298 0.026 0.006 0.037 0.118 0.075 0.030     (0.000,0.079) (0.000,0.036) (0.000,0.128) (0.000,0.110) (0.000,0.147) (0.000,0.073) (0.000,0.094) (0.000,0.934) (0.000,0.028) (0.000,0.108) (0.000,0.026) (0.000,0.038) (0.000,0.595) (0.000,0.971) (0.000,0.153) (0.000,0.033) (0.000,0.258) (0.000,0.851) (0.000,0.652) (0.000,0.180) 
 32       69   (12)   14 :  0.015 0.005 0.019 0.039 0.015 0.033 0.010 0.122 0.005 0.016 0.005 0.012 0.079 0.295 0.014 0.008 0.073 0.174 0.039 0.024     (0.000,0.083) (0.000,0.025) (0.000,0.103) (0.000,0.274) (0.000,0.088) (0.000,0.230) (0.000,0.053) (0.000,0.854) (0.000,0.024) (0.000,0.089) (0.000,0.026) (0.000,0.071) (0.000,0.655) (0.000,0.968) (0.000,0.072) (0.000,0.042) (0.000,0.577) (0.000,0.926) (0.000,0.272) (0.000,0.136) 
 33       71   (12)   13 :  0.016 0.005 0.020 0.042 0.014 0.025 0.012 0.174 0.005 0.020 0.005 0.007 0.145 0.242 0.023 0.009 0.027 0.130 0.044 0.034     (0.000,0.091) (0.000,0.027) (0.000,0.111) (0.000,0.299) (0.000,0.080) (0.000,0.155) (0.000,0.062) (0.000,0.927) (0.000,0.024) (0.000,0.112) (0.000,0.028) (0.000,0.037) (0.000,0.900) (0.000,0.958) (0.000,0.127) (0.000,0.049) (0.000,0.158) (0.000,0.877) (0.000,0.328) (0.000,0.217) 
 34       74    (0)   17 :  0.075 0.009 0.051 0.050 0.013 0.067 0.047 0.059 0.008 0.052 0.008 0.021 0.046 0.065 0.021 0.006 0.118 0.141 0.052 0.091     (0.000,0.521) (0.000,0.049) (0.000,0.371) (0.000,0.372) (0.000,0.076) (0.000,0.482) (0.000,0.337) (0.000,0.431) (0.000,0.047) (0.000,0.371) (0.000,0.048) (0.000,0.143) (0.000,0.338) (0.000,0.455) (0.000,0.134) (0.000,0.035) (0.000,0.695) (0.000,0.757) (0.000,0.355) (0.000,0.607) 
 35       75    (0)   16 :  0.028 0.006 0.018 0.013 0.007 0.015 0.018 0.017 0.006 0.019 0.005 0.009 0.015 0.030 0.013 0.638 0.014 0.068 0.035 0.028     (0.000,0.179) (0.000,0.034) (0.000,0.119) (0.000,0.087) (0.000,0.039) (0.000,0.098) (0.000,0.119) (0.000,0.111) (0.000,0.031) (0.000,0.126) (0.000,0.030) (0.000,0.048) (0.000,0.098) (0.000,0.185) (0.000,0.088) (0.294,0.894) (0.000,0.092) (0.000,0.317) (0.000,0.209) (0.000,0.176) 
 36       77    (0)    1 :  0.070 0.009 0.017 0.361 0.009 0.035 0.030 0.028 0.006 0.061 0.008 0.024 0.020 0.029 0.067 0.017 0.020 0.080 0.027 0.082     (0.000,0.575) (0.000,0.052) (0.000,0.096) (0.000,0.970) (0.000,0.051) (0.000,0.247) (0.000,0.198) (0.000,0.191) (0.000,0.029) (0.000,0.497) (0.000,0.045) (0.000,0.175) (0.000,0.121) (0.000,0.190) (0.000,0.538) (0.000,0.114) (0.000,0.129) (0.000,0.637) (0.000,0.174) (0.000,0.675) 
 37       78    (0)   19 :  0.061 0.006 0.047 0.046 0.010 0.010 0.044 0.034 0.005 0.030 0.005 0.009 0.022 0.057 0.026 0.011 0.043 0.063 0.442 0.028     (0.000,0.466) (0.000,0.033) (0.000,0.358) (0.000,0.349) (0.000,0.059) (0.000,0.056) (0.000,0.336) (0.000,0.247) (0.000,0.028) (0.000,0.205) (0.000,0.028) (0.000,0.049) (0.000,0.137) (0.000,0.441) (0.000,0.181) (0.000,0.067) (0.000,0.325) (0.000,0.497) (0.000,0.971) (0.000,0.185) 
 38       79   (12)    1 :  0.033 0.061 0.040 0.066 0.071 0.021 0.040 0.039 0.016 0.020 0.011 0.014 0.036 0.104 0.056 0.177 0.023 0.065 0.074 0.033     (0.000,0.240) (0.000,0.383) (0.000,0.301) (0.000,0.481) (0.000,0.444) (0.000,0.131) (0.000,0.300) (0.000,0.299) (0.000,0.112) (0.000,0.127) (0.000,0.070) (0.000,0.089) (0.000,0.271) (0.000,0.634) (0.000,0.432) (0.000,0.568) (0.000,0.152) (0.000,0.488) (0.000,0.546) (0.000,0.238) 
 39       82    (0)    7 :  0.057 0.017 0.064 0.062 0.057 0.055 0.043 0.042 0.028 0.036 0.019 0.033 0.054 0.052 0.154 0.037 0.028 0.073 0.050 0.040     (0.000,0.449) (0.000,0.122) (0.000,0.506) (0.000,0.481) (0.000,0.359) (0.000,0.415) (0.000,0.335) (0.000,0.328) (0.000,0.196) (0.000,0.264) (0.000,0.133) (0.000,0.239) (0.000,0.421) (0.000,0.404) (0.000,0.780) (0.000,0.250) (0.000,0.189) (0.000,0.565) (0.000,0.394) (0.000,0.301) 
 40       86    (0)   10 :  0.065 0.036 0.046 0.201 0.017 0.027 0.046 0.035 0.012 0.102 0.019 0.031 0.024 0.050 0.083 0.008 0.025 0.065 0.052 0.057     (0.000,0.523) (0.000,0.272) (0.000,0.354) (0.000,0.905) (0.000,0.105) (0.000,0.171) (0.000,0.355) (0.000,0.260) (0.000,0.075) (0.000,0.743) (0.000,0.129) (0.000,0.220) (0.000,0.153) (0.000,0.383) (0.000,0.644) (0.000,0.044) (0.000,0.168) (0.000,0.520) (0.000,0.404) (0.000,0.466) 
 41       91    (0)   13 :  0.048 0.007 0.034 0.093 0.008 0.040 0.040 0.085 0.008 0.031 0.007 0.008 0.052 0.059 0.169 0.007 0.031 0.149 0.037 0.089     (0.000,0.371) (0.000,0.036) (0.000,0.224) (0.000,0.716) (0.000,0.043) (0.000,0.298) (0.000,0.289) (0.000,0.666) (0.000,0.043) (0.000,0.198) (0.000,0.036) (0.000,0.042) (0.000,0.408) (0.000,0.465) (0.000,0.890) (0.000,0.038) (0.000,0.201) (0.000,0.889) (0.000,0.258) (0.000,0.717) 
 42       92    (0)   13 :  0.045 0.007 0.035 0.073 0.008 0.023 0.054 0.084 0.008 0.029 0.007 0.008 0.035 0.040 0.259 0.008 0.043 0.142 0.032 0.062     (0.000,0.340) (0.000,0.037) (0.000,0.230) (0.000,0.591) (0.000,0.043) (0.000,0.138) (0.000,0.433) (0.000,0.671) (0.000,0.045) (0.000,0.175) (0.000,0.038) (0.000,0.042) (0.000,0.241) (0.000,0.284) (0.000,0.946) (0.000,0.043) (0.000,0.319) (0.000,0.879) (0.000,0.207) (0.000,0.514) 
 43       93    (0)   13 :  0.017 0.005 0.095 0.066 0.011 0.011 0.019 0.292 0.004 0.032 0.005 0.007 0.102 0.046 0.042 0.010 0.113 0.066 0.030 0.028     (0.000,0.091) (0.000,0.029) (0.000,0.731) (0.000,0.539) (0.000,0.059) (0.000,0.058) (0.000,0.108) (0.000,0.966) (0.000,0.024) (0.000,0.204) (0.000,0.029) (0.000,0.036) (0.000,0.753) (0.000,0.347) (0.000,0.308) (0.000,0.056) (0.000,0.806) (0.000,0.554) (0.000,0.192) (0.000,0.169) 
 44       97    (0)   13 :  0.018 0.006 0.044 0.048 0.029 0.040 0.020 0.110 0.009 0.021 0.008 0.031 0.230 0.062 0.023 0.005 0.170 0.077 0.019 0.031     (0.000,0.103) (0.000,0.031) (0.000,0.340) (0.000,0.370) (0.000,0.204) (0.000,0.298) (0.000,0.117) (0.000,0.738) (0.000,0.059) (0.000,0.124) (0.000,0.047) (0.000,0.224) (0.000,0.907) (0.000,0.482) (0.000,0.152) (0.000,0.028) (0.000,0.869) (0.000,0.614) (0.000,0.108) (0.000,0.209) 
 45       98    (0)   13 :  0.032 0.006 0.034 0.046 0.011 0.021 0.020 0.048 0.006 0.028 0.005 0.007 0.103 0.175 0.017 0.007 0.163 0.122 0.096 0.052     (0.000,0.211) (0.000,0.032) (0.000,0.221) (0.000,0.353) (0.000,0.064) (0.000,0.121) (0.000,0.117) (0.000,0.367) (0.000,0.031) (0.000,0.168) (0.000,0.029) (0.000,0.037) (0.000,0.781) (0.000,0.920) (0.000,0.100) (0.000,0.037) (0.000,0.901) (0.000,0.851) (0.000,0.758) (0.000,0.415) 
 46      102   (12)    7 :  0.072 0.012 0.045 0.056 0.023 0.048 0.036 0.059 0.019 0.062 0.014 0.017 0.036 0.053 0.148 0.014 0.040 0.127 0.063 0.056     (0.000,0.583) (0.000,0.075) (0.000,0.344) (0.000,0.442) (0.000,0.159) (0.000,0.367) (0.000,0.259) (0.000,0.464) (0.000,0.133) (0.000,0.505) (0.000,0.087) (0.000,0.107) (0.000,0.249) (0.000,0.410) (0.000,0.854) (0.000,0.088) (0.000,0.293) (0.000,0.820) (0.000,0.517) (0.000,0.455) 
 47      104   (25)   14 :  0.024 0.009 0.083 0.101 0.009 0.013 0.027 0.018 0.010 0.048 0.009 0.015 0.044 0.025 0.013 0.026 0.451 0.028 0.029 0.018     (0.000,0.134) (0.000,0.057) (0.000,0.649) (0.000,0.742) (0.000,0.048) (0.000,0.070) (0.000,0.162) (0.000,0.095) (0.000,0.065) (0.000,0.379) (0.000,0.057) (0.000,0.095) (0.000,0.322) (0.000,0.147) (0.000,0.074) (0.000,0.183) (0.000,0.983) (0.000,0.165) (0.000,0.178) (0.000,0.097) 
 48      106   (12)    7 :  0.046 0.005 0.191 0.114 0.015 0.016 0.116 0.034 0.004 0.041 0.005 0.009 0.043 0.090 0.031 0.027 0.059 0.039 0.076 0.039     (0.000,0.345) (0.000,0.029) (0.000,0.920) (0.000,0.794) (0.000,0.088) (0.000,0.095) (0.000,0.806) (0.000,0.233) (0.000,0.023) (0.000,0.301) (0.000,0.024) (0.000,0.051) (0.000,0.317) (0.000,0.707) (0.000,0.214) (0.000,0.199) (0.000,0.468) (0.000,0.274) (0.000,0.628) (0.000,0.280) 
 49      111    (0)   20 :  0.096 0.005 0.145 0.199 0.006 0.021 0.131 0.017 0.004 0.045 0.005 0.011 0.034 0.027 0.027 0.007 0.108 0.042 0.029 0.042     (0.000,0.743) (0.000,0.027) (0.000,0.854) (0.000,0.916) (0.000,0.032) (0.000,0.129) (0.000,0.831) (0.000,0.097) (0.000,0.023) (0.000,0.338) (0.000,0.029) (0.000,0.068) (0.000,0.237) (0.000,0.169) (0.000,0.186) (0.000,0.040) (0.000,0.728) (0.000,0.300) (0.000,0.180) (0.000,0.307) 
 50      113    (0)    3 :  0.036 0.006 0.385 0.097 0.020 0.015 0.029 0.035 0.006 0.073 0.005 0.006 0.024 0.038 0.031 0.008 0.046 0.055 0.048 0.036     (0.000,0.246) (0.000,0.036) (0.000,0.966) (0.000,0.713) (0.000,0.136) (0.000,0.082) (0.000,0.190) (0.000,0.247) (0.000,0.036) (0.000,0.584) (0.000,0.029) (0.000,0.032) (0.000,0.143) (0.000,0.274) (0.000,0.220) (0.000,0.046) (0.000,0.353) (0.000,0.440) (0.000,0.359) (0.000,0.249) 
 51      115    (0)   18 :  0.045 0.010 0.110 0.288 0.006 0.031 0.034 0.037 0.010 0.066 0.010 0.011 0.033 0.049 0.028 0.012 0.067 0.053 0.036 0.064     (0.000,0.340) (0.000,0.060) (0.000,0.788) (0.000,0.964) (0.000,0.029) (0.000,0.206) (0.000,0.227) (0.000,0.258) (0.000,0.059) (0.000,0.552) (0.000,0.059) (0.000,0.063) (0.000,0.218) (0.000,0.382) (0.000,0.184) (0.000,0.066) (0.000,0.557) (0.000,0.429) (0.000,0.243) (0.000,0.531) 
 52      116    (0)    1 :  0.103 0.006 0.106 0.157 0.007 0.045 0.102 0.034 0.006 0.113 0.006 0.005 0.029 0.024 0.045 0.005 0.106 0.035 0.016 0.050     (0.000,0.786) (0.000,0.033) (0.000,0.783) (0.000,0.889) (0.000,0.039) (0.000,0.335) (0.000,0.761) (0.000,0.237) (0.000,0.034) (0.000,0.812) (0.000,0.032) (0.000,0.029) (0.000,0.187) (0.000,0.141) (0.000,0.346) (0.000,0.029) (0.000,0.771) (0.000,0.233) (0.000,0.087) (0.000,0.387) 
 53      127    (0)    3 :  0.063 0.010 0.134 0.017 0.010 0.032 0.153 0.031 0.009 0.033 0.008 0.016 0.031 0.060 0.017 0.089 0.044 0.115 0.051 0.076     (0.000,0.513) (0.000,0.067) (0.000,0.808) (0.000,0.102) (0.000,0.053) (0.000,0.232) (0.000,0.772) (0.000,0.215) (0.000,0.056) (0.000,0.233) (0.000,0.049) (0.000,0.107) (0.000,0.214) (0.000,0.470) (0.000,0.104) (0.000,0.468) (0.000,0.338) (0.000,0.746) (0.000,0.403) (0.000,0.595) 
 54      130   (12)   14 :  0.038 0.004 0.087 0.069 0.007 0.082 0.023 0.035 0.004 0.040 0.005 0.007 0.149 0.063 0.032 0.014 0.188 0.061 0.043 0.050     (0.000,0.266) (0.000,0.023) (0.000,0.668) (0.000,0.548) (0.000,0.035) (0.000,0.604) (0.000,0.139) (0.000,0.234) (0.000,0.023) (0.000,0.294) (0.000,0.025) (0.000,0.035) (0.000,0.869) (0.000,0.513) (0.000,0.222) (0.000,0.080) (0.000,0.919) (0.000,0.501) (0.000,0.319) (0.000,0.388) 
 55      132    (0)   15 :  0.063 0.008 0.108 0.032 0.015 0.014 0.191 0.058 0.006 0.061 0.008 0.007 0.021 0.033 0.157 0.021 0.045 0.067 0.051 0.034     (0.000,0.521) (0.000,0.049) (0.000,0.750) (0.000,0.223) (0.000,0.101) (0.000,0.075) (0.000,0.919) (0.000,0.466) (0.000,0.034) (0.000,0.489) (0.000,0.047) (0.000,0.035) (0.000,0.125) (0.000,0.222) (0.000,0.831) (0.000,0.148) (0.000,0.341) (0.000,0.560) (0.000,0.390) (0.000,0.225) 
 56      135   (12)   14 :  0.034 0.006 0.096 0.102 0.007 0.052 0.021 0.028 0.006 0.046 0.007 0.010 0.096 0.051 0.029 0.012 0.238 0.057 0.054 0.045     (0.000,0.227) (0.000,0.033) (0.000,0.720) (0.000,0.717) (0.000,0.039) (0.000,0.389) (0.000,0.123) (0.000,0.178) (0.000,0.034) (0.000,0.349) (0.000,0.037) (0.000,0.054) (0.000,0.710) (0.000,0.399) (0.000,0.201) (0.000,0.071) (0.000,0.946) (0.000,0.468) (0.000,0.436) (0.000,0.333) 
 57      138    (0)   18 :  0.059 0.009 0.060 0.211 0.009 0.036 0.026 0.046 0.009 0.030 0.008 0.007 0.035 0.105 0.068 0.050 0.076 0.062 0.048 0.045     (0.000,0.484) (0.000,0.053) (0.000,0.492) (0.000,0.936) (0.000,0.050) (0.000,0.261) (0.000,0.159) (0.000,0.354) (0.000,0.052) (0.000,0.189) (0.000,0.046) (0.000,0.037) (0.000,0.242) (0.000,0.779) (0.000,0.552) (0.000,0.391) (0.000,0.630) (0.000,0.512) (0.000,0.370) (0.000,0.343) 
 58      146    (0)   13 :  0.023 0.004 0.185 0.063 0.010 0.020 0.027 0.016 0.004 0.044 0.004 0.005 0.038 0.070 0.047 0.014 0.133 0.119 0.150 0.024     (0.000,0.142) (0.000,0.021) (0.000,0.901) (0.000,0.480) (0.000,0.056) (0.000,0.125) (0.000,0.184) (0.000,0.093) (0.000,0.021) (0.000,0.325) (0.000,0.022) (0.000,0.029) (0.000,0.275) (0.000,0.545) (0.000,0.359) (0.000,0.087) (0.000,0.811) (0.000,0.795) (0.000,0.852) (0.000,0.151) 
 59      150   (12)   13 :  0.046 0.006 0.106 0.202 0.015 0.032 0.079 0.075 0.006 0.029 0.006 0.009 0.050 0.056 0.098 0.017 0.025 0.041 0.034 0.070     (0.000,0.354) (0.000,0.033) (0.000,0.789) (0.000,0.933) (0.000,0.088) (0.000,0.219) (0.000,0.643) (0.000,0.608) (0.000,0.031) (0.000,0.182) (0.000,0.030) (0.000,0.047) (0.000,0.389) (0.000,0.452) (0.000,0.743) (0.000,0.111) (0.000,0.154) (0.000,0.293) (0.000,0.221) (0.000,0.572) 
 60      151    (0)   15 :  0.046 0.012 0.209 0.125 0.011 0.019 0.102 0.016 0.009 0.034 0.011 0.006 0.015 0.044 0.210 0.009 0.052 0.025 0.024 0.022     (0.000,0.350) (0.000,0.074) (0.000,0.938) (0.000,0.851) (0.000,0.061) (0.000,0.105) (0.000,0.764) (0.000,0.085) (0.000,0.051) (0.000,0.228) (0.000,0.069) (0.000,0.033) (0.000,0.080) (0.000,0.324) (0.000,0.934) (0.000,0.051) (0.000,0.410) (0.000,0.149) (0.000,0.144) (0.000,0.126) 
 61      152    (0)    4 :  0.089 0.007 0.296 0.088 0.013 0.015 0.107 0.018 0.007 0.031 0.007 0.019 0.022 0.049 0.022 0.027 0.049 0.044 0.061 0.029     (0.000,0.702) (0.000,0.042) (0.000,0.953) (0.000,0.643) (0.000,0.078) (0.000,0.085) (0.000,0.756) (0.000,0.105) (0.000,0.037) (0.000,0.209) (0.000,0.036) (0.000,0.128) (0.000,0.138) (0.000,0.386) (0.000,0.140) (0.000,0.193) (0.000,0.382) (0.000,0.329) (0.000,0.489) (0.000,0.189) 
 62      154    (0)   19 :  0.020 0.006 0.123 0.108 0.011 0.011 0.052 0.069 0.006 0.019 0.006 0.008 0.041 0.069 0.045 0.012 0.248 0.051 0.051 0.045     (0.000,0.112) (0.000,0.031) (0.000,0.842) (0.000,0.792) (0.000,0.061) (0.000,0.061) (0.000,0.409) (0.000,0.567) (0.000,0.033) (0.000,0.105) (0.000,0.032) (0.000,0.043) (0.000,0.292) (0.000,0.578) (0.000,0.339) (0.000,0.073) (0.000,0.954) (0.000,0.404) (0.000,0.398) (0.000,0.337) 
 63      156    (0)    1 :  0.041 0.003 0.164 0.114 0.007 0.016 0.229 0.019 0.004 0.011 0.004 0.006 0.022 0.020 0.225 0.009 0.035 0.029 0.019 0.023     (0.000,0.294) (0.000,0.018) (0.000,0.918) (0.000,0.830) (0.000,0.035) (0.000,0.092) (0.000,0.943) (0.000,0.109) (0.000,0.020) (0.000,0.061) (0.000,0.020) (0.000,0.031) (0.000,0.133) (0.000,0.116) (0.000,0.949) (0.000,0.050) (0.000,0.243) (0.000,0.182) (0.000,0.109) (0.000,0.136) 
 64      160   (12)   16 :  0.009 0.006 0.009 0.009 0.005 0.008 0.008 0.010 0.006 0.008 0.006 0.006 0.008 0.008 0.011 0.844 0.014 0.009 0.008 0.008     (0.000,0.050) (0.000,0.033) (0.000,0.050) (0.000,0.047) (0.000,0.026) (0.000,0.041) (0.000,0.045) (0.000,0.059) (0.000,0.033) (0.000,0.042) (0.000,0.031) (0.000,0.030) (0.000,0.042) (0.000,0.043) (0.000,0.063) (0.537,0.995) (0.000,0.085) (0.000,0.053) (0.000,0.043) (0.000,0.045) 
 65      161    (0)   16 :  0.010 0.005 0.009 0.009 0.005 0.008 0.008 0.010 0.005 0.008 0.005 0.006 0.008 0.009 0.009 0.847 0.011 0.010 0.009 0.009     (0.000,0.053) (0.000,0.030) (0.000,0.050) (0.000,0.049) (0.000,0.025) (0.000,0.043) (0.000,0.044) (0.000,0.054) (0.000,0.027) (0.000,0.046) (0.000,0.026) (0.000,0.032) (0.000,0.044) (0.000,0.047) (0.000,0.053) (0.541,0.995) (0.000,0.064) (0.000,0.052) (0.000,0.051) (0.000,0.049) 
 66      162    (0)   16 :  0.010 0.005 0.009 0.009 0.006 0.010 0.007 0.010 0.005 0.009 0.005 0.006 0.009 0.009 0.008 0.846 0.009 0.009 0.009 0.010     (0.000,0.057) (0.000,0.030) (0.000,0.048) (0.000,0.052) (0.000,0.029) (0.000,0.057) (0.000,0.039) (0.000,0.057) (0.000,0.027) (0.000,0.048) (0.000,0.026) (0.000,0.031) (0.000,0.048) (0.000,0.050) (0.000,0.045) (0.543,0.995) (0.000,0.050) (0.000,0.051) (0.000,0.052) (0.000,0.056) 
 67      169   (12)   16 :  0.009 0.005 0.009 0.008 0.005 0.010 0.007 0.011 0.005 0.009 0.005 0.006 0.009 0.008 0.009 0.848 0.009 0.009 0.008 0.009     (0.000,0.051) (0.000,0.026) (0.000,0.048) (0.000,0.045) (0.000,0.027) (0.000,0.056) (0.000,0.039) (0.000,0.063) (0.000,0.025) (0.000,0.047) (0.000,0.027) (0.000,0.033) (0.000,0.052) (0.000,0.045) (0.000,0.051) (0.541,0.995) (0.000,0.052) (0.000,0.052) (0.000,0.044) (0.000,0.052) 
 68      170   (12)   16 :  0.013 0.006 0.010 0.009 0.006 0.015 0.009 0.014 0.006 0.011 0.005 0.006 0.010 0.012 0.011 0.808 0.010 0.013 0.012 0.013     (0.000,0.078) (0.000,0.035) (0.000,0.056) (0.000,0.051) (0.000,0.034) (0.000,0.093) (0.000,0.050) (0.000,0.081) (0.000,0.030) (0.000,0.063) (0.000,0.027) (0.000,0.033) (0.000,0.058) (0.000,0.069) (0.000,0.065) (0.454,0.994) (0.000,0.054) (0.000,0.074) (0.000,0.072) (0.000,0.078) 
 69      171   (12)   14 :  0.034 0.005 0.044 0.053 0.006 0.109 0.023 0.104 0.006 0.019 0.006 0.024 0.022 0.063 0.030 0.205 0.087 0.079 0.023 0.059     (0.000,0.251) (0.000,0.029) (0.000,0.334) (0.000,0.416) (0.000,0.031) (0.000,0.664) (0.000,0.144) (0.000,0.717) (0.000,0.033) (0.000,0.113) (0.000,0.033) (0.000,0.176) (0.000,0.137) (0.000,0.494) (0.000,0.212) (0.000,0.621) (0.000,0.597) (0.000,0.599) (0.000,0.142) (0.000,0.467) 
 70      175    (0)    1 :  0.068 0.009 0.041 0.461 0.006 0.052 0.031 0.018 0.007 0.055 0.010 0.008 0.027 0.015 0.072 0.007 0.016 0.028 0.013 0.055     (0.000,0.584) (0.000,0.050) (0.000,0.296) (0.000,0.985) (0.000,0.031) (0.000,0.420) (0.000,0.198) (0.000,0.105) (0.000,0.037) (0.000,0.452) (0.000,0.058) (0.000,0.046) (0.000,0.176) (0.000,0.081) (0.000,0.610) (0.000,0.037) (0.000,0.090) (0.000,0.166) (0.000,0.067) (0.000,0.450) 
 71      177   (12)   10 :  0.085 0.051 0.057 0.301 0.007 0.044 0.048 0.012 0.032 0.057 0.061 0.018 0.013 0.014 0.093 0.009 0.014 0.022 0.017 0.048     (0.000,0.692) (0.000,0.378) (0.000,0.451) (0.000,0.963) (0.000,0.036) (0.000,0.330) (0.000,0.374) (0.000,0.062) (0.000,0.240) (0.000,0.469) (0.000,0.440) (0.000,0.107) (0.000,0.067) (0.000,0.073) (0.000,0.705) (0.000,0.048) (0.000,0.078) (0.000,0.130) (0.000,0.092) (0.000,0.373) 
 72      180    (0)    1 :  0.077 0.008 0.034 0.239 0.005 0.048 0.032 0.029 0.007 0.045 0.008 0.014 0.025 0.029 0.074 0.032 0.040 0.086 0.039 0.128     (0.000,0.640) (0.000,0.044) (0.000,0.230) (0.000,0.943) (0.000,0.026) (0.000,0.376) (0.000,0.208) (0.000,0.196) (0.000,0.039) (0.000,0.336) (0.000,0.045) (0.000,0.092) (0.000,0.152) (0.000,0.189) (0.000,0.593) (0.000,0.232) (0.000,0.297) (0.000,0.702) (0.000,0.280) (0.000,0.853) 
 73      186    (0)   17 :  0.060 0.049 0.067 0.066 0.009 0.035 0.058 0.031 0.028 0.060 0.031 0.046 0.070 0.047 0.090 0.017 0.044 0.059 0.059 0.074     (0.000,0.485) (0.000,0.353) (0.000,0.523) (0.000,0.516) (0.000,0.046) (0.000,0.250) (0.000,0.469) (0.000,0.205) (0.000,0.206) (0.000,0.491) (0.000,0.229) (0.000,0.341) (0.000,0.536) (0.000,0.362) (0.000,0.637) (0.000,0.110) (0.000,0.336) (0.000,0.481) (0.000,0.479) (0.000,0.595) 
 74      187    (0)    1 :  0.077 0.008 0.048 0.173 0.007 0.085 0.068 0.028 0.007 0.075 0.008 0.009 0.032 0.031 0.137 0.007 0.025 0.050 0.025 0.101     (0.000,0.646) (0.000,0.048) (0.000,0.374) (0.000,0.915) (0.000,0.037) (0.000,0.681) (0.000,0.561) (0.000,0.179) (0.000,0.038) (0.000,0.628) (0.000,0.045) (0.000,0.051) (0.000,0.203) (0.000,0.203) (0.000,0.854) (0.000,0.037) (0.000,0.150) (0.000,0.392) (0.000,0.146) (0.000,0.782) 
 75      188    (0)   17 :  0.035 0.010 0.062 0.295 0.008 0.027 0.030 0.025 0.009 0.053 0.010 0.015 0.041 0.048 0.037 0.008 0.076 0.058 0.082 0.072     (0.000,0.231) (0.000,0.057) (0.000,0.524) (0.000,0.967) (0.000,0.038) (0.000,0.165) (0.000,0.181) (0.000,0.149) (0.000,0.051) (0.000,0.423) (0.000,0.056) (0.000,0.089) (0.000,0.300) (0.000,0.367) (0.000,0.264) (0.000,0.043) (0.000,0.621) (0.000,0.487) (0.000,0.686) (0.000,0.619) 
 76      189    (0)    4 :  0.036 0.026 0.022 0.062 0.009 0.028 0.021 0.021 0.022 0.032 0.020 0.063 0.128 0.056 0.042 0.114 0.116 0.070 0.068 0.046     (0.000,0.257) (0.000,0.193) (0.000,0.138) (0.000,0.470) (0.000,0.046) (0.000,0.187) (0.000,0.130) (0.000,0.120) (0.000,0.159) (0.000,0.219) (0.000,0.142) (0.000,0.430) (0.000,0.801) (0.000,0.448) (0.000,0.318) (0.000,0.616) (0.000,0.771) (0.000,0.558) (0.000,0.538) (0.000,0.356) 
 77      190   (25)   18 :  0.069 0.007 0.046 0.120 0.008 0.126 0.027 0.042 0.006 0.062 0.007 0.010 0.062 0.049 0.101 0.019 0.031 0.074 0.042 0.092     (0.000,0.594) (0.000,0.037) (0.000,0.352) (0.000,0.837) (0.000,0.040) (0.000,0.845) (0.000,0.166) (0.000,0.304) (0.000,0.031) (0.000,0.518) (0.000,0.035) (0.000,0.056) (0.000,0.523) (0.000,0.381) (0.000,0.774) (0.000,0.123) (0.000,0.200) (0.000,0.636) (0.000,0.301) (0.000,0.747) 
 78      191    (0)   20 :  0.061 0.012 0.032 0.041 0.009 0.032 0.032 0.036 0.012 0.044 0.011 0.013 0.221 0.064 0.021 0.010 0.189 0.058 0.032 0.070     (0.000,0.508) (0.000,0.073) (0.000,0.217) (0.000,0.305) (0.000,0.045) (0.000,0.210) (0.000,0.210) (0.000,0.244) (0.000,0.077) (0.000,0.333) (0.000,0.072) (0.000,0.081) (0.000,0.929) (0.000,0.543) (0.000,0.133) (0.000,0.058) (0.000,0.917) (0.000,0.487) (0.000,0.210) (0.000,0.587) 
 79      198   (12)   14 :  0.063 0.008 0.063 0.114 0.007 0.078 0.030 0.075 0.007 0.063 0.007 0.008 0.051 0.062 0.109 0.017 0.045 0.070 0.042 0.081     (0.000,0.529) (0.000,0.045) (0.000,0.524) (0.000,0.818) (0.000,0.037) (0.000,0.636) (0.000,0.189) (0.000,0.618) (0.000,0.036) (0.000,0.531) (0.000,0.039) (0.000,0.043) (0.000,0.402) (0.000,0.514) (0.000,0.801) (0.000,0.102) (0.000,0.337) (0.000,0.595) (0.000,0.308) (0.000,0.680) 
 80      206   (12)    3 :  0.161 0.009 0.184 0.057 0.008 0.020 0.140 0.021 0.007 0.054 0.007 0.019 0.016 0.025 0.063 0.036 0.034 0.062 0.039 0.036     (0.000,0.897) (0.000,0.049) (0.000,0.890) (0.000,0.454) (0.000,0.041) (0.000,0.122) (0.000,0.850) (0.000,0.124) (0.000,0.039) (0.000,0.434) (0.000,0.038) (0.000,0.129) (0.000,0.092) (0.000,0.155) (0.000,0.496) (0.000,0.274) (0.000,0.245) (0.000,0.515) (0.000,0.285) (0.000,0.257) 
 81      210    (0)    3 :  0.080 0.010 0.063 0.026 0.006 0.065 0.045 0.041 0.010 0.032 0.009 0.005 0.043 0.051 0.290 0.008 0.090 0.059 0.020 0.049     (0.000,0.648) (0.000,0.060) (0.000,0.506) (0.000,0.166) (0.000,0.029) (0.000,0.506) (0.000,0.345) (0.000,0.297) (0.000,0.059) (0.000,0.213) (0.000,0.050) (0.000,0.026) (0.000,0.311) (0.000,0.391) (0.000,0.944) (0.000,0.042) (0.000,0.692) (0.000,0.483) (0.000,0.112) (0.000,0.377) 
 82      212    (0)    8 :  0.053 0.006 0.046 0.044 0.005 0.069 0.022 0.152 0.006 0.027 0.005 0.011 0.019 0.042 0.058 0.045 0.221 0.097 0.024 0.047     (0.000,0.425) (0.000,0.034) (0.000,0.345) (0.000,0.331) (0.000,0.028) (0.000,0.546) (0.000,0.126) (0.000,0.887) (0.000,0.032) (0.000,0.166) (0.000,0.029) (0.000,0.062) (0.000,0.109) (0.000,0.306) (0.000,0.463) (0.000,0.344) (0.000,0.936) (0.000,0.764) (0.000,0.139) (0.000,0.365) 
 83      215    (0)   18 :  0.078 0.014 0.047 0.076 0.033 0.044 0.023 0.059 0.011 0.089 0.013 0.008 0.047 0.060 0.092 0.017 0.109 0.057 0.066 0.059     (0.000,0.628) (0.000,0.088) (0.000,0.362) (0.000,0.595) (0.000,0.210) (0.000,0.340) (0.000,0.139) (0.000,0.472) (0.000,0.064) (0.000,0.684) (0.000,0.082) (0.000,0.040) (0.000,0.361) (0.000,0.491) (0.000,0.686) (0.000,0.103) (0.000,0.774) (0.000,0.461) (0.000,0.528) (0.000,0.479) 
 84      217    (0)    1 :  0.058 0.061 0.076 0.097 0.010 0.027 0.071 0.031 0.054 0.045 0.049 0.018 0.032 0.042 0.093 0.015 0.105 0.043 0.027 0.048     (0.000,0.467) (0.000,0.398) (0.000,0.570) (0.000,0.669) (0.000,0.058) (0.000,0.178) (0.000,0.556) (0.000,0.212) (0.000,0.358) (0.000,0.343) (0.000,0.344) (0.000,0.123) (0.000,0.221) (0.000,0.314) (0.000,0.633) (0.000,0.097) (0.000,0.702) (0.000,0.330) (0.000,0.179) (0.000,0.383) 
 85      228    (0)   13 :  0.089 0.007 0.209 0.078 0.007 0.039 0.022 0.031 0.009 0.082 0.006 0.008 0.046 0.036 0.026 0.013 0.039 0.093 0.058 0.104     (0.000,0.715) (0.000,0.037) (0.000,0.921) (0.000,0.623) (0.000,0.034) (0.000,0.285) (0.000,0.129) (0.000,0.208) (0.000,0.050) (0.000,0.654) (0.000,0.035) (0.000,0.043) (0.000,0.345) (0.000,0.249) (0.000,0.169) (0.000,0.075) (0.000,0.285) (0.000,0.741) (0.000,0.471) (0.000,0.779) 
 86      229    (0)   13 :  0.048 0.004 0.113 0.093 0.006 0.018 0.014 0.066 0.004 0.091 0.005 0.005 0.206 0.027 0.013 0.007 0.083 0.046 0.019 0.134     (0.000,0.365) (0.000,0.021) (0.000,0.784) (0.000,0.671) (0.000,0.031) (0.000,0.106) (0.000,0.077) (0.000,0.526) (0.000,0.019) (0.000,0.672) (0.000,0.024) (0.000,0.027) (0.000,0.870) (0.000,0.171) (0.000,0.075) (0.000,0.036) (0.000,0.655) (0.000,0.344) (0.000,0.112) (0.000,0.840) 
 87      231    (0)   13 :  0.091 0.006 0.037 0.062 0.006 0.024 0.016 0.038 0.006 0.081 0.006 0.007 0.048 0.064 0.011 0.008 0.087 0.063 0.034 0.303     (0.000,0.738) (0.000,0.034) (0.000,0.252) (0.000,0.498) (0.000,0.032) (0.000,0.144) (0.000,0.088) (0.000,0.264) (0.000,0.036) (0.000,0.660) (0.000,0.034) (0.000,0.041) (0.000,0.370) (0.000,0.537) (0.000,0.061) (0.000,0.044) (0.000,0.696) (0.000,0.531) (0.000,0.230) (0.000,0.969) 
 88      234    (0)   17 :  0.115 0.018 0.023 0.026 0.008 0.034 0.069 0.033 0.013 0.034 0.007 0.014 0.170 0.065 0.037 0.023 0.068 0.149 0.048 0.047     (0.000,0.800) (0.000,0.123) (0.000,0.138) (0.000,0.171) (0.000,0.044) (0.000,0.236) (0.000,0.561) (0.000,0.232) (0.000,0.087) (0.000,0.235) (0.000,0.043) (0.000,0.092) (0.000,0.870) (0.000,0.523) (0.000,0.272) (0.000,0.159) (0.000,0.532) (0.000,0.869) (0.000,0.374) (0.000,0.372) 
 89      240    (0)    7 :  0.103 0.006 0.040 0.043 0.006 0.107 0.058 0.035 0.005 0.040 0.005 0.005 0.029 0.051 0.229 0.008 0.031 0.072 0.039 0.087     (0.000,0.802) (0.000,0.030) (0.000,0.277) (0.000,0.316) (0.000,0.028) (0.000,0.801) (0.000,0.474) (0.000,0.236) (0.000,0.029) (0.000,0.286) (0.000,0.025) (0.000,0.029) (0.000,0.182) (0.000,0.400) (0.000,0.950) (0.000,0.044) (0.000,0.196) (0.000,0.621) (0.000,0.275) (0.000,0.723) 
 90      245    (0)   14 :  0.030 0.008 0.066 0.069 0.008 0.019 0.031 0.072 0.006 0.032 0.006 0.011 0.028 0.125 0.038 0.089 0.093 0.076 0.107 0.088     (0.000,0.194) (0.000,0.045) (0.000,0.537) (0.000,0.562) (0.000,0.043) (0.000,0.109) (0.000,0.204) (0.000,0.564) (0.000,0.031) (0.000,0.212) (0.000,0.031) (0.000,0.063) (0.000,0.172) (0.000,0.841) (0.000,0.268) (0.000,0.549) (0.000,0.673) (0.000,0.630) (0.000,0.788) (0.000,0.708) 
 91      248    (0)   20 :  0.072 0.012 0.034 0.040 0.008 0.046 0.028 0.047 0.013 0.035 0.013 0.011 0.184 0.082 0.023 0.021 0.169 0.062 0.032 0.068     (0.000,0.599) (0.000,0.075) (0.000,0.235) (0.000,0.298) (0.000,0.040) (0.000,0.348) (0.000,0.176) (0.000,0.365) (0.000,0.087) (0.000,0.236) (0.000,0.081) (0.000,0.069) (0.000,0.903) (0.000,0.675) (0.000,0.145) (0.000,0.142) (0.000,0.905) (0.000,0.519) (0.000,0.210) (0.000,0.566) 
 92      254    (0)   13 :  0.066 0.021 0.043 0.048 0.017 0.024 0.062 0.040 0.010 0.057 0.011 0.033 0.055 0.055 0.035 0.150 0.096 0.048 0.069 0.058     (0.000,0.524) (0.000,0.147) (0.000,0.332) (0.000,0.366) (0.000,0.111) (0.000,0.147) (0.000,0.477) (0.000,0.293) (0.000,0.062) (0.000,0.444) (0.000,0.073) (0.000,0.243) (0.000,0.420) (0.000,0.441) (0.000,0.253) (0.000,0.684) (0.000,0.664) (0.000,0.378) (0.000,0.550) (0.000,0.464) 
 93      255    (0)   13 :  0.064 0.007 0.074 0.046 0.008 0.043 0.031 0.110 0.005 0.061 0.006 0.008 0.048 0.065 0.052 0.023 0.120 0.071 0.084 0.076     (0.000,0.538) (0.000,0.039) (0.000,0.615) (0.000,0.350) (0.000,0.038) (0.000,0.315) (0.000,0.200) (0.000,0.799) (0.000,0.029) (0.000,0.505) (0.000,0.029) (0.000,0.041) (0.000,0.369) (0.000,0.549) (0.000,0.404) (0.000,0.156) (0.000,0.828) (0.000,0.600) (0.000,0.693) (0.000,0.647) 
 94      269    (0)   13 :  0.058 0.022 0.133 0.078 0.008 0.033 0.047 0.043 0.027 0.039 0.030 0.014 0.138 0.033 0.080 0.013 0.077 0.049 0.028 0.051     (0.000,0.472) (0.000,0.157) (0.000,0.773) (0.000,0.597) (0.000,0.044) (0.000,0.231) (0.000,0.359) (0.000,0.320) (0.000,0.194) (0.000,0.276) (0.000,0.223) (0.000,0.087) (0.000,0.790) (0.000,0.226) (0.000,0.604) (0.000,0.077) (0.000,0.600) (0.000,0.381) (0.000,0.181) (0.000,0.405) 
 95      271    (0)   14 :  0.094 0.009 0.051 0.071 0.006 0.099 0.030 0.070 0.010 0.041 0.008 0.008 0.045 0.058 0.052 0.024 0.050 0.087 0.052 0.135     (0.000,0.753) (0.000,0.055) (0.000,0.400) (0.000,0.587) (0.000,0.030) (0.000,0.753) (0.000,0.192) (0.000,0.581) (0.000,0.058) (0.000,0.295) (0.000,0.047) (0.000,0.045) (0.000,0.338) (0.000,0.473) (0.000,0.410) (0.000,0.150) (0.000,0.395) (0.000,0.718) (0.000,0.408) (0.000,0.869) 
 96      273    (0)    1 :  0.113 0.015 0.351 0.037 0.007 0.022 0.065 0.018 0.013 0.041 0.012 0.016 0.016 0.030 0.026 0.012 0.062 0.055 0.052 0.035     (0.000,0.814) (0.000,0.098) (0.000,0.966) (0.000,0.273) (0.000,0.034) (0.000,0.127) (0.000,0.534) (0.000,0.105) (0.000,0.087) (0.000,0.298) (0.000,0.072) (0.000,0.100) (0.000,0.092) (0.000,0.199) (0.000,0.167) (0.000,0.073) (0.000,0.507) (0.000,0.447) (0.000,0.412) (0.000,0.246) 
 97      274    (0)   14 :  0.095 0.011 0.064 0.119 0.009 0.030 0.058 0.027 0.010 0.041 0.008 0.011 0.028 0.085 0.044 0.024 0.071 0.068 0.116 0.081     (0.000,0.749) (0.000,0.066) (0.000,0.530) (0.000,0.816) (0.000,0.048) (0.000,0.189) (0.000,0.469) (0.000,0.170) (0.000,0.057) (0.000,0.299) (0.000,0.047) (0.000,0.062) (0.000,0.172) (0.000,0.692) (0.000,0.331) (0.000,0.162) (0.000,0.568) (0.000,0.584) (0.000,0.814) (0.000,0.672) 
 98      277   (12)    4 :  0.103 0.016 0.098 0.074 0.007 0.070 0.038 0.038 0.015 0.050 0.014 0.008 0.033 0.063 0.088 0.023 0.055 0.072 0.062 0.077     (0.000,0.780) (0.000,0.102) (0.000,0.745) (0.000,0.607) (0.000,0.036) (0.000,0.578) (0.000,0.262) (0.000,0.266) (0.000,0.093) (0.000,0.391) (0.000,0.086) (0.000,0.044) (0.000,0.223) (0.000,0.521) (0.000,0.704) (0.000,0.147) (0.000,0.445) (0.000,0.605) (0.000,0.511) (0.000,0.638) 
 99      279   (25)   14 :  0.041 0.007 0.057 0.138 0.009 0.034 0.020 0.036 0.007 0.036 0.007 0.007 0.037 0.054 0.038 0.021 0.249 0.067 0.083 0.051     (0.000,0.292) (0.000,0.037) (0.000,0.468) (0.000,0.880) (0.000,0.048) (0.000,0.226) (0.000,0.111) (0.000,0.243) (0.000,0.040) (0.000,0.243) (0.000,0.036) (0.000,0.039) (0.000,0.257) (0.000,0.445) (0.000,0.261) (0.000,0.132) (0.000,0.956) (0.000,0.582) (0.000,0.695) (0.000,0.410) 
100      280    (0)   18 :  0.044 0.013 0.039 0.023 0.010 0.037 0.030 0.043 0.019 0.021 0.015 0.020 0.155 0.038 0.024 0.126 0.185 0.064 0.029 0.065     (0.000,0.337) (0.000,0.088) (0.000,0.294) (0.000,0.143) (0.000,0.053) (0.000,0.272) (0.000,0.208) (0.000,0.334) (0.000,0.134) (0.000,0.125) (0.000,0.108) (0.000,0.138) (0.000,0.840) (0.000,0.286) (0.000,0.163) (0.000,0.571) (0.000,0.838) (0.000,0.518) (0.000,0.192) (0.000,0.522) 
101      281    (0)   16 :  0.008 0.006 0.007 0.006 0.006 0.008 0.007 0.008 0.005 0.007 0.005 0.008 0.010 0.008 0.006 0.860 0.010 0.008 0.009 0.008     (0.000,0.041) (0.000,0.031) (0.000,0.039) (0.000,0.034) (0.000,0.034) (0.000,0.041) (0.000,0.036) (0.000,0.045) (0.000,0.028) (0.000,0.036) (0.000,0.026) (0.000,0.044) (0.000,0.059) (0.000,0.045) (0.000,0.034) (0.584,0.996) (0.000,0.056) (0.000,0.045) (0.000,0.050) (0.000,0.045) 
102      283    (0)   13 :  0.054 0.012 0.028 0.023 0.010 0.030 0.051 0.050 0.010 0.025 0.006 0.013 0.292 0.083 0.019 0.010 0.079 0.106 0.046 0.052     (0.000,0.429) (0.000,0.078) (0.000,0.186) (0.000,0.145) (0.000,0.055) (0.000,0.195) (0.000,0.402) (0.000,0.392) (0.000,0.063) (0.000,0.155) (0.000,0.032) (0.000,0.080) (0.000,0.958) (0.000,0.678) (0.000,0.118) (0.000,0.061) (0.000,0.610) (0.000,0.777) (0.000,0.354) (0.000,0.417) 
103      285    (0)   17 :  0.046 0.009 0.038 0.020 0.008 0.028 0.039 0.060 0.009 0.028 0.008 0.011 0.199 0.100 0.022 0.014 0.183 0.063 0.040 0.074     (0.000,0.355) (0.000,0.057) (0.000,0.271) (0.000,0.119) (0.000,0.044) (0.000,0.175) (0.000,0.273) (0.000,0.499) (0.000,0.056) (0.000,0.172) (0.000,0.050) (0.000,0.068) (0.000,0.921) (0.000,0.779) (0.000,0.134) (0.000,0.086) (0.000,0.923) (0.000,0.543) (0.000,0.288) (0.000,0.617) 
104      286    (0)   13 :  0.022 0.004 0.171 0.061 0.007 0.021 0.021 0.134 0.004 0.038 0.004 0.007 0.160 0.038 0.026 0.012 0.131 0.047 0.039 0.052     (0.000,0.125) (0.000,0.023) (0.000,0.915) (0.000,0.503) (0.000,0.038) (0.000,0.128) (0.000,0.115) (0.000,0.868) (0.000,0.019) (0.000,0.262) (0.000,0.024) (0.000,0.034) (0.000,0.903) (0.000,0.265) (0.000,0.159) (0.000,0.069) (0.000,0.867) (0.000,0.354) (0.000,0.276) (0.000,0.410) 
105      294    (0)    7 :  0.060 0.006 0.151 0.054 0.006 0.030 0.068 0.050 0.005 0.044 0.006 0.006 0.034 0.043 0.166 0.012 0.121 0.055 0.035 0.047     (0.000,0.498) (0.000,0.033) (0.000,0.892) (0.000,0.434) (0.000,0.031) (0.000,0.191) (0.000,0.575) (0.000,0.387) (0.000,0.029) (0.000,0.325) (0.000,0.036) (0.000,0.032) (0.000,0.227) (0.000,0.317) (0.000,0.899) (0.000,0.072) (0.000,0.830) (0.000,0.455) (0.000,0.232) (0.000,0.360) 
106      298    (0)    7 :  0.062 0.007 0.460 0.035 0.006 0.029 0.077 0.025 0.007 0.031 0.007 0.010 0.023 0.029 0.031 0.008 0.037 0.048 0.024 0.044     (0.000,0.523) (0.000,0.037) (0.000,0.981) (0.000,0.249) (0.000,0.029) (0.000,0.192) (0.000,0.629) (0.000,0.162) (0.000,0.038) (0.000,0.199) (0.000,0.041) (0.000,0.058) (0.000,0.143) (0.000,0.187) (0.000,0.212) (0.000,0.043) (0.000,0.261) (0.000,0.373) (0.000,0.143) (0.000,0.335) 
107      300   (25)   14 :  0.036 0.005 0.063 0.036 0.007 0.018 0.040 0.087 0.005 0.028 0.005 0.006 0.031 0.034 0.106 0.049 0.279 0.078 0.040 0.047     (0.000,0.240) (0.000,0.027) (0.000,0.526) (0.000,0.246) (0.000,0.036) (0.000,0.099) (0.000,0.282) (0.000,0.705) (0.000,0.026) (0.000,0.171) (0.000,0.026) (0.000,0.034) (0.000,0.196) (0.000,0.226) (0.000,0.785) (0.000,0.385) (0.000,0.966) (0.000,0.669) (0.000,0.280) (0.000,0.363) 
108      301    (0)   17 :  0.037 0.008 0.068 0.050 0.010 0.034 0.032 0.029 0.008 0.085 0.011 0.011 0.334 0.020 0.025 0.019 0.070 0.073 0.030 0.048     (0.000,0.260) (0.000,0.049) (0.000,0.529) (0.000,0.387) (0.000,0.057) (0.000,0.248) (0.000,0.222) (0.000,0.196) (0.000,0.050) (0.000,0.631) (0.000,0.064) (0.000,0.069) (0.000,0.960) (0.000,0.113) (0.000,0.160) (0.000,0.123) (0.000,0.561) (0.000,0.581) (0.000,0.197) (0.000,0.375) 
109      303    (0)    1 :  0.085 0.005 0.048 0.038 0.006 0.120 0.027 0.087 0.005 0.044 0.005 0.007 0.069 0.049 0.047 0.035 0.048 0.086 0.060 0.127     (0.000,0.708) (0.000,0.027) (0.000,0.370) (0.000,0.270) (0.000,0.029) (0.000,0.834) (0.000,0.168) (0.000,0.709) (0.000,0.026) (0.000,0.323) (0.000,0.025) (0.000,0.037) (0.000,0.582) (0.000,0.378) (0.000,0.358) (0.000,0.247) (0.000,0.372) (0.000,0.721) (0.000,0.500) (0.000,0.863) 
110      306    (0)   20 :  0.069 0.006 0.091 0.062 0.005 0.086 0.053 0.036 0.006 0.033 0.006 0.006 0.030 0.047 0.190 0.010 0.051 0.076 0.038 0.098     (0.000,0.586) (0.000,0.031) (0.000,0.729) (0.000,0.507) (0.000,0.028) (0.000,0.698) (0.000,0.421) (0.000,0.247) (0.000,0.035) (0.000,0.217) (0.000,0.031) (0.000,0.029) (0.000,0.193) (0.000,0.356) (0.000,0.925) (0.000,0.058) (0.000,0.395) (0.000,0.648) (0.000,0.266) (0.000,0.778) 
111      310   (12)   13 :  0.090 0.007 0.055 0.026 0.007 0.024 0.090 0.064 0.007 0.033 0.006 0.007 0.025 0.030 0.167 0.029 0.130 0.092 0.051 0.063     (0.000,0.739) (0.000,0.037) (0.000,0.445) (0.000,0.161) (0.000,0.034) (0.000,0.140) (0.000,0.735) (0.000,0.538) (0.000,0.036) (0.000,0.209) (0.000,0.031) (0.000,0.035) (0.000,0.147) (0.000,0.188) (0.000,0.905) (0.000,0.189) (0.000,0.857) (0.000,0.748) (0.000,0.406) (0.000,0.527) 
112      311   (25)   17 :  0.032 0.005 0.036 0.029 0.007 0.252 0.016 0.068 0.005 0.020 0.005 0.006 0.177 0.054 0.056 0.015 0.044 0.062 0.023 0.087     (0.000,0.207) (0.000,0.024) (0.000,0.246) (0.000,0.191) (0.000,0.036) (0.000,0.955) (0.000,0.090) (0.000,0.578) (0.000,0.025) (0.000,0.112) (0.000,0.026) (0.000,0.033) (0.000,0.919) (0.000,0.440) (0.000,0.453) (0.000,0.091) (0.000,0.326) (0.000,0.530) (0.000,0.134) (0.000,0.719) 
113      315    (0)   16 :  0.011 0.007 0.010 0.009 0.006 0.009 0.009 0.011 0.007 0.009 0.007 0.007 0.009 0.009 0.011 0.828 0.011 0.010 0.009 0.010     (0.000,0.060) (0.000,0.041) (0.000,0.056) (0.000,0.051) (0.000,0.029) (0.000,0.051) (0.000,0.048) (0.000,0.064) (0.000,0.039) (0.000,0.052) (0.000,0.040) (0.000,0.037) (0.000,0.051) (0.000,0.048) (0.000,0.062) (0.500,0.994) (0.000,0.061) (0.000,0.055) (0.000,0.052) (0.000,0.054) 
114      318    (0)    4 :  0.110 0.015 0.053 0.081 0.018 0.099 0.071 0.033 0.022 0.088 0.024 0.009 0.026 0.047 0.087 0.013 0.041 0.055 0.030 0.076     (0.000,0.790) (0.000,0.100) (0.000,0.420) (0.000,0.636) (0.000,0.118) (0.000,0.702) (0.000,0.567) (0.000,0.236) (0.000,0.158) (0.000,0.691) (0.000,0.178) (0.000,0.054) (0.000,0.160) (0.000,0.359) (0.000,0.659) (0.000,0.078) (0.000,0.306) (0.000,0.448) (0.000,0.198) (0.000,0.616) 
115      321    (0)    1 :  0.121 0.016 0.066 0.097 0.010 0.066 0.100 0.032 0.017 0.063 0.020 0.007 0.024 0.034 0.092 0.011 0.040 0.058 0.036 0.090     (0.000,0.828) (0.000,0.109) (0.000,0.552) (0.000,0.718) (0.000,0.053) (0.000,0.537) (0.000,0.742) (0.000,0.213) (0.000,0.118) (0.000,0.517) (0.000,0.140) (0.000,0.037) (0.000,0.142) (0.000,0.229) (0.000,0.697) (0.000,0.064) (0.000,0.292) (0.000,0.478) (0.000,0.254) (0.000,0.714) 
116      325    (0)   19 :  0.055 0.008 0.210 0.075 0.008 0.023 0.045 0.030 0.006 0.045 0.011 0.007 0.090 0.054 0.035 0.047 0.048 0.069 0.059 0.075     (0.000,0.438) (0.000,0.045) (0.000,0.922) (0.000,0.584) (0.000,0.042) (0.000,0.142) (0.000,0.338) (0.000,0.195) (0.000,0.035) (0.000,0.339) (0.000,0.070) (0.000,0.038) (0.000,0.648) (0.000,0.431) (0.000,0.248) (0.000,0.332) (0.000,0.372) (0.000,0.569) (0.000,0.472) (0.000,0.609) 
117      334    (0)   19 :  0.051 0.013 0.092 0.066 0.008 0.035 0.047 0.059 0.013 0.040 0.016 0.009 0.050 0.076 0.035 0.018 0.067 0.090 0.088 0.126     (0.000,0.398) (0.000,0.078) (0.000,0.723) (0.000,0.537) (0.000,0.043) (0.000,0.245) (0.000,0.359) (0.000,0.478) (0.000,0.086) (0.000,0.289) (0.000,0.111) (0.000,0.050) (0.000,0.392) (0.000,0.637) (0.000,0.244) (0.000,0.121) (0.000,0.551) (0.000,0.727) (0.000,0.703) (0.000,0.841) 
118      335   (12)   13 :  0.052 0.014 0.056 0.030 0.012 0.048 0.062 0.103 0.016 0.038 0.018 0.013 0.151 0.050 0.061 0.032 0.046 0.069 0.039 0.090     (0.000,0.416) (0.000,0.093) (0.000,0.453) (0.000,0.205) (0.000,0.064) (0.000,0.376) (0.000,0.505) (0.000,0.752) (0.000,0.110) (0.000,0.270) (0.000,0.127) (0.000,0.081) (0.000,0.863) (0.000,0.397) (0.000,0.489) (0.000,0.230) (0.000,0.349) (0.000,0.574) (0.000,0.278) (0.000,0.696) 
119      340   (12)   20 :  0.116 0.006 0.035 0.015 0.007 0.064 0.031 0.084 0.005 0.053 0.005 0.006 0.089 0.072 0.024 0.020 0.067 0.097 0.058 0.145     (0.000,0.839) (0.000,0.035) (0.000,0.233) (0.000,0.082) (0.000,0.037) (0.000,0.530) (0.000,0.193) (0.000,0.692) (0.000,0.027) (0.000,0.427) (0.000,0.026) (0.000,0.034) (0.000,0.710) (0.000,0.616) (0.000,0.149) (0.000,0.134) (0.000,0.570) (0.000,0.777) (0.000,0.481) (0.000,0.891) 
120      341   (12)    7 :  0.079 0.020 0.058 0.017 0.010 0.070 0.047 0.075 0.018 0.032 0.015 0.043 0.066 0.063 0.029 0.017 0.141 0.088 0.036 0.076     (0.000,0.630) (0.000,0.144) (0.000,0.460) (0.000,0.098) (0.000,0.053) (0.000,0.557) (0.000,0.362) (0.000,0.596) (0.000,0.127) (0.000,0.221) (0.000,0.101) (0.000,0.310) (0.000,0.506) (0.000,0.514) (0.000,0.203) (0.000,0.114) (0.000,0.818) (0.000,0.681) (0.000,0.258) (0.000,0.602) 
121      342   (12)   13 :  0.034 0.028 0.110 0.039 0.019 0.018 0.082 0.028 0.015 0.042 0.027 0.155 0.104 0.023 0.039 0.014 0.082 0.039 0.028 0.075     (0.000,0.247) (0.000,0.203) (0.000,0.645) (0.000,0.296) (0.000,0.123) (0.000,0.106) (0.000,0.607) (0.000,0.194) (0.000,0.100) (0.000,0.326) (0.000,0.196) (0.000,0.608) (0.000,0.677) (0.000,0.142) (0.000,0.299) (0.000,0.089) (0.000,0.604) (0.000,0.292) (0.000,0.184) (0.000,0.567) 
122      343   (12)   18 :  0.056 0.008 0.065 0.098 0.009 0.015 0.019 0.052 0.008 0.086 0.008 0.009 0.030 0.065 0.013 0.008 0.191 0.050 0.049 0.162     (0.000,0.451) (0.000,0.046) (0.000,0.545) (0.000,0.742) (0.000,0.047) (0.000,0.080) (0.000,0.109) (0.000,0.404) (0.000,0.046) (0.000,0.677) (0.000,0.047) (0.000,0.051) (0.000,0.199) (0.000,0.550) (0.000,0.069) (0.000,0.045) (0.000,0.926) (0.000,0.398) (0.000,0.377) (0.000,0.899) 
123      344   (25)   17 :  0.102 0.008 0.055 0.037 0.007 0.025 0.072 0.077 0.008 0.049 0.008 0.008 0.037 0.028 0.065 0.031 0.161 0.095 0.037 0.094     (0.000,0.781) (0.000,0.042) (0.000,0.441) (0.000,0.257) (0.000,0.037) (0.000,0.149) (0.000,0.607) (0.000,0.633) (0.000,0.045) (0.000,0.375) (0.000,0.042) (0.000,0.045) (0.000,0.255) (0.000,0.172) (0.000,0.516) (0.000,0.221) (0.000,0.900) (0.000,0.755) (0.000,0.253) (0.000,0.744) 
124      345   (12)   16 :  0.030 0.010 0.023 0.015 0.008 0.019 0.020 0.020 0.008 0.018 0.008 0.012 0.016 0.017 0.025 0.651 0.020 0.024 0.031 0.026     (0.000,0.194) (0.000,0.059) (0.000,0.131) (0.000,0.086) (0.000,0.041) (0.000,0.108) (0.000,0.116) (0.000,0.121) (0.000,0.046) (0.000,0.106) (0.000,0.043) (0.000,0.068) (0.000,0.090) (0.000,0.099) (0.000,0.163) (0.000,0.987) (0.000,0.126) (0.000,0.145) (0.000,0.203) (0.000,0.158) 
125      346   (12)    3 :  0.068 0.008 0.050 0.045 0.007 0.139 0.027 0.058 0.008 0.026 0.008 0.012 0.029 0.114 0.038 0.015 0.129 0.116 0.038 0.067     (0.000,0.569) (0.000,0.044) (0.000,0.394) (0.000,0.342) (0.000,0.034) (0.000,0.853) (0.000,0.164) (0.000,0.471) (0.000,0.044) (0.000,0.158) (0.000,0.042) (0.000,0.073) (0.000,0.182) (0.000,0.817) (0.000,0.273) (0.000,0.089) (0.000,0.838) (0.000,0.829) (0.000,0.272) (0.000,0.558) 
126      348   (12)   14 :  0.050 0.007 0.086 0.062 0.010 0.030 0.041 0.056 0.005 0.060 0.006 0.008 0.041 0.063 0.067 0.012 0.184 0.062 0.099 0.052     (0.000,0.396) (0.000,0.035) (0.000,0.714) (0.000,0.506) (0.000,0.052) (0.000,0.186) (0.000,0.297) (0.000,0.456) (0.000,0.028) (0.000,0.505) (0.000,0.030) (0.000,0.042) (0.000,0.290) (0.000,0.527) (0.000,0.549) (0.000,0.070) (0.000,0.926) (0.000,0.528) (0.000,0.776) (0.000,0.410) 
127      349   (12)   18 :  0.039 0.005 0.031 0.046 0.006 0.053 0.015 0.041 0.005 0.033 0.005 0.007 0.032 0.057 0.041 0.296 0.074 0.084 0.074 0.059     (0.000,0.277) (0.000,0.029) (0.000,0.190) (0.000,0.342) (0.000,0.031) (0.000,0.414) (0.000,0.078) (0.000,0.290) (0.000,0.025) (0.000,0.211) (0.000,0.026) (0.000,0.036) (0.000,0.201) (0.000,0.465) (0.000,0.291) (0.000,0.957) (0.000,0.627) (0.000,0.707) (0.000,0.629) (0.000,0.482) 
128      350   (25)   14 :  0.043 0.032 0.029 0.033 0.014 0.029 0.033 0.034 0.043 0.026 0.028 0.036 0.149 0.051 0.046 0.100 0.122 0.058 0.049 0.045     (0.000,0.328) (0.000,0.238) (0.000,0.202) (0.000,0.244) (0.000,0.079) (0.000,0.196) (0.000,0.225) (0.000,0.237) (0.000,0.314) (0.000,0.166) (0.000,0.208) (0.000,0.264) (0.000,0.852) (0.000,0.406) (0.000,0.357) (0.000,0.653) (0.000,0.806) (0.000,0.466) (0.000,0.388) (0.000,0.351) 
129      351   (25)   17 :  0.130 0.009 0.056 0.054 0.008 0.025 0.030 0.102 0.008 0.084 0.008 0.008 0.019 0.034 0.045 0.022 0.060 0.066 0.032 0.199     (0.000,0.858) (0.000,0.048) (0.000,0.463) (0.000,0.425) (0.000,0.040) (0.000,0.161) (0.000,0.201) (0.000,0.762) (0.000,0.049) (0.000,0.669) (0.000,0.042) (0.000,0.046) (0.000,0.108) (0.000,0.232) (0.000,0.348) (0.000,0.149) (0.000,0.492) (0.000,0.552) (0.000,0.209) (0.000,0.929) 
130      357   (12)    7 :  0.062 0.014 0.128 0.050 0.019 0.025 0.099 0.047 0.010 0.077 0.011 0.018 0.041 0.072 0.047 0.008 0.044 0.088 0.093 0.048     (0.000,0.438) (0.000,0.086) (0.000,0.729) (0.000,0.366) (0.000,0.120) (0.000,0.166) (0.000,0.642) (0.000,0.342) (0.000,0.061) (0.000,0.535) (0.000,0.063) (0.000,0.110) (0.000,0.293) (0.000,0.490) (0.000,0.344) (0.000,0.044) (0.000,0.326) (0.000,0.553) (0.000,0.606) (0.000,0.334) 
131      363    (0)   12 :  0.030 0.031 0.067 0.081 0.018 0.013 0.059 0.030 0.018 0.024 0.020 0.369 0.025 0.039 0.019 0.025 0.022 0.041 0.040 0.030     (0.000,0.203) (0.000,0.231) (0.000,0.501) (0.000,0.579) (0.000,0.121) (0.000,0.073) (0.000,0.446) (0.000,0.220) (0.000,0.128) (0.000,0.157) (0.000,0.139) (0.000,0.942) (0.000,0.168) (0.000,0.285) (0.000,0.119) (0.000,0.181) (0.000,0.146) (0.000,0.303) (0.000,0.293) (0.000,0.197) 
132      364    (0)    3 :  0.026 0.011 0.119 0.192 0.011 0.022 0.034 0.061 0.010 0.081 0.011 0.028 0.075 0.064 0.027 0.006 0.045 0.073 0.058 0.047     (0.000,0.158) (0.000,0.063) (0.000,0.793) (0.000,0.920) (0.000,0.060) (0.000,0.133) (0.000,0.236) (0.000,0.484) (0.000,0.057) (0.000,0.646) (0.000,0.070) (0.000,0.188) (0.000,0.602) (0.000,0.514) (0.000,0.179) (0.000,0.032) (0.000,0.346) (0.000,0.595) (0.000,0.473) (0.000,0.361) 
133      365    (0)    1 :  0.030 0.010 0.034 0.058 0.011 0.027 0.020 0.109 0.010 0.053 0.009 0.026 0.197 0.087 0.020 0.026 0.097 0.094 0.048 0.035     (0.000,0.195) (0.000,0.059) (0.000,0.238) (0.000,0.455) (0.000,0.065) (0.000,0.182) (0.000,0.121) (0.000,0.767) (0.000,0.063) (0.000,0.418) (0.000,0.055) (0.000,0.180) (0.000,0.913) (0.000,0.674) (0.000,0.116) (0.000,0.183) (0.000,0.710) (0.000,0.715) (0.000,0.373) (0.000,0.239) 
134      366    (0)   18 :  0.011 0.004 0.055 0.032 0.009 0.017 0.014 0.064 0.004 0.023 0.004 0.006 0.533 0.040 0.015 0.004 0.091 0.037 0.016 0.021     (0.000,0.059) (0.000,0.019) (0.000,0.427) (0.000,0.222) (0.000,0.051) (0.000,0.103) (0.000,0.082) (0.000,0.535) (0.000,0.019) (0.000,0.138) (0.000,0.021) (0.000,0.032) (0.000,0.988) (0.000,0.295) (0.000,0.084) (0.000,0.020) (0.000,0.708) (0.000,0.244) (0.000,0.089) (0.000,0.118) 
135      367    (0)   18 :  0.072 0.011 0.058 0.042 0.016 0.024 0.072 0.068 0.007 0.136 0.011 0.011 0.052 0.066 0.036 0.028 0.067 0.112 0.073 0.037     (0.000,0.581) (0.000,0.067) (0.000,0.460) (0.000,0.310) (0.000,0.101) (0.000,0.158) (0.000,0.556) (0.000,0.533) (0.000,0.039) (0.000,0.828) (0.000,0.069) (0.000,0.062) (0.000,0.405) (0.000,0.511) (0.000,0.255) (0.000,0.206) (0.000,0.528) (0.000,0.775) (0.000,0.590) (0.000,0.258) 
136      369    (0)   13 :  0.024 0.009 0.031 0.028 0.021 0.053 0.022 0.087 0.009 0.018 0.008 0.016 0.177 0.057 0.187 0.068 0.039 0.084 0.030 0.031     (0.000,0.149) (0.000,0.054) (0.000,0.209) (0.000,0.196) (0.000,0.145) (0.000,0.392) (0.000,0.146) (0.000,0.628) (0.000,0.058) (0.000,0.104) (0.000,0.054) (0.000,0.105) (0.000,0.868) (0.000,0.447) (0.000,0.830) (0.000,0.382) (0.000,0.292) (0.000,0.644) (0.000,0.201) (0.000,0.213) 
137      370    (0)   18 :  0.021 0.006 0.036 0.071 0.017 0.019 0.026 0.121 0.006 0.022 0.006 0.007 0.114 0.266 0.029 0.006 0.076 0.077 0.038 0.037     (0.000,0.120) (0.000,0.034) (0.000,0.250) (0.000,0.581) (0.000,0.108) (0.000,0.111) (0.000,0.164) (0.000,0.824) (0.000,0.035) (0.000,0.132) (0.000,0.033) (0.000,0.038) (0.000,0.809) (0.000,0.959) (0.000,0.193) (0.000,0.033) (0.000,0.614) (0.000,0.636) (0.000,0.261) (0.000,0.261) 
138      371    (0)    4 :  0.051 0.008 0.035 0.183 0.018 0.019 0.016 0.099 0.008 0.061 0.008 0.009 0.045 0.191 0.021 0.009 0.048 0.064 0.048 0.058     (0.000,0.398) (0.000,0.047) (0.000,0.239) (0.000,0.913) (0.000,0.118) (0.000,0.111) (0.000,0.094) (0.000,0.736) (0.000,0.045) (0.000,0.470) (0.000,0.045) (0.000,0.048) (0.000,0.347) (0.000,0.918) (0.000,0.128) (0.000,0.050) (0.000,0.370) (0.000,0.528) (0.000,0.375) (0.000,0.462) 
139      372    (0)   18 :  0.052 0.006 0.064 0.054 0.016 0.023 0.080 0.089 0.007 0.020 0.006 0.013 0.155 0.117 0.038 0.007 0.038 0.106 0.054 0.054     (0.000,0.407) (0.000,0.035) (0.000,0.501) (0.000,0.419) (0.000,0.106) (0.000,0.147) (0.000,0.571) (0.000,0.676) (0.000,0.037) (0.000,0.114) (0.000,0.034) (0.000,0.076) (0.000,0.866) (0.000,0.769) (0.000,0.277) (0.000,0.039) (0.000,0.270) (0.000,0.770) (0.000,0.431) (0.000,0.431) 
140      374   (12)   13 :  0.016 0.008 0.035 0.058 0.030 0.028 0.017 0.072 0.007 0.021 0.008 0.011 0.238 0.205 0.042 0.007 0.062 0.060 0.051 0.026     (0.000,0.088) (0.000,0.042) (0.000,0.239) (0.000,0.463) (0.000,0.212) (0.000,0.191) (0.000,0.096) (0.000,0.590) (0.000,0.038) (0.000,0.123) (0.000,0.042) (0.000,0.064) (0.000,0.946) (0.000,0.933) (0.000,0.307) (0.000,0.036) (0.000,0.501) (0.000,0.494) (0.000,0.402) (0.000,0.163) 
141      376    (0)   13 :  0.026 0.006 0.022 0.023 0.033 0.031 0.020 0.136 0.005 0.044 0.005 0.124 0.098 0.071 0.026 0.006 0.026 0.120 0.119 0.060     (0.000,0.168) (0.000,0.031) (0.000,0.131) (0.000,0.143) (0.000,0.226) (0.000,0.219) (0.000,0.123) (0.000,0.771) (0.000,0.025) (0.000,0.340) (0.000,0.026) (0.000,0.489) (0.000,0.681) (0.000,0.555) (0.000,0.172) (0.000,0.033) (0.000,0.168) (0.000,0.788) (0.000,0.790) (0.000,0.483) 
142      377    (0)    7 :  0.061 0.011 0.159 0.097 0.014 0.035 0.038 0.030 0.010 0.171 0.010 0.009 0.044 0.058 0.083 0.005 0.018 0.077 0.029 0.041     (0.000,0.490) (0.000,0.066) (0.000,0.845) (0.000,0.722) (0.000,0.089) (0.000,0.251) (0.000,0.279) (0.000,0.213) (0.000,0.056) (0.000,0.885) (0.000,0.061) (0.000,0.049) (0.000,0.329) (0.000,0.448) (0.000,0.609) (0.000,0.026) (0.000,0.104) (0.000,0.599) (0.000,0.189) (0.000,0.296) 
143      378    (0)   13 :  0.035 0.008 0.029 0.029 0.011 0.022 0.033 0.292 0.006 0.059 0.006 0.010 0.075 0.062 0.055 0.007 0.050 0.109 0.044 0.057     (0.000,0.237) (0.000,0.043) (0.000,0.180) (0.000,0.187) (0.000,0.062) (0.000,0.132) (0.000,0.227) (0.000,0.964) (0.000,0.034) (0.000,0.486) (0.000,0.032) (0.000,0.055) (0.000,0.616) (0.000,0.510) (0.000,0.435) (0.000,0.039) (0.000,0.396) (0.000,0.806) (0.000,0.323) (0.000,0.462) 
144      379    (0)   18 :  0.032 0.007 0.025 0.062 0.017 0.044 0.031 0.066 0.006 0.046 0.007 0.064 0.117 0.089 0.046 0.008 0.057 0.125 0.050 0.098     (0.000,0.226) (0.000,0.041) (0.000,0.153) (0.000,0.496) (0.000,0.109) (0.000,0.335) (0.000,0.211) (0.000,0.525) (0.000,0.034) (0.000,0.363) (0.000,0.037) (0.000,0.369) (0.000,0.787) (0.000,0.661) (0.000,0.359) (0.000,0.043) (0.000,0.450) (0.000,0.811) (0.000,0.393) (0.000,0.714) 
145      380    (0)   18 :  0.031 0.010 0.024 0.083 0.017 0.038 0.030 0.048 0.010 0.038 0.010 0.077 0.100 0.103 0.038 0.006 0.057 0.124 0.050 0.105     (0.000,0.212) (0.000,0.058) (0.000,0.151) (0.000,0.624) (0.000,0.106) (0.000,0.279) (0.000,0.203) (0.000,0.379) (0.000,0.056) (0.000,0.276) (0.000,0.057) (0.000,0.417) (0.000,0.731) (0.000,0.709) (0.000,0.282) (0.000,0.035) (0.000,0.448) (0.000,0.807) (0.000,0.387) (0.000,0.736) 
146      382   (12)   14 :  0.018 0.010 0.019 0.023 0.012 0.109 0.014 0.074 0.008 0.021 0.007 0.008 0.219 0.145 0.137 0.005 0.028 0.078 0.028 0.039     (0.000,0.102) (0.000,0.054) (0.000,0.104) (0.000,0.152) (0.000,0.070) (0.000,0.717) (0.000,0.079) (0.000,0.588) (0.000,0.046) (0.000,0.128) (0.000,0.039) (0.000,0.043) (0.000,0.934) (0.000,0.878) (0.000,0.852) (0.000,0.026) (0.000,0.178) (0.000,0.643) (0.000,0.176) (0.000,0.272) 
147      389    (0)   18 :  0.068 0.011 0.024 0.076 0.017 0.049 0.045 0.051 0.008 0.065 0.009 0.025 0.108 0.091 0.023 0.010 0.021 0.101 0.060 0.138     (0.000,0.552) (0.000,0.069) (0.000,0.141) (0.000,0.597) (0.000,0.110) (0.000,0.382) (0.000,0.342) (0.000,0.397) (0.000,0.046) (0.000,0.523) (0.000,0.053) (0.000,0.171) (0.000,0.758) (0.000,0.682) (0.000,0.145) (0.000,0.057) (0.000,0.123) (0.000,0.749) (0.000,0.484) (0.000,0.855) 
148      394    (0)   18 :  0.017 0.011 0.024 0.077 0.010 0.017 0.012 0.066 0.011 0.021 0.010 0.012 0.041 0.262 0.018 0.013 0.114 0.124 0.098 0.042     (0.000,0.092) (0.000,0.069) (0.000,0.137) (0.000,0.646) (0.000,0.052) (0.000,0.095) (0.000,0.066) (0.000,0.551) (0.000,0.070) (0.000,0.119) (0.000,0.060) (0.000,0.063) (0.000,0.298) (0.000,0.959) (0.000,0.098) (0.000,0.076) (0.000,0.803) (0.000,0.849) (0.000,0.772) (0.000,0.308) 
149      395    (0)   18 :  0.042 0.007 0.029 0.099 0.031 0.077 0.021 0.099 0.013 0.068 0.009 0.022 0.089 0.069 0.038 0.007 0.059 0.097 0.067 0.057     (0.000,0.308) (0.000,0.041) (0.000,0.185) (0.000,0.731) (0.000,0.215) (0.000,0.594) (0.000,0.123) (0.000,0.706) (0.000,0.082) (0.000,0.554) (0.000,0.049) (0.000,0.143) (0.000,0.695) (0.000,0.559) (0.000,0.275) (0.000,0.038) (0.000,0.476) (0.000,0.742) (0.000,0.552) (0.000,0.460) 
150      396    (0)   16 :  0.055 0.011 0.055 0.078 0.009 0.034 0.038 0.079 0.011 0.048 0.012 0.008 0.048 0.099 0.170 0.009 0.060 0.103 0.041 0.034     (0.000,0.441) (0.000,0.067) (0.000,0.436) (0.000,0.634) (0.000,0.053) (0.000,0.235) (0.000,0.278) (0.000,0.628) (0.000,0.064) (0.000,0.374) (0.000,0.074) (0.000,0.043) (0.000,0.364) (0.000,0.735) (0.000,0.892) (0.000,0.048) (0.000,0.486) (0.000,0.772) (0.000,0.296) (0.000,0.221) 
151      397    (0)   13 :  0.014 0.012 0.017 0.022 0.013 0.012 0.013 0.057 0.013 0.017 0.012 0.023 0.260 0.182 0.009 0.010 0.148 0.074 0.056 0.034     (0.000,0.076) (0.000,0.078) (0.000,0.092) (0.000,0.135) (0.000,0.075) (0.000,0.064) (0.000,0.070) (0.000,0.474) (0.000,0.085) (0.000,0.092) (0.000,0.079) (0.000,0.161) (0.000,0.953) (0.000,0.918) (0.000,0.048) (0.000,0.057) (0.000,0.878) (0.000,0.625) (0.000,0.459) (0.000,0.228) 
152      398    (0)   20 :  0.022 0.007 0.030 0.016 0.013 0.019 0.022 0.260 0.005 0.033 0.005 0.010 0.074 0.159 0.026 0.008 0.053 0.087 0.105 0.045     (0.000,0.123) (0.000,0.037) (0.000,0.187) (0.000,0.081) (0.000,0.071) (0.000,0.110) (0.000,0.128) (0.000,0.961) (0.000,0.027) (0.000,0.214) (0.000,0.026) (0.000,0.053) (0.000,0.642) (0.000,0.908) (0.000,0.152) (0.000,0.045) (0.000,0.421) (0.000,0.726) (0.000,0.811) (0.000,0.334) 
153      402    (0)   14 :  0.037 0.007 0.030 0.031 0.014 0.028 0.033 0.112 0.005 0.037 0.005 0.012 0.080 0.218 0.037 0.015 0.028 0.104 0.108 0.059     (0.000,0.259) (0.000,0.037) (0.000,0.191) (0.000,0.199) (0.000,0.081) (0.000,0.185) (0.000,0.229) (0.000,0.798) (0.000,0.027) (0.000,0.254) (0.000,0.028) (0.000,0.066) (0.000,0.657) (0.000,0.943) (0.000,0.255) (0.000,0.092) (0.000,0.183) (0.000,0.788) (0.000,0.803) (0.000,0.488) 
154      404   (12)   13 :  0.028 0.006 0.032 0.036 0.012 0.027 0.022 0.216 0.006 0.035 0.006 0.009 0.112 0.115 0.044 0.014 0.069 0.117 0.053 0.043     (0.000,0.171) (0.000,0.034) (0.000,0.206) (0.000,0.239) (0.000,0.064) (0.000,0.167) (0.000,0.132) (0.000,0.942) (0.000,0.030) (0.000,0.233) (0.000,0.033) (0.000,0.047) (0.000,0.815) (0.000,0.819) (0.000,0.326) (0.000,0.081) (0.000,0.571) (0.000,0.833) (0.000,0.428) (0.000,0.311) 
155      406    (0)   14 :  0.045 0.010 0.023 0.065 0.013 0.051 0.021 0.057 0.008 0.045 0.009 0.013 0.082 0.161 0.022 0.017 0.058 0.143 0.087 0.068     (0.000,0.347) (0.000,0.060) (0.000,0.132) (0.000,0.535) (0.000,0.078) (0.000,0.402) (0.000,0.130) (0.000,0.462) (0.000,0.044) (0.000,0.339) (0.000,0.053) (0.000,0.075) (0.000,0.671) (0.000,0.884) (0.000,0.130) (0.000,0.108) (0.000,0.475) (0.000,0.866) (0.000,0.702) (0.000,0.565) 
156      407    (0)   14 :  0.032 0.007 0.030 0.091 0.010 0.050 0.020 0.088 0.007 0.032 0.007 0.009 0.142 0.142 0.028 0.007 0.054 0.118 0.064 0.061     (0.000,0.213) (0.000,0.036) (0.000,0.185) (0.000,0.725) (0.000,0.054) (0.000,0.394) (0.000,0.115) (0.000,0.712) (0.000,0.041) (0.000,0.212) (0.000,0.041) (0.000,0.051) (0.000,0.880) (0.000,0.875) (0.000,0.173) (0.000,0.038) (0.000,0.432) (0.000,0.837) (0.000,0.531) (0.000,0.512) 
157      408    (0)   12 :  0.019 0.157 0.014 0.023 0.022 0.015 0.017 0.028 0.202 0.016 0.097 0.088 0.082 0.065 0.014 0.008 0.031 0.045 0.036 0.024     (0.000,0.121) (0.000,0.698) (0.000,0.084) (0.000,0.165) (0.000,0.152) (0.000,0.092) (0.000,0.106) (0.000,0.211) (0.000,0.714) (0.000,0.101) (0.000,0.590) (0.000,0.665) (0.000,0.509) (0.000,0.426) (0.000,0.083) (0.000,0.046) (0.000,0.228) (0.000,0.332) (0.000,0.271) (0.000,0.166) 
158      409   (12)   14 :  0.025 0.006 0.022 0.040 0.010 0.024 0.015 0.083 0.005 0.025 0.005 0.008 0.059 0.153 0.039 0.043 0.119 0.191 0.090 0.040     (0.000,0.153) (0.000,0.031) (0.000,0.122) (0.000,0.279) (0.000,0.052) (0.000,0.145) (0.000,0.084) (0.000,0.676) (0.000,0.028) (0.000,0.148) (0.000,0.028) (0.000,0.041) (0.000,0.483) (0.000,0.889) (0.000,0.276) (0.000,0.326) (0.000,0.820) (0.000,0.931) (0.000,0.731) (0.000,0.283) 
159      412    (0)   13 :  0.023 0.009 0.020 0.018 0.013 0.075 0.017 0.235 0.010 0.022 0.013 0.035 0.193 0.079 0.017 0.019 0.037 0.101 0.024 0.038     (0.000,0.141) (0.000,0.055) (0.000,0.112) (0.000,0.107) (0.000,0.075) (0.000,0.574) (0.000,0.093) (0.000,0.938) (0.000,0.061) (0.000,0.128) (0.000,0.088) (0.000,0.257) (0.000,0.902) (0.000,0.630) (0.000,0.099) (0.000,0.130) (0.000,0.263) (0.000,0.751) (0.000,0.143) (0.000,0.271) 
160      416    (0)   18 :  0.050 0.011 0.036 0.034 0.011 0.021 0.060 0.119 0.013 0.036 0.016 0.008 0.048 0.073 0.121 0.017 0.057 0.170 0.053 0.047     (0.000,0.397) (0.000,0.067) (0.000,0.243) (0.000,0.233) (0.000,0.061) (0.000,0.125) (0.000,0.486) (0.000,0.803) (0.000,0.079) (0.000,0.250) (0.000,0.105) (0.000,0.043) (0.000,0.369) (0.000,0.577) (0.000,0.782) (0.000,0.114) (0.000,0.454) (0.000,0.905) (0.000,0.423) (0.000,0.361) 
161      421    (0)    4 :  0.065 0.009 0.288 0.045 0.006 0.029 0.153 0.027 0.009 0.117 0.011 0.008 0.023 0.023 0.035 0.010 0.033 0.037 0.032 0.037     (0.000,0.557) (0.000,0.056) (0.000,0.959) (0.000,0.347) (0.000,0.030) (0.000,0.195) (0.000,0.892) (0.000,0.173) (0.000,0.056) (0.000,0.822) (0.000,0.070) (0.000,0.042) (0.000,0.135) (0.000,0.137) (0.000,0.252) (0.000,0.061) (0.000,0.228) (0.000,0.257) (0.000,0.205) (0.000,0.263) 
162      422   (12)   18 :  0.047 0.011 0.265 0.086 0.007 0.019 0.051 0.021 0.008 0.163 0.010 0.017 0.024 0.023 0.019 0.014 0.101 0.031 0.058 0.024     (0.000,0.353) (0.000,0.062) (0.000,0.955) (0.000,0.697) (0.000,0.036) (0.000,0.110) (0.000,0.411) (0.000,0.119) (0.000,0.048) (0.000,0.905) (0.000,0.059) (0.000,0.099) (0.000,0.141) (0.000,0.138) (0.000,0.109) (0.000,0.085) (0.000,0.754) (0.000,0.195) (0.000,0.474) (0.000,0.142) 
163      426    (0)   16 :  0.007 0.007 0.007 0.006 0.005 0.007 0.006 0.008 0.006 0.007 0.005 0.007 0.007 0.008 0.007 0.871 0.007 0.007 0.008 0.007     (0.000,0.041) (0.000,0.038) (0.000,0.036) (0.000,0.033) (0.000,0.025) (0.000,0.040) (0.000,0.035) (0.000,0.044) (0.000,0.033) (0.000,0.037) (0.000,0.029) (0.000,0.036) (0.000,0.036) (0.000,0.042) (0.000,0.036) (0.616,0.996) (0.000,0.039) (0.000,0.039) (0.000,0.043) (0.000,0.040) 
164      428    (0)    1 :  0.254 0.010 0.058 0.159 0.006 0.016 0.101 0.015 0.008 0.087 0.009 0.056 0.009 0.013 0.027 0.007 0.013 0.030 0.014 0.107     (0.000,0.952) (0.000,0.057) (0.000,0.410) (0.000,0.811) (0.000,0.029) (0.000,0.095) (0.000,0.675) (0.000,0.086) (0.000,0.048) (0.000,0.654) (0.000,0.056) (0.000,0.378) (0.000,0.048) (0.000,0.072) (0.000,0.186) (0.000,0.041) (0.000,0.075) (0.000,0.191) (0.000,0.079) (0.000,0.723) 
165      429   (12)   18 :  0.037 0.010 0.091 0.031 0.025 0.061 0.022 0.027 0.015 0.030 0.009 0.024 0.033 0.033 0.040 0.333 0.034 0.054 0.051 0.040     (0.000,0.270) (0.000,0.058) (0.000,0.624) (0.000,0.224) (0.000,0.174) (0.000,0.453) (0.000,0.148) (0.000,0.186) (0.000,0.105) (0.000,0.216) (0.000,0.053) (0.000,0.166) (0.000,0.234) (0.000,0.236) (0.000,0.294) (0.000,0.876) (0.000,0.250) (0.000,0.419) (0.000,0.386) (0.000,0.293) 
166      430    (0)   17 :  0.028 0.008 0.018 0.024 0.057 0.121 0.033 0.022 0.016 0.022 0.014 0.108 0.147 0.027 0.021 0.008 0.037 0.054 0.043 0.192     (0.000,0.188) (0.000,0.045) (0.000,0.108) (0.000,0.158) (0.000,0.354) (0.000,0.692) (0.000,0.236) (0.000,0.146) (0.000,0.115) (0.000,0.137) (0.000,0.096) (0.000,0.484) (0.000,0.812) (0.000,0.179) (0.000,0.134) (0.000,0.044) (0.000,0.276) (0.000,0.427) (0.000,0.319) (0.000,0.862) 
167      431    (0)   14 :  0.045 0.007 0.060 0.116 0.006 0.118 0.027 0.029 0.007 0.077 0.007 0.015 0.133 0.053 0.052 0.008 0.062 0.067 0.047 0.063     (0.000,0.340) (0.000,0.040) (0.000,0.466) (0.000,0.735) (0.000,0.033) (0.000,0.735) (0.000,0.175) (0.000,0.183) (0.000,0.037) (0.000,0.591) (0.000,0.040) (0.000,0.094) (0.000,0.828) (0.000,0.414) (0.000,0.394) (0.000,0.045) (0.000,0.478) (0.000,0.554) (0.000,0.360) (0.000,0.515) 
168      433    (0)   18 :  0.062 0.012 0.099 0.140 0.008 0.033 0.110 0.056 0.011 0.092 0.009 0.025 0.030 0.035 0.043 0.011 0.024 0.050 0.045 0.105     (0.000,0.511) (0.000,0.076) (0.000,0.731) (0.000,0.849) (0.000,0.040) (0.000,0.227) (0.000,0.785) (0.000,0.446) (0.000,0.065) (0.000,0.716) (0.000,0.052) (0.000,0.169) (0.000,0.194) (0.000,0.235) (0.000,0.330) (0.000,0.064) (0.000,0.155) (0.000,0.388) (0.000,0.337) (0.000,0.772) 
169      435    (0)    1 :  0.055 0.012 0.106 0.062 0.007 0.027 0.052 0.106 0.011 0.101 0.009 0.011 0.049 0.052 0.021 0.008 0.149 0.054 0.038 0.071     (0.000,0.446) (0.000,0.073) (0.000,0.770) (0.000,0.501) (0.000,0.038) (0.000,0.172) (0.000,0.414) (0.000,0.763) (0.000,0.071) (0.000,0.754) (0.000,0.053) (0.000,0.062) (0.000,0.378) (0.000,0.410) (0.000,0.126) (0.000,0.043) (0.000,0.871) (0.000,0.431) (0.000,0.265) (0.000,0.581) 
170      437    (0)    7 :  0.080 0.011 0.116 0.092 0.008 0.031 0.115 0.075 0.009 0.105 0.007 0.013 0.026 0.052 0.058 0.015 0.042 0.046 0.042 0.058     (0.000,0.653) (0.000,0.064) (0.000,0.799) (0.000,0.702) (0.000,0.043) (0.000,0.206) (0.000,0.799) (0.000,0.597) (0.000,0.049) (0.000,0.775) (0.000,0.041) (0.000,0.074) (0.000,0.158) (0.000,0.408) (0.000,0.461) (0.000,0.093) (0.000,0.318) (0.000,0.355) (0.000,0.309) (0.000,0.468) 
171      446    (0)   18 :  0.037 0.008 0.104 0.152 0.006 0.023 0.054 0.051 0.009 0.062 0.009 0.014 0.038 0.043 0.036 0.013 0.138 0.080 0.048 0.075     (0.000,0.256) (0.000,0.046) (0.000,0.757) (0.000,0.878) (0.000,0.030) (0.000,0.141) (0.000,0.425) (0.000,0.399) (0.000,0.052) (0.000,0.510) (0.000,0.050) (0.000,0.088) (0.000,0.272) (0.000,0.322) (0.000,0.262) (0.000,0.080) (0.000,0.841) (0.000,0.659) (0.000,0.366) (0.000,0.615) 
172      449    (0)    3 :  0.063 0.010 0.175 0.091 0.008 0.016 0.091 0.054 0.010 0.065 0.010 0.013 0.073 0.031 0.022 0.015 0.086 0.058 0.037 0.072     (0.000,0.512) (0.000,0.058) (0.000,0.889) (0.000,0.668) (0.000,0.041) (0.000,0.088) (0.000,0.687) (0.000,0.425) (0.000,0.060) (0.000,0.527) (0.000,0.059) (0.000,0.079) (0.000,0.557) (0.000,0.208) (0.000,0.146) (0.000,0.097) (0.000,0.635) (0.000,0.467) (0.000,0.267) (0.000,0.577) 
173      451    (0)    7 :  0.039 0.008 0.324 0.150 0.007 0.034 0.048 0.038 0.008 0.041 0.010 0.025 0.036 0.033 0.023 0.010 0.069 0.041 0.022 0.034     (0.000,0.278) (0.000,0.048) (0.000,0.964) (0.000,0.861) (0.000,0.037) (0.000,0.248) (0.000,0.368) (0.000,0.274) (0.000,0.044) (0.000,0.304) (0.000,0.057) (0.000,0.177) (0.000,0.254) (0.000,0.227) (0.000,0.146) (0.000,0.058) (0.000,0.515) (0.000,0.300) (0.000,0.132) (0.000,0.231) 
174      456    (0)    7 :  0.049 0.009 0.376 0.078 0.006 0.020 0.108 0.043 0.007 0.047 0.009 0.018 0.027 0.018 0.042 0.010 0.043 0.030 0.027 0.033     (0.000,0.382) (0.000,0.049) (0.000,0.976) (0.000,0.644) (0.000,0.030) (0.000,0.121) (0.000,0.782) (0.000,0.322) (0.000,0.041) (0.000,0.368) (0.000,0.049) (0.000,0.103) (0.000,0.171) (0.000,0.102) (0.000,0.315) (0.000,0.058) (0.000,0.320) (0.000,0.188) (0.000,0.162) (0.000,0.216) 
175      457    (0)    8 :  0.021 0.010 0.335 0.024 0.006 0.014 0.030 0.019 0.009 0.027 0.009 0.009 0.016 0.089 0.018 0.007 0.185 0.052 0.101 0.020     (0.000,0.127) (0.000,0.057) (0.000,0.970) (0.000,0.155) (0.000,0.033) (0.000,0.076) (0.000,0.204) (0.000,0.111) (0.000,0.052) (0.000,0.172) (0.000,0.049) (0.000,0.047) (0.000,0.087) (0.000,0.696) (0.000,0.105) (0.000,0.039) (0.000,0.919) (0.000,0.415) (0.000,0.746) (0.000,0.116) 
176      462    (0)   13 :  0.047 0.005 0.059 0.031 0.006 0.027 0.032 0.039 0.004 0.063 0.004 0.007 0.060 0.071 0.016 0.013 0.331 0.068 0.071 0.046     (0.000,0.357) (0.000,0.025) (0.000,0.483) (0.000,0.198) (0.000,0.032) (0.000,0.173) (0.000,0.210) (0.000,0.269) (0.000,0.022) (0.000,0.526) (0.000,0.022) (0.000,0.036) (0.000,0.497) (0.000,0.603) (0.000,0.091) (0.000,0.077) (0.000,0.973) (0.000,0.582) (0.000,0.599) (0.000,0.352) 
177      463    (0)   13 :  0.051 0.008 0.085 0.034 0.021 0.023 0.056 0.067 0.006 0.062 0.006 0.009 0.057 0.129 0.027 0.011 0.091 0.070 0.146 0.042     (0.000,0.397) (0.000,0.043) (0.000,0.655) (0.000,0.242) (0.000,0.145) (0.000,0.140) (0.000,0.441) (0.000,0.547) (0.000,0.030) (0.000,0.496) (0.000,0.031) (0.000,0.049) (0.000,0.456) (0.000,0.831) (0.000,0.176) (0.000,0.063) (0.000,0.663) (0.000,0.589) (0.000,0.872) (0.000,0.309) 
178      464    (0)    3 :  0.051 0.005 0.283 0.026 0.008 0.013 0.284 0.018 0.004 0.063 0.005 0.009 0.015 0.015 0.026 0.006 0.110 0.026 0.017 0.017     (0.000,0.400) (0.000,0.026) (0.000,0.960) (0.000,0.162) (0.000,0.041) (0.000,0.074) (0.000,0.966) (0.000,0.109) (0.000,0.022) (0.000,0.526) (0.000,0.024) (0.000,0.048) (0.000,0.082) (0.000,0.083) (0.000,0.180) (0.000,0.030) (0.000,0.792) (0.000,0.151) (0.000,0.094) (0.000,0.097) 
179      467    (0)    4 :  0.036 0.007 0.343 0.109 0.006 0.026 0.042 0.038 0.008 0.061 0.009 0.011 0.076 0.019 0.025 0.007 0.059 0.038 0.032 0.049     (0.000,0.247) (0.000,0.040) (0.000,0.972) (0.000,0.789) (0.000,0.032) (0.000,0.166) (0.000,0.302) (0.000,0.270) (0.000,0.044) (0.000,0.503) (0.000,0.050) (0.000,0.058) (0.000,0.607) (0.000,0.106) (0.000,0.158) (0.000,0.038) (0.000,0.482) (0.000,0.257) (0.000,0.215) (0.000,0.382) 
180      472    (0)    3 :  0.076 0.011 0.173 0.095 0.006 0.048 0.075 0.031 0.012 0.072 0.012 0.011 0.042 0.049 0.034 0.008 0.068 0.059 0.048 0.069     (0.000,0.633) (0.000,0.065) (0.000,0.900) (0.000,0.726) (0.000,0.030) (0.000,0.375) (0.000,0.615) (0.000,0.208) (0.000,0.078) (0.000,0.588) (0.000,0.072) (0.000,0.063) (0.000,0.310) (0.000,0.382) (0.000,0.242) (0.000,0.045) (0.000,0.545) (0.000,0.483) (0.000,0.373) (0.000,0.577) 
181      474    (0)   18 :  0.045 0.007 0.077 0.147 0.006 0.046 0.029 0.039 0.009 0.048 0.008 0.012 0.060 0.069 0.017 0.019 0.121 0.085 0.063 0.092     (0.000,0.333) (0.000,0.042) (0.000,0.621) (0.000,0.877) (0.000,0.029) (0.000,0.355) (0.000,0.184) (0.000,0.281) (0.000,0.053) (0.000,0.369) (0.000,0.049) (0.000,0.072) (0.000,0.499) (0.000,0.571) (0.000,0.094) (0.000,0.119) (0.000,0.818) (0.000,0.699) (0.000,0.526) (0.000,0.725) 
182      475    (0)   15 :  0.063 0.008 0.114 0.039 0.007 0.028 0.104 0.093 0.006 0.148 0.008 0.010 0.039 0.028 0.072 0.024 0.046 0.066 0.045 0.053     (0.000,0.522) (0.000,0.043) (0.000,0.789) (0.000,0.283) (0.000,0.035) (0.000,0.189) (0.000,0.765) (0.000,0.703) (0.000,0.033) (0.000,0.874) (0.000,0.046) (0.000,0.055) (0.000,0.274) (0.000,0.174) (0.000,0.561) (0.000,0.172) (0.000,0.351) (0.000,0.552) (0.000,0.340) (0.000,0.421) 
183      484   (12)    4 :  0.051 0.017 0.237 0.063 0.008 0.024 0.241 0.017 0.015 0.087 0.017 0.010 0.014 0.016 0.091 0.004 0.023 0.021 0.016 0.029     (0.000,0.401) (0.000,0.117) (0.000,0.946) (0.000,0.524) (0.000,0.040) (0.000,0.148) (0.000,0.951) (0.000,0.095) (0.000,0.099) (0.000,0.713) (0.000,0.116) (0.000,0.052) (0.000,0.073) (0.000,0.082) (0.000,0.677) (0.000,0.024) (0.000,0.140) (0.000,0.113) (0.000,0.083) (0.000,0.177) 
184      485    (0)   13 :  0.055 0.012 0.042 0.288 0.009 0.055 0.035 0.025 0.011 0.039 0.013 0.014 0.067 0.079 0.059 0.010 0.024 0.055 0.050 0.058     (0.000,0.451) (0.000,0.068) (0.000,0.303) (0.000,0.962) (0.000,0.053) (0.000,0.440) (0.000,0.237) (0.000,0.151) (0.000,0.070) (0.000,0.273) (0.000,0.080) (0.000,0.083) (0.000,0.567) (0.000,0.651) (0.000,0.477) (0.000,0.058) (0.000,0.139) (0.000,0.448) (0.000,0.391) (0.000,0.478) 
185      486    (0)   18 :  0.110 0.012 0.034 0.067 0.010 0.025 0.024 0.031 0.012 0.027 0.011 0.009 0.027 0.304 0.035 0.024 0.042 0.119 0.047 0.030     (0.000,0.751) (0.000,0.074) (0.000,0.242) (0.000,0.520) (0.000,0.056) (0.000,0.160) (0.000,0.155) (0.000,0.217) (0.000,0.072) (0.000,0.175) (0.000,0.065) (0.000,0.048) (0.000,0.175) (0.000,0.955) (0.000,0.254) (0.000,0.167) (0.000,0.314) (0.000,0.784) (0.000,0.358) (0.000,0.204) 
186      489    (0)    1 :  0.085 0.019 0.039 0.055 0.031 0.031 0.096 0.028 0.011 0.066 0.013 0.034 0.126 0.062 0.048 0.017 0.088 0.043 0.074 0.035     (0.000,0.669) (0.000,0.135) (0.000,0.284) (0.000,0.431) (0.000,0.219) (0.000,0.212) (0.000,0.703) (0.000,0.182) (0.000,0.071) (0.000,0.526) (0.000,0.084) (0.000,0.249) (0.000,0.798) (0.000,0.494) (0.000,0.371) (0.000,0.113) (0.000,0.674) (0.000,0.319) (0.000,0.595) (0.000,0.246) 
187      490    (0)    7 :  0.083 0.018 0.039 0.060 0.029 0.032 0.128 0.024 0.012 0.058 0.013 0.023 0.110 0.067 0.068 0.012 0.095 0.040 0.060 0.032     (0.000,0.657) (0.000,0.121) (0.000,0.288) (0.000,0.474) (0.000,0.209) (0.000,0.221) (0.000,0.817) (0.000,0.145) (0.000,0.074) (0.000,0.468) (0.000,0.082) (0.000,0.159) (0.000,0.745) (0.000,0.537) (0.000,0.528) (0.000,0.070) (0.000,0.701) (0.000,0.295) (0.000,0.482) (0.000,0.213) 
188      494    (0)    7 :  0.091 0.036 0.104 0.121 0.023 0.031 0.148 0.027 0.016 0.074 0.025 0.015 0.029 0.049 0.056 0.010 0.044 0.029 0.034 0.039     (0.000,0.701) (0.000,0.272) (0.000,0.745) (0.000,0.808) (0.000,0.154) (0.000,0.215) (0.000,0.855) (0.000,0.181) (0.000,0.105) (0.000,0.592) (0.000,0.184) (0.000,0.092) (0.000,0.191) (0.000,0.382) (0.000,0.446) (0.000,0.055) (0.000,0.339) (0.000,0.189) (0.000,0.234) (0.000,0.281) 
189      500   (12)   13 :  0.044 0.005 0.046 0.067 0.015 0.030 0.045 0.046 0.005 0.027 0.004 0.008 0.093 0.174 0.030 0.045 0.066 0.079 0.093 0.077     (0.000,0.331) (0.000,0.026) (0.000,0.349) (0.000,0.534) (0.000,0.091) (0.000,0.200) (0.000,0.337) (0.000,0.353) (0.000,0.024) (0.000,0.165) (0.000,0.024) (0.000,0.046) (0.000,0.706) (0.000,0.909) (0.000,0.206) (0.000,0.333) (0.000,0.518) (0.000,0.647) (0.000,0.723) (0.000,0.613) 
190      502    (0)   13 :  0.037 0.006 0.081 0.047 0.017 0.021 0.044 0.075 0.005 0.041 0.005 0.010 0.091 0.099 0.034 0.012 0.163 0.047 0.130 0.035     (0.000,0.248) (0.000,0.030) (0.000,0.676) (0.000,0.354) (0.000,0.102) (0.000,0.123) (0.000,0.329) (0.000,0.622) (0.000,0.024) (0.000,0.297) (0.000,0.026) (0.000,0.051) (0.000,0.733) (0.000,0.773) (0.000,0.229) (0.000,0.073) (0.000,0.904) (0.000,0.363) (0.000,0.863) (0.000,0.236) 
191      507   (12)   18 :  0.045 0.008 0.079 0.044 0.015 0.084 0.066 0.118 0.007 0.032 0.009 0.014 0.052 0.130 0.081 0.012 0.042 0.082 0.034 0.047     (0.000,0.334) (0.000,0.047) (0.000,0.630) (0.000,0.332) (0.000,0.097) (0.000,0.607) (0.000,0.527) (0.000,0.794) (0.000,0.040) (0.000,0.214) (0.000,0.055) (0.000,0.086) (0.000,0.407) (0.000,0.833) (0.000,0.606) (0.000,0.073) (0.000,0.310) (0.000,0.657) (0.000,0.235) (0.000,0.364) 
192      509    (0)   14 :  0.041 0.008 0.082 0.060 0.014 0.027 0.084 0.063 0.007 0.037 0.008 0.005 0.035 0.116 0.202 0.013 0.064 0.053 0.049 0.033     (0.000,0.292) (0.000,0.045) (0.000,0.672) (0.000,0.490) (0.000,0.083) (0.000,0.171) (0.000,0.663) (0.000,0.520) (0.000,0.041) (0.000,0.257) (0.000,0.050) (0.000,0.028) (0.000,0.234) (0.000,0.815) (0.000,0.922) (0.000,0.080) (0.000,0.520) (0.000,0.418) (0.000,0.376) (0.000,0.222) 
193      512    (0)   20 :  0.114 0.029 0.089 0.097 0.022 0.043 0.170 0.020 0.018 0.070 0.042 0.012 0.033 0.037 0.053 0.014 0.025 0.032 0.034 0.045     (0.000,0.799) (0.000,0.221) (0.000,0.679) (0.000,0.705) (0.000,0.148) (0.000,0.329) (0.000,0.883) (0.000,0.125) (0.000,0.122) (0.000,0.564) (0.000,0.306) (0.000,0.067) (0.000,0.232) (0.000,0.266) (0.000,0.419) (0.000,0.092) (0.000,0.154) (0.000,0.220) (0.000,0.236) (0.000,0.347) 
194      513   (12)   14 :  0.026 0.007 0.086 0.187 0.017 0.020 0.046 0.045 0.007 0.032 0.007 0.009 0.050 0.095 0.058 0.008 0.149 0.049 0.067 0.035     (0.000,0.154) (0.000,0.038) (0.000,0.703) (0.000,0.924) (0.000,0.103) (0.000,0.115) (0.000,0.344) (0.000,0.340) (0.000,0.039) (0.000,0.206) (0.000,0.040) (0.000,0.050) (0.000,0.396) (0.000,0.750) (0.000,0.464) (0.000,0.047) (0.000,0.879) (0.000,0.379) (0.000,0.561) (0.000,0.239) 
195      514   (12)    1 :  0.077 0.032 0.075 0.093 0.032 0.076 0.080 0.018 0.018 0.053 0.029 0.017 0.065 0.057 0.096 0.008 0.059 0.038 0.038 0.041     (0.000,0.606) (0.000,0.242) (0.000,0.588) (0.000,0.660) (0.000,0.228) (0.000,0.542) (0.000,0.600) (0.000,0.108) (0.000,0.124) (0.000,0.417) (0.000,0.217) (0.000,0.104) (0.000,0.476) (0.000,0.436) (0.000,0.659) (0.000,0.043) (0.000,0.462) (0.000,0.270) (0.000,0.279) (0.000,0.305) 
196      515    (0)   16 :  0.010 0.009 0.008 0.009 0.005 0.011 0.007 0.011 0.009 0.009 0.008 0.009 0.013 0.011 0.008 0.822 0.012 0.010 0.010 0.010     (0.000,0.056) (0.000,0.050) (0.000,0.045) (0.000,0.049) (0.000,0.028) (0.000,0.065) (0.000,0.040) (0.000,0.064) (0.000,0.051) (0.000,0.050) (0.000,0.046) (0.000,0.051) (0.000,0.080) (0.000,0.062) (0.000,0.046) (0.494,0.994) (0.000,0.068) (0.000,0.056) (0.000,0.053) (0.000,0.054) 
197      518    (0)   16 :  0.011 0.018 0.009 0.008 0.007 0.009 0.010 0.010 0.015 0.010 0.015 0.015 0.012 0.010 0.009 0.791 0.010 0.010 0.011 0.010     (0.000,0.064) (0.000,0.123) (0.000,0.049) (0.000,0.043) (0.000,0.035) (0.000,0.052) (0.000,0.054) (0.000,0.058) (0.000,0.100) (0.000,0.055) (0.000,0.095) (0.000,0.089) (0.000,0.067) (0.000,0.058) (0.000,0.053) (0.428,0.992) (0.000,0.055) (0.000,0.055) (0.000,0.064) (0.000,0.057) 
198      519    (0)   16 :  0.009 0.007 0.008 0.007 0.006 0.010 0.007 0.010 0.006 0.008 0.007 0.008 0.012 0.009 0.007 0.844 0.009 0.009 0.009 0.009     (0.000,0.047) (0.000,0.038) (0.000,0.041) (0.000,0.037) (0.000,0.033) (0.000,0.056) (0.000,0.037) (0.000,0.056) (0.000,0.035) (0.000,0.046) (0.000,0.039) (0.000,0.048) (0.000,0.074) (0.000,0.048) (0.000,0.037) (0.543,0.995) (0.000,0.048) (0.000,0.048) (0.000,0.048) (0.000,0.048) 
199      520    (0)   16 :  0.029 0.011 0.025 0.019 0.012 0.026 0.025 0.028 0.010 0.028 0.012 0.019 0.048 0.035 0.023 0.510 0.050 0.029 0.037 0.024     (0.000,0.215) (0.000,0.068) (0.000,0.180) (0.000,0.128) (0.000,0.068) (0.000,0.189) (0.000,0.183) (0.000,0.203) (0.000,0.062) (0.000,0.208) (0.000,0.076) (0.000,0.123) (0.000,0.364) (0.000,0.261) (0.000,0.166) (0.096,0.868) (0.000,0.362) (0.000,0.214) (0.000,0.280) (0.000,0.165) 
200      521    (0)   16 :  0.053 0.016 0.019 0.040 0.007 0.054 0.042 0.032 0.014 0.022 0.007 0.018 0.053 0.046 0.019 0.403 0.012 0.070 0.035 0.036     (0.000,0.408) (0.000,0.110) (0.000,0.116) (0.000,0.300) (0.000,0.039) (0.000,0.401) (0.000,0.310) (0.000,0.225) (0.000,0.089) (0.000,0.141) (0.000,0.041) (0.000,0.120) (0.000,0.392) (0.000,0.350) (0.000,0.123) (0.000,0.830) (0.000,0.069) (0.000,0.494) (0.000,0.260) (0.000,0.263) 
201      523   (12)   16 :  0.023 0.030 0.031 0.022 0.008 0.031 0.018 0.025 0.034 0.023 0.042 0.092 0.033 0.015 0.023 0.473 0.015 0.019 0.018 0.025     (0.000,0.157) (0.000,0.217) (0.000,0.227) (0.000,0.150) (0.000,0.043) (0.000,0.224) (0.000,0.118) (0.000,0.171) (0.000,0.251) (0.000,0.156) (0.000,0.303) (0.000,0.641) (0.000,0.242) (0.000,0.093) (0.000,0.163) (0.000,0.880) (0.000,0.091) (0.000,0.123) (0.000,0.112) (0.000,0.173) 
202      524    (0)   16 :  0.013 0.007 0.011 0.012 0.006 0.014 0.010 0.013 0.007 0.011 0.007 0.012 0.015 0.016 0.008 0.777 0.014 0.014 0.017 0.016     (0.000,0.072) (0.000,0.040) (0.000,0.064) (0.000,0.071) (0.000,0.029) (0.000,0.084) (0.000,0.053) (0.000,0.073) (0.000,0.041) (0.000,0.063) (0.000,0.040) (0.000,0.067) (0.000,0.089) (0.000,0.096) (0.000,0.045) (0.380,0.992) (0.000,0.086) (0.000,0.086) (0.000,0.103) (0.000,0.100) 
203      526    (0)   19 :  0.025 0.021 0.010 0.018 0.007 0.009 0.019 0.009 0.011 0.014 0.011 0.031 0.008 0.014 0.011 0.013 0.008 0.018 0.721 0.021     (0.000,0.156) (0.000,0.148) (0.000,0.057) (0.000,0.115) (0.000,0.038) (0.000,0.052) (0.000,0.117) (0.000,0.051) (0.000,0.066) (0.000,0.081) (0.000,0.070) (0.000,0.226) (0.000,0.042) (0.000,0.081) (0.000,0.064) (0.000,0.078) (0.000,0.043) (0.000,0.100) (0.229,0.989) (0.000,0.133) 
204      531    (0)    1 :  0.097 0.009 0.024 0.203 0.005 0.165 0.034 0.027 0.008 0.061 0.009 0.010 0.026 0.030 0.135 0.007 0.016 0.042 0.018 0.072     (0.000,0.777) (0.000,0.051) (0.000,0.143) (0.000,0.936) (0.000,0.028) (0.000,0.908) (0.000,0.227) (0.000,0.169) (0.000,0.046) (0.000,0.513) (0.000,0.054) (0.000,0.060) (0.000,0.157) (0.000,0.188) (0.000,0.859) (0.000,0.039) (0.000,0.092) (0.000,0.298) (0.000,0.098) (0.000,0.618) 
205      532    (0)   19 :  0.054 0.011 0.025 0.041 0.007 0.037 0.041 0.032 0.010 0.025 0.010 0.072 0.016 0.035 0.023 0.018 0.034 0.192 0.256 0.061     (0.000,0.423) (0.000,0.070) (0.000,0.158) (0.000,0.309) (0.000,0.038) (0.000,0.275) (0.000,0.304) (0.000,0.230) (0.000,0.058) (0.000,0.165) (0.000,0.061) (0.000,0.446) (0.000,0.091) (0.000,0.246) (0.000,0.158) (0.000,0.117) (0.000,0.252) (0.000,0.891) (0.000,0.866) (0.000,0.480) 
206      533    (0)   18 :  0.106 0.011 0.024 0.066 0.006 0.116 0.033 0.037 0.010 0.061 0.010 0.019 0.059 0.042 0.026 0.009 0.021 0.072 0.038 0.236     (0.000,0.798) (0.000,0.069) (0.000,0.139) (0.000,0.523) (0.000,0.030) (0.000,0.807) (0.000,0.216) (0.000,0.263) (0.000,0.057) (0.000,0.512) (0.000,0.063) (0.000,0.126) (0.000,0.473) (0.000,0.310) (0.000,0.167) (0.000,0.051) (0.000,0.125) (0.000,0.614) (0.000,0.261) (0.000,0.950) 
207      534    (0)    1 :  0.088 0.016 0.061 0.088 0.011 0.234 0.031 0.024 0.008 0.142 0.012 0.016 0.013 0.032 0.028 0.010 0.014 0.038 0.019 0.114     (0.000,0.642) (0.000,0.109) (0.000,0.468) (0.000,0.618) (0.000,0.061) (0.000,0.826) (0.000,0.217) (0.000,0.165) (0.000,0.048) (0.000,0.780) (0.000,0.072) (0.000,0.105) (0.000,0.074) (0.000,0.222) (0.000,0.188) (0.000,0.065) (0.000,0.082) (0.000,0.269) (0.000,0.114) (0.000,0.728) 
208      541    (0)    7 :  0.073 0.019 0.045 0.130 0.008 0.055 0.044 0.065 0.014 0.066 0.015 0.026 0.037 0.054 0.039 0.010 0.043 0.065 0.052 0.140     (0.000,0.603) (0.000,0.134) (0.000,0.343) (0.000,0.818) (0.000,0.041) (0.000,0.436) (0.000,0.326) (0.000,0.517) (0.000,0.095) (0.000,0.547) (0.000,0.100) (0.000,0.184) (0.000,0.261) (0.000,0.431) (0.000,0.289) (0.000,0.054) (0.000,0.331) (0.000,0.540) (0.000,0.409) (0.000,0.861) 
209      542    (0)    1 :  0.123 0.017 0.051 0.090 0.006 0.055 0.083 0.040 0.016 0.057 0.017 0.015 0.019 0.020 0.198 0.009 0.025 0.049 0.023 0.085     (0.000,0.841) (0.000,0.112) (0.000,0.402) (0.000,0.688) (0.000,0.029) (0.000,0.442) (0.000,0.675) (0.000,0.298) (0.000,0.109) (0.000,0.471) (0.000,0.117) (0.000,0.093) (0.000,0.112) (0.000,0.116) (0.000,0.918) (0.000,0.051) (0.000,0.159) (0.000,0.381) (0.000,0.135) (0.000,0.691) 
210      544    (0)   18 :  0.071 0.015 0.035 0.032 0.009 0.030 0.120 0.038 0.010 0.040 0.014 0.063 0.083 0.082 0.019 0.028 0.038 0.129 0.042 0.100     (0.000,0.560) (0.000,0.103) (0.000,0.254) (0.000,0.227) (0.000,0.051) (0.000,0.208) (0.000,0.733) (0.000,0.287) (0.000,0.063) (0.000,0.293) (0.000,0.096) (0.000,0.420) (0.000,0.585) (0.000,0.627) (0.000,0.114) (0.000,0.204) (0.000,0.288) (0.000,0.787) (0.000,0.317) (0.000,0.719) 
211      545    (0)   19 :  0.093 0.014 0.045 0.066 0.007 0.039 0.056 0.068 0.010 0.062 0.012 0.023 0.040 0.056 0.047 0.022 0.065 0.088 0.062 0.125     (0.000,0.720) (0.000,0.090) (0.000,0.341) (0.000,0.513) (0.000,0.035) (0.000,0.283) (0.000,0.453) (0.000,0.543) (0.000,0.059) (0.000,0.508) (0.000,0.075) (0.000,0.163) (0.000,0.290) (0.000,0.459) (0.000,0.363) (0.000,0.145) (0.000,0.522) (0.000,0.710) (0.000,0.510) (0.000,0.831) 
212      546    (0)    7 :  0.121 0.011 0.035 0.058 0.009 0.103 0.066 0.056 0.007 0.100 0.009 0.021 0.038 0.036 0.043 0.012 0.027 0.054 0.039 0.153     (0.000,0.831) (0.000,0.071) (0.000,0.239) (0.000,0.453) (0.000,0.048) (0.000,0.753) (0.000,0.538) (0.000,0.448) (0.000,0.038) (0.000,0.763) (0.000,0.051) (0.000,0.142) (0.000,0.274) (0.000,0.254) (0.000,0.318) (0.000,0.069) (0.000,0.175) (0.000,0.441) (0.000,0.283) (0.000,0.890) 
213      548   (12)    7 :  0.187 0.009 0.030 0.081 0.007 0.033 0.033 0.052 0.008 0.109 0.008 0.012 0.019 0.032 0.036 0.013 0.035 0.056 0.028 0.213     (0.000,0.925) (0.000,0.053) (0.000,0.191) (0.000,0.639) (0.000,0.034) (0.000,0.231) (0.000,0.222) (0.000,0.409) (0.000,0.045) (0.000,0.786) (0.000,0.047) (0.000,0.069) (0.000,0.115) (0.000,0.208) (0.000,0.257) (0.000,0.072) (0.000,0.245) (0.000,0.455) (0.000,0.181) (0.000,0.937) 
214      552   (25)   18 :  0.073 0.036 0.048 0.079 0.009 0.043 0.127 0.039 0.036 0.045 0.030 0.029 0.024 0.035 0.114 0.007 0.024 0.051 0.035 0.116     (0.000,0.603) (0.000,0.273) (0.000,0.373) (0.000,0.608) (0.000,0.046) (0.000,0.323) (0.000,0.829) (0.000,0.289) (0.000,0.270) (0.000,0.340) (0.000,0.220) (0.000,0.211) (0.000,0.143) (0.000,0.243) (0.000,0.761) (0.000,0.037) (0.000,0.155) (0.000,0.401) (0.000,0.240) (0.000,0.812) 
215      554    (0)   13 :  0.051 0.006 0.251 0.146 0.007 0.034 0.017 0.026 0.006 0.116 0.007 0.007 0.097 0.026 0.035 0.007 0.029 0.056 0.030 0.043     (0.000,0.400) (0.000,0.032) (0.000,0.941) (0.000,0.871) (0.000,0.035) (0.000,0.243) (0.000,0.099) (0.000,0.162) (0.000,0.033) (0.000,0.812) (0.000,0.036) (0.000,0.039) (0.000,0.733) (0.000,0.163) (0.000,0.250) (0.000,0.041) (0.000,0.196) (0.000,0.460) (0.000,0.202) (0.000,0.320) 
216      555    (0)    7 :  0.142 0.008 0.121 0.064 0.008 0.044 0.038 0.023 0.007 0.140 0.006 0.011 0.037 0.045 0.049 0.017 0.016 0.075 0.065 0.081     (0.000,0.874) (0.000,0.046) (0.000,0.777) (0.000,0.520) (0.000,0.041) (0.000,0.338) (0.000,0.274) (0.000,0.143) (0.000,0.041) (0.000,0.858) (0.000,0.033) (0.000,0.063) (0.000,0.260) (0.000,0.335) (0.000,0.381) (0.000,0.113) (0.000,0.094) (0.000,0.623) (0.000,0.532) (0.000,0.658) 
217      556   (12)   18 :  0.089 0.006 0.037 0.067 0.007 0.088 0.020 0.086 0.005 0.102 0.005 0.017 0.035 0.059 0.022 0.006 0.071 0.079 0.024 0.175     (0.000,0.697) (0.000,0.030) (0.000,0.255) (0.000,0.527) (0.000,0.039) (0.000,0.639) (0.000,0.120) (0.000,0.668) (0.000,0.028) (0.000,0.706) (0.000,0.028) (0.000,0.110) (0.000,0.252) (0.000,0.467) (0.000,0.140) (0.000,0.031) (0.000,0.541) (0.000,0.640) (0.000,0.145) (0.000,0.903) 
218      559    (0)    1 :  0.077 0.021 0.078 0.069 0.005 0.078 0.057 0.019 0.016 0.071 0.018 0.014 0.023 0.022 0.275 0.007 0.015 0.040 0.034 0.060     (0.000,0.649) (0.000,0.142) (0.000,0.642) (0.000,0.582) (0.000,0.028) (0.000,0.655) (0.000,0.475) (0.000,0.107) (0.000,0.103) (0.000,0.611) (0.000,0.119) (0.000,0.077) (0.000,0.134) (0.000,0.127) (0.000,0.960) (0.000,0.037) (0.000,0.082) (0.000,0.282) (0.000,0.224) (0.000,0.505) 
219      560    (0)    4 :  0.063 0.007 0.412 0.077 0.007 0.019 0.054 0.028 0.007 0.055 0.006 0.008 0.026 0.026 0.062 0.006 0.040 0.043 0.026 0.027     (0.000,0.529) (0.000,0.036) (0.000,0.977) (0.000,0.638) (0.000,0.038) (0.000,0.112) (0.000,0.423) (0.000,0.180) (0.000,0.038) (0.000,0.428) (0.000,0.034) (0.000,0.042) (0.000,0.164) (0.000,0.164) (0.000,0.496) (0.000,0.035) (0.000,0.295) (0.000,0.313) (0.000,0.157) (0.000,0.163) 
220      564    (0)   18 :  0.079 0.007 0.032 0.024 0.006 0.197 0.028 0.096 0.006 0.042 0.006 0.012 0.044 0.098 0.033 0.009 0.088 0.100 0.027 0.067     (0.000,0.657) (0.000,0.039) (0.000,0.205) (0.000,0.147) (0.000,0.032) (0.000,0.925) (0.000,0.172) (0.000,0.747) (0.000,0.033) (0.000,0.311) (0.000,0.031) (0.000,0.070) (0.000,0.331) (0.000,0.761) (0.000,0.232) (0.000,0.050) (0.000,0.679) (0.000,0.778) (0.000,0.171) (0.000,0.559) 
221      568    (0)    3 :  0.197 0.007 0.131 0.027 0.007 0.023 0.176 0.030 0.006 0.077 0.006 0.017 0.025 0.032 0.040 0.017 0.040 0.065 0.035 0.042     (0.000,0.928) (0.000,0.040) (0.000,0.806) (0.000,0.178) (0.000,0.038) (0.000,0.146) (0.000,0.903) (0.000,0.201) (0.000,0.031) (0.000,0.630) (0.000,0.032) (0.000,0.113) (0.000,0.159) (0.000,0.211) (0.000,0.303) (0.000,0.113) (0.000,0.300) (0.000,0.546) (0.000,0.241) (0.000,0.320) 
222      569    (0)   14 :  0.081 0.018 0.040 0.078 0.007 0.063 0.036 0.049 0.023 0.055 0.016 0.014 0.064 0.067 0.029 0.007 0.058 0.086 0.055 0.153     (0.000,0.664) (0.000,0.125) (0.000,0.288) (0.000,0.615) (0.000,0.038) (0.000,0.513) (0.000,0.248) (0.000,0.382) (0.000,0.166) (0.000,0.447) (0.000,0.106) (0.000,0.082) (0.000,0.525) (0.000,0.559) (0.000,0.197) (0.000,0.039) (0.000,0.469) (0.000,0.704) (0.000,0.445) (0.000,0.885) 
223      570    (0)    1 :  0.101 0.067 0.057 0.028 0.009 0.132 0.041 0.029 0.044 0.049 0.033 0.020 0.028 0.040 0.111 0.032 0.023 0.048 0.048 0.058     (0.000,0.732) (0.000,0.438) (0.000,0.458) (0.000,0.193) (0.000,0.047) (0.000,0.813) (0.000,0.314) (0.000,0.200) (0.000,0.305) (0.000,0.391) (0.000,0.240) (0.000,0.137) (0.000,0.186) (0.000,0.308) (0.000,0.712) (0.000,0.227) (0.000,0.145) (0.000,0.381) (0.000,0.378) (0.000,0.466) 
224      571    (0)   18 :  0.067 0.007 0.036 0.056 0.006 0.259 0.026 0.067 0.006 0.038 0.006 0.011 0.032 0.086 0.067 0.008 0.078 0.079 0.022 0.043     (0.000,0.562) (0.000,0.035) (0.000,0.242) (0.000,0.449) (0.000,0.030) (0.000,0.955) (0.000,0.160) (0.000,0.557) (0.000,0.033) (0.000,0.268) (0.000,0.034) (0.000,0.066) (0.000,0.212) (0.000,0.704) (0.000,0.539) (0.000,0.046) (0.000,0.615) (0.000,0.671) (0.000,0.124) (0.000,0.311) 
225      575    (0)   18 :  0.080 0.009 0.032 0.052 0.006 0.126 0.026 0.074 0.007 0.064 0.007 0.010 0.039 0.052 0.102 0.025 0.035 0.092 0.060 0.103     (0.000,0.662) (0.000,0.050) (0.000,0.202) (0.000,0.407) (0.000,0.031) (0.000,0.841) (0.000,0.157) (0.000,0.613) (0.000,0.042) (0.000,0.535) (0.000,0.037) (0.000,0.053) (0.000,0.273) (0.000,0.415) (0.000,0.770) (0.000,0.172) (0.000,0.237) (0.000,0.746) (0.000,0.495) (0.000,0.785) 
226      576    (0)    7 :  0.130 0.030 0.057 0.114 0.009 0.061 0.085 0.024 0.014 0.110 0.018 0.033 0.023 0.024 0.076 0.018 0.016 0.036 0.044 0.078     (0.000,0.850) (0.000,0.214) (0.000,0.458) (0.000,0.799) (0.000,0.050) (0.000,0.504) (0.000,0.683) (0.000,0.148) (0.000,0.086) (0.000,0.795) (0.000,0.115) (0.000,0.238) (0.000,0.135) (0.000,0.144) (0.000,0.617) (0.000,0.124) (0.000,0.094) (0.000,0.248) (0.000,0.329) (0.000,0.638) 
227      580    (0)   18 :  0.083 0.015 0.045 0.242 0.010 0.055 0.059 0.024 0.014 0.089 0.014 0.013 0.030 0.033 0.057 0.006 0.070 0.044 0.041 0.055     (0.000,0.687) (0.000,0.095) (0.000,0.336) (0.000,0.949) (0.000,0.056) (0.000,0.444) (0.000,0.484) (0.000,0.144) (0.000,0.085) (0.000,0.717) (0.000,0.087) (0.000,0.076) (0.000,0.189) (0.000,0.219) (0.000,0.455) (0.000,0.031) (0.000,0.573) (0.000,0.330) (0.000,0.298) (0.000,0.452) 
228      582    (0)    6 :  0.060 0.010 0.023 0.026 0.013 0.173 0.020 0.041 0.017 0.042 0.011 0.009 0.140 0.096 0.028 0.006 0.129 0.063 0.024 0.070     (0.000,0.487) (0.000,0.057) (0.000,0.137) (0.000,0.175) (0.000,0.076) (0.000,0.883) (0.000,0.115) (0.000,0.306) (0.000,0.122) (0.000,0.313) (0.000,0.069) (0.000,0.050) (0.000,0.822) (0.000,0.741) (0.000,0.196) (0.000,0.032) (0.000,0.832) (0.000,0.525) (0.000,0.144) (0.000,0.577) 
229      583    (0)   16 :  0.022 0.019 0.016 0.016 0.008 0.031 0.012 0.023 0.015 0.017 0.014 0.018 0.017 0.017 0.015 0.674 0.014 0.016 0.016 0.019     (0.000,0.135) (0.000,0.120) (0.000,0.091) (0.000,0.099) (0.000,0.039) (0.000,0.208) (0.000,0.064) (0.000,0.158) (0.000,0.099) (0.000,0.105) (0.000,0.083) (0.000,0.100) (0.000,0.105) (0.000,0.103) (0.000,0.091) (0.002,0.986) (0.000,0.086) (0.000,0.098) (0.000,0.097) (0.000,0.117) 
230      584    (0)   16 :  0.041 0.070 0.029 0.024 0.010 0.028 0.031 0.035 0.077 0.022 0.039 0.038 0.017 0.020 0.035 0.371 0.023 0.028 0.025 0.037     (0.000,0.314) (0.000,0.476) (0.000,0.199) (0.000,0.164) (0.000,0.052) (0.000,0.191) (0.000,0.231) (0.000,0.267) (0.000,0.469) (0.000,0.147) (0.000,0.299) (0.000,0.285) (0.000,0.104) (0.000,0.123) (0.000,0.263) (0.000,0.898) (0.000,0.161) (0.000,0.200) (0.000,0.166) (0.000,0.273) 
231      592    (0)    7 :  0.070 0.011 0.059 0.057 0.008 0.050 0.052 0.086 0.009 0.066 0.008 0.007 0.032 0.088 0.136 0.008 0.108 0.057 0.044 0.045     (0.000,0.594) (0.000,0.066) (0.000,0.482) (0.000,0.458) (0.000,0.042) (0.000,0.386) (0.000,0.412) (0.000,0.697) (0.000,0.053) (0.000,0.552) (0.000,0.046) (0.000,0.037) (0.000,0.204) (0.000,0.722) (0.000,0.857) (0.000,0.042) (0.000,0.799) (0.000,0.464) (0.000,0.328) (0.000,0.339) 
232      593    (0)   18 :  0.041 0.014 0.038 0.040 0.007 0.158 0.019 0.113 0.012 0.035 0.012 0.010 0.102 0.091 0.075 0.013 0.054 0.063 0.029 0.076     (0.000,0.302) (0.000,0.089) (0.000,0.267) (0.000,0.301) (0.000,0.034) (0.000,0.863) (0.000,0.107) (0.000,0.787) (0.000,0.080) (0.000,0.245) (0.000,0.071) (0.000,0.053) (0.000,0.738) (0.000,0.721) (0.000,0.598) (0.000,0.075) (0.000,0.428) (0.000,0.526) (0.000,0.183) (0.000,0.633) 
233      599    (0)    4 :  0.089 0.021 0.047 0.089 0.007 0.075 0.033 0.077 0.022 0.060 0.016 0.012 0.038 0.058 0.052 0.013 0.067 0.073 0.059 0.089     (0.000,0.718) (0.000,0.142) (0.000,0.365) (0.000,0.693) (0.000,0.038) (0.000,0.611) (0.000,0.222) (0.000,0.631) (0.000,0.158) (0.000,0.501) (0.000,0.104) (0.000,0.070) (0.000,0.273) (0.000,0.476) (0.000,0.415) (0.000,0.075) (0.000,0.548) (0.000,0.612) (0.000,0.485) (0.000,0.711) 
234      604    (0)   18 :  0.054 0.008 0.033 0.048 0.007 0.057 0.026 0.050 0.009 0.046 0.009 0.011 0.188 0.063 0.014 0.007 0.069 0.077 0.041 0.183     (0.000,0.439) (0.000,0.045) (0.000,0.216) (0.000,0.371) (0.000,0.035) (0.000,0.460) (0.000,0.155) (0.000,0.390) (0.000,0.052) (0.000,0.351) (0.000,0.051) (0.000,0.066) (0.000,0.922) (0.000,0.534) (0.000,0.078) (0.000,0.036) (0.000,0.570) (0.000,0.661) (0.000,0.293) (0.000,0.928) 
235      612    (0)   18 :  0.027 0.005 0.020 0.016 0.007 0.172 0.015 0.038 0.005 0.026 0.004 0.007 0.340 0.058 0.040 0.007 0.065 0.055 0.036 0.056     (0.000,0.169) (0.000,0.027) (0.000,0.116) (0.000,0.096) (0.000,0.038) (0.000,0.907) (0.000,0.084) (0.000,0.261) (0.000,0.024) (0.000,0.169) (0.000,0.023) (0.000,0.039) (0.000,0.973) (0.000,0.487) (0.000,0.298) (0.000,0.038) (0.000,0.532) (0.000,0.447) (0.000,0.254) (0.000,0.452) 
236      613    (0)   18 :  0.027 0.005 0.017 0.013 0.006 0.247 0.014 0.040 0.005 0.024 0.004 0.007 0.309 0.055 0.042 0.008 0.038 0.052 0.028 0.060     (0.000,0.168) (0.000,0.027) (0.000,0.096) (0.000,0.075) (0.000,0.032) (0.000,0.953) (0.000,0.077) (0.000,0.282) (0.000,0.024) (0.000,0.146) (0.000,0.023) (0.000,0.036) (0.000,0.969) (0.000,0.445) (0.000,0.311) (0.000,0.042) (0.000,0.267) (0.000,0.417) (0.000,0.176) (0.000,0.497) 
237      615    (0)   15 :  0.092 0.007 0.034 0.017 0.007 0.035 0.156 0.036 0.006 0.040 0.005 0.010 0.041 0.066 0.025 0.008 0.031 0.186 0.057 0.140     (0.000,0.734) (0.000,0.037) (0.000,0.228) (0.000,0.100) (0.000,0.038) (0.000,0.247) (0.000,0.872) (0.000,0.253) (0.000,0.031) (0.000,0.298) (0.000,0.028) (0.000,0.052) (0.000,0.303) (0.000,0.547) (0.000,0.163) (0.000,0.045) (0.000,0.216) (0.000,0.921) (0.000,0.460) (0.000,0.877) 
238      616    (0)   17 :  0.064 0.011 0.023 0.017 0.008 0.028 0.037 0.062 0.008 0.048 0.008 0.018 0.138 0.054 0.035 0.050 0.176 0.089 0.065 0.059     (0.000,0.527) (0.000,0.064) (0.000,0.141) (0.000,0.100) (0.000,0.042) (0.000,0.185) (0.000,0.265) (0.000,0.509) (0.000,0.051) (0.000,0.374) (0.000,0.047) (0.000,0.124) (0.000,0.831) (0.000,0.429) (0.000,0.248) (0.000,0.375) (0.000,0.901) (0.000,0.709) (0.000,0.535) (0.000,0.483) 
239      620    (0)   13 :  0.099 0.008 0.038 0.032 0.006 0.056 0.051 0.082 0.008 0.057 0.007 0.010 0.076 0.045 0.046 0.013 0.061 0.105 0.049 0.151     (0.000,0.772) (0.000,0.046) (0.000,0.265) (0.000,0.217) (0.000,0.031) (0.000,0.454) (0.000,0.402) (0.000,0.661) (0.000,0.046) (0.000,0.472) (0.000,0.042) (0.000,0.059) (0.000,0.619) (0.000,0.333) (0.000,0.345) (0.000,0.074) (0.000,0.494) (0.000,0.796) (0.000,0.381) (0.000,0.891) 
240      623    (0)   18 :  0.064 0.010 0.047 0.039 0.008 0.132 0.033 0.055 0.010 0.041 0.009 0.016 0.062 0.033 0.099 0.107 0.048 0.072 0.041 0.075     (0.000,0.518) (0.000,0.060) (0.000,0.356) (0.000,0.293) (0.000,0.044) (0.000,0.803) (0.000,0.230) (0.000,0.440) (0.000,0.064) (0.000,0.307) (0.000,0.059) (0.000,0.104) (0.000,0.497) (0.000,0.225) (0.000,0.668) (0.000,0.525) (0.000,0.374) (0.000,0.587) (0.000,0.299) (0.000,0.607) 
241      624    (0)    3 :  0.074 0.008 0.042 0.038 0.006 0.084 0.045 0.066 0.008 0.033 0.007 0.017 0.030 0.084 0.057 0.011 0.165 0.127 0.039 0.060     (0.000,0.613) (0.000,0.048) (0.000,0.306) (0.000,0.266) (0.000,0.033) (0.000,0.644) (0.000,0.343) (0.000,0.535) (0.000,0.044) (0.000,0.226) (0.000,0.042) (0.000,0.113) (0.000,0.194) (0.000,0.675) (0.000,0.439) (0.000,0.063) (0.000,0.881) (0.000,0.846) (0.000,0.281) (0.000,0.492) 
242      625    (0)   18 :  0.041 0.006 0.101 0.071 0.007 0.031 0.032 0.127 0.005 0.066 0.006 0.009 0.145 0.031 0.074 0.015 0.070 0.067 0.036 0.059     (0.000,0.303) (0.000,0.032) (0.000,0.754) (0.000,0.578) (0.000,0.034) (0.000,0.212) (0.000,0.214) (0.000,0.836) (0.000,0.026) (0.000,0.545) (0.000,0.035) (0.000,0.051) (0.000,0.863) (0.000,0.205) (0.000,0.591) (0.000,0.095) (0.000,0.573) (0.000,0.561) (0.000,0.247) (0.000,0.492) 
243      626    (0)   18 :  0.062 0.006 0.053 0.041 0.007 0.049 0.039 0.137 0.005 0.082 0.006 0.011 0.072 0.043 0.088 0.026 0.069 0.078 0.056 0.072     (0.000,0.518) (0.000,0.033) (0.000,0.423) (0.000,0.299) (0.000,0.034) (0.000,0.382) (0.000,0.271) (0.000,0.858) (0.000,0.025) (0.000,0.679) (0.000,0.029) (0.000,0.060) (0.000,0.591) (0.000,0.312) (0.000,0.691) (0.000,0.182) (0.000,0.574) (0.000,0.654) (0.000,0.454) (0.000,0.606) 
244      627    (0)   10 :  0.068 0.007 0.046 0.037 0.007 0.095 0.042 0.086 0.005 0.068 0.006 0.009 0.066 0.079 0.097 0.011 0.043 0.079 0.061 0.088     (0.000,0.581) (0.000,0.037) (0.000,0.347) (0.000,0.261) (0.000,0.034) (0.000,0.729) (0.000,0.307) (0.000,0.693) (0.000,0.028) (0.000,0.576) (0.000,0.030) (0.000,0.047) (0.000,0.551) (0.000,0.661) (0.000,0.744) (0.000,0.066) (0.000,0.319) (0.000,0.670) (0.000,0.500) (0.000,0.718) 
245      630    (0)   18 :  0.037 0.008 0.048 0.083 0.007 0.044 0.023 0.060 0.006 0.055 0.007 0.014 0.064 0.090 0.036 0.017 0.106 0.092 0.117 0.085     (0.000,0.259) (0.000,0.042) (0.000,0.375) (0.000,0.670) (0.000,0.037) (0.000,0.325) (0.000,0.138) (0.000,0.490) (0.000,0.034) (0.000,0.446) (0.000,0.037) (0.000,0.079) (0.000,0.541) (0.000,0.728) (0.000,0.246) (0.000,0.110) (0.000,0.778) (0.000,0.741) (0.000,0.827) (0.000,0.695) 
246      634    (0)   18 :  0.054 0.032 0.093 0.167 0.010 0.039 0.071 0.026 0.024 0.074 0.031 0.031 0.037 0.035 0.040 0.006 0.046 0.045 0.049 0.090     (0.000,0.438) (0.000,0.236) (0.000,0.708) (0.000,0.892) (0.000,0.053) (0.000,0.281) (0.000,0.581) (0.000,0.163) (0.000,0.178) (0.000,0.606) (0.000,0.233) (0.000,0.220) (0.000,0.265) (0.000,0.244) (0.000,0.296) (0.000,0.033) (0.000,0.352) (0.000,0.342) (0.000,0.379) (0.000,0.704) 
247      635   (12)    4 :  0.076 0.010 0.038 0.077 0.023 0.083 0.048 0.036 0.011 0.084 0.009 0.032 0.052 0.077 0.056 0.019 0.032 0.066 0.087 0.085     (0.000,0.628) (0.000,0.054) (0.000,0.277) (0.000,0.620) (0.000,0.153) (0.000,0.632) (0.000,0.366) (0.000,0.256) (0.000,0.064) (0.000,0.677) (0.000,0.052) (0.000,0.234) (0.000,0.411) (0.000,0.631) (0.000,0.447) (0.000,0.124) (0.000,0.224) (0.000,0.549) (0.000,0.684) (0.000,0.681) 
248      639    (0)   17 :  0.087 0.007 0.037 0.050 0.007 0.030 0.092 0.029 0.006 0.048 0.005 0.009 0.024 0.068 0.181 0.027 0.057 0.085 0.091 0.058     (0.000,0.706) (0.000,0.038) (0.000,0.254) (0.000,0.389) (0.000,0.039) (0.000,0.192) (0.000,0.715) (0.000,0.179) (0.000,0.030) (0.000,0.374) (0.000,0.028) (0.000,0.053) (0.000,0.143) (0.000,0.567) (0.000,0.900) (0.000,0.199) (0.000,0.455) (0.000,0.704) (0.000,0.718) (0.000,0.471) 
249      640    (0)   13 :  0.059 0.019 0.033 0.054 0.010 0.059 0.047 0.052 0.024 0.048 0.018 0.047 0.162 0.041 0.040 0.011 0.057 0.065 0.058 0.098     (0.000,0.485) (0.000,0.130) (0.000,0.234) (0.000,0.430) (0.000,0.051) (0.000,0.482) (0.000,0.359) (0.000,0.415) (0.000,0.174) (0.000,0.374) (0.000,0.121) (0.000,0.346) (0.000,0.881) (0.000,0.301) (0.000,0.298) (0.000,0.065) (0.000,0.453) (0.000,0.537) (0.000,0.466) (0.000,0.735) 
250      641    (0)    7 :  0.129 0.013 0.034 0.070 0.008 0.134 0.072 0.028 0.011 0.069 0.010 0.010 0.036 0.044 0.077 0.007 0.031 0.064 0.040 0.111     (0.000,0.858) (0.000,0.080) (0.000,0.218) (0.000,0.577) (0.000,0.041) (0.000,0.848) (0.000,0.589) (0.000,0.177) (0.000,0.063) (0.000,0.585) (0.000,0.062) (0.000,0.059) (0.000,0.250) (0.000,0.329) (0.000,0.624) (0.000,0.040) (0.000,0.201) (0.000,0.542) (0.000,0.283) (0.000,0.810) 
251      642    (0)    1 :  0.069 0.006 0.023 0.047 0.009 0.347 0.022 0.043 0.008 0.063 0.006 0.014 0.056 0.026 0.053 0.010 0.020 0.054 0.031 0.093     (0.000,0.597) (0.000,0.030) (0.000,0.129) (0.000,0.361) (0.000,0.052) (0.000,0.975) (0.000,0.127) (0.000,0.327) (0.000,0.044) (0.000,0.541) (0.000,0.034) (0.000,0.079) (0.000,0.461) (0.000,0.149) (0.000,0.427) (0.000,0.056) (0.000,0.114) (0.000,0.437) (0.000,0.191) (0.000,0.753) 
252      647    (0)    7 :  0.089 0.013 0.081 0.021 0.007 0.058 0.078 0.105 0.011 0.062 0.009 0.008 0.047 0.067 0.073 0.007 0.047 0.065 0.041 0.110     (0.000,0.718) (0.000,0.082) (0.000,0.662) (0.000,0.122) (0.000,0.036) (0.000,0.470) (0.000,0.645) (0.000,0.767) (0.000,0.066) (0.000,0.510) (0.000,0.055) (0.000,0.043) (0.000,0.361) (0.000,0.562) (0.000,0.580) (0.000,0.039) (0.000,0.366) (0.000,0.548) (0.000,0.297) (0.000,0.803) 
253      651    (0)   13 :  0.039 0.007 0.082 0.059 0.011 0.032 0.061 0.226 0.006 0.060 0.006 0.018 0.056 0.042 0.046 0.014 0.036 0.045 0.052 0.103     (0.000,0.268) (0.000,0.037) (0.000,0.682) (0.000,0.481) (0.000,0.060) (0.000,0.208) (0.000,0.500) (0.000,0.941) (0.000,0.030) (0.000,0.502) (0.000,0.030) (0.000,0.110) (0.000,0.451) (0.000,0.303) (0.000,0.349) (0.000,0.091) (0.000,0.254) (0.000,0.336) (0.000,0.409) (0.000,0.789) 
254      660    (0)    7 :  0.144 0.025 0.070 0.047 0.008 0.037 0.076 0.039 0.018 0.090 0.023 0.013 0.040 0.036 0.036 0.015 0.108 0.060 0.038 0.076     (0.000,0.867) (0.000,0.181) (0.000,0.575) (0.000,0.363) (0.000,0.044) (0.000,0.265) (0.000,0.614) (0.000,0.293) (0.000,0.121) (0.000,0.705) (0.000,0.168) (0.000,0.077) (0.000,0.294) (0.000,0.250) (0.000,0.261) (0.000,0.090) (0.000,0.749) (0.000,0.495) (0.000,0.274) (0.000,0.624) 
255      662   (12)   13 :  0.055 0.008 0.046 0.056 0.010 0.043 0.024 0.056 0.007 0.061 0.008 0.009 0.101 0.071 0.019 0.011 0.225 0.063 0.068 0.059     (0.000,0.450) (0.000,0.044) (0.000,0.345) (0.000,0.457) (0.000,0.051) (0.000,0.310) (0.000,0.135) (0.000,0.457) (0.000,0.041) (0.000,0.513) (0.000,0.043) (0.000,0.050) (0.000,0.771) (0.000,0.615) (0.000,0.109) (0.000,0.062) (0.000,0.947) (0.000,0.538) (0.000,0.579) (0.000,0.491) 
256      663   (12)   13 :  0.096 0.010 0.035 0.029 0.008 0.094 0.028 0.084 0.009 0.055 0.008 0.008 0.087 0.098 0.030 0.016 0.067 0.089 0.051 0.100     (0.000,0.765) (0.000,0.054) (0.000,0.233) (0.000,0.184) (0.000,0.039) (0.000,0.732) (0.000,0.175) (0.000,0.695) (0.000,0.049) (0.000,0.445) (0.000,0.044) (0.000,0.041) (0.000,0.696) (0.000,0.772) (0.000,0.193) (0.000,0.092) (0.000,0.567) (0.000,0.727) (0.000,0.403) (0.000,0.774) 
257      664    (0)   16 :  0.015 0.012 0.012 0.012 0.007 0.018 0.010 0.017 0.012 0.014 0.010 0.011 0.023 0.017 0.012 0.733 0.020 0.016 0.015 0.015     (0.000,0.092) (0.000,0.072) (0.000,0.067) (0.000,0.070) (0.000,0.036) (0.000,0.115) (0.000,0.055) (0.000,0.111) (0.000,0.072) (0.000,0.080) (0.000,0.059) (0.000,0.066) (0.000,0.158) (0.000,0.109) (0.000,0.070) (0.308,0.988) (0.000,0.130) (0.000,0.099) (0.000,0.090) (0.000,0.090) 
258      668    (0)    7 :  0.074 0.016 0.092 0.092 0.008 0.094 0.056 0.049 0.016 0.032 0.016 0.042 0.028 0.082 0.038 0.013 0.059 0.075 0.038 0.078     (0.000,0.607) (0.000,0.109) (0.000,0.708) (0.000,0.690) (0.000,0.042) (0.000,0.690) (0.000,0.443) (0.000,0.380) (0.000,0.111) (0.000,0.220) (0.000,0.107) (0.000,0.314) (0.000,0.181) (0.000,0.654) (0.000,0.277) (0.000,0.080) (0.000,0.449) (0.000,0.615) (0.000,0.278) (0.000,0.628) 
259      675    (0)    7 :  0.053 0.006 0.066 0.068 0.008 0.069 0.036 0.147 0.006 0.065 0.006 0.008 0.070 0.058 0.064 0.010 0.084 0.061 0.043 0.072     (0.000,0.427) (0.000,0.035) (0.000,0.553) (0.000,0.566) (0.000,0.039) (0.000,0.572) (0.000,0.248) (0.000,0.888) (0.000,0.032) (0.000,0.544) (0.000,0.033) (0.000,0.043) (0.000,0.589) (0.000,0.475) (0.000,0.524) (0.000,0.053) (0.000,0.684) (0.000,0.508) (0.000,0.313) (0.000,0.615) 
260      676    (0)   14 :  0.050 0.008 0.065 0.047 0.009 0.032 0.040 0.079 0.007 0.066 0.007 0.009 0.047 0.077 0.049 0.009 0.200 0.060 0.090 0.047     (0.000,0.390) (0.000,0.047) (0.000,0.554) (0.000,0.355) (0.000,0.048) (0.000,0.210) (0.000,0.283) (0.000,0.664) (0.000,0.036) (0.000,0.565) (0.000,0.035) (0.000,0.047) (0.000,0.356) (0.000,0.654) (0.000,0.382) (0.000,0.052) (0.000,0.934) (0.000,0.505) (0.000,0.728) (0.000,0.365) 
261      681    (0)   18 :  0.071 0.031 0.035 0.061 0.009 0.046 0.049 0.045 0.022 0.036 0.010 0.012 0.062 0.149 0.030 0.009 0.055 0.141 0.078 0.051     (0.000,0.591) (0.000,0.231) (0.000,0.243) (0.000,0.485) (0.000,0.046) (0.000,0.344) (0.000,0.377) (0.000,0.342) (0.000,0.158) (0.000,0.251) (0.000,0.058) (0.000,0.069) (0.000,0.505) (0.000,0.878) (0.000,0.201) (0.000,0.048) (0.000,0.439) (0.000,0.863) (0.000,0.623) (0.000,0.405) 
262      682    (0)   14 :  0.057 0.016 0.045 0.038 0.011 0.126 0.045 0.064 0.012 0.047 0.011 0.012 0.085 0.065 0.077 0.007 0.077 0.064 0.038 0.102     (0.000,0.454) (0.000,0.105) (0.000,0.342) (0.000,0.278) (0.000,0.062) (0.000,0.787) (0.000,0.345) (0.000,0.510) (0.000,0.075) (0.000,0.364) (0.000,0.067) (0.000,0.068) (0.000,0.645) (0.000,0.524) (0.000,0.598) (0.000,0.037) (0.000,0.615) (0.000,0.531) (0.000,0.278) (0.000,0.761) 
263      686    (0)   14 :  0.037 0.009 0.052 0.067 0.007 0.036 0.021 0.084 0.008 0.045 0.008 0.011 0.053 0.098 0.028 0.022 0.174 0.079 0.090 0.070     (0.000,0.254) (0.000,0.053) (0.000,0.414) (0.000,0.560) (0.000,0.038) (0.000,0.250) (0.000,0.119) (0.000,0.679) (0.000,0.046) (0.000,0.335) (0.000,0.046) (0.000,0.061) (0.000,0.421) (0.000,0.767) (0.000,0.176) (0.000,0.144) (0.000,0.911) (0.000,0.671) (0.000,0.725) (0.000,0.594) 
264      687    (0)   13 :  0.074 0.017 0.046 0.028 0.007 0.055 0.039 0.106 0.013 0.049 0.010 0.011 0.042 0.107 0.047 0.016 0.059 0.085 0.083 0.105     (0.000,0.617) (0.000,0.112) (0.000,0.345) (0.000,0.179) (0.000,0.037) (0.000,0.441) (0.000,0.275) (0.000,0.779) (0.000,0.083) (0.000,0.378) (0.000,0.060) (0.000,0.062) (0.000,0.313) (0.000,0.794) (0.000,0.366) (0.000,0.094) (0.000,0.487) (0.000,0.701) (0.000,0.680) (0.000,0.787) 
265      692   (12)   17 :  0.061 0.017 0.083 0.092 0.020 0.076 0.043 0.046 0.031 0.083 0.022 0.023 0.042 0.050 0.066 0.008 0.073 0.052 0.050 0.061     (0.000,0.498) (0.000,0.109) (0.000,0.642) (0.000,0.702) (0.000,0.129) (0.000,0.605) (0.000,0.325) (0.000,0.358) (0.000,0.227) (0.000,0.668) (0.000,0.154) (0.000,0.147) (0.000,0.318) (0.000,0.395) (0.000,0.534) (0.000,0.043) (0.000,0.584) (0.000,0.420) (0.000,0.392) (0.000,0.503) 
266      693    (0)    3 :  0.046 0.008 0.509 0.034 0.008 0.012 0.115 0.025 0.006 0.024 0.007 0.024 0.026 0.018 0.023 0.015 0.024 0.029 0.025 0.023     (0.000,0.353) (0.000,0.043) (0.000,0.983) (0.000,0.241) (0.000,0.040) (0.000,0.068) (0.000,0.789) (0.000,0.161) (0.000,0.031) (0.000,0.145) (0.000,0.036) (0.000,0.157) (0.000,0.179) (0.000,0.104) (0.000,0.141) (0.000,0.100) (0.000,0.151) (0.000,0.177) (0.000,0.162) (0.000,0.143) 
267      694    (0)   19 :  0.056 0.012 0.022 0.039 0.007 0.191 0.021 0.037 0.010 0.026 0.006 0.008 0.167 0.106 0.040 0.010 0.040 0.121 0.041 0.041     (0.000,0.444) (0.000,0.071) (0.000,0.131) (0.000,0.285) (0.000,0.038) (0.000,0.910) (0.000,0.126) (0.000,0.260) (0.000,0.058) (0.000,0.162) (0.000,0.034) (0.000,0.044) (0.000,0.888) (0.000,0.784) (0.000,0.292) (0.000,0.059) (0.000,0.300) (0.000,0.833) (0.000,0.303) (0.000,0.297) 
268      697    (0)   14 :  0.047 0.007 0.050 0.082 0.008 0.051 0.022 0.074 0.006 0.058 0.006 0.010 0.056 0.053 0.033 0.021 0.180 0.075 0.099 0.063     (0.000,0.356) (0.000,0.036) (0.000,0.393) (0.000,0.672) (0.000,0.040) (0.000,0.396) (0.000,0.124) (0.000,0.620) (0.000,0.033) (0.000,0.480) (0.000,0.033) (0.000,0.056) (0.000,0.455) (0.000,0.427) (0.000,0.222) (0.000,0.141) (0.000,0.915) (0.000,0.642) (0.000,0.766) (0.000,0.523) 
269      703    (0)    1 :  0.085 0.022 0.035 0.029 0.011 0.048 0.060 0.064 0.022 0.049 0.015 0.019 0.092 0.064 0.058 0.013 0.127 0.065 0.065 0.058     (0.000,0.682) (0.000,0.155) (0.000,0.248) (0.000,0.192) (0.000,0.060) (0.000,0.373) (0.000,0.492) (0.000,0.527) (0.000,0.159) (0.000,0.386) (0.000,0.096) (0.000,0.125) (0.000,0.689) (0.000,0.533) (0.000,0.461) (0.000,0.081) (0.000,0.827) (0.000,0.546) (0.000,0.540) (0.000,0.476) 
270      704    (0)    1 :  0.122 0.009 0.044 0.056 0.008 0.078 0.063 0.064 0.008 0.056 0.007 0.011 0.041 0.067 0.072 0.023 0.030 0.069 0.068 0.105     (0.000,0.841) (0.000,0.053) (0.000,0.324) (0.000,0.446) (0.000,0.042) (0.000,0.628) (0.000,0.519) (0.000,0.524) (0.000,0.045) (0.000,0.456) (0.000,0.039) (0.000,0.063) (0.000,0.293) (0.000,0.561) (0.000,0.586) (0.000,0.158) (0.000,0.195) (0.000,0.582) (0.000,0.556) (0.000,0.792) 
271      705    (0)   13 :  0.093 0.035 0.056 0.037 0.009 0.063 0.060 0.052 0.037 0.053 0.031 0.023 0.087 0.050 0.079 0.015 0.063 0.054 0.042 0.060     (0.000,0.709) (0.000,0.260) (0.000,0.449) (0.000,0.276) (0.000,0.047) (0.000,0.512) (0.000,0.488) (0.000,0.414) (0.000,0.270) (0.000,0.425) (0.000,0.230) (0.000,0.158) (0.000,0.639) (0.000,0.391) (0.000,0.599) (0.000,0.097) (0.000,0.502) (0.000,0.438) (0.000,0.312) (0.000,0.492) 
272      708    (0)    1 :  0.145 0.008 0.043 0.121 0.010 0.027 0.035 0.029 0.006 0.193 0.007 0.007 0.018 0.043 0.032 0.006 0.141 0.034 0.032 0.062     (0.000,0.885) (0.000,0.044) (0.000,0.315) (0.000,0.838) (0.000,0.055) (0.000,0.173) (0.000,0.250) (0.000,0.181) (0.000,0.036) (0.000,0.927) (0.000,0.038) (0.000,0.036) (0.000,0.099) (0.000,0.321) (0.000,0.217) (0.000,0.033) (0.000,0.871) (0.000,0.229) (0.000,0.214) (0.000,0.508) 
273      709    (0)   10 :  0.082 0.015 0.044 0.112 0.010 0.039 0.056 0.038 0.013 0.043 0.012 0.038 0.039 0.057 0.029 0.081 0.022 0.052 0.093 0.124     (0.000,0.673) (0.000,0.091) (0.000,0.326) (0.000,0.793) (0.000,0.054) (0.000,0.277) (0.000,0.454) (0.000,0.276) (0.000,0.077) (0.000,0.322) (0.000,0.069) (0.000,0.279) (0.000,0.284) (0.000,0.470) (0.000,0.192) (0.000,0.570) (0.000,0.142) (0.000,0.418) (0.000,0.720) (0.000,0.835) 
274      710    (0)   13 :  0.061 0.011 0.046 0.053 0.007 0.030 0.038 0.067 0.012 0.041 0.009 0.011 0.030 0.049 0.058 0.023 0.198 0.100 0.083 0.072     (0.000,0.505) (0.000,0.065) (0.000,0.351) (0.000,0.421) (0.000,0.035) (0.000,0.189) (0.000,0.271) (0.000,0.554) (0.000,0.072) (0.000,0.299) (0.000,0.053) (0.000,0.060) (0.000,0.193) (0.000,0.385) (0.000,0.464) (0.000,0.157) (0.000,0.924) (0.000,0.773) (0.000,0.675) (0.000,0.610) 
275      712    (0)   18 :  0.077 0.017 0.038 0.090 0.010 0.031 0.044 0.030 0.012 0.041 0.012 0.036 0.034 0.068 0.023 0.156 0.026 0.050 0.117 0.086     (0.000,0.638) (0.000,0.105) (0.000,0.268) (0.000,0.710) (0.000,0.052) (0.000,0.203) (0.000,0.334) (0.000,0.199) (0.000,0.075) (0.000,0.300) (0.000,0.076) (0.000,0.268) (0.000,0.238) (0.000,0.575) (0.000,0.136) (0.000,0.828) (0.000,0.174) (0.000,0.389) (0.000,0.812) (0.000,0.696) 
276      713    (0)   18 :  0.052 0.010 0.040 0.084 0.007 0.051 0.019 0.052 0.009 0.045 0.009 0.011 0.049 0.089 0.027 0.033 0.154 0.088 0.103 0.067     (0.000,0.411) (0.000,0.056) (0.000,0.281) (0.000,0.682) (0.000,0.036) (0.000,0.405) (0.000,0.103) (0.000,0.414) (0.000,0.054) (0.000,0.342) (0.000,0.051) (0.000,0.061) (0.000,0.381) (0.000,0.720) (0.000,0.162) (0.000,0.242) (0.000,0.890) (0.000,0.721) (0.000,0.778) (0.000,0.573) 
277      716    (0)    7 :  0.084 0.009 0.089 0.068 0.006 0.064 0.062 0.078 0.011 0.056 0.011 0.009 0.035 0.023 0.195 0.011 0.043 0.053 0.026 0.068     (0.000,0.700) (0.000,0.054) (0.000,0.718) (0.000,0.571) (0.000,0.030) (0.000,0.528) (0.000,0.524) (0.000,0.636) (0.000,0.063) (0.000,0.458) (0.000,0.065) (0.000,0.046) (0.000,0.243) (0.000,0.134) (0.000,0.925) (0.000,0.059) (0.000,0.324) (0.000,0.431) (0.000,0.153) (0.000,0.571) 
278      717    (0)   14 :  0.089 0.012 0.039 0.054 0.006 0.114 0.031 0.087 0.013 0.047 0.011 0.011 0.054 0.066 0.044 0.017 0.043 0.083 0.054 0.124     (0.000,0.727) (0.000,0.075) (0.000,0.277) (0.000,0.429) (0.000,0.032) (0.000,0.804) (0.000,0.194) (0.000,0.696) (0.000,0.085) (0.000,0.364) (0.000,0.065) (0.000,0.059) (0.000,0.438) (0.000,0.556) (0.000,0.329) (0.000,0.098) (0.000,0.317) (0.000,0.694) (0.000,0.433) (0.000,0.843) 
279      718    (0)   18 :  0.077 0.035 0.061 0.063 0.008 0.031 0.042 0.027 0.024 0.041 0.020 0.023 0.023 0.080 0.040 0.065 0.041 0.070 0.147 0.082     (0.000,0.628) (0.000,0.263) (0.000,0.491) (0.000,0.513) (0.000,0.041) (0.000,0.205) (0.000,0.312) (0.000,0.168) (0.000,0.172) (0.000,0.301) (0.000,0.137) (0.000,0.152) (0.000,0.138) (0.000,0.646) (0.000,0.290) (0.000,0.472) (0.000,0.314) (0.000,0.582) (0.000,0.862) (0.000,0.659) 
280      724   (12)   13 :  0.030 0.006 0.075 0.042 0.010 0.035 0.030 0.146 0.005 0.050 0.006 0.010 0.105 0.089 0.030 0.011 0.128 0.059 0.069 0.063     (0.000,0.184) (0.000,0.032) (0.000,0.636) (0.000,0.302) (0.000,0.053) (0.000,0.239) (0.000,0.186) (0.000,0.889) (0.000,0.026) (0.000,0.392) (0.000,0.031) (0.000,0.051) (0.000,0.803) (0.000,0.735) (0.000,0.188) (0.000,0.063) (0.000,0.857) (0.000,0.491) (0.000,0.589) (0.000,0.536) 
281      726    (0)    8 :  0.062 0.004 0.037 0.034 0.006 0.116 0.029 0.075 0.004 0.040 0.004 0.005 0.112 0.092 0.040 0.011 0.095 0.094 0.037 0.102     (0.000,0.521) (0.000,0.022) (0.000,0.257) (0.000,0.224) (0.000,0.030) (0.000,0.821) (0.000,0.181) (0.000,0.635) (0.000,0.022) (0.000,0.281) (0.000,0.023) (0.000,0.029) (0.000,0.816) (0.000,0.744) (0.000,0.291) (0.000,0.063) (0.000,0.745) (0.000,0.758) (0.000,0.253) (0.000,0.790) 
282      727    (0)   20 :  0.083 0.019 0.046 0.065 0.008 0.064 0.050 0.030 0.020 0.034 0.011 0.013 0.133 0.087 0.019 0.007 0.046 0.131 0.058 0.075     (0.000,0.672) (0.000,0.136) (0.000,0.360) (0.000,0.509) (0.000,0.039) (0.000,0.521) (0.000,0.387) (0.000,0.205) (0.000,0.146) (0.000,0.237) (0.000,0.071) (0.000,0.073) (0.000,0.819) (0.000,0.685) (0.000,0.111) (0.000,0.038) (0.000,0.363) (0.000,0.844) (0.000,0.467) (0.000,0.599) 
283      729    (0)   14 :  0.052 0.015 0.027 0.029 0.029 0.083 0.032 0.026 0.027 0.033 0.016 0.091 0.088 0.048 0.031 0.166 0.052 0.047 0.055 0.053     (0.000,0.406) (0.000,0.099) (0.000,0.184) (0.000,0.209) (0.000,0.203) (0.000,0.586) (0.000,0.234) (0.000,0.177) (0.000,0.197) (0.000,0.238) (0.000,0.112) (0.000,0.532) (0.000,0.630) (0.000,0.372) (0.000,0.226) (0.000,0.649) (0.000,0.406) (0.000,0.363) (0.000,0.439) (0.000,0.421) 
284      730    (0)   14 :  0.019 0.022 0.033 0.019 0.010 0.023 0.016 0.032 0.027 0.017 0.026 0.057 0.403 0.021 0.016 0.115 0.060 0.030 0.026 0.029     (0.000,0.114) (0.000,0.162) (0.000,0.247) (0.000,0.119) (0.000,0.055) (0.000,0.148) (0.000,0.089) (0.000,0.224) (0.000,0.201) (0.000,0.093) (0.000,0.195) (0.000,0.418) (0.000,0.967) (0.000,0.131) (0.000,0.097) (0.000,0.602) (0.000,0.478) (0.000,0.203) (0.000,0.167) (0.000,0.196) 
285      731    (0)   14 :  0.037 0.005 0.034 0.033 0.007 0.083 0.021 0.081 0.004 0.024 0.004 0.023 0.034 0.105 0.021 0.101 0.110 0.121 0.074 0.078     (0.000,0.255) (0.000,0.026) (0.000,0.228) (0.000,0.220) (0.000,0.038) (0.000,0.617) (0.000,0.127) (0.000,0.632) (0.000,0.023) (0.000,0.147) (0.000,0.022) (0.000,0.163) (0.000,0.239) (0.000,0.770) (0.000,0.122) (0.000,0.598) (0.000,0.706) (0.000,0.827) (0.000,0.587) (0.000,0.628) 
286      733    (0)   14 :  0.036 0.006 0.034 0.045 0.007 0.070 0.021 0.058 0.006 0.020 0.005 0.030 0.031 0.130 0.018 0.068 0.115 0.134 0.076 0.090     (0.000,0.251) (0.000,0.033) (0.000,0.228) (0.000,0.335) (0.000,0.038) (0.000,0.541) (0.000,0.130) (0.000,0.464) (0.000,0.031) (0.000,0.119) (0.000,0.029) (0.000,0.215) (0.000,0.202) (0.000,0.848) (0.000,0.103) (0.000,0.472) (0.000,0.727) (0.000,0.857) (0.000,0.605) (0.000,0.702) 
287      734    (0)   14 :  0.053 0.006 0.049 0.079 0.010 0.068 0.059 0.052 0.006 0.023 0.006 0.045 0.031 0.110 0.027 0.029 0.057 0.096 0.065 0.128     (0.000,0.427) (0.000,0.036) (0.000,0.386) (0.000,0.621) (0.000,0.051) (0.000,0.532) (0.000,0.466) (0.000,0.406) (0.000,0.036) (0.000,0.140) (0.000,0.031) (0.000,0.330) (0.000,0.212) (0.000,0.782) (0.000,0.180) (0.000,0.212) (0.000,0.428) (0.000,0.736) (0.000,0.521) (0.000,0.831) 
288      736   (12)   14 :  0.037 0.006 0.037 0.050 0.011 0.048 0.033 0.042 0.005 0.020 0.005 0.046 0.026 0.133 0.021 0.123 0.081 0.104 0.096 0.077     (0.000,0.261) (0.000,0.033) (0.000,0.256) (0.000,0.385) (0.000,0.059) (0.000,0.360) (0.000,0.232) (0.000,0.307) (0.000,0.028) (0.000,0.119) (0.000,0.026) (0.000,0.332) (0.000,0.167) (0.000,0.848) (0.000,0.125) (0.000,0.650) (0.000,0.556) (0.000,0.761) (0.000,0.718) (0.000,0.618) 
289      737    (0)   13 :  0.043 0.005 0.055 0.038 0.008 0.055 0.024 0.127 0.005 0.062 0.005 0.010 0.115 0.068 0.026 0.020 0.112 0.066 0.088 0.070     (0.000,0.310) (0.000,0.029) (0.000,0.453) (0.000,0.260) (0.000,0.040) (0.000,0.442) (0.000,0.139) (0.000,0.854) (0.000,0.024) (0.000,0.516) (0.000,0.026) (0.000,0.055) (0.000,0.830) (0.000,0.576) (0.000,0.151) (0.000,0.130) (0.000,0.810) (0.000,0.563) (0.000,0.724) (0.000,0.599) 
290      738    (0)   16 :  0.052 0.006 0.062 0.026 0.008 0.026 0.055 0.098 0.005 0.053 0.005 0.008 0.048 0.055 0.065 0.013 0.222 0.070 0.074 0.048     (0.000,0.415) (0.000,0.032) (0.000,0.526) (0.000,0.159) (0.000,0.039) (0.000,0.157) (0.000,0.447) (0.000,0.766) (0.000,0.026) (0.000,0.424) (0.000,0.028) (0.000,0.042) (0.000,0.371) (0.000,0.446) (0.000,0.529) (0.000,0.079) (0.000,0.947) (0.000,0.605) (0.000,0.625) (0.000,0.372) 
291      740    (0)    1 :  0.057 0.012 0.038 0.042 0.011 0.018 0.021 0.089 0.011 0.091 0.012 0.024 0.084 0.074 0.013 0.016 0.183 0.047 0.050 0.108     (0.000,0.453) (0.000,0.079) (0.000,0.276) (0.000,0.315) (0.000,0.058) (0.000,0.104) (0.000,0.119) (0.000,0.687) (0.000,0.072) (0.000,0.673) (0.000,0.075) (0.000,0.170) (0.000,0.611) (0.000,0.615) (0.000,0.072) (0.000,0.102) (0.000,0.911) (0.000,0.357) (0.000,0.397) (0.000,0.754) 
292      743    (0)    4 :  0.041 0.012 0.036 0.032 0.009 0.041 0.033 0.068 0.012 0.035 0.013 0.018 0.230 0.095 0.025 0.016 0.128 0.056 0.045 0.056     (0.000,0.294) (0.000,0.076) (0.000,0.257) (0.000,0.220) (0.000,0.046) (0.000,0.300) (0.000,0.216) (0.000,0.566) (0.000,0.075) (0.000,0.237) (0.000,0.082) (0.000,0.122) (0.000,0.942) (0.000,0.751) (0.000,0.158) (0.000,0.101) (0.000,0.851) (0.000,0.458) (0.000,0.335) (0.000,0.464) 
293      753    (0)   18 :  0.080 0.006 0.054 0.041 0.007 0.044 0.078 0.063 0.006 0.047 0.005 0.007 0.046 0.047 0.120 0.009 0.157 0.075 0.052 0.057     (0.000,0.676) (0.000,0.030) (0.000,0.438) (0.000,0.298) (0.000,0.036) (0.000,0.329) (0.000,0.650) (0.000,0.523) (0.000,0.030) (0.000,0.358) (0.000,0.029) (0.000,0.035) (0.000,0.343) (0.000,0.359) (0.000,0.811) (0.000,0.049) (0.000,0.895) (0.000,0.640) (0.000,0.403) (0.000,0.465) 
294      754    (0)    7 :  0.077 0.008 0.039 0.041 0.006 0.116 0.029 0.076 0.009 0.042 0.008 0.010 0.080 0.067 0.031 0.018 0.047 0.089 0.066 0.141     (0.000,0.656) (0.000,0.047) (0.000,0.273) (0.000,0.296) (0.000,0.032) (0.000,0.811) (0.000,0.182) (0.000,0.635) (0.000,0.050) (0.000,0.301) (0.000,0.044) (0.000,0.057) (0.000,0.672) (0.000,0.566) (0.000,0.204) (0.000,0.104) (0.000,0.354) (0.000,0.733) (0.000,0.555) (0.000,0.882) 
295      755    (0)   17 :  0.054 0.011 0.032 0.047 0.008 0.088 0.036 0.065 0.016 0.032 0.014 0.018 0.247 0.049 0.033 0.012 0.060 0.058 0.031 0.089     (0.000,0.435) (0.000,0.067) (0.000,0.214) (0.000,0.371) (0.000,0.040) (0.000,0.688) (0.000,0.248) (0.000,0.542) (0.000,0.109) (0.000,0.207) (0.000,0.092) (0.000,0.117) (0.000,0.947) (0.000,0.386) (0.000,0.232) (0.000,0.070) (0.000,0.491) (0.000,0.489) (0.000,0.199) (0.000,0.703) 
296      756    (0)   18 :  0.116 0.037 0.033 0.103 0.021 0.026 0.141 0.013 0.016 0.054 0.021 0.068 0.022 0.044 0.017 0.034 0.027 0.034 0.087 0.086     (0.000,0.803) (0.000,0.283) (0.000,0.218) (0.000,0.759) (0.000,0.130) (0.000,0.162) (0.000,0.852) (0.000,0.070) (0.000,0.106) (0.000,0.435) (0.000,0.146) (0.000,0.511) (0.000,0.136) (0.000,0.334) (0.000,0.094) (0.000,0.260) (0.000,0.183) (0.000,0.236) (0.000,0.663) (0.000,0.678) 
297      758   (12)    3 :  0.060 0.007 0.041 0.074 0.009 0.065 0.034 0.049 0.006 0.039 0.006 0.013 0.064 0.081 0.035 0.069 0.042 0.086 0.102 0.118     (0.000,0.494) (0.000,0.036) (0.000,0.299) (0.000,0.613) (0.000,0.047) (0.000,0.529) (0.000,0.227) (0.000,0.377) (0.000,0.034) (0.000,0.272) (0.000,0.033) (0.000,0.071) (0.000,0.524) (0.000,0.673) (0.000,0.244) (0.000,0.514) (0.000,0.313) (0.000,0.704) (0.000,0.773) (0.000,0.829) 
298      760    (0)    3 :  0.078 0.008 0.049 0.022 0.007 0.047 0.091 0.067 0.007 0.037 0.009 0.011 0.020 0.050 0.169 0.017 0.142 0.110 0.029 0.030     (0.000,0.650) (0.000,0.044) (0.000,0.385) (0.000,0.130) (0.000,0.035) (0.000,0.350) (0.000,0.708) (0.000,0.544) (0.000,0.037) (0.000,0.261) (0.000,0.055) (0.000,0.067) (0.000,0.115) (0.000,0.384) (0.000,0.847) (0.000,0.115) (0.000,0.829) (0.000,0.806) (0.000,0.185) (0.000,0.194) 
299      761    (0)    1 :  0.058 0.010 0.088 0.147 0.011 0.035 0.071 0.041 0.008 0.059 0.014 0.021 0.087 0.025 0.052 0.046 0.013 0.048 0.053 0.113     (0.000,0.469) (0.000,0.057) (0.000,0.672) (0.000,0.841) (0.000,0.058) (0.000,0.247) (0.000,0.573) (0.000,0.300) (0.000,0.044) (0.000,0.487) (0.000,0.089) (0.000,0.139) (0.000,0.643) (0.000,0.152) (0.000,0.416) (0.000,0.330) (0.000,0.070) (0.000,0.375) (0.000,0.421) (0.000,0.800) 
300      764    (0)    4 :  0.098 0.022 0.037 0.042 0.008 0.061 0.091 0.037 0.019 0.051 0.018 0.016 0.031 0.042 0.071 0.025 0.013 0.072 0.082 0.163     (0.000,0.755) (0.000,0.150) (0.000,0.258) (0.000,0.318) (0.000,0.044) (0.000,0.495) (0.000,0.710) (0.000,0.265) (0.000,0.127) (0.000,0.407) (0.000,0.119) (0.000,0.100) (0.000,0.200) (0.000,0.316) (0.000,0.570) (0.000,0.175) (0.000,0.071) (0.000,0.604) (0.000,0.666) (0.000,0.895) 
301      765    (0)   18 :  0.071 0.008 0.045 0.050 0.007 0.076 0.044 0.046 0.007 0.071 0.009 0.008 0.044 0.065 0.111 0.022 0.045 0.102 0.093 0.076     (0.000,0.595) (0.000,0.047) (0.000,0.340) (0.000,0.392) (0.000,0.039) (0.000,0.618) (0.000,0.332) (0.000,0.347) (0.000,0.040) (0.000,0.594) (0.000,0.051) (0.000,0.042) (0.000,0.321) (0.000,0.534) (0.000,0.787) (0.000,0.152) (0.000,0.334) (0.000,0.778) (0.000,0.725) (0.000,0.635) 
302      767    (0)   18 :  0.045 0.032 0.089 0.040 0.013 0.040 0.040 0.102 0.032 0.047 0.047 0.022 0.049 0.031 0.045 0.105 0.066 0.054 0.043 0.058     (0.000,0.344) (0.000,0.236) (0.000,0.669) (0.000,0.304) (0.000,0.074) (0.000,0.296) (0.000,0.305) (0.000,0.670) (0.000,0.232) (0.000,0.370) (0.000,0.321) (0.000,0.155) (0.000,0.385) (0.000,0.216) (0.000,0.354) (0.000,0.525) (0.000,0.507) (0.000,0.432) (0.000,0.333) (0.000,0.468) 
303      768    (0)   13 :  0.057 0.045 0.054 0.040 0.014 0.093 0.038 0.060 0.030 0.053 0.046 0.019 0.040 0.044 0.039 0.118 0.035 0.055 0.039 0.083     (0.000,0.457) (0.000,0.318) (0.000,0.424) (0.000,0.304) (0.000,0.083) (0.000,0.655) (0.000,0.285) (0.000,0.464) (0.000,0.222) (0.000,0.419) (0.000,0.315) (0.000,0.133) (0.000,0.294) (0.000,0.339) (0.000,0.302) (0.000,0.550) (0.000,0.254) (0.000,0.440) (0.000,0.286) (0.000,0.619) 
304      770    (0)   18 :  0.053 0.018 0.032 0.021 0.009 0.091 0.033 0.096 0.018 0.030 0.019 0.023 0.054 0.101 0.041 0.041 0.141 0.101 0.035 0.043     (0.000,0.426) (0.000,0.125) (0.000,0.223) (0.000,0.125) (0.000,0.051) (0.000,0.661) (0.000,0.227) (0.000,0.709) (0.000,0.125) (0.000,0.197) (0.000,0.134) (0.000,0.166) (0.000,0.416) (0.000,0.739) (0.000,0.309) (0.000,0.298) (0.000,0.813) (0.000,0.745) (0.000,0.245) (0.000,0.325) 
305      771    (0)    7 :  0.064 0.016 0.084 0.040 0.008 0.029 0.181 0.037 0.014 0.063 0.024 0.007 0.017 0.017 0.288 0.008 0.025 0.029 0.015 0.034     (0.000,0.546) (0.000,0.106) (0.000,0.698) (0.000,0.289) (0.000,0.042) (0.000,0.183) (0.000,0.919) (0.000,0.265) (0.000,0.091) (0.000,0.534) (0.000,0.173) (0.000,0.036) (0.000,0.091) (0.000,0.091) (0.000,0.959) (0.000,0.045) (0.000,0.147) (0.000,0.182) (0.000,0.077) (0.000,0.225) 
306      774    (0)    7 :  0.148 0.013 0.044 0.058 0.009 0.113 0.068 0.034 0.010 0.096 0.017 0.006 0.035 0.056 0.103 0.017 0.038 0.054 0.033 0.048     (0.000,0.884) (0.000,0.081) (0.000,0.331) (0.000,0.472) (0.000,0.048) (0.000,0.794) (0.000,0.556) (0.000,0.233) (0.000,0.057) (0.000,0.753) (0.000,0.114) (0.000,0.034) (0.000,0.233) (0.000,0.456) (0.000,0.759) (0.000,0.112) (0.000,0.270) (0.000,0.437) (0.000,0.217) (0.000,0.372) 
307      775    (0)    7 :  0.114 0.020 0.060 0.085 0.011 0.037 0.111 0.037 0.020 0.084 0.031 0.009 0.027 0.031 0.087 0.015 0.078 0.059 0.037 0.049     (0.000,0.805) (0.000,0.143) (0.000,0.495) (0.000,0.654) (0.000,0.059) (0.000,0.263) (0.000,0.784) (0.000,0.261) (0.000,0.136) (0.000,0.676) (0.000,0.233) (0.000,0.051) (0.000,0.167) (0.000,0.206) (0.000,0.651) (0.000,0.095) (0.000,0.612) (0.000,0.481) (0.000,0.264) (0.000,0.383) 
308      776    (0)   16 :  0.010 0.007 0.009 0.008 0.006 0.013 0.008 0.011 0.006 0.009 0.007 0.008 0.013 0.011 0.008 0.823 0.009 0.011 0.011 0.011     (0.000,0.057) (0.000,0.036) (0.000,0.052) (0.000,0.046) (0.000,0.032) (0.000,0.080) (0.000,0.044) (0.000,0.067) (0.000,0.032) (0.000,0.053) (0.000,0.038) (0.000,0.043) (0.000,0.075) (0.000,0.062) (0.000,0.046) (0.498,0.994) (0.000,0.052) (0.000,0.060) (0.000,0.064) (0.000,0.067) 
309      777   (12)   13 :  0.023 0.023 0.030 0.015 0.021 0.022 0.064 0.048 0.028 0.023 0.032 0.206 0.216 0.028 0.027 0.021 0.042 0.038 0.025 0.069     (0.000,0.149) (0.000,0.163) (0.000,0.219) (0.000,0.089) (0.000,0.124) (0.000,0.144) (0.000,0.485) (0.000,0.374) (0.000,0.210) (0.000,0.146) (0.000,0.238) (0.000,0.714) (0.000,0.917) (0.000,0.189) (0.000,0.196) (0.000,0.147) (0.000,0.314) (0.000,0.284) (0.000,0.163) (0.000,0.516) 
310      778    (0)   10 :  0.056 0.012 0.057 0.025 0.012 0.022 0.061 0.059 0.008 0.056 0.011 0.014 0.074 0.106 0.017 0.032 0.052 0.071 0.154 0.102     (0.000,0.455) (0.000,0.074) (0.000,0.465) (0.000,0.154) (0.000,0.068) (0.000,0.128) (0.000,0.498) (0.000,0.477) (0.000,0.047) (0.000,0.454) (0.000,0.068) (0.000,0.086) (0.000,0.600) (0.000,0.782) (0.000,0.093) (0.000,0.238) (0.000,0.413) (0.000,0.603) (0.000,0.886) (0.000,0.768) 
311      787    (0)   14 :  0.043 0.007 0.043 0.038 0.007 0.151 0.025 0.075 0.008 0.026 0.010 0.011 0.041 0.120 0.028 0.024 0.100 0.135 0.037 0.070     (0.000,0.320) (0.000,0.041) (0.000,0.323) (0.000,0.273) (0.000,0.034) (0.000,0.861) (0.000,0.150) (0.000,0.617) (0.000,0.046) (0.000,0.164) (0.000,0.063) (0.000,0.067) (0.000,0.296) (0.000,0.827) (0.000,0.185) (0.000,0.170) (0.000,0.718) (0.000,0.862) (0.000,0.263) (0.000,0.583) 
312      790    (0)   13 :  0.047 0.023 0.042 0.024 0.010 0.048 0.052 0.117 0.026 0.041 0.030 0.021 0.166 0.050 0.035 0.024 0.039 0.065 0.043 0.095     (0.000,0.368) (0.000,0.165) (0.000,0.320) (0.000,0.152) (0.000,0.054) (0.000,0.378) (0.000,0.416) (0.000,0.785) (0.000,0.189) (0.000,0.302) (0.000,0.219) (0.000,0.147) (0.000,0.882) (0.000,0.400) (0.000,0.257) (0.000,0.168) (0.000,0.281) (0.000,0.539) (0.000,0.327) (0.000,0.709) 
313      793    (0)    7 :  0.058 0.020 0.137 0.054 0.009 0.019 0.121 0.038 0.018 0.030 0.025 0.020 0.039 0.056 0.037 0.015 0.071 0.072 0.104 0.059     (0.000,0.476) (0.000,0.136) (0.000,0.842) (0.000,0.430) (0.000,0.050) (0.000,0.107) (0.000,0.781) (0.000,0.270) (0.000,0.120) (0.000,0.195) (0.000,0.184) (0.000,0.130) (0.000,0.280) (0.000,0.447) (0.000,0.264) (0.000,0.096) (0.000,0.569) (0.000,0.600) (0.000,0.760) (0.000,0.479) 
314      802   (12)    7 :  0.144 0.019 0.133 0.012 0.010 0.030 0.104 0.040 0.017 0.061 0.015 0.046 0.106 0.032 0.016 0.012 0.058 0.061 0.030 0.055     (0.000,0.848) (0.000,0.134) (0.000,0.729) (0.000,0.064) (0.000,0.054) (0.000,0.203) (0.000,0.724) (0.000,0.300) (0.000,0.116) (0.000,0.497) (0.000,0.104) (0.000,0.327) (0.000,0.662) (0.000,0.221) (0.000,0.095) (0.000,0.072) (0.000,0.458) (0.000,0.499) (0.000,0.196) (0.000,0.443) 
315      803   (12)   18 :  0.055 0.006 0.042 0.053 0.007 0.089 0.016 0.114 0.007 0.041 0.007 0.024 0.017 0.089 0.016 0.006 0.237 0.076 0.019 0.079     (0.000,0.427) (0.000,0.034) (0.000,0.304) (0.000,0.417) (0.000,0.039) (0.000,0.651) (0.000,0.090) (0.000,0.807) (0.000,0.036) (0.000,0.299) (0.000,0.036) (0.000,0.171) (0.000,0.099) (0.000,0.706) (0.000,0.090) (0.000,0.034) (0.000,0.936) (0.000,0.635) (0.000,0.112) (0.000,0.606) 
316      804   (12)   20 :  0.070 0.008 0.037 0.044 0.016 0.134 0.038 0.067 0.014 0.070 0.011 0.013 0.083 0.077 0.038 0.007 0.056 0.074 0.034 0.111     (0.000,0.589) (0.000,0.047) (0.000,0.264) (0.000,0.329) (0.000,0.097) (0.000,0.829) (0.000,0.266) (0.000,0.541) (0.000,0.091) (0.000,0.584) (0.000,0.064) (0.000,0.078) (0.000,0.663) (0.000,0.632) (0.000,0.272) (0.000,0.039) (0.000,0.453) (0.000,0.622) (0.000,0.224) (0.000,0.796) 
317      805   (12)    7 :  0.029 0.006 0.098 0.069 0.012 0.038 0.051 0.188 0.005 0.064 0.006 0.010 0.070 0.039 0.073 0.006 0.082 0.046 0.041 0.067     (0.000,0.181) (0.000,0.030) (0.000,0.769) (0.000,0.581) (0.000,0.060) (0.000,0.266) (0.000,0.399) (0.000,0.930) (0.000,0.028) (0.000,0.544) (0.000,0.030) (0.000,0.055) (0.000,0.599) (0.000,0.276) (0.000,0.603) (0.000,0.034) (0.000,0.671) (0.000,0.349) (0.000,0.295) (0.000,0.570) 
318      806    (0)    7 :  0.061 0.011 0.100 0.025 0.010 0.015 0.295 0.057 0.007 0.028 0.006 0.015 0.020 0.047 0.105 0.012 0.034 0.043 0.063 0.045     (0.000,0.502) (0.000,0.064) (0.000,0.763) (0.000,0.148) (0.000,0.050) (0.000,0.083) (0.000,0.963) (0.000,0.458) (0.000,0.037) (0.000,0.178) (0.000,0.033) (0.000,0.091) (0.000,0.114) (0.000,0.366) (0.000,0.764) (0.000,0.075) (0.000,0.239) (0.000,0.314) (0.000,0.516) (0.000,0.337) 
319      807   (12)   18 :  0.033 0.007 0.064 0.031 0.010 0.029 0.038 0.118 0.005 0.056 0.006 0.009 0.041 0.106 0.075 0.013 0.142 0.073 0.091 0.056     (0.000,0.221) (0.000,0.038) (0.000,0.535) (0.000,0.197) (0.000,0.051) (0.000,0.186) (0.000,0.265) (0.000,0.827) (0.000,0.028) (0.000,0.455) (0.000,0.029) (0.000,0.046) (0.000,0.293) (0.000,0.801) (0.000,0.623) (0.000,0.079) (0.000,0.878) (0.000,0.621) (0.000,0.732) (0.000,0.453) 
320      810   (12)   14 :  0.029 0.008 0.056 0.093 0.010 0.025 0.027 0.041 0.008 0.044 0.008 0.011 0.042 0.090 0.034 0.011 0.253 0.064 0.100 0.045     (0.000,0.181) (0.000,0.047) (0.000,0.466) (0.000,0.742) (0.000,0.051) (0.000,0.145) (0.000,0.160) (0.000,0.300) (0.000,0.043) (0.000,0.330) (0.000,0.047) (0.000,0.059) (0.000,0.304) (0.000,0.738) (0.000,0.230) (0.000,0.063) (0.000,0.957) (0.000,0.547) (0.000,0.779) (0.000,0.338) 
321      811   (12)    1 :  0.177 0.011 0.065 0.066 0.007 0.052 0.039 0.044 0.011 0.129 0.010 0.007 0.018 0.045 0.086 0.007 0.029 0.045 0.027 0.127     (0.000,0.916) (0.000,0.063) (0.000,0.541) (0.000,0.539) (0.000,0.034) (0.000,0.409) (0.000,0.283) (0.000,0.330) (0.000,0.064) (0.000,0.837) (0.000,0.059) (0.000,0.037) (0.000,0.105) (0.000,0.334) (0.000,0.647) (0.000,0.036) (0.000,0.180) (0.000,0.337) (0.000,0.166) (0.000,0.836) 
322      812   (25)    9 :  0.056 0.104 0.037 0.036 0.008 0.040 0.057 0.028 0.193 0.030 0.068 0.020 0.025 0.040 0.079 0.009 0.033 0.045 0.039 0.052     (0.000,0.434) (0.000,0.573) (0.000,0.283) (0.000,0.267) (0.000,0.042) (0.000,0.304) (0.000,0.441) (0.000,0.195) (0.000,0.706) (0.000,0.216) (0.000,0.462) (0.000,0.123) (0.000,0.167) (0.000,0.301) (0.000,0.544) (0.000,0.049) (0.000,0.242) (0.000,0.349) (0.000,0.298) (0.000,0.407) 
323      813   (25)   18 :  0.096 0.014 0.038 0.034 0.009 0.117 0.043 0.064 0.014 0.050 0.010 0.010 0.045 0.065 0.091 0.015 0.032 0.087 0.065 0.103     (0.000,0.763) (0.000,0.082) (0.000,0.258) (0.000,0.230) (0.000,0.046) (0.000,0.816) (0.000,0.314) (0.000,0.539) (0.000,0.082) (0.000,0.393) (0.000,0.058) (0.000,0.053) (0.000,0.335) (0.000,0.544) (0.000,0.728) (0.000,0.083) (0.000,0.207) (0.000,0.717) (0.000,0.547) (0.000,0.790) 
324      814   (25)   13 :  0.047 0.027 0.039 0.028 0.051 0.039 0.080 0.044 0.023 0.047 0.037 0.227 0.046 0.029 0.050 0.022 0.022 0.044 0.046 0.051     (0.000,0.369) (0.000,0.200) (0.000,0.303) (0.000,0.198) (0.000,0.365) (0.000,0.296) (0.000,0.575) (0.000,0.344) (0.000,0.163) (0.000,0.370) (0.000,0.277) (0.000,0.650) (0.000,0.358) (0.000,0.200) (0.000,0.389) (0.000,0.156) (0.000,0.136) (0.000,0.334) (0.000,0.348) (0.000,0.395) 
325      815   (25)   19 :  0.025 0.006 0.028 0.029 0.010 0.213 0.014 0.040 0.005 0.027 0.006 0.010 0.256 0.054 0.061 0.013 0.074 0.049 0.037 0.043     (0.000,0.148) (0.000,0.031) (0.000,0.179) (0.000,0.197) (0.000,0.051) (0.000,0.934) (0.000,0.074) (0.000,0.287) (0.000,0.029) (0.000,0.173) (0.000,0.033) (0.000,0.052) (0.000,0.954) (0.000,0.442) (0.000,0.499) (0.000,0.079) (0.000,0.608) (0.000,0.381) (0.000,0.260) (0.000,0.310) 
326      816   (25)   20 :  0.046 0.023 0.130 0.068 0.019 0.019 0.134 0.019 0.033 0.223 0.027 0.032 0.016 0.017 0.025 0.007 0.101 0.022 0.019 0.019     (0.000,0.357) (0.000,0.164) (0.000,0.786) (0.000,0.561) (0.000,0.128) (0.000,0.117) (0.000,0.829) (0.000,0.116) (0.000,0.247) (0.000,0.936) (0.000,0.198) (0.000,0.231) (0.000,0.086) (0.000,0.094) (0.000,0.168) (0.000,0.036) (0.000,0.706) (0.000,0.128) (0.000,0.108) (0.000,0.106) 
327      818    (0)   17 :  0.060 0.006 0.103 0.031 0.006 0.012 0.052 0.059 0.006 0.228 0.006 0.008 0.025 0.040 0.012 0.006 0.224 0.035 0.024 0.056     (0.000,0.488) (0.000,0.034) (0.000,0.763) (0.000,0.204) (0.000,0.031) (0.000,0.067) (0.000,0.413) (0.000,0.472) (0.000,0.031) (0.000,0.942) (0.000,0.031) (0.000,0.046) (0.000,0.161) (0.000,0.286) (0.000,0.069) (0.000,0.034) (0.000,0.943) (0.000,0.234) (0.000,0.146) (0.000,0.434) 
328      822   (25)    7 :  0.028 0.013 0.105 0.023 0.014 0.009 0.393 0.025 0.008 0.164 0.014 0.011 0.014 0.012 0.021 0.010 0.091 0.017 0.014 0.014     (0.000,0.166) (0.000,0.076) (0.000,0.788) (0.000,0.127) (0.000,0.080) (0.000,0.048) (0.000,0.981) (0.000,0.162) (0.000,0.041) (0.000,0.913) (0.000,0.087) (0.000,0.060) (0.000,0.072) (0.000,0.062) (0.000,0.129) (0.000,0.059) (0.000,0.719) (0.000,0.092) (0.000,0.074) (0.000,0.073) 
329      824   (12)   17 :  0.067 0.006 0.095 0.029 0.007 0.013 0.066 0.058 0.005 0.332 0.005 0.007 0.019 0.032 0.019 0.006 0.149 0.030 0.018 0.037     (0.000,0.553) (0.000,0.030) (0.000,0.734) (0.000,0.188) (0.000,0.034) (0.000,0.073) (0.000,0.537) (0.000,0.461) (0.000,0.026) (0.000,0.972) (0.000,0.028) (0.000,0.036) (0.000,0.113) (0.000,0.207) (0.000,0.123) (0.000,0.032) (0.000,0.885) (0.000,0.191) (0.000,0.099) (0.000,0.260) 
330      825    (0)    7 :  0.055 0.031 0.113 0.101 0.015 0.024 0.165 0.037 0.022 0.053 0.011 0.018 0.058 0.082 0.035 0.006 0.043 0.058 0.051 0.023     (0.000,0.434) (0.000,0.230) (0.000,0.728) (0.000,0.697) (0.000,0.089) (0.000,0.159) (0.000,0.881) (0.000,0.268) (0.000,0.157) (0.000,0.418) (0.000,0.065) (0.000,0.112) (0.000,0.452) (0.000,0.636) (0.000,0.257) (0.000,0.031) (0.000,0.330) (0.000,0.455) (0.000,0.401) (0.000,0.144) 
331      826    (0)    7 :  0.041 0.027 0.210 0.070 0.014 0.017 0.136 0.043 0.022 0.061 0.018 0.022 0.032 0.058 0.035 0.006 0.067 0.033 0.059 0.030     (0.000,0.303) (0.000,0.197) (0.000,0.921) (0.000,0.556) (0.000,0.082) (0.000,0.097) (0.000,0.842) (0.000,0.321) (0.000,0.162) (0.000,0.486) (0.000,0.125) (0.000,0.137) (0.000,0.217) (0.000,0.468) (0.000,0.256) (0.000,0.033) (0.000,0.534) (0.000,0.215) (0.000,0.480) (0.000,0.198) 
332      834   (12)    5 :  0.080 0.012 0.052 0.068 0.011 0.021 0.133 0.033 0.007 0.260 0.011 0.026 0.031 0.025 0.023 0.007 0.101 0.034 0.025 0.037     (0.000,0.649) (0.000,0.076) (0.000,0.414) (0.000,0.537) (0.000,0.060) (0.000,0.125) (0.000,0.844) (0.000,0.234) (0.000,0.039) (0.000,0.956) (0.000,0.069) (0.000,0.189) (0.000,0.207) (0.000,0.155) (0.000,0.146) (0.000,0.040) (0.000,0.704) (0.000,0.233) (0.000,0.154) (0.000,0.263) 
333      842    (0)    2 :  0.007 0.335 0.010 0.008 0.009 0.064 0.007 0.005 0.287 0.007 0.183 0.017 0.005 0.010 0.006 0.012 0.005 0.009 0.006 0.007     (0.000,0.040) (0.000,0.959) (0.000,0.062) (0.000,0.042) (0.000,0.057) (0.000,0.285) (0.000,0.040) (0.000,0.029) (0.000,0.922) (0.000,0.038) (0.000,0.887) (0.000,0.093) (0.000,0.028) (0.000,0.067) (0.000,0.034) (0.000,0.082) (0.000,0.025) (0.000,0.059) (0.000,0.034) (0.000,0.039) 
334      846    (0)    2 :  0.009 0.568 0.005 0.009 0.005 0.007 0.007 0.006 0.261 0.007 0.038 0.025 0.008 0.008 0.006 0.006 0.006 0.008 0.007 0.006     (0.000,0.045) (0.000,0.993) (0.000,0.028) (0.000,0.049) (0.000,0.025) (0.000,0.037) (0.000,0.038) (0.000,0.029) (0.000,0.972) (0.000,0.035) (0.000,0.270) (0.000,0.148) (0.000,0.041) (0.000,0.040) (0.000,0.032) (0.000,0.029) (0.000,0.032) (0.000,0.041) (0.000,0.037) (0.000,0.034) 
335      849    (0)    9 :  0.007 0.281 0.006 0.009 0.004 0.006 0.006 0.005 0.299 0.007 0.309 0.012 0.005 0.006 0.006 0.005 0.005 0.006 0.006 0.007     (0.000,0.039) (0.000,0.979) (0.000,0.033) (0.000,0.048) (0.000,0.021) (0.000,0.034) (0.000,0.033) (0.000,0.029) (0.000,0.980) (0.000,0.035) (0.000,0.982) (0.000,0.067) (0.000,0.029) (0.000,0.033) (0.000,0.034) (0.000,0.025) (0.000,0.029) (0.000,0.033) (0.000,0.033) (0.000,0.035) 
336      855    (0)    9 :  0.007 0.343 0.005 0.007 0.019 0.006 0.007 0.006 0.204 0.006 0.326 0.012 0.007 0.007 0.006 0.006 0.005 0.006 0.007 0.006     (0.000,0.038) (0.000,0.982) (0.000,0.028) (0.000,0.037) (0.000,0.136) (0.000,0.032) (0.000,0.035) (0.000,0.030) (0.000,0.954) (0.000,0.032) (0.000,0.980) (0.000,0.072) (0.000,0.037) (0.000,0.041) (0.000,0.033) (0.000,0.033) (0.000,0.028) (0.000,0.034) (0.000,0.038) (0.000,0.033) 
337      860    (0)    3 :  0.043 0.009 0.241 0.090 0.007 0.024 0.037 0.028 0.010 0.177 0.008 0.012 0.034 0.042 0.029 0.006 0.044 0.066 0.046 0.048     (0.000,0.316) (0.000,0.051) (0.000,0.931) (0.000,0.686) (0.000,0.037) (0.000,0.157) (0.000,0.262) (0.000,0.188) (0.000,0.059) (0.000,0.900) (0.000,0.043) (0.000,0.073) (0.000,0.232) (0.000,0.311) (0.000,0.199) (0.000,0.035) (0.000,0.335) (0.000,0.547) (0.000,0.347) (0.000,0.377) 
338      864    (0)   18 :  0.036 0.009 0.077 0.135 0.007 0.023 0.062 0.054 0.008 0.134 0.008 0.028 0.041 0.033 0.050 0.010 0.106 0.065 0.061 0.052     (0.000,0.242) (0.000,0.050) (0.000,0.617) (0.000,0.844) (0.000,0.036) (0.000,0.146) (0.000,0.505) (0.000,0.428) (0.000,0.042) (0.000,0.847) (0.000,0.045) (0.000,0.195) (0.000,0.300) (0.000,0.223) (0.000,0.383) (0.000,0.057) (0.000,0.738) (0.000,0.542) (0.000,0.499) (0.000,0.409) 
339      866    (0)    3 :  0.085 0.031 0.080 0.058 0.009 0.047 0.055 0.042 0.032 0.085 0.029 0.025 0.038 0.058 0.033 0.010 0.037 0.107 0.068 0.070     (0.000,0.571) (0.000,0.230) (0.000,0.538) (0.000,0.425) (0.000,0.047) (0.000,0.337) (0.000,0.393) (0.000,0.307) (0.000,0.241) (0.000,0.568) (0.000,0.212) (0.000,0.163) (0.000,0.269) (0.000,0.403) (0.000,0.236) (0.000,0.056) (0.000,0.265) (0.000,0.626) (0.000,0.461) (0.000,0.479) 
340      868    (0)   12 :  0.016 0.008 0.035 0.020 0.008 0.011 0.017 0.013 0.007 0.020 0.007 0.686 0.010 0.019 0.008 0.013 0.043 0.020 0.026 0.012     (0.000,0.094) (0.000,0.045) (0.000,0.261) (0.000,0.137) (0.000,0.040) (0.000,0.063) (0.000,0.104) (0.000,0.077) (0.000,0.040) (0.000,0.133) (0.000,0.037) (0.197,0.986) (0.000,0.058) (0.000,0.119) (0.000,0.046) (0.000,0.082) (0.000,0.325) (0.000,0.128) (0.000,0.179) (0.000,0.070) 
341      869    (0)    3 :  0.072 0.010 0.252 0.055 0.009 0.036 0.053 0.041 0.014 0.096 0.008 0.035 0.033 0.048 0.014 0.006 0.057 0.073 0.027 0.063     (0.000,0.575) (0.000,0.056) (0.000,0.924) (0.000,0.423) (0.000,0.049) (0.000,0.260) (0.000,0.418) (0.000,0.309) (0.000,0.087) (0.000,0.671) (0.000,0.047) (0.000,0.259) (0.000,0.233) (0.000,0.365) (0.000,0.081) (0.000,0.031) (0.000,0.423) (0.000,0.585) (0.000,0.180) (0.000,0.496) 
342      872    (0)    3 :  0.049 0.020 0.364 0.054 0.020 0.012 0.076 0.026 0.021 0.049 0.013 0.015 0.020 0.046 0.032 0.006 0.034 0.057 0.058 0.028     (0.000,0.378) (0.000,0.142) (0.000,0.951) (0.000,0.424) (0.000,0.138) (0.000,0.066) (0.000,0.559) (0.000,0.169) (0.000,0.151) (0.000,0.381) (0.000,0.078) (0.000,0.090) (0.000,0.117) (0.000,0.341) (0.000,0.228) (0.000,0.034) (0.000,0.248) (0.000,0.452) (0.000,0.445) (0.000,0.185) 
343      873    (0)    3 :  0.037 0.017 0.430 0.083 0.007 0.012 0.051 0.021 0.026 0.051 0.015 0.025 0.018 0.024 0.019 0.007 0.046 0.044 0.037 0.031     (0.000,0.255) (0.000,0.117) (0.000,0.972) (0.000,0.653) (0.000,0.037) (0.000,0.066) (0.000,0.394) (0.000,0.131) (0.000,0.189) (0.000,0.393) (0.000,0.096) (0.000,0.166) (0.000,0.102) (0.000,0.152) (0.000,0.119) (0.000,0.037) (0.000,0.359) (0.000,0.329) (0.000,0.260) (0.000,0.202) 
344      878    (0)   18 :  0.047 0.018 0.052 0.084 0.009 0.037 0.047 0.070 0.024 0.090 0.018 0.031 0.087 0.041 0.034 0.012 0.181 0.046 0.034 0.036     (0.000,0.364) (0.000,0.126) (0.000,0.415) (0.000,0.630) (0.000,0.051) (0.000,0.269) (0.000,0.365) (0.000,0.566) (0.000,0.175) (0.000,0.682) (0.000,0.127) (0.000,0.220) (0.000,0.652) (0.000,0.303) (0.000,0.248) (0.000,0.074) (0.000,0.892) (0.000,0.356) (0.000,0.232) (0.000,0.246) 
345      880    (0)    1 :  0.102 0.009 0.114 0.081 0.006 0.078 0.037 0.035 0.012 0.119 0.006 0.012 0.110 0.038 0.018 0.007 0.018 0.115 0.030 0.051     (0.000,0.758) (0.000,0.055) (0.000,0.688) (0.000,0.617) (0.000,0.033) (0.000,0.571) (0.000,0.268) (0.000,0.257) (0.000,0.075) (0.000,0.761) (0.000,0.032) (0.000,0.066) (0.000,0.766) (0.000,0.278) (0.000,0.109) (0.000,0.037) (0.000,0.106) (0.000,0.799) (0.000,0.193) (0.000,0.401) 
346      887    (0)   14 :  0.040 0.006 0.047 0.044 0.007 0.134 0.023 0.048 0.005 0.083 0.006 0.015 0.220 0.053 0.032 0.010 0.074 0.057 0.048 0.048     (0.000,0.289) (0.000,0.033) (0.000,0.353) (0.000,0.334) (0.000,0.034) (0.000,0.795) (0.000,0.139) (0.000,0.368) (0.000,0.028) (0.000,0.624) (0.000,0.031) (0.000,0.090) (0.000,0.936) (0.000,0.423) (0.000,0.224) (0.000,0.054) (0.000,0.582) (0.000,0.467) (0.000,0.369) (0.000,0.365) 
347      888    (0)    3 :  0.065 0.015 0.079 0.042 0.008 0.091 0.059 0.030 0.010 0.087 0.010 0.043 0.093 0.064 0.055 0.015 0.032 0.059 0.077 0.068     (0.000,0.533) (0.000,0.094) (0.000,0.595) (0.000,0.319) (0.000,0.043) (0.000,0.622) (0.000,0.463) (0.000,0.198) (0.000,0.057) (0.000,0.643) (0.000,0.061) (0.000,0.326) (0.000,0.661) (0.000,0.506) (0.000,0.417) (0.000,0.093) (0.000,0.228) (0.000,0.474) (0.000,0.603) (0.000,0.547) 
348      891    (0)    7 :  0.079 0.023 0.096 0.075 0.006 0.052 0.055 0.030 0.018 0.131 0.020 0.036 0.049 0.051 0.029 0.010 0.045 0.058 0.077 0.060     (0.000,0.643) (0.000,0.165) (0.000,0.708) (0.000,0.596) (0.000,0.034) (0.000,0.406) (0.000,0.443) (0.000,0.195) (0.000,0.124) (0.000,0.832) (0.000,0.138) (0.000,0.258) (0.000,0.381) (0.000,0.406) (0.000,0.190) (0.000,0.058) (0.000,0.343) (0.000,0.472) (0.000,0.628) (0.000,0.496) 
349      895   (12)   13 :  0.032 0.009 0.058 0.022 0.011 0.014 0.180 0.084 0.009 0.052 0.008 0.076 0.035 0.022 0.046 0.010 0.187 0.055 0.025 0.064     (0.000,0.215) (0.000,0.052) (0.000,0.460) (0.000,0.138) (0.000,0.061) (0.000,0.082) (0.000,0.902) (0.000,0.627) (0.000,0.049) (0.000,0.410) (0.000,0.044) (0.000,0.428) (0.000,0.241) (0.000,0.132) (0.000,0.360) (0.000,0.055) (0.000,0.898) (0.000,0.445) (0.000,0.157) (0.000,0.502) 
350      896    (0)   17 :  0.016 0.007 0.084 0.021 0.009 0.016 0.027 0.043 0.006 0.269 0.006 0.009 0.050 0.037 0.018 0.013 0.135 0.117 0.093 0.024     (0.000,0.087) (0.000,0.039) (0.000,0.657) (0.000,0.131) (0.000,0.045) (0.000,0.092) (0.000,0.174) (0.000,0.332) (0.000,0.034) (0.000,0.952) (0.000,0.030) (0.000,0.048) (0.000,0.387) (0.000,0.264) (0.000,0.110) (0.000,0.083) (0.000,0.840) (0.000,0.810) (0.000,0.713) (0.000,0.149) 
351      901    (0)    1 :  0.087 0.030 0.087 0.042 0.015 0.140 0.067 0.025 0.077 0.088 0.039 0.031 0.032 0.036 0.046 0.013 0.046 0.036 0.029 0.036     (0.000,0.660) (0.000,0.220) (0.000,0.611) (0.000,0.320) (0.000,0.096) (0.000,0.788) (0.000,0.510) (0.000,0.167) (0.000,0.429) (0.000,0.625) (0.000,0.283) (0.000,0.229) (0.000,0.227) (0.000,0.261) (0.000,0.353) (0.000,0.085) (0.000,0.357) (0.000,0.261) (0.000,0.189) (0.000,0.254) 
352      904    (0)    3 :  0.038 0.011 0.216 0.140 0.006 0.035 0.028 0.055 0.011 0.087 0.015 0.014 0.085 0.030 0.028 0.013 0.065 0.047 0.033 0.043     (0.000,0.274) (0.000,0.067) (0.000,0.925) (0.000,0.857) (0.000,0.031) (0.000,0.249) (0.000,0.175) (0.000,0.438) (0.000,0.066) (0.000,0.688) (0.000,0.094) (0.000,0.077) (0.000,0.652) (0.000,0.198) (0.000,0.180) (0.000,0.075) (0.000,0.527) (0.000,0.363) (0.000,0.228) (0.000,0.323) 
353      905    (0)    1 :  0.077 0.010 0.067 0.083 0.013 0.095 0.109 0.029 0.008 0.091 0.008 0.014 0.073 0.057 0.067 0.007 0.067 0.043 0.034 0.050     (0.000,0.609) (0.000,0.055) (0.000,0.528) (0.000,0.617) (0.000,0.074) (0.000,0.641) (0.000,0.721) (0.000,0.194) (0.000,0.044) (0.000,0.664) (0.000,0.044) (0.000,0.086) (0.000,0.538) (0.000,0.441) (0.000,0.495) (0.000,0.038) (0.000,0.512) (0.000,0.321) (0.000,0.240) (0.000,0.382) 
354      910    (0)   12 :  0.029 0.116 0.057 0.084 0.007 0.015 0.033 0.017 0.134 0.042 0.082 0.114 0.022 0.045 0.013 0.024 0.046 0.033 0.057 0.031     (0.000,0.202) (0.000,0.586) (0.000,0.417) (0.000,0.564) (0.000,0.038) (0.000,0.089) (0.000,0.241) (0.000,0.101) (0.000,0.579) (0.000,0.317) (0.000,0.493) (0.000,0.737) (0.000,0.148) (0.000,0.347) (0.000,0.075) (0.000,0.179) (0.000,0.339) (0.000,0.244) (0.000,0.433) (0.000,0.226) 
355      912    (0)   17 :  0.048 0.014 0.033 0.019 0.008 0.028 0.034 0.046 0.014 0.061 0.014 0.034 0.266 0.067 0.010 0.015 0.147 0.049 0.048 0.046     (0.000,0.375) (0.000,0.094) (0.000,0.231) (0.000,0.112) (0.000,0.042) (0.000,0.181) (0.000,0.234) (0.000,0.355) (0.000,0.093) (0.000,0.491) (0.000,0.088) (0.000,0.249) (0.000,0.950) (0.000,0.564) (0.000,0.053) (0.000,0.088) (0.000,0.868) (0.000,0.385) (0.000,0.377) (0.000,0.351) 
356      913    (0)   13 :  0.030 0.010 0.028 0.020 0.007 0.015 0.034 0.032 0.010 0.038 0.010 0.017 0.119 0.046 0.013 0.016 0.455 0.044 0.030 0.026     (0.000,0.186) (0.000,0.057) (0.000,0.184) (0.000,0.116) (0.000,0.036) (0.000,0.079) (0.000,0.228) (0.000,0.201) (0.000,0.064) (0.000,0.271) (0.000,0.064) (0.000,0.113) (0.000,0.808) (0.000,0.348) (0.000,0.070) (0.000,0.098) (0.000,0.982) (0.000,0.329) (0.000,0.191) (0.000,0.150) 
357      917    (0)    8 :  0.037 0.005 0.075 0.040 0.006 0.025 0.060 0.072 0.004 0.075 0.005 0.007 0.045 0.060 0.044 0.012 0.295 0.061 0.040 0.031     (0.000,0.256) (0.000,0.026) (0.000,0.622) (0.000,0.283) (0.000,0.032) (0.000,0.158) (0.000,0.486) (0.000,0.596) (0.000,0.024) (0.000,0.622) (0.000,0.026) (0.000,0.040) (0.000,0.344) (0.000,0.501) (0.000,0.337) (0.000,0.071) (0.000,0.967) (0.000,0.510) (0.000,0.285) (0.000,0.195) 
358      925    (0)   14 :  0.097 0.018 0.071 0.078 0.011 0.026 0.048 0.057 0.014 0.119 0.018 0.098 0.016 0.062 0.012 0.035 0.037 0.047 0.040 0.096     (0.000,0.706) (0.000,0.122) (0.000,0.548) (0.000,0.587) (0.000,0.061) (0.000,0.179) (0.000,0.368) (0.000,0.433) (0.000,0.086) (0.000,0.716) (0.000,0.121) (0.000,0.573) (0.000,0.092) (0.000,0.486) (0.000,0.066) (0.000,0.255) (0.000,0.278) (0.000,0.360) (0.000,0.297) (0.000,0.674) 
359      930    (0)   14 :  0.078 0.009 0.080 0.056 0.009 0.042 0.074 0.042 0.007 0.134 0.010 0.015 0.066 0.069 0.024 0.053 0.038 0.056 0.090 0.049     (0.000,0.637) (0.000,0.050) (0.000,0.627) (0.000,0.444) (0.000,0.049) (0.000,0.319) (0.000,0.592) (0.000,0.310) (0.000,0.037) (0.000,0.846) (0.000,0.063) (0.000,0.089) (0.000,0.545) (0.000,0.569) (0.000,0.146) (0.000,0.384) (0.000,0.282) (0.000,0.450) (0.000,0.701) (0.000,0.383) 
360      934   (12)    3 :  0.028 0.006 0.099 0.084 0.010 0.030 0.038 0.104 0.006 0.117 0.006 0.023 0.064 0.035 0.025 0.010 0.147 0.052 0.066 0.049     (0.000,0.173) (0.000,0.034) (0.000,0.755) (0.000,0.680) (0.000,0.050) (0.000,0.200) (0.000,0.269) (0.000,0.770) (0.000,0.031) (0.000,0.820) (0.000,0.033) (0.000,0.139) (0.000,0.531) (0.000,0.235) (0.000,0.153) (0.000,0.058) (0.000,0.868) (0.000,0.409) (0.000,0.545) (0.000,0.379) 
361      935   (12)   15 :  0.061 0.017 0.059 0.058 0.020 0.019 0.135 0.027 0.007 0.149 0.009 0.158 0.027 0.034 0.017 0.035 0.025 0.027 0.074 0.041     (0.000,0.505) (0.000,0.100) (0.000,0.472) (0.000,0.470) (0.000,0.122) (0.000,0.106) (0.000,0.849) (0.000,0.176) (0.000,0.038) (0.000,0.874) (0.000,0.053) (0.000,0.881) (0.000,0.173) (0.000,0.225) (0.000,0.097) (0.000,0.267) (0.000,0.168) (0.000,0.161) (0.000,0.605) (0.000,0.295) 
362      936   (12)   14 :  0.075 0.008 0.067 0.072 0.007 0.085 0.039 0.062 0.007 0.149 0.008 0.013 0.080 0.060 0.031 0.015 0.067 0.059 0.051 0.046     (0.000,0.628) (0.000,0.042) (0.000,0.540) (0.000,0.591) (0.000,0.037) (0.000,0.652) (0.000,0.275) (0.000,0.508) (0.000,0.037) (0.000,0.885) (0.000,0.044) (0.000,0.073) (0.000,0.661) (0.000,0.503) (0.000,0.207) (0.000,0.090) (0.000,0.546) (0.000,0.490) (0.000,0.404) (0.000,0.350) 
363      937   (25)   18 :  0.040 0.012 0.064 0.060 0.015 0.043 0.082 0.066 0.016 0.085 0.016 0.035 0.169 0.036 0.034 0.007 0.123 0.038 0.025 0.035     (0.000,0.295) (0.000,0.073) (0.000,0.506) (0.000,0.484) (0.000,0.086) (0.000,0.322) (0.000,0.644) (0.000,0.541) (0.000,0.104) (0.000,0.668) (0.000,0.102) (0.000,0.260) (0.000,0.892) (0.000,0.249) (0.000,0.245) (0.000,0.040) (0.000,0.811) (0.000,0.262) (0.000,0.154) (0.000,0.238) 
364      938    (0)   10 :  0.051 0.008 0.053 0.061 0.011 0.036 0.065 0.178 0.007 0.060 0.007 0.012 0.067 0.044 0.179 0.012 0.034 0.044 0.031 0.040     (0.000,0.404) (0.000,0.046) (0.000,0.418) (0.000,0.497) (0.000,0.063) (0.000,0.259) (0.000,0.533) (0.000,0.910) (0.000,0.038) (0.000,0.492) (0.000,0.040) (0.000,0.070) (0.000,0.549) (0.000,0.328) (0.000,0.908) (0.000,0.068) (0.000,0.227) (0.000,0.327) (0.000,0.197) (0.000,0.291) 
365      939    (0)   13 :  0.040 0.043 0.080 0.176 0.013 0.037 0.057 0.048 0.047 0.041 0.051 0.024 0.053 0.068 0.074 0.006 0.023 0.038 0.034 0.050     (0.000,0.287) (0.000,0.323) (0.000,0.630) (0.000,0.893) (0.000,0.075) (0.000,0.265) (0.000,0.450) (0.000,0.368) (0.000,0.343) (0.000,0.300) (0.000,0.376) (0.000,0.162) (0.000,0.417) (0.000,0.539) (0.000,0.557) (0.000,0.034) (0.000,0.137) (0.000,0.268) (0.000,0.230) (0.000,0.387) 
366      941    (0)   19 :  0.030 0.014 0.027 0.042 0.019 0.025 0.037 0.030 0.018 0.026 0.019 0.023 0.118 0.062 0.026 0.008 0.047 0.159 0.244 0.026     (0.000,0.200) (0.000,0.091) (0.000,0.180) (0.000,0.320) (0.000,0.131) (0.000,0.170) (0.000,0.274) (0.000,0.207) (0.000,0.127) (0.000,0.163) (0.000,0.130) (0.000,0.164) (0.000,0.711) (0.000,0.484) (0.000,0.177) (0.000,0.046) (0.000,0.364) (0.000,0.817) (0.000,0.890) (0.000,0.168) 
367      943    (0)    7 :  0.113 0.007 0.063 0.089 0.088 0.016 0.126 0.031 0.005 0.139 0.007 0.011 0.024 0.028 0.097 0.004 0.048 0.024 0.035 0.043     (0.000,0.754) (0.000,0.040) (0.000,0.486) (0.000,0.630) (0.000,0.438) (0.000,0.094) (0.000,0.708) (0.000,0.217) (0.000,0.029) (0.000,0.747) (0.000,0.036) (0.000,0.065) (0.000,0.155) (0.000,0.190) (0.000,0.641) (0.000,0.022) (0.000,0.365) (0.000,0.151) (0.000,0.249) (0.000,0.327) 
368      946    (0)    1 :  0.050 0.021 0.104 0.047 0.016 0.023 0.091 0.055 0.018 0.047 0.017 0.012 0.074 0.145 0.039 0.006 0.093 0.045 0.055 0.042     (0.000,0.388) (0.000,0.150) (0.000,0.759) (0.000,0.357) (0.000,0.098) (0.000,0.141) (0.000,0.703) (0.000,0.445) (0.000,0.124) (0.000,0.366) (0.000,0.120) (0.000,0.068) (0.000,0.587) (0.000,0.867) (0.000,0.288) (0.000,0.030) (0.000,0.697) (0.000,0.347) (0.000,0.442) (0.000,0.308) 
369      947    (0)   20 :  0.046 0.032 0.063 0.037 0.023 0.080 0.043 0.112 0.033 0.031 0.026 0.031 0.108 0.084 0.044 0.033 0.029 0.045 0.042 0.058     (0.000,0.361) (0.000,0.234) (0.000,0.510) (0.000,0.268) (0.000,0.155) (0.000,0.585) (0.000,0.330) (0.000,0.720) (0.000,0.234) (0.000,0.212) (0.000,0.186) (0.000,0.223) (0.000,0.747) (0.000,0.628) (0.000,0.335) (0.000,0.231) (0.000,0.199) (0.000,0.345) (0.000,0.316) (0.000,0.467) 
370      948    (0)   14 :  0.040 0.007 0.079 0.066 0.013 0.029 0.042 0.084 0.007 0.038 0.007 0.007 0.198 0.083 0.043 0.007 0.110 0.059 0.039 0.044     (0.000,0.290) (0.000,0.039) (0.000,0.630) (0.000,0.521) (0.000,0.074) (0.000,0.195) (0.000,0.307) (0.000,0.672) (0.000,0.039) (0.000,0.267) (0.000,0.039) (0.000,0.035) (0.000,0.917) (0.000,0.647) (0.000,0.321) (0.000,0.039) (0.000,0.781) (0.000,0.482) (0.000,0.279) (0.000,0.335) 
371      950    (0)   13 :  0.041 0.010 0.070 0.120 0.015 0.038 0.057 0.102 0.010 0.043 0.010 0.011 0.093 0.114 0.058 0.007 0.070 0.045 0.043 0.044     (0.000,0.293) (0.000,0.058) (0.000,0.582) (0.000,0.819) (0.000,0.086) (0.000,0.276) (0.000,0.462) (0.000,0.757) (0.000,0.062) (0.000,0.317) (0.000,0.062) (0.000,0.061) (0.000,0.726) (0.000,0.812) (0.000,0.462) (0.000,0.035) (0.000,0.576) (0.000,0.340) (0.000,0.314) (0.000,0.336) 
372      955    (0)   14 :  0.031 0.007 0.080 0.047 0.012 0.023 0.094 0.192 0.006 0.034 0.007 0.009 0.090 0.085 0.077 0.007 0.077 0.047 0.032 0.043     (0.000,0.195) (0.000,0.037) (0.000,0.666) (0.000,0.362) (0.000,0.071) (0.000,0.143) (0.000,0.727) (0.000,0.923) (0.000,0.036) (0.000,0.224) (0.000,0.040) (0.000,0.051) (0.000,0.712) (0.000,0.684) (0.000,0.608) (0.000,0.040) (0.000,0.632) (0.000,0.355) (0.000,0.209) (0.000,0.323) 
373      956   (25)    4 :  0.034 0.015 0.053 0.026 0.058 0.014 0.222 0.054 0.008 0.027 0.007 0.030 0.039 0.137 0.042 0.016 0.020 0.032 0.117 0.049     (0.000,0.225) (0.000,0.089) (0.000,0.420) (0.000,0.162) (0.000,0.445) (0.000,0.077) (0.000,0.943) (0.000,0.433) (0.000,0.046) (0.000,0.164) (0.000,0.039) (0.000,0.208) (0.000,0.278) (0.000,0.869) (0.000,0.311) (0.000,0.099) (0.000,0.124) (0.000,0.210) (0.000,0.821) (0.000,0.381) 
374      958    (0)    1 :  0.056 0.006 0.039 0.024 0.014 0.039 0.038 0.084 0.005 0.044 0.005 0.009 0.206 0.124 0.020 0.012 0.087 0.054 0.086 0.046     (0.000,0.457) (0.000,0.033) (0.000,0.267) (0.000,0.149) (0.000,0.086) (0.000,0.285) (0.000,0.259) (0.000,0.693) (0.000,0.027) (0.000,0.334) (0.000,0.029) (0.000,0.052) (0.000,0.938) (0.000,0.847) (0.000,0.120) (0.000,0.070) (0.000,0.707) (0.000,0.442) (0.000,0.706) (0.000,0.352) 
375      961    (0)   13 :  0.039 0.005 0.041 0.041 0.012 0.053 0.031 0.125 0.005 0.038 0.004 0.009 0.234 0.076 0.025 0.011 0.073 0.061 0.052 0.068     (0.000,0.271) (0.000,0.024) (0.000,0.289) (0.000,0.298) (0.000,0.070) (0.000,0.418) (0.000,0.207) (0.000,0.844) (0.000,0.024) (0.000,0.264) (0.000,0.024) (0.000,0.050) (0.000,0.951) (0.000,0.628) (0.000,0.159) (0.000,0.063) (0.000,0.597) (0.000,0.511) (0.000,0.411) (0.000,0.565) 
376      962   (12)   18 :  0.049 0.036 0.059 0.033 0.028 0.045 0.046 0.038 0.034 0.026 0.032 0.064 0.120 0.082 0.028 0.074 0.048 0.041 0.080 0.038     (0.000,0.382) (0.000,0.265) (0.000,0.469) (0.000,0.236) (0.000,0.193) (0.000,0.349) (0.000,0.361) (0.000,0.286) (0.000,0.245) (0.000,0.164) (0.000,0.236) (0.000,0.473) (0.000,0.776) (0.000,0.606) (0.000,0.188) (0.000,0.477) (0.000,0.380) (0.000,0.306) (0.000,0.624) (0.000,0.275) 
377      967    (0)   14 :  0.061 0.006 0.061 0.114 0.018 0.041 0.108 0.044 0.006 0.043 0.006 0.011 0.093 0.113 0.063 0.010 0.044 0.045 0.070 0.044     (0.000,0.503) (0.000,0.031) (0.000,0.506) (0.000,0.805) (0.000,0.115) (0.000,0.303) (0.000,0.786) (0.000,0.323) (0.000,0.029) (0.000,0.322) (0.000,0.032) (0.000,0.066) (0.000,0.722) (0.000,0.808) (0.000,0.500) (0.000,0.059) (0.000,0.333) (0.000,0.332) (0.000,0.578) (0.000,0.335) 
378      969    (0)   14 :  0.034 0.006 0.063 0.067 0.010 0.040 0.023 0.076 0.005 0.034 0.007 0.008 0.370 0.059 0.027 0.013 0.040 0.042 0.038 0.036     (0.000,0.221) (0.000,0.031) (0.000,0.521) (0.000,0.561) (0.000,0.059) (0.000,0.295) (0.000,0.131) (0.000,0.642) (0.000,0.028) (0.000,0.228) (0.000,0.038) (0.000,0.045) (0.000,0.977) (0.000,0.481) (0.000,0.166) (0.000,0.077) (0.000,0.290) (0.000,0.307) (0.000,0.262) (0.000,0.243) 
379      971    (0)   13 :  0.030 0.018 0.031 0.027 0.020 0.075 0.029 0.070 0.016 0.021 0.027 0.156 0.083 0.146 0.020 0.020 0.100 0.061 0.027 0.022     (0.000,0.198) (0.000,0.126) (0.000,0.219) (0.000,0.187) (0.000,0.135) (0.000,0.551) (0.000,0.203) (0.000,0.547) (0.000,0.106) (0.000,0.136) (0.000,0.197) (0.000,0.675) (0.000,0.586) (0.000,0.835) (0.000,0.135) (0.000,0.140) (0.000,0.684) (0.000,0.490) (0.000,0.177) (0.000,0.140) 
380      973    (0)    1 :  0.078 0.039 0.063 0.076 0.015 0.024 0.183 0.019 0.027 0.063 0.070 0.012 0.028 0.038 0.135 0.011 0.028 0.034 0.033 0.025     (0.000,0.625) (0.000,0.297) (0.000,0.512) (0.000,0.591) (0.000,0.096) (0.000,0.146) (0.000,0.894) (0.000,0.116) (0.000,0.195) (0.000,0.508) (0.000,0.456) (0.000,0.072) (0.000,0.177) (0.000,0.271) (0.000,0.777) (0.000,0.067) (0.000,0.185) (0.000,0.234) (0.000,0.225) (0.000,0.150) 
381      975   (12)   13 :  0.027 0.009 0.085 0.041 0.029 0.024 0.055 0.128 0.007 0.049 0.012 0.010 0.132 0.140 0.041 0.014 0.055 0.045 0.065 0.032     (0.000,0.163) (0.000,0.052) (0.000,0.692) (0.000,0.295) (0.000,0.191) (0.000,0.152) (0.000,0.444) (0.000,0.839) (0.000,0.038) (0.000,0.380) (0.000,0.072) (0.000,0.055) (0.000,0.860) (0.000,0.874) (0.000,0.304) (0.000,0.086) (0.000,0.442) (0.000,0.341) (0.000,0.550) (0.000,0.210) 
382      980    (0)   13 :  0.032 0.023 0.041 0.040 0.029 0.016 0.078 0.037 0.018 0.028 0.027 0.029 0.123 0.191 0.033 0.054 0.049 0.042 0.081 0.029     (0.000,0.212) (0.000,0.169) (0.000,0.311) (0.000,0.299) (0.000,0.206) (0.000,0.091) (0.000,0.595) (0.000,0.271) (0.000,0.122) (0.000,0.183) (0.000,0.197) (0.000,0.210) (0.000,0.784) (0.000,0.902) (0.000,0.234) (0.000,0.376) (0.000,0.385) (0.000,0.318) (0.000,0.637) (0.000,0.196) 
383      981    (0)    7 :  0.085 0.010 0.065 0.029 0.014 0.034 0.290 0.036 0.010 0.034 0.008 0.010 0.054 0.079 0.071 0.006 0.021 0.039 0.043 0.064     (0.000,0.697) (0.000,0.056) (0.000,0.537) (0.000,0.192) (0.000,0.080) (0.000,0.235) (0.000,0.964) (0.000,0.248) (0.000,0.057) (0.000,0.227) (0.000,0.046) (0.000,0.055) (0.000,0.426) (0.000,0.649) (0.000,0.557) (0.000,0.033) (0.000,0.123) (0.000,0.277) (0.000,0.314) (0.000,0.527) 
384      982    (0)   12 :  0.009 0.031 0.009 0.007 0.007 0.009 0.009 0.008 0.042 0.007 0.024 0.742 0.007 0.008 0.007 0.039 0.007 0.008 0.011 0.010     (0.000,0.048) (0.000,0.230) (0.000,0.049) (0.000,0.036) (0.000,0.035) (0.000,0.049) (0.000,0.051) (0.000,0.042) (0.000,0.316) (0.000,0.039) (0.000,0.171) (0.254,0.992) (0.000,0.041) (0.000,0.046) (0.000,0.039) (0.000,0.278) (0.000,0.036) (0.000,0.045) (0.000,0.060) (0.000,0.056) 
385      987    (0)   16 :  0.013 0.019 0.009 0.009 0.007 0.011 0.012 0.012 0.014 0.012 0.014 0.018 0.010 0.012 0.010 0.774 0.009 0.011 0.014 0.012     (0.000,0.078) (0.000,0.127) (0.000,0.052) (0.000,0.048) (0.000,0.037) (0.000,0.061) (0.000,0.066) (0.000,0.069) (0.000,0.088) (0.000,0.068) (0.000,0.086) (0.000,0.103) (0.000,0.056) (0.000,0.068) (0.000,0.058) (0.390,0.991) (0.000,0.049) (0.000,0.062) (0.000,0.086) (0.000,0.066) 
386      988    (0)   16 :  0.021 0.076 0.023 0.019 0.007 0.021 0.020 0.019 0.088 0.020 0.148 0.035 0.021 0.024 0.024 0.355 0.023 0.020 0.019 0.017     (0.000,0.143) (0.000,0.494) (0.000,0.161) (0.000,0.132) (0.000,0.040) (0.000,0.140) (0.000,0.136) (0.000,0.129) (0.000,0.517) (0.000,0.137) (0.000,0.659) (0.000,0.258) (0.000,0.144) (0.000,0.171) (0.000,0.168) (0.000,0.753) (0.000,0.158) (0.000,0.133) (0.000,0.122) (0.000,0.112) 
387      990    (0)   16 :  0.020 0.087 0.010 0.012 0.012 0.014 0.018 0.014 0.040 0.021 0.071 0.065 0.023 0.013 0.012 0.510 0.019 0.013 0.014 0.012     (0.000,0.130) (0.000,0.506) (0.000,0.059) (0.000,0.070) (0.000,0.075) (0.000,0.084) (0.000,0.115) (0.000,0.076) (0.000,0.303) (0.000,0.140) (0.000,0.451) (0.000,0.472) (0.000,0.153) (0.000,0.076) (0.000,0.068) (0.006,0.895) (0.000,0.119) (0.000,0.077) (0.000,0.084) (0.000,0.070) 
388      992   (12)   12 :  0.013 0.076 0.010 0.010 0.009 0.011 0.015 0.011 0.093 0.010 0.037 0.320 0.010 0.012 0.009 0.303 0.008 0.012 0.016 0.017     (0.000,0.071) (0.000,0.541) (0.000,0.054) (0.000,0.053) (0.000,0.048) (0.000,0.061) (0.000,0.090) (0.000,0.061) (0.000,0.563) (0.000,0.051) (0.000,0.286) (0.000,0.972) (0.000,0.051) (0.000,0.067) (0.000,0.052) (0.000,0.850) (0.000,0.042) (0.000,0.065) (0.000,0.094) (0.000,0.101) 
389      994    (0)   12 :  0.008 0.030 0.006 0.008 0.005 0.010 0.007 0.006 0.037 0.006 0.016 0.805 0.009 0.008 0.006 0.005 0.006 0.009 0.006 0.007     (0.000,0.042) (0.000,0.225) (0.000,0.034) (0.000,0.048) (0.000,0.029) (0.000,0.058) (0.000,0.039) (0.000,0.033) (0.000,0.273) (0.000,0.032) (0.000,0.099) (0.435,0.994) (0.000,0.050) (0.000,0.044) (0.000,0.033) (0.000,0.027) (0.000,0.031) (0.000,0.051) (0.000,0.034) (0.000,0.036) 
390      996   (12)   12 :  0.009 0.008 0.007 0.009 0.007 0.011 0.010 0.009 0.007 0.008 0.007 0.842 0.007 0.009 0.008 0.007 0.008 0.009 0.009 0.010     (0.000,0.047) (0.000,0.044) (0.000,0.040) (0.000,0.049) (0.000,0.035) (0.000,0.061) (0.000,0.052) (0.000,0.047) (0.000,0.036) (0.000,0.044) (0.000,0.036) (0.524,0.995) (0.000,0.040) (0.000,0.050) (0.000,0.045) (0.000,0.036) (0.000,0.041) (0.000,0.050) (0.000,0.050) (0.000,0.056) 
391      998    (0)   12 :  0.007 0.008 0.006 0.007 0.005 0.009 0.007 0.008 0.008 0.007 0.007 0.862 0.007 0.008 0.007 0.006 0.007 0.008 0.007 0.008     (0.000,0.039) (0.000,0.046) (0.000,0.034) (0.000,0.040) (0.000,0.027) (0.000,0.049) (0.000,0.039) (0.000,0.041) (0.000,0.041) (0.000,0.038) (0.000,0.041) (0.580,0.996) (0.000,0.040) (0.000,0.041) (0.000,0.036) (0.000,0.031) (0.000,0.039) (0.000,0.041) (0.000,0.040) (0.000,0.044) 
392     1000    (0)   10 :  0.089 0.021 0.086 0.064 0.009 0.049 0.052 0.026 0.018 0.096 0.014 0.031 0.050 0.048 0.101 0.008 0.019 0.081 0.038 0.099     (0.000,0.659) (0.000,0.146) (0.000,0.577) (0.000,0.482) (0.000,0.048) (0.000,0.355) (0.000,0.409) (0.000,0.179) (0.000,0.125) (0.000,0.656) (0.000,0.092) (0.000,0.227) (0.000,0.372) (0.000,0.369) (0.000,0.635) (0.000,0.049) (0.000,0.125) (0.000,0.626) (0.000,0.276) (0.000,0.717) 
393     1001    (0)   18 :  0.112 0.018 0.161 0.119 0.007 0.033 0.087 0.023 0.020 0.077 0.016 0.035 0.026 0.024 0.066 0.005 0.013 0.056 0.026 0.075     (0.000,0.777) (0.000,0.118) (0.000,0.808) (0.000,0.775) (0.000,0.036) (0.000,0.236) (0.000,0.617) (0.000,0.153) (0.000,0.137) (0.000,0.577) (0.000,0.104) (0.000,0.262) (0.000,0.168) (0.000,0.153) (0.000,0.503) (0.000,0.027) (0.000,0.076) (0.000,0.449) (0.000,0.164) (0.000,0.599) 
394     1002    (0)   11 :  0.013 0.095 0.009 0.017 0.008 0.011 0.014 0.007 0.037 0.012 0.598 0.089 0.009 0.011 0.012 0.011 0.006 0.011 0.015 0.016     (0.000,0.083) (0.000,0.645) (0.000,0.050) (0.000,0.115) (0.000,0.044) (0.000,0.067) (0.000,0.092) (0.000,0.039) (0.000,0.282) (0.000,0.076) (0.072,0.961) (0.000,0.550) (0.000,0.049) (0.000,0.068) (0.000,0.072) (0.000,0.073) (0.000,0.029) (0.000,0.063) (0.000,0.096) (0.000,0.103) 
395     1003    (0)   11 :  0.012 0.224 0.012 0.016 0.007 0.010 0.017 0.014 0.044 0.017 0.072 0.437 0.023 0.016 0.015 0.005 0.012 0.013 0.014 0.016     (0.000,0.062) (0.000,0.946) (0.000,0.070) (0.000,0.096) (0.000,0.038) (0.000,0.054) (0.000,0.104) (0.000,0.088) (0.000,0.348) (0.000,0.099) (0.000,0.604) (0.000,0.982) (0.000,0.144) (0.000,0.093) (0.000,0.096) (0.000,0.027) (0.000,0.068) (0.000,0.073) (0.000,0.079) (0.000,0.095) 
396     1006    (0)   12 :  0.007 0.014 0.006 0.007 0.007 0.008 0.006 0.007 0.016 0.007 0.014 0.845 0.007 0.007 0.006 0.010 0.007 0.007 0.007 0.007     (0.000,0.039) (0.000,0.087) (0.000,0.031) (0.000,0.036) (0.000,0.037) (0.000,0.044) (0.000,0.032) (0.000,0.036) (0.000,0.106) (0.000,0.036) (0.000,0.083) (0.530,0.995) (0.000,0.036) (0.000,0.039) (0.000,0.030) (0.000,0.062) (0.000,0.039) (0.000,0.035) (0.000,0.036) (0.000,0.035) 
397     1008    (0)   11 :  0.007 0.166 0.006 0.008 0.005 0.008 0.007 0.006 0.534 0.007 0.172 0.027 0.007 0.006 0.007 0.005 0.005 0.006 0.006 0.007     (0.000,0.036) (0.000,0.945) (0.000,0.032) (0.000,0.043) (0.000,0.024) (0.000,0.044) (0.000,0.035) (0.000,0.032) (0.000,0.991) (0.000,0.036) (0.000,0.950) (0.000,0.164) (0.000,0.037) (0.000,0.030) (0.000,0.040) (0.000,0.028) (0.000,0.026) (0.000,0.033) (0.000,0.031) (0.000,0.039) 
398     1009    (0)    2 :  0.013 0.450 0.009 0.010 0.042 0.011 0.011 0.012 0.070 0.022 0.131 0.111 0.019 0.011 0.018 0.009 0.014 0.011 0.017 0.011     (0.000,0.080) (0.000,0.973) (0.000,0.052) (0.000,0.054) (0.000,0.246) (0.000,0.065) (0.000,0.062) (0.000,0.077) (0.000,0.535) (0.000,0.157) (0.000,0.799) (0.000,0.735) (0.000,0.128) (0.000,0.061) (0.000,0.125) (0.000,0.051) (0.000,0.088) (0.000,0.060) (0.000,0.111) (0.000,0.065) 
399     1012   (25)    2 :  0.011 0.337 0.010 0.013 0.011 0.012 0.013 0.011 0.103 0.014 0.169 0.212 0.016 0.010 0.013 0.008 0.009 0.009 0.009 0.011     (0.000,0.061) (0.000,0.975) (0.000,0.057) (0.000,0.076) (0.000,0.057) (0.000,0.066) (0.000,0.079) (0.000,0.066) (0.000,0.767) (0.000,0.081) (0.000,0.912) (0.000,0.943) (0.000,0.092) (0.000,0.054) (0.000,0.075) (0.000,0.041) (0.000,0.052) (0.000,0.052) (0.000,0.049) (0.000,0.063) 
400     1013    (0)    2 :  0.006 0.533 0.005 0.006 0.007 0.006 0.006 0.004 0.253 0.006 0.118 0.009 0.005 0.005 0.007 0.004 0.004 0.005 0.006 0.005     (0.000,0.033) (0.000,0.993) (0.000,0.027) (0.000,0.032) (0.000,0.040) (0.000,0.031) (0.000,0.034) (0.000,0.023) (0.000,0.973) (0.000,0.031) (0.000,0.903) (0.000,0.049) (0.000,0.025) (0.000,0.029) (0.000,0.035) (0.000,0.020) (0.000,0.022) (0.000,0.028) (0.000,0.030) (0.000,0.029) 
401     1024   (25)   11 :  0.020 0.360 0.015 0.027 0.010 0.017 0.023 0.014 0.087 0.028 0.197 0.088 0.017 0.013 0.022 0.006 0.012 0.013 0.012 0.018     (0.000,0.115) (0.000,0.973) (0.000,0.090) (0.000,0.176) (0.000,0.052) (0.000,0.099) (0.000,0.144) (0.000,0.084) (0.000,0.680) (0.000,0.183) (0.000,0.916) (0.000,0.692) (0.000,0.104) (0.000,0.074) (0.000,0.145) (0.000,0.031) (0.000,0.064) (0.000,0.075) (0.000,0.070) (0.000,0.102) 
402     1025    (0)    1 :  0.195 0.019 0.019 0.104 0.007 0.040 0.036 0.030 0.012 0.167 0.011 0.024 0.014 0.031 0.039 0.009 0.012 0.033 0.027 0.171     (0.000,0.928) (0.000,0.123) (0.000,0.104) (0.000,0.756) (0.000,0.037) (0.000,0.296) (0.000,0.257) (0.000,0.206) (0.000,0.070) (0.000,0.896) (0.000,0.069) (0.000,0.166) (0.000,0.077) (0.000,0.202) (0.000,0.290) (0.000,0.052) (0.000,0.063) (0.000,0.215) (0.000,0.174) (0.000,0.904) 
403     1026    (0)    2 :  0.007 0.434 0.005 0.008 0.004 0.007 0.007 0.005 0.435 0.006 0.024 0.011 0.006 0.006 0.007 0.004 0.005 0.007 0.006 0.006     (0.000,0.038) (0.000,0.990) (0.000,0.027) (0.000,0.043) (0.000,0.021) (0.000,0.037) (0.000,0.036) (0.000,0.026) (0.000,0.989) (0.000,0.034) (0.000,0.137) (0.000,0.061) (0.000,0.034) (0.000,0.034) (0.000,0.037) (0.000,0.020) (0.000,0.025) (0.000,0.037) (0.000,0.032) (0.000,0.034) 
404     1033    (0)   12 :  0.020 0.034 0.014 0.028 0.008 0.028 0.016 0.022 0.032 0.013 0.023 0.611 0.010 0.031 0.010 0.006 0.031 0.025 0.015 0.022     (0.000,0.113) (0.000,0.255) (0.000,0.077) (0.000,0.185) (0.000,0.043) (0.000,0.179) (0.000,0.085) (0.000,0.137) (0.000,0.244) (0.000,0.076) (0.000,0.160) (0.000,0.985) (0.000,0.054) (0.000,0.204) (0.000,0.058) (0.000,0.035) (0.000,0.222) (0.000,0.150) (0.000,0.089) (0.000,0.129) 
405     1034    (0)    9 :  0.011 0.066 0.008 0.009 0.012 0.009 0.008 0.010 0.042 0.010 0.726 0.015 0.010 0.009 0.009 0.008 0.009 0.009 0.010 0.010     (0.000,0.064) (0.000,0.515) (0.000,0.046) (0.000,0.051) (0.000,0.078) (0.000,0.055) (0.000,0.047) (0.000,0.060) (0.000,0.325) (0.000,0.060) (0.175,0.990) (0.000,0.096) (0.000,0.056) (0.000,0.050) (0.000,0.051) (0.000,0.050) (0.000,0.049) (0.000,0.052) (0.000,0.055) (0.000,0.055) 
406     1037    (0)    9 :  0.007 0.116 0.007 0.010 0.004 0.008 0.006 0.007 0.465 0.007 0.298 0.012 0.007 0.006 0.007 0.005 0.006 0.007 0.006 0.008     (0.000,0.039) (0.000,0.884) (0.000,0.040) (0.000,0.054) (0.000,0.023) (0.000,0.046) (0.000,0.034) (0.000,0.037) (0.000,0.989) (0.000,0.038) (0.000,0.980) (0.000,0.067) (0.000,0.038) (0.000,0.034) (0.000,0.038) (0.000,0.028) (0.000,0.030) (0.000,0.035) (0.000,0.032) (0.000,0.042) 
407     1038    (0)    2 :  0.008 0.272 0.006 0.008 0.005 0.007 0.008 0.006 0.372 0.007 0.233 0.017 0.006 0.006 0.007 0.005 0.006 0.006 0.006 0.007     (0.000,0.043) (0.000,0.975) (0.000,0.034) (0.000,0.042) (0.000,0.028) (0.000,0.038) (0.000,0.042) (0.000,0.033) (0.000,0.985) (0.000,0.038) (0.000,0.969) (0.000,0.092) (0.000,0.034) (0.000,0.033) (0.000,0.036) (0.000,0.028) (0.000,0.031) (0.000,0.034) (0.000,0.033) (0.000,0.040) 
408     1040    (0)   11 :  0.008 0.379 0.007 0.007 0.005 0.007 0.007 0.006 0.327 0.007 0.177 0.012 0.006 0.007 0.007 0.006 0.006 0.007 0.007 0.007     (0.000,0.042) (0.000,0.987) (0.000,0.036) (0.000,0.038) (0.000,0.023) (0.000,0.035) (0.000,0.036) (0.000,0.031) (0.000,0.981) (0.000,0.037) (0.000,0.951) (0.000,0.062) (0.000,0.029) (0.000,0.037) (0.000,0.037) (0.000,0.033) (0.000,0.033) (0.000,0.035) (0.000,0.039) (0.000,0.036) 
409     1047    (0)    9 :  0.011 0.287 0.006 0.009 0.015 0.009 0.009 0.006 0.302 0.009 0.261 0.016 0.007 0.009 0.008 0.005 0.007 0.008 0.009 0.007     (0.000,0.058) (0.000,0.972) (0.000,0.034) (0.000,0.050) (0.000,0.104) (0.000,0.046) (0.000,0.047) (0.000,0.032) (0.000,0.972) (0.000,0.050) (0.000,0.969) (0.000,0.093) (0.000,0.037) (0.000,0.051) (0.000,0.044) (0.000,0.027) (0.000,0.037) (0.000,0.041) (0.000,0.047) (0.000,0.038) 
410     1052    (0)    9 :  0.005 0.088 0.005 0.006 0.004 0.005 0.005 0.004 0.736 0.005 0.091 0.008 0.004 0.005 0.005 0.004 0.004 0.005 0.005 0.005     (0.000,0.029) (0.000,0.838) (0.000,0.025) (0.000,0.030) (0.000,0.022) (0.000,0.028) (0.000,0.025) (0.000,0.023) (0.000,0.996) (0.000,0.028) (0.000,0.867) (0.000,0.040) (0.000,0.023) (0.000,0.025) (0.000,0.027) (0.000,0.019) (0.000,0.024) (0.000,0.026) (0.000,0.026) (0.000,0.027) 
411     1053    (0)    2 :  0.006 0.323 0.005 0.006 0.004 0.005 0.006 0.004 0.433 0.006 0.156 0.008 0.004 0.005 0.005 0.004 0.005 0.005 0.005 0.005     (0.000,0.032) (0.000,0.986) (0.000,0.027) (0.000,0.032) (0.000,0.022) (0.000,0.028) (0.000,0.030) (0.000,0.023) (0.000,0.991) (0.000,0.031) (0.000,0.952) (0.000,0.040) (0.000,0.023) (0.000,0.026) (0.000,0.029) (0.000,0.019) (0.000,0.024) (0.000,0.026) (0.000,0.027) (0.000,0.028) 
412     1054    (0)    9 :  0.007 0.307 0.006 0.006 0.004 0.006 0.006 0.006 0.466 0.006 0.121 0.010 0.006 0.006 0.006 0.005 0.006 0.006 0.006 0.006     (0.000,0.037) (0.000,0.983) (0.000,0.030) (0.000,0.034) (0.000,0.023) (0.000,0.032) (0.000,0.034) (0.000,0.030) (0.000,0.990) (0.000,0.033) (0.000,0.912) (0.000,0.054) (0.000,0.030) (0.000,0.034) (0.000,0.033) (0.000,0.024) (0.000,0.030) (0.000,0.033) (0.000,0.035) (0.000,0.034) 
413     1060    (0)    9 :  0.009 0.179 0.006 0.010 0.007 0.008 0.008 0.006 0.376 0.009 0.305 0.023 0.007 0.007 0.007 0.005 0.007 0.007 0.007 0.007     (0.000,0.051) (0.000,0.943) (0.000,0.034) (0.000,0.053) (0.000,0.038) (0.000,0.043) (0.000,0.040) (0.000,0.030) (0.000,0.983) (0.000,0.048) (0.000,0.979) (0.000,0.130) (0.000,0.035) (0.000,0.038) (0.000,0.037) (0.000,0.029) (0.000,0.038) (0.000,0.037) (0.000,0.039) (0.000,0.038) 
414     1065   (12)   13 :  0.101 0.012 0.116 0.063 0.009 0.057 0.035 0.046 0.016 0.093 0.012 0.056 0.030 0.040 0.027 0.008 0.063 0.116 0.034 0.066     (0.000,0.739) (0.000,0.076) (0.000,0.712) (0.000,0.480) (0.000,0.048) (0.000,0.443) (0.000,0.252) (0.000,0.357) (0.000,0.101) (0.000,0.649) (0.000,0.073) (0.000,0.389) (0.000,0.202) (0.000,0.296) (0.000,0.181) (0.000,0.044) (0.000,0.466) (0.000,0.786) (0.000,0.236) (0.000,0.531) 
415     1066    (0)   12 :  0.016 0.017 0.008 0.015 0.010 0.029 0.015 0.009 0.015 0.010 0.007 0.753 0.013 0.015 0.008 0.011 0.007 0.017 0.012 0.013     (0.000,0.090) (0.000,0.110) (0.000,0.041) (0.000,0.087) (0.000,0.055) (0.000,0.188) (0.000,0.085) (0.000,0.048) (0.000,0.095) (0.000,0.055) (0.000,0.038) (0.183,0.992) (0.000,0.075) (0.000,0.085) (0.000,0.046) (0.000,0.069) (0.000,0.040) (0.000,0.100) (0.000,0.070) (0.000,0.069) 
416     1071    (0)    2 :  0.063 0.100 0.028 0.074 0.012 0.061 0.061 0.014 0.050 0.043 0.082 0.208 0.022 0.022 0.032 0.015 0.013 0.023 0.025 0.052     (0.000,0.488) (0.000,0.594) (0.000,0.196) (0.000,0.542) (0.000,0.066) (0.000,0.464) (0.000,0.453) (0.000,0.085) (0.000,0.370) (0.000,0.330) (0.000,0.517) (0.000,0.837) (0.000,0.148) (0.000,0.148) (0.000,0.238) (0.000,0.099) (0.000,0.079) (0.000,0.154) (0.000,0.172) (0.000,0.407) 
417     1074    (0)   12 :  0.028 0.021 0.019 0.017 0.007 0.046 0.017 0.025 0.011 0.018 0.013 0.612 0.012 0.032 0.012 0.013 0.026 0.029 0.020 0.023     (0.000,0.167) (0.000,0.147) (0.000,0.113) (0.000,0.093) (0.000,0.035) (0.000,0.349) (0.000,0.097) (0.000,0.160) (0.000,0.070) (0.000,0.105) (0.000,0.084) (0.000,0.987) (0.000,0.066) (0.000,0.204) (0.000,0.068) (0.000,0.078) (0.000,0.174) (0.000,0.173) (0.000,0.119) (0.000,0.134) 
418     1084    (0)   12 :  0.112 0.021 0.030 0.070 0.009 0.029 0.230 0.018 0.015 0.030 0.015 0.193 0.019 0.018 0.028 0.009 0.013 0.029 0.032 0.080     (0.000,0.809) (0.000,0.145) (0.000,0.200) (0.000,0.570) (0.000,0.047) (0.000,0.191) (0.000,0.935) (0.000,0.103) (0.000,0.097) (0.000,0.193) (0.000,0.100) (0.000,0.899) (0.000,0.114) (0.000,0.102) (0.000,0.184) (0.000,0.050) (0.000,0.075) (0.000,0.188) (0.000,0.220) (0.000,0.652) 
419     1091    (0)    9 :  0.009 0.218 0.007 0.010 0.006 0.009 0.008 0.006 0.093 0.010 0.531 0.030 0.009 0.007 0.008 0.008 0.007 0.008 0.008 0.008     (0.000,0.050) (0.000,0.961) (0.000,0.039) (0.000,0.058) (0.000,0.030) (0.000,0.049) (0.000,0.046) (0.000,0.032) (0.000,0.789) (0.000,0.054) (0.000,0.990) (0.000,0.203) (0.000,0.047) (0.000,0.040) (0.000,0.043) (0.000,0.044) (0.000,0.035) (0.000,0.041) (0.000,0.044) (0.000,0.045) 
420     1098    (0)    9 :  0.010 0.343 0.009 0.007 0.006 0.011 0.010 0.010 0.196 0.009 0.281 0.029 0.009 0.008 0.009 0.017 0.007 0.009 0.009 0.010     (0.000,0.061) (0.000,0.978) (0.000,0.051) (0.000,0.041) (0.000,0.032) (0.000,0.062) (0.000,0.055) (0.000,0.058) (0.000,0.889) (0.000,0.056) (0.000,0.963) (0.000,0.204) (0.000,0.054) (0.000,0.046) (0.000,0.051) (0.000,0.116) (0.000,0.041) (0.000,0.051) (0.000,0.052) (0.000,0.058) 
421     1102    (0)    9 :  0.010 0.045 0.008 0.008 0.012 0.009 0.008 0.009 0.027 0.010 0.772 0.014 0.010 0.008 0.008 0.009 0.008 0.009 0.009 0.009     (0.000,0.055) (0.000,0.346) (0.000,0.045) (0.000,0.044) (0.000,0.077) (0.000,0.052) (0.000,0.045) (0.000,0.053) (0.000,0.182) (0.000,0.056) (0.320,0.991) (0.000,0.086) (0.000,0.056) (0.000,0.047) (0.000,0.046) (0.000,0.057) (0.000,0.044) (0.000,0.050) (0.000,0.056) (0.000,0.052) 
422     1105    (0)    9 :  0.008 0.134 0.007 0.009 0.005 0.008 0.008 0.006 0.182 0.008 0.555 0.016 0.007 0.006 0.007 0.007 0.006 0.007 0.006 0.008     (0.000,0.044) (0.000,0.911) (0.000,0.037) (0.000,0.047) (0.000,0.028) (0.000,0.042) (0.000,0.042) (0.000,0.035) (0.000,0.947) (0.000,0.041) (0.000,0.992) (0.000,0.090) (0.000,0.040) (0.000,0.034) (0.000,0.035) (0.000,0.038) (0.000,0.033) (0.000,0.036) (0.000,0.034) (0.000,0.042) 
423     1108    (0)    2 :  0.011 0.183 0.012 0.014 0.006 0.009 0.011 0.012 0.092 0.012 0.524 0.024 0.013 0.013 0.010 0.008 0.011 0.011 0.011 0.012     (0.000,0.058) (0.000,0.932) (0.000,0.071) (0.000,0.081) (0.000,0.033) (0.000,0.051) (0.000,0.063) (0.000,0.071) (0.000,0.742) (0.000,0.069) (0.000,0.987) (0.000,0.155) (0.000,0.080) (0.000,0.073) (0.000,0.057) (0.000,0.044) (0.000,0.060) (0.000,0.059) (0.000,0.063) (0.000,0.064) 
424     1112    (0)    7 :  0.055 0.039 0.031 0.130 0.010 0.037 0.024 0.031 0.025 0.078 0.054 0.037 0.034 0.065 0.023 0.030 0.068 0.066 0.107 0.056     (0.000,0.439) (0.000,0.295) (0.000,0.211) (0.000,0.793) (0.000,0.056) (0.000,0.262) (0.000,0.147) (0.000,0.213) (0.000,0.186) (0.000,0.614) (0.000,0.376) (0.000,0.274) (0.000,0.243) (0.000,0.524) (0.000,0.137) (0.000,0.219) (0.000,0.511) (0.000,0.540) (0.000,0.731) (0.000,0.450) 
425     1115    (0)    4 :  0.075 0.088 0.032 0.030 0.073 0.026 0.052 0.021 0.019 0.183 0.073 0.030 0.027 0.030 0.041 0.010 0.038 0.031 0.083 0.036     (0.000,0.598) (0.000,0.555) (0.000,0.226) (0.000,0.212) (0.000,0.422) (0.000,0.170) (0.000,0.412) (0.000,0.139) (0.000,0.128) (0.000,0.893) (0.000,0.466) (0.000,0.218) (0.000,0.185) (0.000,0.208) (0.000,0.303) (0.000,0.061) (0.000,0.286) (0.000,0.219) (0.000,0.602) (0.000,0.263) 
426     1119   (25)    2 :  0.010 0.398 0.011 0.009 0.014 0.008 0.020 0.014 0.053 0.014 0.336 0.026 0.015 0.012 0.012 0.008 0.010 0.010 0.011 0.011     (0.000,0.053) (0.000,0.982) (0.000,0.066) (0.000,0.046) (0.000,0.075) (0.000,0.043) (0.000,0.121) (0.000,0.088) (0.000,0.441) (0.000,0.080) (0.000,0.968) (0.000,0.176) (0.000,0.085) (0.000,0.066) (0.000,0.067) (0.000,0.041) (0.000,0.054) (0.000,0.056) (0.000,0.059) (0.000,0.059) 
427     1120    (0)   11 :  0.018 0.259 0.011 0.012 0.010 0.012 0.015 0.010 0.062 0.015 0.250 0.075 0.015 0.015 0.010 0.154 0.008 0.013 0.020 0.016     (0.000,0.111) (0.000,0.947) (0.000,0.059) (0.000,0.072) (0.000,0.055) (0.000,0.069) (0.000,0.092) (0.000,0.059) (0.000,0.481) (0.000,0.091) (0.000,0.863) (0.000,0.501) (0.000,0.087) (0.000,0.087) (0.000,0.053) (0.000,0.683) (0.000,0.046) (0.000,0.078) (0.000,0.136) (0.000,0.096) 
428     1121   (12)   12 :  0.019 0.020 0.016 0.028 0.009 0.035 0.013 0.021 0.017 0.017 0.019 0.537 0.014 0.044 0.009 0.006 0.094 0.036 0.025 0.021     (0.000,0.105) (0.000,0.131) (0.000,0.087) (0.000,0.184) (0.000,0.052) (0.000,0.241) (0.000,0.071) (0.000,0.123) (0.000,0.112) (0.000,0.098) (0.000,0.125) (0.000,0.983) (0.000,0.082) (0.000,0.329) (0.000,0.048) (0.000,0.031) (0.000,0.650) (0.000,0.248) (0.000,0.163) (0.000,0.125) 
429     1122    (0)    7 :  0.035 0.161 0.029 0.030 0.008 0.029 0.035 0.041 0.086 0.035 0.108 0.170 0.041 0.030 0.025 0.010 0.025 0.028 0.028 0.045     (0.000,0.250) (0.000,0.764) (0.000,0.209) (0.000,0.213) (0.000,0.042) (0.000,0.199) (0.000,0.250) (0.000,0.311) (0.000,0.552) (0.000,0.255) (0.000,0.643) (0.000,0.862) (0.000,0.311) (0.000,0.209) (0.000,0.169) (0.000,0.057) (0.000,0.171) (0.000,0.193) (0.000,0.196) (0.000,0.343) 
430     1123   (12)   11 :  0.008 0.180 0.007 0.008 0.005 0.008 0.008 0.007 0.544 0.007 0.143 0.017 0.007 0.007 0.008 0.005 0.006 0.008 0.007 0.009     (0.000,0.045) (0.000,0.948) (0.000,0.036) (0.000,0.044) (0.000,0.026) (0.000,0.042) (0.000,0.044) (0.000,0.036) (0.000,0.992) (0.000,0.039) (0.000,0.924) (0.000,0.089) (0.000,0.039) (0.000,0.038) (0.000,0.043) (0.000,0.025) (0.000,0.032) (0.000,0.042) (0.000,0.040) (0.000,0.047) 
431     1124   (12)   11 :  0.009 0.140 0.008 0.011 0.005 0.010 0.008 0.008 0.463 0.009 0.237 0.027 0.009 0.008 0.009 0.005 0.007 0.008 0.008 0.010     (0.000,0.051) (0.000,0.908) (0.000,0.043) (0.000,0.060) (0.000,0.027) (0.000,0.053) (0.000,0.046) (0.000,0.043) (0.000,0.988) (0.000,0.046) (0.000,0.965) (0.000,0.154) (0.000,0.051) (0.000,0.043) (0.000,0.047) (0.000,0.028) (0.000,0.038) (0.000,0.045) (0.000,0.045) (0.000,0.055) 
432     1125   (12)   11 :  0.012 0.240 0.008 0.012 0.008 0.010 0.012 0.007 0.177 0.011 0.335 0.102 0.010 0.008 0.008 0.006 0.008 0.008 0.008 0.010     (0.000,0.067) (0.000,0.961) (0.000,0.041) (0.000,0.068) (0.000,0.041) (0.000,0.054) (0.000,0.069) (0.000,0.038) (0.000,0.934) (0.000,0.063) (0.000,0.979) (0.000,0.824) (0.000,0.055) (0.000,0.041) (0.000,0.045) (0.000,0.030) (0.000,0.044) (0.000,0.044) (0.000,0.044) (0.000,0.055) 
433     1131    (0)   12 :  0.012 0.025 0.010 0.011 0.007 0.035 0.010 0.011 0.045 0.012 0.032 0.703 0.013 0.010 0.012 0.007 0.011 0.012 0.009 0.012     (0.000,0.064) (0.000,0.170) (0.000,0.056) (0.000,0.061) (0.000,0.038) (0.000,0.249) (0.000,0.052) (0.000,0.058) (0.000,0.353) (0.000,0.066) (0.000,0.231) (0.000,0.992) (0.000,0.072) (0.000,0.055) (0.000,0.066) (0.000,0.038) (0.000,0.057) (0.000,0.066) (0.000,0.049) (0.000,0.066) 
434     1132    (0)   14 :  0.041 0.014 0.049 0.056 0.007 0.062 0.033 0.058 0.011 0.076 0.012 0.022 0.068 0.075 0.052 0.010 0.042 0.101 0.066 0.146     (0.000,0.296) (0.000,0.090) (0.000,0.380) (0.000,0.443) (0.000,0.034) (0.000,0.498) (0.000,0.227) (0.000,0.462) (0.000,0.070) (0.000,0.615) (0.000,0.074) (0.000,0.141) (0.000,0.554) (0.000,0.608) (0.000,0.407) (0.000,0.062) (0.000,0.317) (0.000,0.763) (0.000,0.542) (0.000,0.877) 
435     1133    (0)    7 :  0.091 0.008 0.025 0.021 0.006 0.073 0.169 0.033 0.007 0.053 0.007 0.010 0.047 0.066 0.042 0.006 0.016 0.157 0.031 0.133     (0.000,0.731) (0.000,0.043) (0.000,0.146) (0.000,0.131) (0.000,0.033) (0.000,0.575) (0.000,0.881) (0.000,0.226) (0.000,0.037) (0.000,0.420) (0.000,0.036) (0.000,0.058) (0.000,0.365) (0.000,0.537) (0.000,0.316) (0.000,0.031) (0.000,0.093) (0.000,0.890) (0.000,0.199) (0.000,0.857) 
436     1134   (12)   13 :  0.041 0.071 0.015 0.017 0.011 0.033 0.030 0.026 0.047 0.042 0.040 0.101 0.317 0.040 0.021 0.010 0.034 0.036 0.032 0.035     (0.000,0.310) (0.000,0.528) (0.000,0.083) (0.000,0.102) (0.000,0.060) (0.000,0.236) (0.000,0.200) (0.000,0.162) (0.000,0.361) (0.000,0.319) (0.000,0.307) (0.000,0.655) (0.000,0.962) (0.000,0.291) (0.000,0.138) (0.000,0.053) (0.000,0.235) (0.000,0.260) (0.000,0.220) (0.000,0.254) 
437     1137    (0)    2 :  0.036 0.189 0.028 0.027 0.008 0.031 0.037 0.028 0.050 0.051 0.068 0.163 0.058 0.035 0.043 0.009 0.022 0.034 0.041 0.040     (0.000,0.251) (0.000,0.884) (0.000,0.188) (0.000,0.184) (0.000,0.044) (0.000,0.209) (0.000,0.268) (0.000,0.190) (0.000,0.376) (0.000,0.403) (0.000,0.496) (0.000,0.872) (0.000,0.464) (0.000,0.246) (0.000,0.331) (0.000,0.049) (0.000,0.134) (0.000,0.238) (0.000,0.310) (0.000,0.292) 
438     1138    (0)    1 :  0.054 0.012 0.031 0.059 0.007 0.134 0.057 0.071 0.013 0.065 0.010 0.015 0.056 0.043 0.136 0.005 0.017 0.061 0.032 0.124     (0.000,0.434) (0.000,0.075) (0.000,0.191) (0.000,0.477) (0.000,0.033) (0.000,0.846) (0.000,0.466) (0.000,0.585) (0.000,0.076) (0.000,0.545) (0.000,0.060) (0.000,0.088) (0.000,0.453) (0.000,0.315) (0.000,0.846) (0.000,0.026) (0.000,0.090) (0.000,0.509) (0.000,0.203) (0.000,0.848) 
439     1139    (0)   18 :  0.051 0.011 0.035 0.085 0.007 0.132 0.042 0.069 0.010 0.079 0.011 0.016 0.077 0.054 0.097 0.006 0.021 0.062 0.035 0.101     (0.000,0.400) (0.000,0.064) (0.000,0.232) (0.000,0.689) (0.000,0.034) (0.000,0.842) (0.000,0.310) (0.000,0.568) (0.000,0.059) (0.000,0.658) (0.000,0.065) (0.000,0.096) (0.000,0.641) (0.000,0.430) (0.000,0.730) (0.000,0.033) (0.000,0.119) (0.000,0.520) (0.000,0.231) (0.000,0.778) 
440     1143    (0)   19 :  0.078 0.022 0.041 0.039 0.006 0.046 0.048 0.038 0.012 0.097 0.013 0.024 0.030 0.039 0.180 0.021 0.038 0.081 0.089 0.059     (0.000,0.641) (0.000,0.143) (0.000,0.299) (0.000,0.287) (0.000,0.031) (0.000,0.349) (0.000,0.372) (0.000,0.269) (0.000,0.072) (0.000,0.744) (0.000,0.077) (0.000,0.153) (0.000,0.190) (0.000,0.275) (0.000,0.904) (0.000,0.142) (0.000,0.278) (0.000,0.668) (0.000,0.710) (0.000,0.489) 
441     1146    (0)   19 :  0.083 0.020 0.033 0.061 0.008 0.046 0.053 0.043 0.014 0.097 0.014 0.030 0.047 0.046 0.081 0.011 0.057 0.086 0.100 0.068     (0.000,0.675) (0.000,0.131) (0.000,0.218) (0.000,0.494) (0.000,0.040) (0.000,0.354) (0.000,0.427) (0.000,0.325) (0.000,0.087) (0.000,0.744) (0.000,0.085) (0.000,0.211) (0.000,0.363) (0.000,0.355) (0.000,0.623) (0.000,0.064) (0.000,0.456) (0.000,0.702) (0.000,0.762) (0.000,0.570) 
442     1147    (0)    1 :  0.078 0.040 0.044 0.130 0.008 0.059 0.063 0.019 0.023 0.078 0.030 0.052 0.036 0.051 0.074 0.010 0.017 0.048 0.069 0.071     (0.000,0.641) (0.000,0.302) (0.000,0.330) (0.000,0.835) (0.000,0.042) (0.000,0.481) (0.000,0.515) (0.000,0.107) (0.000,0.158) (0.000,0.638) (0.000,0.218) (0.000,0.402) (0.000,0.253) (0.000,0.396) (0.000,0.578) (0.000,0.060) (0.000,0.096) (0.000,0.366) (0.000,0.565) (0.000,0.592) 
443     1156    (0)    8 :  0.058 0.027 0.036 0.066 0.009 0.047 0.052 0.072 0.022 0.061 0.020 0.039 0.080 0.079 0.024 0.009 0.024 0.061 0.049 0.166     (0.000,0.476) (0.000,0.192) (0.000,0.249) (0.000,0.534) (0.000,0.048) (0.000,0.360) (0.000,0.411) (0.000,0.571) (0.000,0.152) (0.000,0.499) (0.000,0.132) (0.000,0.293) (0.000,0.623) (0.000,0.644) (0.000,0.152) (0.000,0.053) (0.000,0.153) (0.000,0.500) (0.000,0.376) (0.000,0.894) 
444     1157    (0)   18 :  0.073 0.011 0.033 0.017 0.007 0.023 0.072 0.209 0.008 0.093 0.008 0.012 0.046 0.035 0.080 0.014 0.095 0.073 0.038 0.054     (0.000,0.614) (0.000,0.065) (0.000,0.213) (0.000,0.091) (0.000,0.036) (0.000,0.140) (0.000,0.605) (0.000,0.935) (0.000,0.042) (0.000,0.746) (0.000,0.042) (0.000,0.068) (0.000,0.350) (0.000,0.242) (0.000,0.617) (0.000,0.082) (0.000,0.735) (0.000,0.626) (0.000,0.264) (0.000,0.428) 
445     1162   (12)   13 :  0.039 0.027 0.037 0.037 0.011 0.252 0.025 0.099 0.032 0.042 0.026 0.034 0.080 0.029 0.055 0.018 0.015 0.038 0.021 0.082     (0.000,0.280) (0.000,0.191) (0.000,0.257) (0.000,0.267) (0.000,0.061) (0.000,0.942) (0.000,0.157) (0.000,0.695) (0.000,0.231) (0.000,0.316) (0.000,0.189) (0.000,0.248) (0.000,0.652) (0.000,0.187) (0.000,0.449) (0.000,0.126) (0.000,0.085) (0.000,0.277) (0.000,0.118) (0.000,0.656) 
446     1167   (12)   14 :  0.088 0.017 0.030 0.037 0.009 0.081 0.035 0.065 0.014 0.093 0.012 0.014 0.092 0.087 0.034 0.008 0.060 0.078 0.068 0.080     (0.000,0.715) (0.000,0.106) (0.000,0.190) (0.000,0.257) (0.000,0.050) (0.000,0.654) (0.000,0.234) (0.000,0.538) (0.000,0.083) (0.000,0.744) (0.000,0.070) (0.000,0.077) (0.000,0.712) (0.000,0.703) (0.000,0.232) (0.000,0.045) (0.000,0.492) (0.000,0.654) (0.000,0.563) (0.000,0.656) 
447     1173    (0)    9 :  0.012 0.189 0.011 0.012 0.006 0.014 0.011 0.010 0.417 0.012 0.179 0.038 0.014 0.010 0.013 0.007 0.009 0.011 0.011 0.013     (0.000,0.069) (0.000,0.934) (0.000,0.059) (0.000,0.073) (0.000,0.030) (0.000,0.083) (0.000,0.064) (0.000,0.058) (0.000,0.980) (0.000,0.067) (0.000,0.928) (0.000,0.257) (0.000,0.079) (0.000,0.058) (0.000,0.081) (0.000,0.038) (0.000,0.048) (0.000,0.064) (0.000,0.060) (0.000,0.078) 
448     1176    (0)    3 :  0.058 0.017 0.056 0.048 0.008 0.125 0.040 0.061 0.015 0.048 0.013 0.036 0.025 0.077 0.072 0.007 0.104 0.093 0.046 0.051     (0.000,0.469) (0.000,0.115) (0.000,0.448) (0.000,0.368) (0.000,0.039) (0.000,0.812) (0.000,0.291) (0.000,0.490) (0.000,0.098) (0.000,0.377) (0.000,0.080) (0.000,0.261) (0.000,0.153) (0.000,0.621) (0.000,0.555) (0.000,0.041) (0.000,0.702) (0.000,0.718) (0.000,0.355) (0.000,0.396) 
449     1182    (0)    6 :  0.038 0.016 0.030 0.026 0.028 0.110 0.019 0.048 0.011 0.069 0.014 0.011 0.087 0.046 0.258 0.008 0.039 0.049 0.045 0.049     (0.000,0.273) (0.000,0.100) (0.000,0.200) (0.000,0.168) (0.000,0.184) (0.000,0.708) (0.000,0.112) (0.000,0.373) (0.000,0.065) (0.000,0.534) (0.000,0.086) (0.000,0.063) (0.000,0.648) (0.000,0.351) (0.000,0.943) (0.000,0.043) (0.000,0.286) (0.000,0.378) (0.000,0.337) (0.000,0.383) 
450     1185    (0)   18 :  0.047 0.014 0.035 0.069 0.007 0.092 0.026 0.119 0.012 0.066 0.012 0.018 0.062 0.073 0.060 0.013 0.038 0.082 0.051 0.106     (0.000,0.358) (0.000,0.088) (0.000,0.230) (0.000,0.570) (0.000,0.034) (0.000,0.698) (0.000,0.160) (0.000,0.813) (0.000,0.077) (0.000,0.546) (0.000,0.069) (0.000,0.111) (0.000,0.514) (0.000,0.602) (0.000,0.490) (0.000,0.076) (0.000,0.270) (0.000,0.679) (0.000,0.402) (0.000,0.788) 
451     1200    (0)    7 :  0.082 0.036 0.033 0.083 0.010 0.049 0.056 0.040 0.025 0.071 0.018 0.066 0.039 0.055 0.042 0.013 0.025 0.059 0.104 0.094     (0.000,0.666) (0.000,0.270) (0.000,0.221) (0.000,0.651) (0.000,0.055) (0.000,0.386) (0.000,0.456) (0.000,0.286) (0.000,0.175) (0.000,0.587) (0.000,0.117) (0.000,0.516) (0.000,0.282) (0.000,0.437) (0.000,0.312) (0.000,0.077) (0.000,0.160) (0.000,0.479) (0.000,0.757) (0.000,0.730) 
452     1205    (0)    9 :  0.020 0.352 0.014 0.016 0.013 0.018 0.021 0.010 0.285 0.018 0.124 0.008 0.010 0.013 0.027 0.004 0.011 0.013 0.012 0.013     (0.000,0.136) (0.000,0.951) (0.000,0.089) (0.000,0.108) (0.000,0.084) (0.000,0.120) (0.000,0.149) (0.000,0.058) (0.000,0.908) (0.000,0.122) (0.000,0.825) (0.000,0.042) (0.000,0.063) (0.000,0.081) (0.000,0.189) (0.000,0.020) (0.000,0.068) (0.000,0.080) (0.000,0.071) (0.000,0.085) 
453     1207    (0)    9 :  0.010 0.330 0.007 0.008 0.005 0.009 0.009 0.007 0.434 0.009 0.093 0.014 0.008 0.009 0.010 0.005 0.007 0.009 0.009 0.009     (0.000,0.053) (0.000,0.981) (0.000,0.040) (0.000,0.046) (0.000,0.025) (0.000,0.047) (0.000,0.048) (0.000,0.036) (0.000,0.986) (0.000,0.049) (0.000,0.815) (0.000,0.073) (0.000,0.045) (0.000,0.047) (0.000,0.056) (0.000,0.025) (0.000,0.039) (0.000,0.048) (0.000,0.052) (0.000,0.048) 
454     1208    (0)    2 :  0.010 0.407 0.007 0.009 0.005 0.009 0.009 0.006 0.310 0.010 0.141 0.015 0.008 0.008 0.009 0.005 0.007 0.008 0.009 0.009     (0.000,0.056) (0.000,0.986) (0.000,0.038) (0.000,0.049) (0.000,0.028) (0.000,0.047) (0.000,0.050) (0.000,0.034) (0.000,0.975) (0.000,0.053) (0.000,0.915) (0.000,0.082) (0.000,0.042) (0.000,0.043) (0.000,0.051) (0.000,0.024) (0.000,0.037) (0.000,0.043) (0.000,0.046) (0.000,0.046) 
455     1212   (12)    7 :  0.087 0.017 0.059 0.081 0.008 0.030 0.332 0.021 0.017 0.025 0.017 0.046 0.019 0.012 0.136 0.005 0.014 0.025 0.017 0.030     (0.000,0.722) (0.000,0.109) (0.000,0.489) (0.000,0.676) (0.000,0.043) (0.000,0.206) (0.000,0.966) (0.000,0.122) (0.000,0.109) (0.000,0.160) (0.000,0.103) (0.000,0.346) (0.000,0.107) (0.000,0.066) (0.000,0.863) (0.000,0.028) (0.000,0.076) (0.000,0.146) (0.000,0.092) (0.000,0.186) 
456     1214    (0)    7 :  0.092 0.024 0.032 0.052 0.011 0.050 0.046 0.045 0.011 0.101 0.011 0.049 0.042 0.061 0.043 0.023 0.030 0.060 0.149 0.068     (0.000,0.733) (0.000,0.159) (0.000,0.209) (0.000,0.409) (0.000,0.057) (0.000,0.388) (0.000,0.353) (0.000,0.339) (0.000,0.066) (0.000,0.762) (0.000,0.063) (0.000,0.375) (0.000,0.312) (0.000,0.504) (0.000,0.319) (0.000,0.157) (0.000,0.205) (0.000,0.496) (0.000,0.877) (0.000,0.568) 
457     1218   (25)   10 :  0.103 0.012 0.025 0.108 0.010 0.021 0.015 0.048 0.012 0.339 0.010 0.011 0.016 0.034 0.018 0.006 0.037 0.029 0.028 0.120     (0.000,0.793) (0.000,0.072) (0.000,0.142) (0.000,0.804) (0.000,0.053) (0.000,0.128) (0.000,0.081) (0.000,0.367) (0.000,0.069) (0.000,0.972) (0.000,0.053) (0.000,0.058) (0.000,0.093) (0.000,0.216) (0.000,0.106) (0.000,0.031) (0.000,0.256) (0.000,0.176) (0.000,0.180) (0.000,0.837) 
458     1222    (0)    9 :  0.005 0.146 0.004 0.004 0.011 0.005 0.005 0.004 0.682 0.005 0.086 0.007 0.004 0.005 0.005 0.004 0.004 0.004 0.005 0.004     (0.000,0.026) (0.000,0.941) (0.000,0.022) (0.000,0.023) (0.000,0.070) (0.000,0.027) (0.000,0.026) (0.000,0.022) (0.000,0.995) (0.000,0.025) (0.000,0.834) (0.000,0.039) (0.000,0.023) (0.000,0.026) (0.000,0.025) (0.000,0.023) (0.000,0.022) (0.000,0.024) (0.000,0.025) (0.000,0.022) 
459     1224    (0)    2 :  0.027 0.221 0.014 0.014 0.007 0.013 0.026 0.034 0.376 0.017 0.032 0.012 0.014 0.014 0.038 0.050 0.032 0.031 0.013 0.014     (0.000,0.196) (0.000,0.810) (0.000,0.093) (0.000,0.084) (0.000,0.035) (0.000,0.077) (0.000,0.194) (0.000,0.248) (0.000,0.855) (0.000,0.117) (0.000,0.236) (0.000,0.064) (0.000,0.088) (0.000,0.088) (0.000,0.265) (0.000,0.332) (0.000,0.232) (0.000,0.230) (0.000,0.079) (0.000,0.087) 
460     1226    (0)    9 :  0.005 0.076 0.004 0.004 0.005 0.005 0.005 0.004 0.766 0.005 0.080 0.008 0.004 0.004 0.004 0.004 0.004 0.004 0.004 0.004     (0.000,0.024) (0.000,0.771) (0.000,0.022) (0.000,0.022) (0.000,0.028) (0.000,0.025) (0.000,0.024) (0.000,0.021) (0.000,0.997) (0.000,0.024) (0.000,0.824) (0.000,0.042) (0.000,0.023) (0.000,0.022) (0.000,0.022) (0.000,0.022) (0.000,0.022) (0.000,0.022) (0.000,0.021) (0.000,0.023) 
461     1233    (0)    9 :  0.005 0.121 0.005 0.005 0.004 0.006 0.005 0.005 0.730 0.005 0.058 0.008 0.005 0.005 0.005 0.005 0.005 0.005 0.005 0.006     (0.000,0.029) (0.000,0.925) (0.000,0.027) (0.000,0.025) (0.000,0.023) (0.000,0.030) (0.000,0.028) (0.000,0.028) (0.000,0.996) (0.000,0.026) (0.000,0.535) (0.000,0.042) (0.000,0.027) (0.000,0.026) (0.000,0.029) (0.000,0.026) (0.000,0.025) (0.000,0.027) (0.000,0.026) (0.000,0.029) 
462     1236    (0)    9 :  0.009 0.586 0.007 0.006 0.006 0.010 0.008 0.008 0.247 0.008 0.023 0.015 0.009 0.008 0.007 0.011 0.007 0.009 0.008 0.007     (0.000,0.050) (0.000,0.992) (0.000,0.038) (0.000,0.035) (0.000,0.030) (0.000,0.055) (0.000,0.042) (0.000,0.049) (0.000,0.919) (0.000,0.044) (0.000,0.133) (0.000,0.089) (0.000,0.054) (0.000,0.046) (0.000,0.041) (0.000,0.073) (0.000,0.039) (0.000,0.051) (0.000,0.045) (0.000,0.041) 
463     1237    (0)   12 :  0.016 0.025 0.015 0.009 0.010 0.013 0.013 0.010 0.026 0.011 0.015 0.747 0.007 0.012 0.008 0.018 0.011 0.011 0.011 0.010     (0.000,0.089) (0.000,0.178) (0.000,0.084) (0.000,0.050) (0.000,0.057) (0.000,0.069) (0.000,0.074) (0.000,0.055) (0.000,0.195) (0.000,0.059) (0.000,0.098) (0.238,0.991) (0.000,0.039) (0.000,0.065) (0.000,0.043) (0.000,0.120) (0.000,0.060) (0.000,0.060) (0.000,0.061) (0.000,0.054) 
464     1239    (0)   18 :  0.039 0.015 0.035 0.021 0.008 0.052 0.031 0.398 0.010 0.060 0.009 0.012 0.041 0.048 0.058 0.009 0.028 0.042 0.028 0.059     (0.000,0.265) (0.000,0.089) (0.000,0.231) (0.000,0.112) (0.000,0.037) (0.000,0.408) (0.000,0.189) (0.000,0.981) (0.000,0.058) (0.000,0.511) (0.000,0.050) (0.000,0.062) (0.000,0.289) (0.000,0.370) (0.000,0.487) (0.000,0.049) (0.000,0.169) (0.000,0.304) (0.000,0.170) (0.000,0.496) 
465     1240    (0)    9 :  0.014 0.439 0.015 0.013 0.028 0.011 0.026 0.029 0.114 0.016 0.128 0.033 0.027 0.024 0.019 0.005 0.017 0.014 0.014 0.015     (0.000,0.081) (0.000,0.977) (0.000,0.094) (0.000,0.074) (0.000,0.191) (0.000,0.060) (0.000,0.172) (0.000,0.209) (0.000,0.731) (0.000,0.096) (0.000,0.816) (0.000,0.236) (0.000,0.183) (0.000,0.151) (0.000,0.121) (0.000,0.027) (0.000,0.097) (0.000,0.080) (0.000,0.080) (0.000,0.089) 
466     1241   (25)    2 :  0.013 0.464 0.015 0.009 0.013 0.010 0.021 0.037 0.159 0.015 0.063 0.036 0.030 0.022 0.020 0.006 0.022 0.014 0.015 0.014     (0.000,0.071) (0.000,0.984) (0.000,0.087) (0.000,0.051) (0.000,0.067) (0.000,0.054) (0.000,0.132) (0.000,0.267) (0.000,0.845) (0.000,0.087) (0.000,0.534) (0.000,0.246) (0.000,0.187) (0.000,0.132) (0.000,0.126) (0.000,0.031) (0.000,0.128) (0.000,0.080) (0.000,0.082) (0.000,0.081) 
467     1248    (0)   16 :  0.064 0.036 0.031 0.022 0.009 0.080 0.028 0.103 0.034 0.042 0.022 0.023 0.032 0.033 0.068 0.172 0.046 0.059 0.040 0.053     (0.000,0.517) (0.000,0.269) (0.000,0.203) (0.000,0.135) (0.000,0.048) (0.000,0.607) (0.000,0.185) (0.000,0.691) (0.000,0.249) (0.000,0.315) (0.000,0.158) (0.000,0.158) (0.000,0.223) (0.000,0.239) (0.000,0.527) (0.000,0.742) (0.000,0.362) (0.000,0.475) (0.000,0.298) (0.000,0.420) 
468     1250    (0)   11 :  0.014 0.494 0.011 0.008 0.006 0.012 0.011 0.012 0.191 0.012 0.104 0.025 0.012 0.012 0.011 0.015 0.012 0.012 0.014 0.012     (0.000,0.085) (0.000,0.987) (0.000,0.061) (0.000,0.046) (0.000,0.034) (0.000,0.069) (0.000,0.061) (0.000,0.072) (0.000,0.866) (0.000,0.073) (0.000,0.803) (0.000,0.150) (0.000,0.069) (0.000,0.071) (0.000,0.064) (0.000,0.094) (0.000,0.066) (0.000,0.067) (0.000,0.083) (0.000,0.067) 
469     1259    (0)    9 :  0.010 0.162 0.010 0.010 0.005 0.011 0.009 0.009 0.491 0.009 0.193 0.012 0.008 0.009 0.010 0.006 0.008 0.009 0.009 0.010     (0.000,0.054) (0.000,0.927) (0.000,0.055) (0.000,0.053) (0.000,0.026) (0.000,0.061) (0.000,0.048) (0.000,0.051) (0.000,0.988) (0.000,0.050) (0.000,0.949) (0.000,0.062) (0.000,0.046) (0.000,0.048) (0.000,0.055) (0.000,0.034) (0.000,0.042) (0.000,0.049) (0.000,0.048) (0.000,0.056) 
470     1265    (0)    2 :  0.010 0.457 0.008 0.007 0.006 0.009 0.008 0.010 0.298 0.009 0.073 0.024 0.011 0.009 0.008 0.012 0.009 0.010 0.010 0.009     (0.000,0.058) (0.000,0.988) (0.000,0.044) (0.000,0.037) (0.000,0.032) (0.000,0.055) (0.000,0.047) (0.000,0.063) (0.000,0.929) (0.000,0.054) (0.000,0.687) (0.000,0.149) (0.000,0.065) (0.000,0.053) (0.000,0.048) (0.000,0.077) (0.000,0.054) (0.000,0.056) (0.000,0.060) (0.000,0.054) 
471     1276    (0)   11 :  0.009 0.221 0.011 0.010 0.006 0.009 0.011 0.014 0.473 0.010 0.132 0.015 0.011 0.010 0.012 0.005 0.009 0.010 0.009 0.012     (0.000,0.051) (0.000,0.954) (0.000,0.067) (0.000,0.057) (0.000,0.030) (0.000,0.052) (0.000,0.066) (0.000,0.089) (0.000,0.983) (0.000,0.057) (0.000,0.893) (0.000,0.079) (0.000,0.067) (0.000,0.059) (0.000,0.069) (0.000,0.024) (0.000,0.053) (0.000,0.056) (0.000,0.051) (0.000,0.068) 
472     1283    (0)   18 :  0.062 0.013 0.035 0.065 0.008 0.092 0.021 0.128 0.011 0.076 0.010 0.014 0.052 0.061 0.048 0.022 0.079 0.073 0.064 0.065     (0.000,0.517) (0.000,0.076) (0.000,0.239) (0.000,0.543) (0.000,0.039) (0.000,0.721) (0.000,0.123) (0.000,0.844) (0.000,0.067) (0.000,0.634) (0.000,0.058) (0.000,0.077) (0.000,0.416) (0.000,0.504) (0.000,0.370) (0.000,0.144) (0.000,0.638) (0.000,0.611) (0.000,0.526) (0.000,0.553) 
473     1291    (0)    1 :  0.050 0.054 0.023 0.046 0.008 0.062 0.021 0.081 0.065 0.043 0.046 0.041 0.091 0.066 0.033 0.036 0.070 0.063 0.043 0.057     (0.000,0.393) (0.000,0.393) (0.000,0.147) (0.000,0.355) (0.000,0.044) (0.000,0.484) (0.000,0.126) (0.000,0.618) (0.000,0.438) (0.000,0.325) (0.000,0.344) (0.000,0.301) (0.000,0.670) (0.000,0.526) (0.000,0.240) (0.000,0.264) (0.000,0.556) (0.000,0.502) (0.000,0.323) (0.000,0.457) 
474     1301    (0)    9 :  0.013 0.220 0.011 0.010 0.005 0.011 0.011 0.009 0.491 0.010 0.123 0.010 0.008 0.010 0.012 0.005 0.008 0.010 0.010 0.012     (0.000,0.067) (0.000,0.958) (0.000,0.056) (0.000,0.054) (0.000,0.025) (0.000,0.057) (0.000,0.060) (0.000,0.050) (0.000,0.989) (0.000,0.055) (0.000,0.883) (0.000,0.051) (0.000,0.043) (0.000,0.052) (0.000,0.065) (0.000,0.027) (0.000,0.044) (0.000,0.056) (0.000,0.055) (0.000,0.062) 
475     1302    (0)    2 :  0.017 0.124 0.020 0.025 0.005 0.018 0.013 0.014 0.341 0.016 0.287 0.015 0.014 0.013 0.016 0.006 0.012 0.015 0.013 0.017     (0.000,0.098) (0.000,0.841) (0.000,0.108) (0.000,0.150) (0.000,0.028) (0.000,0.109) (0.000,0.070) (0.000,0.079) (0.000,0.972) (0.000,0.088) (0.000,0.966) (0.000,0.079) (0.000,0.080) (0.000,0.073) (0.000,0.088) (0.000,0.034) (0.000,0.063) (0.000,0.080) (0.000,0.069) (0.000,0.096) 
476     1306    (0)    9 :  0.008 0.161 0.007 0.007 0.004 0.008 0.008 0.007 0.637 0.007 0.084 0.007 0.006 0.007 0.009 0.004 0.006 0.007 0.007 0.008     (0.000,0.042) (0.000,0.941) (0.000,0.039) (0.000,0.037) (0.000,0.023) (0.000,0.041) (0.000,0.041) (0.000,0.037) (0.000,0.994) (0.000,0.037) (0.000,0.801) (0.000,0.038) (0.000,0.033) (0.000,0.036) (0.000,0.047) (0.000,0.021) (0.000,0.032) (0.000,0.039) (0.000,0.038) (0.000,0.041) 
477     1307   (12)   13 :  0.090 0.091 0.031 0.061 0.017 0.037 0.078 0.040 0.046 0.050 0.026 0.058 0.026 0.059 0.047 0.035 0.017 0.043 0.075 0.075     (0.000,0.715) (0.000,0.673) (0.000,0.197) (0.000,0.492) (0.000,0.094) (0.000,0.266) (0.000,0.625) (0.000,0.288) (0.000,0.357) (0.000,0.393) (0.000,0.178) (0.000,0.453) (0.000,0.160) (0.000,0.476) (0.000,0.357) (0.000,0.258) (0.000,0.097) (0.000,0.317) (0.000,0.598) (0.000,0.611) 
478     1308   (12)    2 :  0.019 0.374 0.012 0.011 0.007 0.013 0.014 0.013 0.288 0.015 0.109 0.015 0.014 0.017 0.016 0.008 0.014 0.014 0.016 0.013     (0.000,0.107) (0.000,0.980) (0.000,0.064) (0.000,0.057) (0.000,0.036) (0.000,0.069) (0.000,0.074) (0.000,0.067) (0.000,0.966) (0.000,0.079) (0.000,0.829) (0.000,0.082) (0.000,0.073) (0.000,0.091) (0.000,0.088) (0.000,0.044) (0.000,0.076) (0.000,0.078) (0.000,0.091) (0.000,0.067) 
479     1309    (0)    2 :  0.011 0.398 0.008 0.009 0.006 0.008 0.010 0.007 0.275 0.010 0.175 0.013 0.008 0.009 0.008 0.006 0.009 0.009 0.010 0.009     (0.000,0.062) (0.000,0.986) (0.000,0.043) (0.000,0.048) (0.000,0.031) (0.000,0.045) (0.000,0.052) (0.000,0.039) (0.000,0.970) (0.000,0.053) (0.000,0.942) (0.000,0.066) (0.000,0.044) (0.000,0.049) (0.000,0.045) (0.000,0.032) (0.000,0.050) (0.000,0.047) (0.000,0.052) (0.000,0.045) 
480     1310   (12)    2 :  0.024 0.312 0.014 0.017 0.009 0.017 0.017 0.013 0.171 0.023 0.240 0.023 0.018 0.016 0.016 0.009 0.017 0.014 0.014 0.014     (0.000,0.139) (0.000,0.968) (0.000,0.079) (0.000,0.099) (0.000,0.045) (0.000,0.097) (0.000,0.092) (0.000,0.073) (0.000,0.907) (0.000,0.137) (0.000,0.953) (0.000,0.135) (0.000,0.105) (0.000,0.087) (0.000,0.093) (0.000,0.051) (0.000,0.096) (0.000,0.079) (0.000,0.080) (0.000,0.077) 
481     1313    (0)   12 :  0.016 0.014 0.013 0.014 0.008 0.018 0.012 0.018 0.018 0.015 0.018 0.674 0.049 0.016 0.012 0.011 0.018 0.018 0.020 0.018     (0.000,0.098) (0.000,0.084) (0.000,0.073) (0.000,0.086) (0.000,0.043) (0.000,0.117) (0.000,0.070) (0.000,0.113) (0.000,0.114) (0.000,0.091) (0.000,0.111) (0.132,0.986) (0.000,0.381) (0.000,0.096) (0.000,0.068) (0.000,0.064) (0.000,0.105) (0.000,0.107) (0.000,0.121) (0.000,0.112) 
482     1317    (0)    7 :  0.090 0.009 0.138 0.075 0.008 0.028 0.045 0.035 0.012 0.095 0.009 0.015 0.042 0.047 0.040 0.024 0.037 0.106 0.065 0.083     (0.000,0.699) (0.000,0.051) (0.000,0.808) (0.000,0.596) (0.000,0.043) (0.000,0.187) (0.000,0.343) (0.000,0.246) (0.000,0.073) (0.000,0.697) (0.000,0.049) (0.000,0.093) (0.000,0.306) (0.000,0.366) (0.000,0.298) (0.000,0.167) (0.000,0.272) (0.000,0.772) (0.000,0.519) (0.000,0.660) 
483     1318    (0)    7 :  0.099 0.018 0.192 0.051 0.007 0.059 0.033 0.029 0.032 0.105 0.019 0.012 0.046 0.041 0.037 0.007 0.021 0.072 0.041 0.077     (0.000,0.745) (0.000,0.121) (0.000,0.895) (0.000,0.402) (0.000,0.035) (0.000,0.471) (0.000,0.225) (0.000,0.193) (0.000,0.241) (0.000,0.751) (0.000,0.134) (0.000,0.070) (0.000,0.356) (0.000,0.310) (0.000,0.273) (0.000,0.036) (0.000,0.127) (0.000,0.597) (0.000,0.298) (0.000,0.629) 
484     1320   (25)    3 :  0.059 0.009 0.180 0.051 0.015 0.045 0.030 0.053 0.015 0.123 0.009 0.016 0.081 0.036 0.026 0.006 0.041 0.073 0.053 0.079     (0.000,0.484) (0.000,0.051) (0.000,0.892) (0.000,0.397) (0.000,0.081) (0.000,0.347) (0.000,0.202) (0.000,0.429) (0.000,0.088) (0.000,0.819) (0.000,0.049) (0.000,0.094) (0.000,0.655) (0.000,0.252) (0.000,0.162) (0.000,0.034) (0.000,0.306) (0.000,0.606) (0.000,0.418) (0.000,0.648) 
485     1322    (0)   13 :  0.041 0.009 0.031 0.047 0.008 0.050 0.030 0.057 0.012 0.052 0.011 0.018 0.226 0.049 0.012 0.005 0.068 0.064 0.042 0.165     (0.000,0.298) (0.000,0.054) (0.000,0.194) (0.000,0.364) (0.000,0.042) (0.000,0.391) (0.000,0.190) (0.000,0.466) (0.000,0.077) (0.000,0.418) (0.000,0.066) (0.000,0.116) (0.000,0.943) (0.000,0.380) (0.000,0.068) (0.000,0.024) (0.000,0.566) (0.000,0.549) (0.000,0.308) (0.000,0.913) 
486     1323    (0)   14 :  0.103 0.010 0.020 0.018 0.009 0.063 0.028 0.095 0.009 0.078 0.008 0.025 0.064 0.127 0.019 0.006 0.141 0.067 0.022 0.086     (0.000,0.749) (0.000,0.063) (0.000,0.118) (0.000,0.106) (0.000,0.048) (0.000,0.488) (0.000,0.183) (0.000,0.716) (0.000,0.056) (0.000,0.579) (0.000,0.050) (0.000,0.182) (0.000,0.481) (0.000,0.834) (0.000,0.121) (0.000,0.035) (0.000,0.836) (0.000,0.553) (0.000,0.131) (0.000,0.649) 
487     1325    (0)   13 :  0.042 0.007 0.041 0.027 0.010 0.053 0.045 0.155 0.006 0.085 0.006 0.016 0.143 0.042 0.028 0.006 0.056 0.061 0.060 0.113     (0.000,0.306) (0.000,0.036) (0.000,0.291) (0.000,0.167) (0.000,0.049) (0.000,0.423) (0.000,0.331) (0.000,0.898) (0.000,0.031) (0.000,0.704) (0.000,0.030) (0.000,0.093) (0.000,0.881) (0.000,0.304) (0.000,0.183) (0.000,0.029) (0.000,0.449) (0.000,0.511) (0.000,0.495) (0.000,0.824) 
488     1326    (0)   13 :  0.045 0.007 0.034 0.022 0.008 0.080 0.039 0.184 0.006 0.074 0.005 0.013 0.136 0.040 0.031 0.006 0.033 0.061 0.043 0.133     (0.000,0.337) (0.000,0.036) (0.000,0.218) (0.000,0.129) (0.000,0.040) (0.000,0.653) (0.000,0.276) (0.000,0.926) (0.000,0.031) (0.000,0.633) (0.000,0.029) (0.000,0.075) (0.000,0.875) (0.000,0.275) (0.000,0.203) (0.000,0.033) (0.000,0.218) (0.000,0.517) (0.000,0.313) (0.000,0.872) 
489     1328    (0)   10 :  0.045 0.015 0.032 0.044 0.010 0.056 0.050 0.080 0.008 0.057 0.006 0.020 0.146 0.123 0.033 0.007 0.036 0.115 0.070 0.047     (0.000,0.334) (0.000,0.095) (0.000,0.214) (0.000,0.327) (0.000,0.053) (0.000,0.443) (0.000,0.388) (0.000,0.615) (0.000,0.048) (0.000,0.457) (0.000,0.034) (0.000,0.122) (0.000,0.873) (0.000,0.830) (0.000,0.232) (0.000,0.039) (0.000,0.256) (0.000,0.807) (0.000,0.573) (0.000,0.359) 
490     1337   (25)   13 :  0.091 0.011 0.030 0.024 0.009 0.072 0.053 0.092 0.010 0.071 0.009 0.012 0.102 0.055 0.054 0.010 0.055 0.093 0.049 0.099     (0.000,0.731) (0.000,0.060) (0.000,0.185) (0.000,0.139) (0.000,0.044) (0.000,0.589) (0.000,0.422) (0.000,0.726) (0.000,0.055) (0.000,0.601) (0.000,0.048) (0.000,0.065) (0.000,0.762) (0.000,0.447) (0.000,0.420) (0.000,0.057) (0.000,0.442) (0.000,0.742) (0.000,0.383) (0.000,0.769) 
491     1338    (0)   12 :  0.052 0.059 0.022 0.020 0.019 0.071 0.035 0.029 0.032 0.052 0.031 0.271 0.091 0.024 0.022 0.024 0.032 0.031 0.043 0.041     (0.000,0.413) (0.000,0.420) (0.000,0.134) (0.000,0.129) (0.000,0.116) (0.000,0.559) (0.000,0.257) (0.000,0.202) (0.000,0.242) (0.000,0.413) (0.000,0.229) (0.000,0.935) (0.000,0.674) (0.000,0.152) (0.000,0.143) (0.000,0.170) (0.000,0.234) (0.000,0.214) (0.000,0.327) (0.000,0.312) 
492     1343    (0)   13 :  0.060 0.008 0.041 0.039 0.006 0.068 0.061 0.111 0.009 0.036 0.009 0.026 0.035 0.043 0.074 0.009 0.178 0.112 0.026 0.049     (0.000,0.495) (0.000,0.047) (0.000,0.292) (0.000,0.277) (0.000,0.032) (0.000,0.529) (0.000,0.494) (0.000,0.783) (0.000,0.051) (0.000,0.258) (0.000,0.054) (0.000,0.186) (0.000,0.244) (0.000,0.317) (0.000,0.556) (0.000,0.051) (0.000,0.893) (0.000,0.807) (0.000,0.156) (0.000,0.382) 
493     1344    (0)    3 :  0.058 0.019 0.062 0.051 0.008 0.135 0.047 0.047 0.020 0.042 0.018 0.054 0.036 0.078 0.042 0.005 0.084 0.085 0.046 0.063     (0.000,0.472) (0.000,0.128) (0.000,0.499) (0.000,0.402) (0.000,0.040) (0.000,0.833) (0.000,0.358) (0.000,0.362) (0.000,0.136) (0.000,0.316) (0.000,0.123) (0.000,0.404) (0.000,0.257) (0.000,0.624) (0.000,0.316) (0.000,0.028) (0.000,0.614) (0.000,0.675) (0.000,0.351) (0.000,0.520) 
494     1351    (0)    1 :  0.050 0.020 0.080 0.070 0.008 0.062 0.087 0.057 0.021 0.068 0.019 0.022 0.052 0.046 0.095 0.005 0.034 0.055 0.049 0.100     (0.000,0.393) (0.000,0.133) (0.000,0.649) (0.000,0.566) (0.000,0.042) (0.000,0.508) (0.000,0.694) (0.000,0.455) (0.000,0.151) (0.000,0.562) (0.000,0.128) (0.000,0.136) (0.000,0.414) (0.000,0.353) (0.000,0.703) (0.000,0.025) (0.000,0.235) (0.000,0.452) (0.000,0.379) (0.000,0.759) 
495     1356    (0)    3 :  0.086 0.039 0.035 0.074 0.008 0.091 0.045 0.026 0.021 0.058 0.014 0.031 0.090 0.076 0.035 0.009 0.029 0.107 0.082 0.043     (0.000,0.690) (0.000,0.291) (0.000,0.243) (0.000,0.585) (0.000,0.043) (0.000,0.702) (0.000,0.339) (0.000,0.166) (0.000,0.150) (0.000,0.474) (0.000,0.085) (0.000,0.206) (0.000,0.685) (0.000,0.616) (0.000,0.249) (0.000,0.048) (0.000,0.197) (0.000,0.773) (0.000,0.645) (0.000,0.319) 
496     1365    (0)    1 :  0.090 0.032 0.051 0.071 0.008 0.060 0.096 0.025 0.027 0.060 0.024 0.037 0.036 0.057 0.067 0.009 0.018 0.053 0.077 0.100     (0.000,0.707) (0.000,0.239) (0.000,0.399) (0.000,0.571) (0.000,0.044) (0.000,0.486) (0.000,0.728) (0.000,0.158) (0.000,0.199) (0.000,0.495) (0.000,0.170) (0.000,0.277) (0.000,0.254) (0.000,0.460) (0.000,0.534) (0.000,0.053) (0.000,0.110) (0.000,0.430) (0.000,0.624) (0.000,0.757) 
497     1366    (0)   10 :  0.063 0.101 0.036 0.057 0.009 0.034 0.048 0.019 0.058 0.044 0.051 0.102 0.031 0.059 0.027 0.015 0.019 0.047 0.103 0.078     (0.000,0.505) (0.000,0.659) (0.000,0.254) (0.000,0.457) (0.000,0.046) (0.000,0.234) (0.000,0.369) (0.000,0.112) (0.000,0.424) (0.000,0.327) (0.000,0.384) (0.000,0.729) (0.000,0.210) (0.000,0.476) (0.000,0.178) (0.000,0.093) (0.000,0.118) (0.000,0.361) (0.000,0.741) (0.000,0.626) 
498     1368   (12)   13 :  0.077 0.030 0.019 0.010 0.011 0.023 0.053 0.086 0.027 0.043 0.018 0.017 0.166 0.068 0.020 0.013 0.165 0.063 0.038 0.052     (0.000,0.629) (0.000,0.226) (0.000,0.110) (0.000,0.053) (0.000,0.061) (0.000,0.135) (0.000,0.426) (0.000,0.680) (0.000,0.195) (0.000,0.322) (0.000,0.118) (0.000,0.112) (0.000,0.874) (0.000,0.573) (0.000,0.126) (0.000,0.077) (0.000,0.894) (0.000,0.524) (0.000,0.275) (0.000,0.425) 
499     1370    (0)   13 :  0.047 0.008 0.030 0.019 0.006 0.048 0.037 0.298 0.010 0.027 0.009 0.019 0.040 0.030 0.026 0.009 0.180 0.082 0.017 0.057     (0.000,0.364) (0.000,0.046) (0.000,0.187) (0.000,0.108) (0.000,0.031) (0.000,0.372) (0.000,0.256) (0.000,0.965) (0.000,0.058) (0.000,0.169) (0.000,0.051) (0.000,0.131) (0.000,0.292) (0.000,0.188) (0.000,0.166) (0.000,0.049) (0.000,0.907) (0.000,0.686) (0.000,0.091) (0.000,0.469) 
500     1372    (0)   18 :  0.070 0.016 0.021 0.024 0.008 0.084 0.032 0.094 0.010 0.043 0.007 0.011 0.176 0.135 0.019 0.009 0.032 0.119 0.039 0.051     (0.000,0.585) (0.000,0.103) (0.000,0.125) (0.000,0.148) (0.000,0.041) (0.000,0.660) (0.000,0.213) (0.000,0.698) (0.000,0.063) (0.000,0.318) (0.000,0.037) (0.000,0.060) (0.000,0.905) (0.000,0.866) (0.000,0.109) (0.000,0.050) (0.000,0.215) (0.000,0.826) (0.000,0.274) (0.000,0.412) 
501     1374    (0)   20 :  0.035 0.007 0.034 0.024 0.008 0.049 0.021 0.222 0.006 0.060 0.006 0.011 0.113 0.069 0.021 0.012 0.104 0.067 0.051 0.080     (0.000,0.235) (0.000,0.037) (0.000,0.216) (0.000,0.143) (0.000,0.040) (0.000,0.381) (0.000,0.119) (0.000,0.948) (0.000,0.031) (0.000,0.493) (0.000,0.031) (0.000,0.059) (0.000,0.820) (0.000,0.587) (0.000,0.120) (0.000,0.072) (0.000,0.780) (0.000,0.578) (0.000,0.407) (0.000,0.682) 
502     1377    (0)    7 :  0.071 0.011 0.088 0.011 0.006 0.014 0.409 0.039 0.010 0.028 0.009 0.016 0.020 0.034 0.016 0.007 0.033 0.111 0.021 0.045     (0.000,0.598) (0.000,0.067) (0.000,0.652) (0.000,0.057) (0.000,0.033) (0.000,0.081) (0.000,0.975) (0.000,0.290) (0.000,0.063) (0.000,0.184) (0.000,0.049) (0.000,0.104) (0.000,0.121) (0.000,0.239) (0.000,0.095) (0.000,0.037) (0.000,0.237) (0.000,0.802) (0.000,0.123) (0.000,0.342) 
503     1380    (0)   19 :  0.064 0.017 0.071 0.039 0.007 0.029 0.094 0.081 0.019 0.028 0.014 0.024 0.055 0.073 0.034 0.008 0.081 0.094 0.055 0.113     (0.000,0.520) (0.000,0.113) (0.000,0.567) (0.000,0.278) (0.000,0.038) (0.000,0.192) (0.000,0.672) (0.000,0.635) (0.000,0.136) (0.000,0.180) (0.000,0.088) (0.000,0.163) (0.000,0.436) (0.000,0.582) (0.000,0.240) (0.000,0.046) (0.000,0.638) (0.000,0.723) (0.000,0.443) (0.000,0.793) 
504     1381   (12)    4 :  0.076 0.015 0.044 0.026 0.015 0.035 0.150 0.120 0.013 0.090 0.011 0.012 0.049 0.032 0.047 0.006 0.097 0.053 0.029 0.081     (0.000,0.631) (0.000,0.095) (0.000,0.328) (0.000,0.163) (0.000,0.083) (0.000,0.239) (0.000,0.880) (0.000,0.793) (0.000,0.076) (0.000,0.715) (0.000,0.064) (0.000,0.068) (0.000,0.382) (0.000,0.214) (0.000,0.361) (0.000,0.029) (0.000,0.729) (0.000,0.428) (0.000,0.182) (0.000,0.665) 
505     1387    (0)   13 :  0.042 0.020 0.040 0.020 0.008 0.046 0.047 0.258 0.015 0.048 0.011 0.015 0.047 0.084 0.044 0.008 0.038 0.061 0.050 0.096     (0.000,0.307) (0.000,0.138) (0.000,0.291) (0.000,0.109) (0.000,0.040) (0.000,0.354) (0.000,0.363) (0.000,0.953) (0.000,0.099) (0.000,0.379) (0.000,0.068) (0.000,0.089) (0.000,0.360) (0.000,0.691) (0.000,0.331) (0.000,0.042) (0.000,0.260) (0.000,0.518) (0.000,0.395) (0.000,0.755) 
506     1388    (0)   20 :  0.021 0.110 0.046 0.031 0.010 0.018 0.028 0.060 0.072 0.031 0.079 0.083 0.066 0.084 0.023 0.014 0.095 0.043 0.048 0.040     (0.000,0.124) (0.000,0.619) (0.000,0.353) (0.000,0.216) (0.000,0.050) (0.000,0.103) (0.000,0.182) (0.000,0.457) (0.000,0.464) (0.000,0.209) (0.000,0.509) (0.000,0.619) (0.000,0.506) (0.000,0.618) (0.000,0.152) (0.000,0.093) (0.000,0.648) (0.000,0.322) (0.000,0.374) (0.000,0.301) 
507     1389   (12)   17 :  0.026 0.009 0.053 0.034 0.010 0.020 0.041 0.236 0.008 0.049 0.008 0.011 0.044 0.053 0.061 0.011 0.177 0.060 0.045 0.044     (0.000,0.154) (0.000,0.050) (0.000,0.432) (0.000,0.228) (0.000,0.051) (0.000,0.116) (0.000,0.293) (0.000,0.951) (0.000,0.043) (0.000,0.382) (0.000,0.042) (0.000,0.062) (0.000,0.330) (0.000,0.425) (0.000,0.502) (0.000,0.061) (0.000,0.916) (0.000,0.508) (0.000,0.334) (0.000,0.326) 
508     1391    (0)   13 :  0.043 0.011 0.025 0.030 0.010 0.066 0.046 0.052 0.012 0.033 0.010 0.059 0.059 0.074 0.038 0.010 0.073 0.102 0.046 0.200     (0.000,0.333) (0.000,0.069) (0.000,0.151) (0.000,0.197) (0.000,0.056) (0.000,0.523) (0.000,0.348) (0.000,0.420) (0.000,0.076) (0.000,0.223) (0.000,0.056) (0.000,0.348) (0.000,0.480) (0.000,0.587) (0.000,0.283) (0.000,0.059) (0.000,0.587) (0.000,0.751) (0.000,0.352) (0.000,0.919) 
509     1396    (0)   13 :  0.059 0.008 0.037 0.037 0.009 0.054 0.027 0.076 0.007 0.081 0.007 0.010 0.122 0.077 0.021 0.008 0.187 0.057 0.066 0.050     (0.000,0.489) (0.000,0.044) (0.000,0.247) (0.000,0.252) (0.000,0.046) (0.000,0.430) (0.000,0.165) (0.000,0.652) (0.000,0.038) (0.000,0.682) (0.000,0.040) (0.000,0.056) (0.000,0.838) (0.000,0.655) (0.000,0.121) (0.000,0.046) (0.000,0.927) (0.000,0.476) (0.000,0.554) (0.000,0.391) 
510     1400    (0)   17 :  0.065 0.011 0.029 0.028 0.007 0.041 0.025 0.105 0.010 0.051 0.010 0.011 0.072 0.080 0.024 0.030 0.167 0.102 0.057 0.074     (0.000,0.545) (0.000,0.064) (0.000,0.174) (0.000,0.176) (0.000,0.034) (0.000,0.299) (0.000,0.152) (0.000,0.776) (0.000,0.059) (0.000,0.409) (0.000,0.056) (0.000,0.064) (0.000,0.593) (0.000,0.660) (0.000,0.150) (0.000,0.209) (0.000,0.902) (0.000,0.783) (0.000,0.470) (0.000,0.619) 
511     1402    (0)    1 :  0.093 0.014 0.056 0.067 0.007 0.031 0.025 0.059 0.016 0.123 0.014 0.010 0.030 0.073 0.021 0.007 0.092 0.058 0.038 0.166     (0.000,0.717) (0.000,0.091) (0.000,0.448) (0.000,0.542) (0.000,0.036) (0.000,0.207) (0.000,0.161) (0.000,0.480) (0.000,0.112) (0.000,0.810) (0.000,0.094) (0.000,0.057) (0.000,0.207) (0.000,0.599) (0.000,0.130) (0.000,0.037) (0.000,0.686) (0.000,0.480) (0.000,0.272) (0.000,0.890) 
512     1403    (0)   13 :  0.050 0.021 0.020 0.021 0.008 0.059 0.022 0.086 0.026 0.040 0.023 0.030 0.309 0.054 0.015 0.013 0.055 0.049 0.029 0.068     (0.000,0.398) (0.000,0.149) (0.000,0.116) (0.000,0.129) (0.000,0.041) (0.000,0.482) (0.000,0.124) (0.000,0.685) (0.000,0.188) (0.000,0.295) (0.000,0.164) (0.000,0.216) (0.000,0.961) (0.000,0.438) (0.000,0.083) (0.000,0.077) (0.000,0.450) (0.000,0.388) (0.000,0.186) (0.000,0.559) 
513     1408    (0)   12 :  0.037 0.090 0.019 0.025 0.015 0.041 0.035 0.025 0.078 0.027 0.059 0.337 0.043 0.019 0.017 0.032 0.016 0.021 0.022 0.042     (0.000,0.275) (0.000,0.593) (0.000,0.119) (0.000,0.171) (0.000,0.087) (0.000,0.307) (0.000,0.260) (0.000,0.178) (0.000,0.510) (0.000,0.186) (0.000,0.438) (0.000,0.958) (0.000,0.323) (0.000,0.121) (0.000,0.101) (0.000,0.234) (0.000,0.098) (0.000,0.136) (0.000,0.145) (0.000,0.317) 
514     1409    (0)    2 :  0.018 0.232 0.014 0.011 0.008 0.020 0.014 0.021 0.250 0.016 0.107 0.115 0.037 0.020 0.012 0.028 0.022 0.018 0.021 0.018     (0.000,0.123) (0.000,0.884) (0.000,0.091) (0.000,0.068) (0.000,0.044) (0.000,0.136) (0.000,0.086) (0.000,0.150) (0.000,0.817) (0.000,0.108) (0.000,0.712) (0.000,0.795) (0.000,0.272) (0.000,0.133) (0.000,0.069) (0.000,0.201) (0.000,0.154) (0.000,0.120) (0.000,0.145) (0.000,0.123) 
515     1410    (0)    1 :  0.065 0.108 0.029 0.020 0.009 0.043 0.035 0.051 0.131 0.031 0.059 0.029 0.031 0.048 0.034 0.054 0.054 0.062 0.053 0.055     (0.000,0.501) (0.000,0.598) (0.000,0.193) (0.000,0.121) (0.000,0.047) (0.000,0.326) (0.000,0.257) (0.000,0.388) (0.000,0.608) (0.000,0.220) (0.000,0.422) (0.000,0.202) (0.000,0.220) (0.000,0.375) (0.000,0.256) (0.000,0.377) (0.000,0.412) (0.000,0.475) (0.000,0.417) (0.000,0.426) 
516     1411    (0)   14 :  0.067 0.086 0.025 0.015 0.013 0.090 0.034 0.053 0.065 0.036 0.040 0.044 0.094 0.062 0.035 0.055 0.047 0.046 0.048 0.043     (0.000,0.528) (0.000,0.515) (0.000,0.162) (0.000,0.087) (0.000,0.072) (0.000,0.636) (0.000,0.251) (0.000,0.417) (0.000,0.413) (0.000,0.265) (0.000,0.299) (0.000,0.329) (0.000,0.676) (0.000,0.490) (0.000,0.264) (0.000,0.382) (0.000,0.368) (0.000,0.365) (0.000,0.384) (0.000,0.331) 
517     1412    (0)   18 :  0.048 0.015 0.019 0.035 0.008 0.113 0.021 0.054 0.011 0.025 0.007 0.024 0.050 0.181 0.016 0.012 0.102 0.180 0.051 0.029     (0.000,0.364) (0.000,0.097) (0.000,0.108) (0.000,0.245) (0.000,0.041) (0.000,0.776) (0.000,0.121) (0.000,0.433) (0.000,0.067) (0.000,0.152) (0.000,0.036) (0.000,0.160) (0.000,0.386) (0.000,0.914) (0.000,0.094) (0.000,0.073) (0.000,0.694) (0.000,0.915) (0.000,0.403) (0.000,0.187) 
518     1414    (0)   18 :  0.050 0.014 0.033 0.032 0.008 0.133 0.024 0.121 0.014 0.033 0.012 0.040 0.041 0.090 0.020 0.009 0.128 0.091 0.044 0.062     (0.000,0.396) (0.000,0.085) (0.000,0.214) (0.000,0.210) (0.000,0.040) (0.000,0.838) (0.000,0.146) (0.000,0.820) (0.000,0.094) (0.000,0.222) (0.000,0.072) (0.000,0.294) (0.000,0.305) (0.000,0.716) (0.000,0.120) (0.000,0.047) (0.000,0.824) (0.000,0.723) (0.000,0.337) (0.000,0.514) 
519     1416    (0)   13 :  0.058 0.051 0.018 0.047 0.037 0.091 0.040 0.118 0.021 0.028 0.007 0.011 0.086 0.097 0.025 0.039 0.016 0.143 0.033 0.034     (0.000,0.467) (0.000,0.364) (0.000,0.106) (0.000,0.359) (0.000,0.232) (0.000,0.635) (0.000,0.297) (0.000,0.678) (0.000,0.152) (0.000,0.186) (0.000,0.038) (0.000,0.062) (0.000,0.628) (0.000,0.686) (0.000,0.167) (0.000,0.233) (0.000,0.094) (0.000,0.816) (0.000,0.232) (0.000,0.246) 
520     1417    (0)   18 :  0.074 0.020 0.035 0.050 0.009 0.048 0.072 0.106 0.015 0.050 0.008 0.015 0.088 0.070 0.049 0.009 0.059 0.130 0.050 0.042     (0.000,0.603) (0.000,0.135) (0.000,0.242) (0.000,0.384) (0.000,0.049) (0.000,0.364) (0.000,0.577) (0.000,0.729) (0.000,0.095) (0.000,0.395) (0.000,0.044) (0.000,0.090) (0.000,0.668) (0.000,0.565) (0.000,0.385) (0.000,0.052) (0.000,0.474) (0.000,0.840) (0.000,0.395) (0.000,0.315) 
521     1422    (0)   19 :  0.057 0.014 0.036 0.031 0.026 0.020 0.078 0.078 0.009 0.039 0.009 0.011 0.030 0.168 0.095 0.024 0.049 0.077 0.109 0.042     (0.000,0.456) (0.000,0.087) (0.000,0.248) (0.000,0.205) (0.000,0.177) (0.000,0.115) (0.000,0.620) (0.000,0.617) (0.000,0.048) (0.000,0.279) (0.000,0.048) (0.000,0.064) (0.000,0.199) (0.000,0.893) (0.000,0.698) (0.000,0.171) (0.000,0.385) (0.000,0.633) (0.000,0.770) (0.000,0.311) 
522     1424    (0)   14 :  0.075 0.012 0.043 0.035 0.010 0.060 0.080 0.125 0.009 0.065 0.008 0.016 0.053 0.082 0.064 0.014 0.027 0.059 0.066 0.095     (0.000,0.629) (0.000,0.074) (0.000,0.316) (0.000,0.239) (0.000,0.052) (0.000,0.489) (0.000,0.650) (0.000,0.826) (0.000,0.051) (0.000,0.550) (0.000,0.044) (0.000,0.100) (0.000,0.420) (0.000,0.674) (0.000,0.527) (0.000,0.085) (0.000,0.176) (0.000,0.489) (0.000,0.540) (0.000,0.744) 
523     1426    (0)   17 :  0.062 0.011 0.040 0.018 0.007 0.022 0.079 0.173 0.008 0.058 0.008 0.009 0.029 0.040 0.147 0.014 0.139 0.062 0.039 0.034     (0.000,0.522) (0.000,0.061) (0.000,0.285) (0.000,0.100) (0.000,0.036) (0.000,0.130) (0.000,0.663) (0.000,0.915) (0.000,0.045) (0.000,0.484) (0.000,0.044) (0.000,0.052) (0.000,0.185) (0.000,0.285) (0.000,0.874) (0.000,0.083) (0.000,0.875) (0.000,0.530) (0.000,0.274) (0.000,0.222) 
524     1433    (0)   20 :  0.051 0.017 0.046 0.040 0.009 0.057 0.036 0.147 0.015 0.062 0.013 0.019 0.069 0.076 0.033 0.009 0.067 0.069 0.072 0.092     (0.000,0.405) (0.000,0.114) (0.000,0.345) (0.000,0.285) (0.000,0.046) (0.000,0.459) (0.000,0.251) (0.000,0.870) (0.000,0.098) (0.000,0.520) (0.000,0.079) (0.000,0.114) (0.000,0.574) (0.000,0.635) (0.000,0.226) (0.000,0.047) (0.000,0.553) (0.000,0.586) (0.000,0.597) (0.000,0.727) 
525     1435    (0)   14 :  0.039 0.016 0.038 0.029 0.008 0.020 0.036 0.097 0.012 0.047 0.011 0.015 0.032 0.074 0.039 0.018 0.242 0.080 0.099 0.048     (0.000,0.282) (0.000,0.106) (0.000,0.263) (0.000,0.184) (0.000,0.042) (0.000,0.110) (0.000,0.252) (0.000,0.745) (0.000,0.077) (0.000,0.363) (0.000,0.064) (0.000,0.088) (0.000,0.203) (0.000,0.621) (0.000,0.281) (0.000,0.112) (0.000,0.947) (0.000,0.666) (0.000,0.757) (0.000,0.373) 
526     1438    (0)   20 :  0.042 0.183 0.036 0.027 0.012 0.029 0.042 0.037 0.059 0.053 0.104 0.100 0.057 0.037 0.022 0.012 0.049 0.030 0.034 0.035     (0.000,0.312) (0.000,0.797) (0.000,0.265) (0.000,0.183) (0.000,0.065) (0.000,0.199) (0.000,0.318) (0.000,0.276) (0.000,0.428) (0.000,0.413) (0.000,0.622) (0.000,0.707) (0.000,0.434) (0.000,0.269) (0.000,0.141) (0.000,0.075) (0.000,0.373) (0.000,0.204) (0.000,0.246) (0.000,0.248) 
527     1439    (0)    1 :  0.058 0.013 0.077 0.038 0.007 0.020 0.170 0.074 0.013 0.025 0.011 0.015 0.024 0.040 0.149 0.010 0.095 0.072 0.043 0.047     (0.000,0.475) (0.000,0.081) (0.000,0.633) (0.000,0.269) (0.000,0.035) (0.000,0.119) (0.000,0.884) (0.000,0.599) (0.000,0.087) (0.000,0.154) (0.000,0.062) (0.000,0.091) (0.000,0.143) (0.000,0.289) (0.000,0.849) (0.000,0.056) (0.000,0.717) (0.000,0.605) (0.000,0.318) (0.000,0.354) 
528     1447   (12)   14 :  0.042 0.010 0.039 0.024 0.007 0.023 0.072 0.204 0.011 0.039 0.009 0.010 0.026 0.031 0.184 0.013 0.096 0.073 0.032 0.054     (0.000,0.308) (0.000,0.059) (0.000,0.276) (0.000,0.143) (0.000,0.038) (0.000,0.134) (0.000,0.611) (0.000,0.936) (0.000,0.066) (0.000,0.267) (0.000,0.047) (0.000,0.054) (0.000,0.157) (0.000,0.199) (0.000,0.916) (0.000,0.077) (0.000,0.739) (0.000,0.627) (0.000,0.208) (0.000,0.434) 
529     1448    (0)   14 :  0.045 0.013 0.053 0.052 0.008 0.033 0.043 0.181 0.012 0.065 0.013 0.019 0.061 0.046 0.043 0.011 0.122 0.065 0.051 0.064     (0.000,0.342) (0.000,0.077) (0.000,0.428) (0.000,0.409) (0.000,0.042) (0.000,0.224) (0.000,0.321) (0.000,0.913) (0.000,0.078) (0.000,0.547) (0.000,0.077) (0.000,0.113) (0.000,0.506) (0.000,0.348) (0.000,0.325) (0.000,0.062) (0.000,0.824) (0.000,0.550) (0.000,0.400) (0.000,0.533) 
530     1451   (12)   13 :  0.028 0.123 0.022 0.016 0.014 0.022 0.029 0.054 0.077 0.029 0.063 0.100 0.170 0.054 0.021 0.016 0.070 0.031 0.035 0.026     (0.000,0.187) (0.000,0.720) (0.000,0.142) (0.000,0.094) (0.000,0.079) (0.000,0.134) (0.000,0.196) (0.000,0.423) (0.000,0.529) (0.000,0.197) (0.000,0.482) (0.000,0.703) (0.000,0.886) (0.000,0.421) (0.000,0.134) (0.000,0.097) (0.000,0.556) (0.000,0.211) (0.000,0.250) (0.000,0.172) 
531     1452   (12)   13 :  0.042 0.073 0.030 0.019 0.018 0.027 0.045 0.072 0.044 0.045 0.028 0.046 0.092 0.092 0.030 0.011 0.119 0.051 0.079 0.038     (0.000,0.306) (0.000,0.513) (0.000,0.202) (0.000,0.113) (0.000,0.105) (0.000,0.169) (0.000,0.346) (0.000,0.582) (0.000,0.329) (0.000,0.347) (0.000,0.205) (0.000,0.339) (0.000,0.690) (0.000,0.708) (0.000,0.198) (0.000,0.062) (0.000,0.798) (0.000,0.403) (0.000,0.613) (0.000,0.279) 
532     1453    (0)   14 :  0.032 0.008 0.098 0.027 0.007 0.038 0.029 0.048 0.007 0.037 0.007 0.008 0.032 0.187 0.046 0.009 0.165 0.089 0.095 0.033     (0.000,0.211) (0.000,0.043) (0.000,0.727) (0.000,0.170) (0.000,0.037) (0.000,0.277) (0.000,0.188) (0.000,0.371) (0.000,0.037) (0.000,0.265) (0.000,0.037) (0.000,0.040) (0.000,0.221) (0.000,0.920) (0.000,0.355) (0.000,0.053) (0.000,0.896) (0.000,0.700) (0.000,0.709) (0.000,0.219) 
533     1461    (0)    1 :  0.067 0.025 0.043 0.027 0.009 0.160 0.040 0.054 0.017 0.044 0.015 0.026 0.085 0.061 0.088 0.016 0.021 0.056 0.054 0.093     (0.000,0.549) (0.000,0.175) (0.000,0.319) (0.000,0.174) (0.000,0.046) (0.000,0.858) (0.000,0.289) (0.000,0.427) (0.000,0.117) (0.000,0.330) (0.000,0.094) (0.000,0.178) (0.000,0.628) (0.000,0.486) (0.000,0.667) (0.000,0.104) (0.000,0.129) (0.000,0.458) (0.000,0.421) (0.000,0.712) 
534     1469    (0)    7 :  0.097 0.099 0.036 0.027 0.012 0.060 0.088 0.035 0.063 0.070 0.062 0.038 0.057 0.036 0.055 0.009 0.043 0.037 0.033 0.044     (0.000,0.706) (0.000,0.579) (0.000,0.263) (0.000,0.180) (0.000,0.065) (0.000,0.474) (0.000,0.646) (0.000,0.256) (0.000,0.436) (0.000,0.550) (0.000,0.436) (0.000,0.279) (0.000,0.436) (0.000,0.259) (0.000,0.428) (0.000,0.052) (0.000,0.327) (0.000,0.269) (0.000,0.232) (0.000,0.338) 
535     1470    (0)    1 :  0.107 0.014 0.032 0.017 0.007 0.027 0.090 0.092 0.011 0.055 0.009 0.009 0.024 0.041 0.162 0.018 0.121 0.076 0.052 0.037     (0.000,0.807) (0.000,0.087) (0.000,0.200) (0.000,0.092) (0.000,0.035) (0.000,0.167) (0.000,0.729) (0.000,0.731) (0.000,0.065) (0.000,0.451) (0.000,0.052) (0.000,0.049) (0.000,0.141) (0.000,0.296) (0.000,0.892) (0.000,0.106) (0.000,0.835) (0.000,0.644) (0.000,0.409) (0.000,0.251) 
536     1479    (0)    3 :  0.061 0.019 0.031 0.077 0.010 0.035 0.044 0.039 0.016 0.041 0.013 0.070 0.036 0.076 0.025 0.094 0.026 0.059 0.123 0.103     (0.000,0.504) (0.000,0.127) (0.000,0.200) (0.000,0.623) (0.000,0.055) (0.000,0.241) (0.000,0.336) (0.000,0.286) (0.000,0.101) (0.000,0.302) (0.000,0.082) (0.000,0.543) (0.000,0.256) (0.000,0.624) (0.000,0.152) (0.000,0.612) (0.000,0.169) (0.000,0.486) (0.000,0.823) (0.000,0.772) 
537     1481    (0)   18 :  0.095 0.021 0.034 0.032 0.007 0.052 0.041 0.098 0.018 0.061 0.016 0.015 0.049 0.067 0.048 0.028 0.086 0.092 0.071 0.068     (0.000,0.745) (0.000,0.143) (0.000,0.225) (0.000,0.213) (0.000,0.035) (0.000,0.407) (0.000,0.296) (0.000,0.737) (0.000,0.123) (0.000,0.504) (0.000,0.103) (0.000,0.091) (0.000,0.382) (0.000,0.559) (0.000,0.372) (0.000,0.182) (0.000,0.690) (0.000,0.723) (0.000,0.592) (0.000,0.570) 
538     1483    (0)    1 :  0.044 0.115 0.030 0.026 0.008 0.032 0.025 0.034 0.087 0.036 0.066 0.061 0.057 0.070 0.026 0.038 0.075 0.054 0.075 0.041     (0.000,0.330) (0.000,0.634) (0.000,0.207) (0.000,0.175) (0.000,0.043) (0.000,0.226) (0.000,0.153) (0.000,0.240) (0.000,0.522) (0.000,0.253) (0.000,0.459) (0.000,0.473) (0.000,0.441) (0.000,0.541) (0.000,0.173) (0.000,0.289) (0.000,0.555) (0.000,0.416) (0.000,0.555) (0.000,0.312) 
539     1487    (0)   20 :  0.068 0.019 0.032 0.085 0.011 0.032 0.053 0.029 0.014 0.042 0.012 0.034 0.033 0.126 0.030 0.062 0.035 0.061 0.146 0.075     (0.000,0.562) (0.000,0.123) (0.000,0.209) (0.000,0.679) (0.000,0.059) (0.000,0.212) (0.000,0.425) (0.000,0.186) (0.000,0.085) (0.000,0.313) (0.000,0.075) (0.000,0.248) (0.000,0.224) (0.000,0.838) (0.000,0.205) (0.000,0.450) (0.000,0.258) (0.000,0.500) (0.000,0.870) (0.000,0.622) 
540     1489    (0)   14 :  0.066 0.021 0.036 0.045 0.006 0.027 0.067 0.096 0.038 0.036 0.020 0.016 0.026 0.038 0.090 0.017 0.118 0.104 0.046 0.085     (0.000,0.544) (0.000,0.149) (0.000,0.246) (0.000,0.345) (0.000,0.032) (0.000,0.174) (0.000,0.542) (0.000,0.717) (0.000,0.283) (0.000,0.244) (0.000,0.141) (0.000,0.094) (0.000,0.163) (0.000,0.272) (0.000,0.656) (0.000,0.106) (0.000,0.786) (0.000,0.769) (0.000,0.354) (0.000,0.684) 
541     1491    (0)   14 :  0.063 0.021 0.035 0.054 0.006 0.051 0.045 0.091 0.038 0.038 0.020 0.016 0.037 0.056 0.060 0.014 0.072 0.111 0.053 0.120     (0.000,0.522) (0.000,0.145) (0.000,0.236) (0.000,0.434) (0.000,0.033) (0.000,0.403) (0.000,0.343) (0.000,0.692) (0.000,0.284) (0.000,0.264) (0.000,0.135) (0.000,0.095) (0.000,0.258) (0.000,0.447) (0.000,0.476) (0.000,0.084) (0.000,0.574) (0.000,0.790) (0.000,0.423) (0.000,0.821) 
542     1492    (0)   13 :  0.067 0.025 0.031 0.071 0.007 0.098 0.022 0.062 0.030 0.048 0.028 0.019 0.076 0.102 0.022 0.017 0.051 0.076 0.060 0.088     (0.000,0.560) (0.000,0.182) (0.000,0.195) (0.000,0.585) (0.000,0.036) (0.000,0.715) (0.000,0.123) (0.000,0.508) (0.000,0.223) (0.000,0.379) (0.000,0.208) (0.000,0.118) (0.000,0.620) (0.000,0.764) (0.000,0.128) (0.000,0.096) (0.000,0.402) (0.000,0.630) (0.000,0.494) (0.000,0.705) 
543     1493   (12)   14 :  0.070 0.011 0.033 0.037 0.007 0.066 0.048 0.130 0.014 0.046 0.010 0.010 0.041 0.047 0.119 0.016 0.064 0.099 0.045 0.086     (0.000,0.593) (0.000,0.066) (0.000,0.216) (0.000,0.254) (0.000,0.037) (0.000,0.539) (0.000,0.369) (0.000,0.853) (0.000,0.086) (0.000,0.353) (0.000,0.056) (0.000,0.057) (0.000,0.295) (0.000,0.357) (0.000,0.819) (0.000,0.096) (0.000,0.517) (0.000,0.766) (0.000,0.341) (0.000,0.701) 
544     1495   (12)   14 :  0.110 0.036 0.032 0.082 0.023 0.045 0.117 0.028 0.019 0.071 0.018 0.076 0.032 0.045 0.033 0.029 0.019 0.038 0.067 0.081     (0.000,0.794) (0.000,0.268) (0.000,0.214) (0.000,0.660) (0.000,0.139) (0.000,0.341) (0.000,0.804) (0.000,0.180) (0.000,0.117) (0.000,0.586) (0.000,0.117) (0.000,0.597) (0.000,0.218) (0.000,0.346) (0.000,0.218) (0.000,0.206) (0.000,0.112) (0.000,0.273) (0.000,0.539) (0.000,0.653) 
545     1498   (12)   18 :  0.094 0.017 0.037 0.027 0.008 0.030 0.063 0.100 0.016 0.056 0.014 0.012 0.034 0.042 0.114 0.031 0.134 0.080 0.052 0.040     (0.000,0.744) (0.000,0.110) (0.000,0.254) (0.000,0.163) (0.000,0.042) (0.000,0.191) (0.000,0.526) (0.000,0.761) (0.000,0.099) (0.000,0.454) (0.000,0.083) (0.000,0.065) (0.000,0.227) (0.000,0.306) (0.000,0.798) (0.000,0.205) (0.000,0.856) (0.000,0.675) (0.000,0.412) (0.000,0.288) 
546     1499    (0)   18 :  0.121 0.037 0.031 0.069 0.013 0.065 0.057 0.035 0.018 0.087 0.022 0.043 0.042 0.064 0.025 0.030 0.032 0.053 0.075 0.082     (0.000,0.821) (0.000,0.282) (0.000,0.201) (0.000,0.559) (0.000,0.071) (0.000,0.522) (0.000,0.455) (0.000,0.250) (0.000,0.119) (0.000,0.684) (0.000,0.151) (0.000,0.328) (0.000,0.315) (0.000,0.522) (0.000,0.150) (0.000,0.214) (0.000,0.217) (0.000,0.419) (0.000,0.605) (0.000,0.659) 
547     1502   (25)   14 :  0.021 0.018 0.014 0.015 0.049 0.038 0.016 0.014 0.036 0.018 0.018 0.238 0.022 0.025 0.012 0.348 0.019 0.021 0.035 0.025     (0.000,0.132) (0.000,0.118) (0.000,0.078) (0.000,0.090) (0.000,0.348) (0.000,0.280) (0.000,0.096) (0.000,0.081) (0.000,0.262) (0.000,0.113) (0.000,0.118) (0.000,0.931) (0.000,0.144) (0.000,0.176) (0.000,0.071) (0.000,0.866) (0.000,0.123) (0.000,0.134) (0.000,0.256) (0.000,0.164) 
548     1512   (12)   14 :  0.039 0.016 0.040 0.021 0.014 0.157 0.020 0.091 0.015 0.036 0.016 0.029 0.164 0.065 0.021 0.063 0.036 0.048 0.047 0.062     (0.000,0.274) (0.000,0.110) (0.000,0.293) (0.000,0.118) (0.000,0.073) (0.000,0.875) (0.000,0.114) (0.000,0.671) (0.000,0.098) (0.000,0.259) (0.000,0.110) (0.000,0.206) (0.000,0.890) (0.000,0.536) (0.000,0.124) (0.000,0.417) (0.000,0.260) (0.000,0.378) (0.000,0.361) (0.000,0.516) 
549     1513    (0)    8 :  0.030 0.005 0.042 0.025 0.008 0.097 0.027 0.125 0.005 0.031 0.005 0.013 0.059 0.126 0.024 0.006 0.240 0.066 0.032 0.034     (0.000,0.191) (0.000,0.028) (0.000,0.300) (0.000,0.145) (0.000,0.041) (0.000,0.740) (0.000,0.169) (0.000,0.855) (0.000,0.025) (0.000,0.202) (0.000,0.028) (0.000,0.075) (0.000,0.482) (0.000,0.863) (0.000,0.153) (0.000,0.035) (0.000,0.952) (0.000,0.560) (0.000,0.209) (0.000,0.220) 
550     1514    (0)    1 :  0.036 0.009 0.044 0.017 0.009 0.041 0.102 0.071 0.008 0.022 0.008 0.038 0.034 0.137 0.014 0.007 0.080 0.202 0.040 0.083     (0.000,0.252) (0.000,0.048) (0.000,0.324) (0.000,0.096) (0.000,0.045) (0.000,0.305) (0.000,0.682) (0.000,0.560) (0.000,0.046) (0.000,0.135) (0.000,0.042) (0.000,0.286) (0.000,0.239) (0.000,0.856) (0.000,0.078) (0.000,0.036) (0.000,0.589) (0.000,0.922) (0.000,0.298) (0.000,0.654) 
551     1515    (0)   17 :  0.022 0.006 0.039 0.014 0.008 0.044 0.024 0.222 0.004 0.035 0.005 0.010 0.183 0.057 0.050 0.010 0.132 0.052 0.038 0.043     (0.000,0.126) (0.000,0.030) (0.000,0.274) (0.000,0.078) (0.000,0.043) (0.000,0.329) (0.000,0.141) (0.000,0.943) (0.000,0.023) (0.000,0.242) (0.000,0.027) (0.000,0.056) (0.000,0.918) (0.000,0.465) (0.000,0.378) (0.000,0.058) (0.000,0.861) (0.000,0.411) (0.000,0.269) (0.000,0.313) 
552     1521    (0)   13 :  0.023 0.008 0.044 0.031 0.009 0.028 0.022 0.140 0.006 0.043 0.007 0.016 0.088 0.118 0.019 0.013 0.156 0.067 0.101 0.062     (0.000,0.128) (0.000,0.044) (0.000,0.329) (0.000,0.197) (0.000,0.043) (0.000,0.176) (0.000,0.126) (0.000,0.871) (0.000,0.035) (0.000,0.318) (0.000,0.038) (0.000,0.091) (0.000,0.722) (0.000,0.840) (0.000,0.100) (0.000,0.076) (0.000,0.899) (0.000,0.576) (0.000,0.783) (0.000,0.527) 
553     1525   (12)   13 :  0.019 0.007 0.049 0.032 0.013 0.021 0.023 0.103 0.006 0.044 0.006 0.014 0.080 0.101 0.020 0.010 0.251 0.054 0.108 0.040     (0.000,0.103) (0.000,0.038) (0.000,0.381) (0.000,0.200) (0.000,0.066) (0.000,0.116) (0.000,0.133) (0.000,0.794) (0.000,0.030) (0.000,0.327) (0.000,0.033) (0.000,0.074) (0.000,0.689) (0.000,0.794) (0.000,0.110) (0.000,0.055) (0.000,0.959) (0.000,0.442) (0.000,0.818) (0.000,0.281) 
554     1526    (0)   13 :  0.024 0.016 0.028 0.018 0.010 0.028 0.025 0.143 0.012 0.036 0.015 0.047 0.275 0.080 0.016 0.014 0.081 0.041 0.043 0.046     (0.000,0.137) (0.000,0.105) (0.000,0.181) (0.000,0.098) (0.000,0.053) (0.000,0.181) (0.000,0.149) (0.000,0.859) (0.000,0.078) (0.000,0.249) (0.000,0.094) (0.000,0.352) (0.000,0.959) (0.000,0.672) (0.000,0.085) (0.000,0.085) (0.000,0.673) (0.000,0.296) (0.000,0.319) (0.000,0.353) 
555     1531   (12)   18 :  0.019 0.015 0.014 0.013 0.012 0.024 0.027 0.028 0.023 0.016 0.015 0.476 0.162 0.020 0.015 0.009 0.029 0.024 0.019 0.040     (0.000,0.114) (0.000,0.091) (0.000,0.085) (0.000,0.072) (0.000,0.060) (0.000,0.159) (0.000,0.178) (0.000,0.193) (0.000,0.163) (0.000,0.095) (0.000,0.090) (0.000,0.972) (0.000,0.888) (0.000,0.120) (0.000,0.092) (0.000,0.047) (0.000,0.192) (0.000,0.153) (0.000,0.115) (0.000,0.299) 
556     1534    (0)   20 :  0.086 0.005 0.025 0.019 0.007 0.089 0.021 0.078 0.005 0.074 0.005 0.006 0.094 0.130 0.030 0.005 0.096 0.063 0.030 0.131     (0.000,0.672) (0.000,0.029) (0.000,0.153) (0.000,0.116) (0.000,0.038) (0.000,0.634) (0.000,0.125) (0.000,0.627) (0.000,0.027) (0.000,0.559) (0.000,0.025) (0.000,0.030) (0.000,0.663) (0.000,0.852) (0.000,0.214) (0.000,0.027) (0.000,0.732) (0.000,0.516) (0.000,0.198) (0.000,0.841) 
557     1536    (0)   20 :  0.079 0.016 0.048 0.024 0.007 0.092 0.038 0.068 0.017 0.055 0.016 0.016 0.112 0.066 0.021 0.009 0.040 0.074 0.059 0.141     (0.000,0.665) (0.000,0.108) (0.000,0.372) (0.000,0.145) (0.000,0.035) (0.000,0.715) (0.000,0.262) (0.000,0.566) (0.000,0.117) (0.000,0.450) (0.000,0.108) (0.000,0.098) (0.000,0.784) (0.000,0.555) (0.000,0.127) (0.000,0.047) (0.000,0.294) (0.000,0.620) (0.000,0.486) (0.000,0.872) 
558     1543    (0)   14 :  0.017 0.030 0.025 0.015 0.010 0.023 0.015 0.034 0.035 0.017 0.036 0.108 0.413 0.022 0.014 0.064 0.046 0.027 0.024 0.025     (0.000,0.098) (0.000,0.224) (0.000,0.173) (0.000,0.088) (0.000,0.056) (0.000,0.146) (0.000,0.083) (0.000,0.254) (0.000,0.263) (0.000,0.095) (0.000,0.275) (0.000,0.687) (0.000,0.970) (0.000,0.135) (0.000,0.080) (0.000,0.429) (0.000,0.362) (0.000,0.178) (0.000,0.158) (0.000,0.165) 
559     1546    (0)    6 :  0.103 0.021 0.046 0.056 0.016 0.043 0.024 0.041 0.020 0.089 0.019 0.045 0.039 0.072 0.014 0.050 0.045 0.044 0.068 0.144     (0.000,0.731) (0.000,0.152) (0.000,0.352) (0.000,0.445) (0.000,0.097) (0.000,0.328) (0.000,0.156) (0.000,0.311) (0.000,0.144) (0.000,0.631) (0.000,0.133) (0.000,0.332) (0.000,0.289) (0.000,0.575) (0.000,0.080) (0.000,0.323) (0.000,0.357) (0.000,0.332) (0.000,0.540) (0.000,0.826) 
560     1549    (0)    8 :  0.023 0.012 0.035 0.029 0.008 0.060 0.016 0.091 0.015 0.020 0.019 0.070 0.305 0.047 0.012 0.009 0.113 0.054 0.021 0.040     (0.000,0.139) (0.000,0.071) (0.000,0.250) (0.000,0.198) (0.000,0.040) (0.000,0.462) (0.000,0.090) (0.000,0.694) (0.000,0.096) (0.000,0.119) (0.000,0.134) (0.000,0.480) (0.000,0.948) (0.000,0.365) (0.000,0.066) (0.000,0.050) (0.000,0.776) (0.000,0.429) (0.000,0.124) (0.000,0.294) 
561     1552    (0)    1 :  0.066 0.015 0.054 0.039 0.066 0.052 0.057 0.047 0.010 0.171 0.016 0.020 0.066 0.028 0.063 0.006 0.062 0.037 0.065 0.059     (0.000,0.539) (0.000,0.099) (0.000,0.433) (0.000,0.289) (0.000,0.389) (0.000,0.416) (0.000,0.456) (0.000,0.372) (0.000,0.062) (0.000,0.894) (0.000,0.103) (0.000,0.122) (0.000,0.525) (0.000,0.181) (0.000,0.498) (0.000,0.031) (0.000,0.487) (0.000,0.260) (0.000,0.517) (0.000,0.482) 
562     1560    (0)    1 :  0.088 0.019 0.072 0.049 0.016 0.058 0.162 0.033 0.010 0.154 0.015 0.020 0.038 0.031 0.045 0.006 0.059 0.034 0.037 0.054     (0.000,0.710) (0.000,0.126) (0.000,0.598) (0.000,0.384) (0.000,0.094) (0.000,0.473) (0.000,0.893) (0.000,0.229) (0.000,0.058) (0.000,0.890) (0.000,0.095) (0.000,0.120) (0.000,0.272) (0.000,0.202) (0.000,0.346) (0.000,0.030) (0.000,0.472) (0.000,0.226) (0.000,0.264) (0.000,0.440) 
563     1562    (0)   14 :  0.028 0.005 0.033 0.024 0.007 0.171 0.026 0.091 0.005 0.032 0.005 0.007 0.215 0.079 0.074 0.005 0.062 0.051 0.026 0.053     (0.000,0.174) (0.000,0.026) (0.000,0.220) (0.000,0.150) (0.000,0.038) (0.000,0.904) (0.000,0.165) (0.000,0.724) (0.000,0.027) (0.000,0.210) (0.000,0.027) (0.000,0.037) (0.000,0.944) (0.000,0.671) (0.000,0.599) (0.000,0.027) (0.000,0.509) (0.000,0.399) (0.000,0.155) (0.000,0.425) 
564     1568    (0)   18 :  0.038 0.008 0.045 0.044 0.008 0.063 0.027 0.136 0.008 0.053 0.009 0.018 0.136 0.071 0.021 0.009 0.073 0.067 0.069 0.094     (0.000,0.265) (0.000,0.047) (0.000,0.342) (0.000,0.330) (0.000,0.042) (0.000,0.518) (0.000,0.165) (0.000,0.864) (0.000,0.046) (0.000,0.431) (0.000,0.049) (0.000,0.109) (0.000,0.871) (0.000,0.602) (0.000,0.120) (0.000,0.051) (0.000,0.612) (0.000,0.572) (0.000,0.580) (0.000,0.754) 
565     1569    (0)   18 :  0.057 0.012 0.041 0.022 0.007 0.037 0.045 0.146 0.009 0.053 0.009 0.015 0.068 0.076 0.037 0.018 0.102 0.088 0.080 0.074     (0.000,0.466) (0.000,0.069) (0.000,0.293) (0.000,0.129) (0.000,0.038) (0.000,0.264) (0.000,0.341) (0.000,0.875) (0.000,0.056) (0.000,0.422) (0.000,0.055) (0.000,0.089) (0.000,0.570) (0.000,0.639) (0.000,0.262) (0.000,0.107) (0.000,0.774) (0.000,0.718) (0.000,0.668) (0.000,0.627) 
566     1573    (0)    7 :  0.067 0.011 0.071 0.068 0.011 0.024 0.279 0.029 0.009 0.033 0.009 0.035 0.029 0.045 0.047 0.012 0.043 0.049 0.061 0.067     (0.000,0.554) (0.000,0.067) (0.000,0.586) (0.000,0.553) (0.000,0.062) (0.000,0.150) (0.000,0.948) (0.000,0.195) (0.000,0.049) (0.000,0.226) (0.000,0.051) (0.000,0.260) (0.000,0.194) (0.000,0.343) (0.000,0.360) (0.000,0.074) (0.000,0.328) (0.000,0.381) (0.000,0.487) (0.000,0.548) 
567     1575    (0)   18 :  0.059 0.012 0.041 0.069 0.008 0.027 0.019 0.087 0.011 0.101 0.012 0.016 0.042 0.103 0.013 0.008 0.091 0.057 0.059 0.165     (0.000,0.479) (0.000,0.073) (0.000,0.300) (0.000,0.563) (0.000,0.042) (0.000,0.168) (0.000,0.111) (0.000,0.690) (0.000,0.071) (0.000,0.741) (0.000,0.073) (0.000,0.098) (0.000,0.316) (0.000,0.780) (0.000,0.069) (0.000,0.043) (0.000,0.716) (0.000,0.463) (0.000,0.482) (0.000,0.899) 
568     1576   (12)   13 :  0.031 0.008 0.115 0.020 0.008 0.027 0.047 0.074 0.008 0.031 0.007 0.011 0.034 0.086 0.052 0.010 0.148 0.121 0.110 0.054     (0.000,0.203) (0.000,0.044) (0.000,0.780) (0.000,0.117) (0.000,0.042) (0.000,0.179) (0.000,0.359) (0.000,0.578) (0.000,0.045) (0.000,0.203) (0.000,0.038) (0.000,0.059) (0.000,0.240) (0.000,0.658) (0.000,0.401) (0.000,0.058) (0.000,0.859) (0.000,0.820) (0.000,0.759) (0.000,0.427) 
569     1577    (0)    7 :  0.074 0.010 0.301 0.018 0.008 0.031 0.139 0.038 0.008 0.061 0.008 0.023 0.029 0.035 0.033 0.006 0.048 0.051 0.044 0.036     (0.000,0.617) (0.000,0.057) (0.000,0.958) (0.000,0.106) (0.000,0.041) (0.000,0.206) (0.000,0.858) (0.000,0.277) (0.000,0.048) (0.000,0.500) (0.000,0.046) (0.000,0.152) (0.000,0.198) (0.000,0.249) (0.000,0.229) (0.000,0.033) (0.000,0.372) (0.000,0.398) (0.000,0.326) (0.000,0.250) 
570     1579    (0)   14 :  0.036 0.008 0.033 0.032 0.007 0.063 0.020 0.114 0.007 0.043 0.008 0.014 0.098 0.125 0.021 0.024 0.084 0.087 0.090 0.086     (0.000,0.240) (0.000,0.048) (0.000,0.217) (0.000,0.203) (0.000,0.035) (0.000,0.519) (0.000,0.113) (0.000,0.811) (0.000,0.040) (0.000,0.318) (0.000,0.043) (0.000,0.080) (0.000,0.769) (0.000,0.852) (0.000,0.120) (0.000,0.156) (0.000,0.688) (0.000,0.717) (0.000,0.733) (0.000,0.711) 
571     1581   (25)    7 :  0.064 0.017 0.290 0.020 0.011 0.028 0.112 0.033 0.014 0.055 0.013 0.042 0.031 0.040 0.026 0.007 0.052 0.053 0.054 0.036     (0.000,0.530) (0.000,0.108) (0.000,0.951) (0.000,0.116) (0.000,0.062) (0.000,0.180) (0.000,0.789) (0.000,0.230) (0.000,0.089) (0.000,0.447) (0.000,0.076) (0.000,0.310) (0.000,0.216) (0.000,0.298) (0.000,0.167) (0.000,0.036) (0.000,0.415) (0.000,0.428) (0.000,0.435) (0.000,0.257) 
572     1585    (0)    8 :  0.071 0.006 0.035 0.029 0.006 0.085 0.032 0.169 0.006 0.062 0.006 0.012 0.103 0.040 0.045 0.029 0.061 0.076 0.049 0.078     (0.000,0.603) (0.000,0.034) (0.000,0.228) (0.000,0.178) (0.000,0.033) (0.000,0.680) (0.000,0.204) (0.000,0.911) (0.000,0.033) (0.000,0.522) (0.000,0.035) (0.000,0.068) (0.000,0.782) (0.000,0.281) (0.000,0.333) (0.000,0.191) (0.000,0.506) (0.000,0.647) (0.000,0.385) (0.000,0.659) 
573     1586    (0)    5 :  0.053 0.006 0.034 0.038 0.007 0.121 0.022 0.111 0.006 0.067 0.006 0.014 0.146 0.051 0.024 0.015 0.058 0.067 0.073 0.078     (0.000,0.431) (0.000,0.034) (0.000,0.223) (0.000,0.261) (0.000,0.038) (0.000,0.843) (0.000,0.124) (0.000,0.816) (0.000,0.031) (0.000,0.568) (0.000,0.035) (0.000,0.078) (0.000,0.893) (0.000,0.405) (0.000,0.140) (0.000,0.088) (0.000,0.481) (0.000,0.578) (0.000,0.616) (0.000,0.667) 
574     1587    (0)   18 :  0.075 0.007 0.034 0.027 0.007 0.069 0.029 0.131 0.006 0.065 0.007 0.012 0.100 0.051 0.037 0.053 0.086 0.078 0.067 0.061     (0.000,0.637) (0.000,0.037) (0.000,0.223) (0.000,0.163) (0.000,0.034) (0.000,0.575) (0.000,0.176) (0.000,0.857) (0.000,0.032) (0.000,0.545) (0.000,0.036) (0.000,0.069) (0.000,0.763) (0.000,0.403) (0.000,0.252) (0.000,0.415) (0.000,0.700) (0.000,0.659) (0.000,0.566) (0.000,0.506) 
575     1588    (0)    1 :  0.065 0.008 0.032 0.025 0.008 0.083 0.025 0.085 0.006 0.066 0.007 0.014 0.104 0.078 0.024 0.019 0.078 0.075 0.132 0.066     (0.000,0.558) (0.000,0.046) (0.000,0.197) (0.000,0.143) (0.000,0.040) (0.000,0.686) (0.000,0.142) (0.000,0.704) (0.000,0.035) (0.000,0.562) (0.000,0.037) (0.000,0.078) (0.000,0.797) (0.000,0.663) (0.000,0.139) (0.000,0.116) (0.000,0.648) (0.000,0.643) (0.000,0.871) (0.000,0.569) 
576     1589    (0)   14 :  0.074 0.008 0.027 0.021 0.007 0.128 0.023 0.098 0.007 0.060 0.007 0.012 0.103 0.079 0.027 0.028 0.044 0.077 0.089 0.080     (0.000,0.635) (0.000,0.046) (0.000,0.159) (0.000,0.114) (0.000,0.035) (0.000,0.857) (0.000,0.133) (0.000,0.768) (0.000,0.036) (0.000,0.506) (0.000,0.037) (0.000,0.067) (0.000,0.790) (0.000,0.672) (0.000,0.162) (0.000,0.182) (0.000,0.329) (0.000,0.660) (0.000,0.731) (0.000,0.681) 
577     1593   (12)    8 :  0.105 0.012 0.044 0.047 0.011 0.108 0.089 0.048 0.009 0.089 0.012 0.019 0.079 0.040 0.049 0.010 0.062 0.051 0.048 0.068     (0.000,0.789) (0.000,0.072) (0.000,0.330) (0.000,0.354) (0.000,0.058) (0.000,0.797) (0.000,0.706) (0.000,0.370) (0.000,0.052) (0.000,0.717) (0.000,0.069) (0.000,0.116) (0.000,0.651) (0.000,0.295) (0.000,0.375) (0.000,0.058) (0.000,0.513) (0.000,0.403) (0.000,0.368) (0.000,0.571) 
578     1596    (0)   14 :  0.045 0.006 0.026 0.021 0.007 0.200 0.026 0.046 0.006 0.032 0.006 0.007 0.150 0.111 0.071 0.007 0.078 0.063 0.043 0.049     (0.000,0.334) (0.000,0.035) (0.000,0.154) (0.000,0.121) (0.000,0.038) (0.000,0.930) (0.000,0.164) (0.000,0.353) (0.000,0.032) (0.000,0.210) (0.000,0.031) (0.000,0.037) (0.000,0.888) (0.000,0.820) (0.000,0.580) (0.000,0.035) (0.000,0.648) (0.000,0.528) (0.000,0.315) (0.000,0.386) 
579     1599    (0)    3 :  0.052 0.011 0.041 0.045 0.010 0.055 0.032 0.063 0.011 0.054 0.010 0.023 0.091 0.068 0.021 0.009 0.111 0.073 0.138 0.083     (0.000,0.413) (0.000,0.064) (0.000,0.289) (0.000,0.339) (0.000,0.049) (0.000,0.441) (0.000,0.210) (0.000,0.527) (0.000,0.069) (0.000,0.443) (0.000,0.058) (0.000,0.134) (0.000,0.728) (0.000,0.575) (0.000,0.119) (0.000,0.048) (0.000,0.797) (0.000,0.626) (0.000,0.872) (0.000,0.690) 
580     1603    (0)   18 :  0.074 0.016 0.022 0.034 0.008 0.031 0.015 0.072 0.015 0.083 0.014 0.028 0.081 0.099 0.013 0.037 0.115 0.064 0.057 0.120     (0.000,0.588) (0.000,0.106) (0.000,0.129) (0.000,0.239) (0.000,0.045) (0.000,0.209) (0.000,0.085) (0.000,0.578) (0.000,0.106) (0.000,0.621) (0.000,0.096) (0.000,0.205) (0.000,0.601) (0.000,0.747) (0.000,0.071) (0.000,0.279) (0.000,0.790) (0.000,0.524) (0.000,0.458) (0.000,0.779) 
581     1607    (0)    7 :  0.070 0.011 0.040 0.035 0.008 0.035 0.054 0.056 0.011 0.051 0.010 0.012 0.055 0.075 0.042 0.011 0.186 0.086 0.095 0.055     (0.000,0.590) (0.000,0.066) (0.000,0.279) (0.000,0.240) (0.000,0.041) (0.000,0.240) (0.000,0.438) (0.000,0.463) (0.000,0.064) (0.000,0.410) (0.000,0.060) (0.000,0.070) (0.000,0.443) (0.000,0.629) (0.000,0.309) (0.000,0.063) (0.000,0.920) (0.000,0.713) (0.000,0.748) (0.000,0.450) 
582     1610   (12)   20 :  0.065 0.008 0.030 0.030 0.007 0.191 0.033 0.105 0.010 0.044 0.008 0.011 0.099 0.052 0.042 0.009 0.028 0.070 0.042 0.116     (0.000,0.557) (0.000,0.046) (0.000,0.182) (0.000,0.186) (0.000,0.038) (0.000,0.931) (0.000,0.218) (0.000,0.797) (0.000,0.056) (0.000,0.328) (0.000,0.045) (0.000,0.059) (0.000,0.777) (0.000,0.411) (0.000,0.303) (0.000,0.047) (0.000,0.170) (0.000,0.608) (0.000,0.299) (0.000,0.839) 
583     1613   (12)   14 :  0.054 0.008 0.033 0.035 0.007 0.053 0.027 0.080 0.007 0.047 0.008 0.011 0.072 0.079 0.043 0.054 0.139 0.103 0.082 0.057     (0.000,0.439) (0.000,0.042) (0.000,0.215) (0.000,0.235) (0.000,0.038) (0.000,0.419) (0.000,0.167) (0.000,0.660) (0.000,0.040) (0.000,0.358) (0.000,0.041) (0.000,0.058) (0.000,0.608) (0.000,0.657) (0.000,0.319) (0.000,0.423) (0.000,0.868) (0.000,0.790) (0.000,0.677) (0.000,0.474) 
584     1615   (12)   12 :  0.014 0.327 0.009 0.010 0.008 0.010 0.012 0.009 0.239 0.012 0.202 0.055 0.016 0.012 0.009 0.008 0.013 0.011 0.013 0.011     (0.000,0.077) (0.000,0.977) (0.000,0.047) (0.000,0.053) (0.000,0.044) (0.000,0.057) (0.000,0.065) (0.000,0.046) (0.000,0.955) (0.000,0.067) (0.000,0.945) (0.000,0.461) (0.000,0.086) (0.000,0.065) (0.000,0.049) (0.000,0.044) (0.000,0.069) (0.000,0.060) (0.000,0.073) (0.000,0.059) 
585     1616   (25)   18 :  0.056 0.097 0.032 0.018 0.013 0.046 0.047 0.037 0.106 0.036 0.054 0.052 0.091 0.059 0.032 0.014 0.047 0.048 0.065 0.049     (0.000,0.448) (0.000,0.603) (0.000,0.225) (0.000,0.107) (0.000,0.068) (0.000,0.349) (0.000,0.361) (0.000,0.270) (0.000,0.620) (0.000,0.259) (0.000,0.407) (0.000,0.395) (0.000,0.652) (0.000,0.471) (0.000,0.225) (0.000,0.078) (0.000,0.356) (0.000,0.373) (0.000,0.514) (0.000,0.380) 
586     1620    (0)   13 :  0.045 0.016 0.020 0.013 0.013 0.034 0.036 0.023 0.012 0.170 0.018 0.013 0.245 0.050 0.017 0.022 0.070 0.098 0.046 0.038     (0.000,0.345) (0.000,0.112) (0.000,0.118) (0.000,0.076) (0.000,0.077) (0.000,0.241) (0.000,0.264) (0.000,0.139) (0.000,0.074) (0.000,0.870) (0.000,0.129) (0.000,0.080) (0.000,0.930) (0.000,0.390) (0.000,0.102) (0.000,0.161) (0.000,0.552) (0.000,0.723) (0.000,0.349) (0.000,0.280) 
587     1623    (0)    4 :  0.094 0.008 0.032 0.036 0.016 0.098 0.093 0.048 0.013 0.118 0.013 0.010 0.067 0.035 0.101 0.007 0.049 0.069 0.031 0.062     (0.000,0.734) (0.000,0.043) (0.000,0.212) (0.000,0.255) (0.000,0.099) (0.000,0.714) (0.000,0.709) (0.000,0.371) (0.000,0.088) (0.000,0.818) (0.000,0.085) (0.000,0.062) (0.000,0.536) (0.000,0.238) (0.000,0.688) (0.000,0.039) (0.000,0.378) (0.000,0.575) (0.000,0.206) (0.000,0.504) 
588     1624    (0)    9 :  0.009 0.327 0.013 0.007 0.011 0.083 0.009 0.007 0.264 0.009 0.149 0.013 0.009 0.018 0.009 0.021 0.006 0.015 0.011 0.009     (0.000,0.052) (0.000,0.950) (0.000,0.085) (0.000,0.038) (0.000,0.065) (0.000,0.371) (0.000,0.053) (0.000,0.038) (0.000,0.885) (0.000,0.052) (0.000,0.812) (0.000,0.070) (0.000,0.047) (0.000,0.121) (0.000,0.053) (0.000,0.149) (0.000,0.034) (0.000,0.097) (0.000,0.066) (0.000,0.051) 
589     1625    (0)    9 :  0.008 0.463 0.006 0.007 0.005 0.008 0.008 0.006 0.366 0.007 0.042 0.012 0.009 0.008 0.008 0.006 0.006 0.009 0.008 0.007     (0.000,0.045) (0.000,0.990) (0.000,0.034) (0.000,0.039) (0.000,0.027) (0.000,0.046) (0.000,0.043) (0.000,0.031) (0.000,0.982) (0.000,0.039) (0.000,0.319) (0.000,0.063) (0.000,0.048) (0.000,0.043) (0.000,0.042) (0.000,0.034) (0.000,0.030) (0.000,0.049) (0.000,0.044) (0.000,0.038) 
590     1626    (0)    9 :  0.006 0.302 0.005 0.006 0.005 0.006 0.007 0.005 0.384 0.006 0.212 0.010 0.006 0.006 0.006 0.005 0.005 0.006 0.006 0.006     (0.000,0.034) (0.000,0.983) (0.000,0.029) (0.000,0.031) (0.000,0.026) (0.000,0.034) (0.000,0.036) (0.000,0.025) (0.000,0.986) (0.000,0.034) (0.000,0.965) (0.000,0.057) (0.000,0.032) (0.000,0.029) (0.000,0.035) (0.000,0.026) (0.000,0.025) (0.000,0.031) (0.000,0.032) (0.000,0.033) 
591     1633   (12)   13 :  0.058 0.026 0.044 0.027 0.013 0.059 0.073 0.079 0.018 0.083 0.020 0.014 0.054 0.068 0.085 0.010 0.028 0.076 0.091 0.075     (0.000,0.476) (0.000,0.182) (0.000,0.334) (0.000,0.170) (0.000,0.067) (0.000,0.471) (0.000,0.605) (0.000,0.634) (0.000,0.111) (0.000,0.679) (0.000,0.133) (0.000,0.077) (0.000,0.438) (0.000,0.570) (0.000,0.677) (0.000,0.056) (0.000,0.175) (0.000,0.635) (0.000,0.715) (0.000,0.622) 
592     1638    (0)    4 :  0.092 0.041 0.029 0.032 0.010 0.068 0.087 0.043 0.030 0.058 0.027 0.027 0.035 0.047 0.056 0.019 0.012 0.067 0.082 0.138     (0.000,0.723) (0.000,0.308) (0.000,0.183) (0.000,0.223) (0.000,0.051) (0.000,0.541) (0.000,0.681) (0.000,0.321) (0.000,0.221) (0.000,0.473) (0.000,0.194) (0.000,0.187) (0.000,0.244) (0.000,0.360) (0.000,0.448) (0.000,0.126) (0.000,0.065) (0.000,0.561) (0.000,0.656) (0.000,0.854) 
593     1659    (0)    9 :  0.007 0.163 0.005 0.005 0.005 0.006 0.007 0.006 0.533 0.006 0.198 0.011 0.007 0.006 0.006 0.006 0.005 0.006 0.006 0.006     (0.000,0.035) (0.000,0.947) (0.000,0.029) (0.000,0.029) (0.000,0.029) (0.000,0.034) (0.000,0.037) (0.000,0.031) (0.000,0.992) (0.000,0.033) (0.000,0.961) (0.000,0.057) (0.000,0.036) (0.000,0.031) (0.000,0.032) (0.000,0.030) (0.000,0.029) (0.000,0.031) (0.000,0.030) (0.000,0.034) 
594     1667    (0)    9 :  0.007 0.211 0.005 0.006 0.005 0.007 0.007 0.006 0.651 0.006 0.030 0.009 0.008 0.006 0.006 0.006 0.005 0.007 0.006 0.006     (0.000,0.036) (0.000,0.965) (0.000,0.028) (0.000,0.030) (0.000,0.027) (0.000,0.038) (0.000,0.037) (0.000,0.032) (0.000,0.994) (0.000,0.030) (0.000,0.188) (0.000,0.048) (0.000,0.043) (0.000,0.034) (0.000,0.032) (0.000,0.031) (0.000,0.028) (0.000,0.038) (0.000,0.032) (0.000,0.032) 
595     1668    (0)    9 :  0.007 0.179 0.007 0.006 0.005 0.007 0.006 0.007 0.425 0.007 0.278 0.010 0.007 0.007 0.006 0.008 0.007 0.007 0.007 0.007     (0.000,0.038) (0.000,0.954) (0.000,0.036) (0.000,0.032) (0.000,0.027) (0.000,0.037) (0.000,0.033) (0.000,0.035) (0.000,0.988) (0.000,0.035) (0.000,0.977) (0.000,0.052) (0.000,0.040) (0.000,0.039) (0.000,0.034) (0.000,0.044) (0.000,0.035) (0.000,0.037) (0.000,0.038) (0.000,0.036) 
596     1669    (0)   11 :  0.010 0.135 0.009 0.008 0.005 0.010 0.009 0.009 0.381 0.008 0.333 0.013 0.010 0.009 0.009 0.009 0.008 0.009 0.009 0.010     (0.000,0.052) (0.000,0.900) (0.000,0.048) (0.000,0.044) (0.000,0.029) (0.000,0.053) (0.000,0.047) (0.000,0.049) (0.000,0.982) (0.000,0.046) (0.000,0.978) (0.000,0.072) (0.000,0.056) (0.000,0.046) (0.000,0.047) (0.000,0.048) (0.000,0.042) (0.000,0.048) (0.000,0.047) (0.000,0.053) 
597     1672    (0)    9 :  0.006 0.127 0.005 0.005 0.005 0.006 0.006 0.006 0.651 0.006 0.119 0.009 0.007 0.006 0.006 0.006 0.005 0.006 0.006 0.006     (0.000,0.032) (0.000,0.922) (0.000,0.029) (0.000,0.027) (0.000,0.026) (0.000,0.033) (0.000,0.034) (0.000,0.032) (0.000,0.995) (0.000,0.030) (0.000,0.905) (0.000,0.049) (0.000,0.035) (0.000,0.031) (0.000,0.032) (0.000,0.032) (0.000,0.028) (0.000,0.032) (0.000,0.031) (0.000,0.034) 
598     1673    (0)   11 :  0.006 0.252 0.005 0.005 0.004 0.005 0.006 0.005 0.435 0.005 0.225 0.006 0.005 0.005 0.005 0.005 0.005 0.005 0.005 0.005     (0.000,0.030) (0.000,0.979) (0.000,0.027) (0.000,0.026) (0.000,0.024) (0.000,0.028) (0.000,0.030) (0.000,0.024) (0.000,0.991) (0.000,0.028) (0.000,0.973) (0.000,0.034) (0.000,0.025) (0.000,0.026) (0.000,0.027) (0.000,0.025) (0.000,0.024) (0.000,0.027) (0.000,0.027) (0.000,0.028) 
599     1675    (0)    6 :  0.049 0.030 0.166 0.050 0.041 0.019 0.068 0.042 0.019 0.061 0.091 0.015 0.066 0.020 0.121 0.008 0.032 0.034 0.038 0.029     (0.000,0.377) (0.000,0.220) (0.000,0.812) (0.000,0.392) (0.000,0.254) (0.000,0.114) (0.000,0.497) (0.000,0.313) (0.000,0.131) (0.000,0.469) (0.000,0.571) (0.000,0.090) (0.000,0.494) (0.000,0.116) (0.000,0.756) (0.000,0.044) (0.000,0.227) (0.000,0.236) (0.000,0.277) (0.000,0.190) 
600     1679    (0)   11 :  0.007 0.778 0.007 0.006 0.012 0.006 0.009 0.007 0.041 0.007 0.055 0.008 0.006 0.008 0.007 0.006 0.005 0.007 0.009 0.008     (0.000,0.038) (0.000,0.995) (0.000,0.037) (0.000,0.033) (0.000,0.078) (0.000,0.030) (0.000,0.050) (0.000,0.039) (0.000,0.299) (0.000,0.038) (0.000,0.480) (0.000,0.043) (0.000,0.031) (0.000,0.043) (0.000,0.039) (0.000,0.036) (0.000,0.029) (0.000,0.037) (0.000,0.050) (0.000,0.043) 
601     1687    (0)    9 :  0.020 0.181 0.016 0.021 0.005 0.023 0.019 0.012 0.486 0.014 0.081 0.011 0.017 0.014 0.017 0.006 0.008 0.020 0.012 0.016     (0.000,0.115) (0.000,0.906) (0.000,0.087) (0.000,0.129) (0.000,0.028) (0.000,0.148) (0.000,0.110) (0.000,0.072) (0.000,0.985) (0.000,0.075) (0.000,0.605) (0.000,0.058) (0.000,0.103) (0.000,0.077) (0.000,0.099) (0.000,0.031) (0.000,0.042) (0.000,0.123) (0.000,0.067) (0.000,0.092) 
602     1688    (0)    9 :  0.008 0.117 0.012 0.010 0.005 0.007 0.007 0.009 0.220 0.008 0.520 0.008 0.016 0.007 0.008 0.005 0.008 0.008 0.008 0.008     (0.000,0.041) (0.000,0.844) (0.000,0.076) (0.000,0.062) (0.000,0.026) (0.000,0.039) (0.000,0.040) (0.000,0.052) (0.000,0.917) (0.000,0.046) (0.000,0.990) (0.000,0.044) (0.000,0.106) (0.000,0.039) (0.000,0.044) (0.000,0.028) (0.000,0.044) (0.000,0.045) (0.000,0.041) (0.000,0.044) 
603     1695    (0)   19 :  0.051 0.032 0.043 0.070 0.008 0.029 0.039 0.060 0.047 0.049 0.055 0.015 0.037 0.058 0.043 0.031 0.105 0.092 0.076 0.060     (0.000,0.402) (0.000,0.237) (0.000,0.321) (0.000,0.551) (0.000,0.045) (0.000,0.194) (0.000,0.277) (0.000,0.474) (0.000,0.347) (0.000,0.385) (0.000,0.394) (0.000,0.091) (0.000,0.267) (0.000,0.467) (0.000,0.325) (0.000,0.224) (0.000,0.701) (0.000,0.697) (0.000,0.601) (0.000,0.490) 
604     1701    (0)    9 :  0.008 0.203 0.007 0.008 0.006 0.007 0.008 0.007 0.285 0.008 0.381 0.013 0.009 0.008 0.007 0.007 0.008 0.007 0.008 0.007     (0.000,0.046) (0.000,0.958) (0.000,0.035) (0.000,0.042) (0.000,0.030) (0.000,0.040) (0.000,0.040) (0.000,0.037) (0.000,0.974) (0.000,0.043) (0.000,0.985) (0.000,0.069) (0.000,0.052) (0.000,0.041) (0.000,0.035) (0.000,0.037) (0.000,0.040) (0.000,0.039) (0.000,0.042) (0.000,0.039) 
605     1704    (0)    9 :  0.011 0.188 0.009 0.008 0.005 0.009 0.011 0.009 0.428 0.009 0.224 0.011 0.010 0.010 0.010 0.006 0.008 0.010 0.011 0.011     (0.000,0.061) (0.000,0.944) (0.000,0.048) (0.000,0.045) (0.000,0.029) (0.000,0.052) (0.000,0.059) (0.000,0.048) (0.000,0.985) (0.000,0.050) (0.000,0.956) (0.000,0.058) (0.000,0.053) (0.000,0.053) (0.000,0.056) (0.000,0.035) (0.000,0.043) (0.000,0.055) (0.000,0.058) (0.000,0.058) 
606     1705    (0)    2 :  0.014 0.472 0.017 0.011 0.019 0.014 0.018 0.015 0.225 0.013 0.047 0.013 0.018 0.020 0.012 0.010 0.013 0.019 0.017 0.015     (0.000,0.089) (0.000,0.963) (0.000,0.111) (0.000,0.066) (0.000,0.128) (0.000,0.092) (0.000,0.122) (0.000,0.099) (0.000,0.866) (0.000,0.078) (0.000,0.391) (0.000,0.075) (0.000,0.128) (0.000,0.137) (0.000,0.073) (0.000,0.060) (0.000,0.083) (0.000,0.125) (0.000,0.117) (0.000,0.095) 
607     1708    (0)   10 :  0.077 0.019 0.038 0.034 0.016 0.041 0.047 0.036 0.012 0.117 0.023 0.017 0.102 0.062 0.013 0.013 0.110 0.061 0.097 0.064     (0.000,0.637) (0.000,0.127) (0.000,0.268) (0.000,0.232) (0.000,0.096) (0.000,0.300) (0.000,0.359) (0.000,0.259) (0.000,0.077) (0.000,0.808) (0.000,0.170) (0.000,0.101) (0.000,0.747) (0.000,0.514) (0.000,0.071) (0.000,0.083) (0.000,0.767) (0.000,0.505) (0.000,0.735) (0.000,0.532) 
608     1710    (0)   14 :  0.081 0.024 0.034 0.020 0.008 0.036 0.048 0.071 0.024 0.050 0.033 0.012 0.082 0.087 0.022 0.025 0.073 0.108 0.073 0.091     (0.000,0.662) (0.000,0.170) (0.000,0.223) (0.000,0.115) (0.000,0.039) (0.000,0.258) (0.000,0.368) (0.000,0.571) (0.000,0.175) (0.000,0.395) (0.000,0.243) (0.000,0.069) (0.000,0.640) (0.000,0.690) (0.000,0.134) (0.000,0.175) (0.000,0.583) (0.000,0.783) (0.000,0.602) (0.000,0.708) 
609     1711    (0)    3 :  0.053 0.018 0.034 0.033 0.009 0.049 0.025 0.051 0.019 0.054 0.031 0.014 0.152 0.106 0.013 0.017 0.069 0.080 0.084 0.090     (0.000,0.433) (0.000,0.116) (0.000,0.224) (0.000,0.226) (0.000,0.046) (0.000,0.384) (0.000,0.152) (0.000,0.409) (0.000,0.130) (0.000,0.431) (0.000,0.227) (0.000,0.085) (0.000,0.871) (0.000,0.786) (0.000,0.066) (0.000,0.106) (0.000,0.567) (0.000,0.666) (0.000,0.681) (0.000,0.714) 
610     1712    (0)   13 :  0.089 0.015 0.033 0.016 0.008 0.042 0.046 0.093 0.013 0.064 0.018 0.010 0.092 0.074 0.025 0.035 0.066 0.104 0.072 0.084     (0.000,0.710) (0.000,0.095) (0.000,0.213) (0.000,0.090) (0.000,0.040) (0.000,0.309) (0.000,0.356) (0.000,0.715) (0.000,0.081) (0.000,0.537) (0.000,0.120) (0.000,0.059) (0.000,0.705) (0.000,0.610) (0.000,0.158) (0.000,0.260) (0.000,0.544) (0.000,0.776) (0.000,0.598) (0.000,0.680) 
611     1716    (0)   13 :  0.058 0.011 0.030 0.025 0.011 0.042 0.021 0.119 0.011 0.069 0.014 0.029 0.051 0.096 0.016 0.020 0.202 0.073 0.034 0.067     (0.000,0.458) (0.000,0.071) (0.000,0.198) (0.000,0.165) (0.000,0.061) (0.000,0.318) (0.000,0.129) (0.000,0.794) (0.000,0.071) (0.000,0.518) (0.000,0.098) (0.000,0.214) (0.000,0.392) (0.000,0.724) (0.000,0.094) (0.000,0.142) (0.000,0.895) (0.000,0.593) (0.000,0.239) (0.000,0.517) 
612     1719    (0)    6 :  0.057 0.009 0.031 0.029 0.105 0.084 0.040 0.057 0.012 0.137 0.016 0.011 0.077 0.042 0.078 0.007 0.051 0.048 0.060 0.049     (0.000,0.454) (0.000,0.050) (0.000,0.219) (0.000,0.198) (0.000,0.513) (0.000,0.611) (0.000,0.296) (0.000,0.452) (0.000,0.075) (0.000,0.841) (0.000,0.104) (0.000,0.063) (0.000,0.604) (0.000,0.318) (0.000,0.592) (0.000,0.041) (0.000,0.398) (0.000,0.380) (0.000,0.479) (0.000,0.389) 
613     1720    (0)    1 :  0.039 0.007 0.052 0.033 0.009 0.060 0.038 0.130 0.006 0.070 0.009 0.009 0.087 0.089 0.047 0.019 0.067 0.083 0.080 0.065     (0.000,0.281) (0.000,0.041) (0.000,0.410) (0.000,0.221) (0.000,0.047) (0.000,0.487) (0.000,0.268) (0.000,0.849) (0.000,0.035) (0.000,0.583) (0.000,0.052) (0.000,0.048) (0.000,0.711) (0.000,0.721) (0.000,0.359) (0.000,0.130) (0.000,0.549) (0.000,0.685) (0.000,0.660) (0.000,0.544) 
614     1722    (0)    7 :  0.053 0.031 0.076 0.029 0.008 0.073 0.062 0.102 0.031 0.061 0.042 0.017 0.062 0.048 0.050 0.011 0.021 0.062 0.050 0.112     (0.000,0.420) (0.000,0.233) (0.000,0.615) (0.000,0.190) (0.000,0.041) (0.000,0.581) (0.000,0.508) (0.000,0.718) (0.000,0.227) (0.000,0.502) (0.000,0.310) (0.000,0.102) (0.000,0.507) (0.000,0.368) (0.000,0.390) (0.000,0.066) (0.000,0.122) (0.000,0.512) (0.000,0.394) (0.000,0.790) 
615     1723    (0)    7 :  0.081 0.014 0.051 0.028 0.009 0.018 0.042 0.154 0.013 0.145 0.015 0.011 0.027 0.047 0.027 0.013 0.064 0.061 0.053 0.128     (0.000,0.654) (0.000,0.089) (0.000,0.402) (0.000,0.175) (0.000,0.048) (0.000,0.106) (0.000,0.315) (0.000,0.872) (0.000,0.079) (0.000,0.855) (0.000,0.099) (0.000,0.062) (0.000,0.170) (0.000,0.360) (0.000,0.178) (0.000,0.084) (0.000,0.518) (0.000,0.501) (0.000,0.419) (0.000,0.829) 
616     1724    (0)   18 :  0.059 0.017 0.047 0.022 0.008 0.040 0.066 0.169 0.014 0.060 0.019 0.013 0.061 0.055 0.053 0.023 0.045 0.085 0.062 0.081     (0.000,0.490) (0.000,0.108) (0.000,0.364) (0.000,0.129) (0.000,0.043) (0.000,0.291) (0.000,0.545) (0.000,0.890) (0.000,0.092) (0.000,0.498) (0.000,0.135) (0.000,0.072) (0.000,0.503) (0.000,0.449) (0.000,0.419) (0.000,0.159) (0.000,0.341) (0.000,0.694) (0.000,0.505) (0.000,0.663) 
617     1725    (0)   13 :  0.036 0.033 0.029 0.020 0.011 0.038 0.027 0.084 0.023 0.046 0.045 0.034 0.234 0.077 0.018 0.042 0.049 0.051 0.055 0.047     (0.000,0.255) (0.000,0.248) (0.000,0.197) (0.000,0.118) (0.000,0.057) (0.000,0.275) (0.000,0.173) (0.000,0.648) (0.000,0.165) (0.000,0.357) (0.000,0.326) (0.000,0.249) (0.000,0.936) (0.000,0.622) (0.000,0.106) (0.000,0.317) (0.000,0.386) (0.000,0.405) (0.000,0.441) (0.000,0.369) 
618     1728   (12)   14 :  0.099 0.013 0.033 0.021 0.010 0.039 0.029 0.052 0.010 0.045 0.017 0.011 0.055 0.253 0.024 0.020 0.026 0.147 0.056 0.040     (0.000,0.712) (0.000,0.073) (0.000,0.227) (0.000,0.130) (0.000,0.056) (0.000,0.287) (0.000,0.192) (0.000,0.403) (0.000,0.054) (0.000,0.340) (0.000,0.108) (0.000,0.062) (0.000,0.443) (0.000,0.941) (0.000,0.153) (0.000,0.128) (0.000,0.171) (0.000,0.857) (0.000,0.443) (0.000,0.292) 
619     1729   (12)   14 :  0.049 0.016 0.050 0.024 0.013 0.048 0.042 0.094 0.011 0.073 0.017 0.011 0.087 0.107 0.033 0.018 0.057 0.075 0.115 0.057     (0.000,0.378) (0.000,0.100) (0.000,0.397) (0.000,0.147) (0.000,0.070) (0.000,0.368) (0.000,0.310) (0.000,0.729) (0.000,0.067) (0.000,0.615) (0.000,0.114) (0.000,0.063) (0.000,0.709) (0.000,0.796) (0.000,0.221) (0.000,0.116) (0.000,0.461) (0.000,0.629) (0.000,0.816) (0.000,0.475) 
620     1730   (12)    3 :  0.074 0.020 0.044 0.032 0.016 0.089 0.059 0.070 0.011 0.112 0.023 0.013 0.081 0.074 0.038 0.020 0.039 0.061 0.056 0.067     (0.000,0.611) (0.000,0.138) (0.000,0.332) (0.000,0.215) (0.000,0.089) (0.000,0.678) (0.000,0.470) (0.000,0.560) (0.000,0.065) (0.000,0.799) (0.000,0.166) (0.000,0.073) (0.000,0.657) (0.000,0.610) (0.000,0.272) (0.000,0.134) (0.000,0.276) (0.000,0.507) (0.000,0.458) (0.000,0.557) 
621     1735    (0)    7 :  0.045 0.013 0.035 0.040 0.008 0.053 0.021 0.051 0.011 0.056 0.017 0.014 0.078 0.103 0.020 0.056 0.075 0.093 0.150 0.062     (0.000,0.339) (0.000,0.079) (0.000,0.230) (0.000,0.292) (0.000,0.043) (0.000,0.422) (0.000,0.120) (0.000,0.409) (0.000,0.068) (0.000,0.451) (0.000,0.113) (0.000,0.078) (0.000,0.644) (0.000,0.779) (0.000,0.111) (0.000,0.415) (0.000,0.605) (0.000,0.738) (0.000,0.884) (0.000,0.513) 
622     1737   (25)    7 :  0.122 0.015 0.042 0.032 0.012 0.025 0.039 0.091 0.015 0.159 0.017 0.009 0.027 0.052 0.034 0.018 0.066 0.066 0.059 0.100     (0.000,0.823) (0.000,0.094) (0.000,0.305) (0.000,0.215) (0.000,0.064) (0.000,0.157) (0.000,0.289) (0.000,0.707) (0.000,0.091) (0.000,0.879) (0.000,0.111) (0.000,0.050) (0.000,0.178) (0.000,0.411) (0.000,0.240) (0.000,0.116) (0.000,0.530) (0.000,0.556) (0.000,0.474) (0.000,0.741) 
623     1738    (0)    9 :  0.006 0.227 0.005 0.004 0.011 0.005 0.006 0.005 0.261 0.005 0.412 0.008 0.005 0.005 0.005 0.009 0.005 0.005 0.005 0.005     (0.000,0.029) (0.000,0.972) (0.000,0.027) (0.000,0.024) (0.000,0.072) (0.000,0.029) (0.000,0.030) (0.000,0.025) (0.000,0.976) (0.000,0.028) (0.000,0.988) (0.000,0.041) (0.000,0.029) (0.000,0.028) (0.000,0.025) (0.000,0.048) (0.000,0.026) (0.000,0.028) (0.000,0.029) (0.000,0.027) 
624     1739    (0)   14 :  0.062 0.013 0.047 0.019 0.013 0.057 0.052 0.108 0.011 0.098 0.020 0.010 0.119 0.046 0.024 0.018 0.038 0.075 0.083 0.087     (0.000,0.522) (0.000,0.075) (0.000,0.362) (0.000,0.113) (0.000,0.068) (0.000,0.462) (0.000,0.410) (0.000,0.784) (0.000,0.066) (0.000,0.754) (0.000,0.141) (0.000,0.053) (0.000,0.817) (0.000,0.356) (0.000,0.147) (0.000,0.128) (0.000,0.272) (0.000,0.630) (0.000,0.672) (0.000,0.695) 
625     1740    (0)    3 :  0.052 0.029 0.036 0.029 0.010 0.047 0.028 0.047 0.029 0.061 0.086 0.012 0.120 0.097 0.013 0.027 0.045 0.077 0.081 0.073     (0.000,0.419) (0.000,0.209) (0.000,0.250) (0.000,0.197) (0.000,0.053) (0.000,0.360) (0.000,0.177) (0.000,0.364) (0.000,0.217) (0.000,0.496) (0.000,0.506) (0.000,0.069) (0.000,0.777) (0.000,0.721) (0.000,0.072) (0.000,0.194) (0.000,0.352) (0.000,0.620) (0.000,0.649) (0.000,0.583) 
626     1745    (0)    1 :  0.069 0.051 0.074 0.024 0.016 0.033 0.163 0.027 0.021 0.109 0.076 0.009 0.026 0.053 0.080 0.010 0.035 0.040 0.053 0.030     (0.000,0.562) (0.000,0.385) (0.000,0.602) (0.000,0.153) (0.000,0.093) (0.000,0.222) (0.000,0.883) (0.000,0.179) (0.000,0.144) (0.000,0.780) (0.000,0.479) (0.000,0.048) (0.000,0.162) (0.000,0.426) (0.000,0.608) (0.000,0.060) (0.000,0.258) (0.000,0.297) (0.000,0.417) (0.000,0.193) 
627     1747    (0)   14 :  0.029 0.084 0.021 0.019 0.010 0.025 0.032 0.026 0.130 0.026 0.233 0.020 0.077 0.047 0.034 0.040 0.039 0.041 0.038 0.028     (0.000,0.205) (0.000,0.584) (0.000,0.139) (0.000,0.129) (0.000,0.053) (0.000,0.173) (0.000,0.232) (0.000,0.180) (0.000,0.687) (0.000,0.177) (0.000,0.795) (0.000,0.137) (0.000,0.581) (0.000,0.347) (0.000,0.251) (0.000,0.288) (0.000,0.286) (0.000,0.307) (0.000,0.283) (0.000,0.202) 
628     1749   (12)   12 :  0.015 0.007 0.012 0.012 0.010 0.019 0.016 0.019 0.006 0.014 0.006 0.728 0.017 0.016 0.010 0.018 0.013 0.017 0.018 0.026     (0.000,0.081) (0.000,0.039) (0.000,0.067) (0.000,0.069) (0.000,0.049) (0.000,0.116) (0.000,0.085) (0.000,0.119) (0.000,0.032) (0.000,0.077) (0.000,0.035) (0.118,0.992) (0.000,0.095) (0.000,0.088) (0.000,0.057) (0.000,0.114) (0.000,0.073) (0.000,0.095) (0.000,0.104) (0.000,0.154) 
629     1750   (12)   18 :  0.031 0.016 0.020 0.032 0.008 0.050 0.018 0.035 0.022 0.027 0.021 0.018 0.036 0.039 0.017 0.010 0.019 0.493 0.037 0.051     (0.000,0.207) (0.000,0.102) (0.000,0.119) (0.000,0.219) (0.000,0.039) (0.000,0.390) (0.000,0.101) (0.000,0.251) (0.000,0.154) (0.000,0.177) (0.000,0.149) (0.000,0.115) (0.000,0.265) (0.000,0.282) (0.000,0.101) (0.000,0.051) (0.000,0.110) (0.000,0.975) (0.000,0.262) (0.000,0.405) 
630     1751   (12)   17 :  0.061 0.014 0.037 0.035 0.011 0.050 0.034 0.071 0.014 0.070 0.013 0.021 0.108 0.066 0.018 0.008 0.103 0.075 0.098 0.094     (0.000,0.505) (0.000,0.085) (0.000,0.256) (0.000,0.242) (0.000,0.059) (0.000,0.392) (0.000,0.231) (0.000,0.598) (0.000,0.088) (0.000,0.587) (0.000,0.076) (0.000,0.133) (0.000,0.789) (0.000,0.559) (0.000,0.106) (0.000,0.042) (0.000,0.766) (0.000,0.630) (0.000,0.755) (0.000,0.741) 
631     1752   (12)    1 :  0.063 0.019 0.050 0.042 0.007 0.089 0.028 0.064 0.020 0.062 0.021 0.019 0.089 0.069 0.027 0.014 0.048 0.086 0.060 0.123     (0.000,0.523) (0.000,0.129) (0.000,0.385) (0.000,0.308) (0.000,0.039) (0.000,0.694) (0.000,0.176) (0.000,0.521) (0.000,0.137) (0.000,0.513) (0.000,0.150) (0.000,0.117) (0.000,0.686) (0.000,0.571) (0.000,0.171) (0.000,0.088) (0.000,0.375) (0.000,0.690) (0.000,0.493) (0.000,0.828) 
632     1753   (25)   12 :  0.070 0.133 0.028 0.023 0.026 0.094 0.051 0.023 0.038 0.063 0.071 0.164 0.032 0.017 0.025 0.033 0.022 0.024 0.026 0.038     (0.000,0.568) (0.000,0.779) (0.000,0.177) (0.000,0.146) (0.000,0.168) (0.000,0.715) (0.000,0.402) (0.000,0.157) (0.000,0.284) (0.000,0.504) (0.000,0.516) (0.000,0.878) (0.000,0.218) (0.000,0.098) (0.000,0.161) (0.000,0.240) (0.000,0.133) (0.000,0.149) (0.000,0.172) (0.000,0.272) 
633     1755   (12)    9 :  0.010 0.100 0.008 0.008 0.006 0.010 0.010 0.010 0.620 0.008 0.095 0.043 0.013 0.008 0.009 0.006 0.008 0.009 0.009 0.011     (0.000,0.051) (0.000,0.823) (0.000,0.042) (0.000,0.041) (0.000,0.033) (0.000,0.058) (0.000,0.055) (0.000,0.055) (0.000,0.992) (0.000,0.043) (0.000,0.814) (0.000,0.296) (0.000,0.067) (0.000,0.045) (0.000,0.050) (0.000,0.033) (0.000,0.041) (0.000,0.051) (0.000,0.047) (0.000,0.061) 
634     1756   (12)    9 :  0.011 0.178 0.009 0.008 0.006 0.010 0.010 0.009 0.506 0.009 0.140 0.026 0.011 0.009 0.010 0.007 0.008 0.010 0.010 0.011     (0.000,0.058) (0.000,0.938) (0.000,0.049) (0.000,0.043) (0.000,0.033) (0.000,0.057) (0.000,0.056) (0.000,0.050) (0.000,0.988) (0.000,0.049) (0.000,0.905) (0.000,0.142) (0.000,0.058) (0.000,0.051) (0.000,0.054) (0.000,0.039) (0.000,0.046) (0.000,0.054) (0.000,0.057) (0.000,0.059) 
635     1757   (25)   14 :  0.015 0.199 0.011 0.009 0.010 0.016 0.014 0.014 0.385 0.012 0.113 0.080 0.027 0.014 0.013 0.014 0.013 0.014 0.014 0.014     (0.000,0.084) (0.000,0.935) (0.000,0.059) (0.000,0.050) (0.000,0.053) (0.000,0.090) (0.000,0.082) (0.000,0.080) (0.000,0.978) (0.000,0.067) (0.000,0.829) (0.000,0.681) (0.000,0.162) (0.000,0.076) (0.000,0.076) (0.000,0.078) (0.000,0.069) (0.000,0.078) (0.000,0.079) (0.000,0.081) 
636     1760   (12)   14 :  0.036 0.010 0.031 0.033 0.011 0.034 0.026 0.074 0.006 0.052 0.007 0.023 0.042 0.108 0.034 0.130 0.047 0.076 0.153 0.067     (0.000,0.246) (0.000,0.054) (0.000,0.201) (0.000,0.217) (0.000,0.056) (0.000,0.236) (0.000,0.164) (0.000,0.593) (0.000,0.033) (0.000,0.406) (0.000,0.037) (0.000,0.149) (0.000,0.310) (0.000,0.792) (0.000,0.229) (0.000,0.705) (0.000,0.362) (0.000,0.630) (0.000,0.892) (0.000,0.556) 
637     1763   (12)    7 :  0.078 0.024 0.047 0.055 0.010 0.018 0.039 0.109 0.026 0.111 0.020 0.019 0.021 0.051 0.029 0.007 0.082 0.058 0.048 0.149     (0.000,0.626) (0.000,0.170) (0.000,0.368) (0.000,0.440) (0.000,0.051) (0.000,0.102) (0.000,0.285) (0.000,0.757) (0.000,0.194) (0.000,0.760) (0.000,0.139) (0.000,0.119) (0.000,0.127) (0.000,0.401) (0.000,0.198) (0.000,0.040) (0.000,0.645) (0.000,0.474) (0.000,0.370) (0.000,0.868) 
638     1764   (12)    8 :  0.074 0.008 0.039 0.033 0.007 0.048 0.057 0.197 0.009 0.068 0.009 0.014 0.050 0.020 0.131 0.024 0.052 0.068 0.031 0.062     (0.000,0.631) (0.000,0.044) (0.000,0.270) (0.000,0.216) (0.000,0.036) (0.000,0.372) (0.000,0.471) (0.000,0.933) (0.000,0.047) (0.000,0.576) (0.000,0.049) (0.000,0.079) (0.000,0.393) (0.000,0.113) (0.000,0.849) (0.000,0.152) (0.000,0.408) (0.000,0.585) (0.000,0.194) (0.000,0.523) 
639     1765   (12)    1 :  0.085 0.025 0.060 0.067 0.012 0.112 0.062 0.046 0.018 0.130 0.025 0.040 0.046 0.024 0.054 0.008 0.029 0.040 0.042 0.074     (0.000,0.691) (0.000,0.173) (0.000,0.490) (0.000,0.553) (0.000,0.066) (0.000,0.800) (0.000,0.509) (0.000,0.352) (0.000,0.118) (0.000,0.847) (0.000,0.174) (0.000,0.292) (0.000,0.355) (0.000,0.141) (0.000,0.438) (0.000,0.045) (0.000,0.192) (0.000,0.287) (0.000,0.313) (0.000,0.616) 
640     1768    (0)   13 :  0.069 0.051 0.029 0.083 0.007 0.092 0.021 0.064 0.062 0.051 0.052 0.018 0.050 0.084 0.028 0.016 0.043 0.064 0.045 0.070     (0.000,0.567) (0.000,0.389) (0.000,0.183) (0.000,0.665) (0.000,0.036) (0.000,0.665) (0.000,0.115) (0.000,0.511) (0.000,0.440) (0.000,0.397) (0.000,0.396) (0.000,0.110) (0.000,0.394) (0.000,0.668) (0.000,0.178) (0.000,0.091) (0.000,0.322) (0.000,0.519) (0.000,0.341) (0.000,0.572) 
641     1769    (0)   10 :  0.156 0.008 0.024 0.113 0.008 0.021 0.027 0.038 0.007 0.291 0.007 0.009 0.013 0.034 0.030 0.006 0.019 0.025 0.023 0.140     (0.000,0.907) (0.000,0.047) (0.000,0.135) (0.000,0.822) (0.000,0.042) (0.000,0.128) (0.000,0.179) (0.000,0.261) (0.000,0.040) (0.000,0.965) (0.000,0.036) (0.000,0.052) (0.000,0.069) (0.000,0.220) (0.000,0.209) (0.000,0.033) (0.000,0.110) (0.000,0.147) (0.000,0.139) (0.000,0.876) 
642     1770   (25)    7 :  0.057 0.019 0.039 0.051 0.016 0.050 0.032 0.046 0.016 0.074 0.016 0.023 0.066 0.079 0.033 0.011 0.108 0.067 0.149 0.049     (0.000,0.464) (0.000,0.119) (0.000,0.278) (0.000,0.401) (0.000,0.089) (0.000,0.395) (0.000,0.209) (0.000,0.352) (0.000,0.095) (0.000,0.624) (0.000,0.092) (0.000,0.131) (0.000,0.555) (0.000,0.657) (0.000,0.211) (0.000,0.060) (0.000,0.788) (0.000,0.567) (0.000,0.887) (0.000,0.381) 
643     1771   (25)   18 :  0.039 0.013 0.032 0.040 0.016 0.065 0.046 0.086 0.017 0.045 0.015 0.026 0.170 0.060 0.063 0.011 0.116 0.058 0.036 0.049     (0.000,0.276) (0.000,0.080) (0.000,0.215) (0.000,0.296) (0.000,0.093) (0.000,0.530) (0.000,0.356) (0.000,0.690) (0.000,0.113) (0.000,0.340) (0.000,0.096) (0.000,0.188) (0.000,0.897) (0.000,0.494) (0.000,0.502) (0.000,0.062) (0.000,0.795) (0.000,0.470) (0.000,0.251) (0.000,0.380) 
644     1778    (0)   11 :  0.006 0.100 0.005 0.006 0.004 0.006 0.006 0.005 0.563 0.006 0.244 0.007 0.005 0.005 0.006 0.004 0.005 0.005 0.005 0.006     (0.000,0.033) (0.000,0.871) (0.000,0.029) (0.000,0.034) (0.000,0.020) (0.000,0.030) (0.000,0.032) (0.000,0.027) (0.000,0.994) (0.000,0.030) (0.000,0.976) (0.000,0.039) (0.000,0.024) (0.000,0.027) (0.000,0.032) (0.000,0.019) (0.000,0.024) (0.000,0.028) (0.000,0.028) (0.000,0.032) 
645     1779    (0)    9 :  0.006 0.121 0.005 0.007 0.004 0.006 0.005 0.005 0.443 0.006 0.335 0.011 0.006 0.006 0.005 0.005 0.006 0.006 0.006 0.006     (0.000,0.033) (0.000,0.913) (0.000,0.027) (0.000,0.035) (0.000,0.023) (0.000,0.030) (0.000,0.029) (0.000,0.028) (0.000,0.990) (0.000,0.031) (0.000,0.985) (0.000,0.063) (0.000,0.033) (0.000,0.031) (0.000,0.029) (0.000,0.028) (0.000,0.030) (0.000,0.030) (0.000,0.031) (0.000,0.030) 
646     1780    (0)    9 :  0.007 0.130 0.006 0.007 0.004 0.006 0.006 0.005 0.343 0.006 0.427 0.008 0.005 0.006 0.006 0.005 0.005 0.006 0.006 0.006     (0.000,0.035) (0.000,0.923) (0.000,0.031) (0.000,0.039) (0.000,0.021) (0.000,0.032) (0.000,0.031) (0.000,0.028) (0.000,0.985) (0.000,0.033) (0.000,0.989) (0.000,0.043) (0.000,0.029) (0.000,0.032) (0.000,0.032) (0.000,0.024) (0.000,0.028) (0.000,0.031) (0.000,0.031) (0.000,0.032) 
647     1786    (0)   11 :  0.055 0.156 0.023 0.029 0.009 0.022 0.071 0.014 0.081 0.033 0.287 0.013 0.013 0.034 0.052 0.012 0.014 0.023 0.032 0.027     (0.000,0.405) (0.000,0.759) (0.000,0.162) (0.000,0.216) (0.000,0.052) (0.000,0.148) (0.000,0.470) (0.000,0.086) (0.000,0.546) (0.000,0.247) (0.000,0.792) (0.000,0.078) (0.000,0.075) (0.000,0.259) (0.000,0.368) (0.000,0.080) (0.000,0.085) (0.000,0.162) (0.000,0.237) (0.000,0.190) 
648     1787    (0)   11 :  0.006 0.027 0.006 0.006 0.004 0.006 0.006 0.005 0.044 0.006 0.835 0.008 0.005 0.005 0.005 0.006 0.005 0.005 0.005 0.006     (0.000,0.031) (0.000,0.132) (0.000,0.030) (0.000,0.034) (0.000,0.023) (0.000,0.032) (0.000,0.032) (0.000,0.026) (0.000,0.282) (0.000,0.031) (0.274,0.997) (0.000,0.042) (0.000,0.028) (0.000,0.026) (0.000,0.028) (0.000,0.031) (0.000,0.024) (0.000,0.027) (0.000,0.027) (0.000,0.031) 
649     1788    (0)   11 :  0.025 0.106 0.019 0.014 0.006 0.018 0.024 0.013 0.042 0.023 0.568 0.010 0.012 0.017 0.026 0.011 0.013 0.017 0.020 0.016     (0.000,0.182) (0.000,0.772) (0.000,0.125) (0.000,0.088) (0.000,0.033) (0.000,0.121) (0.000,0.172) (0.000,0.086) (0.000,0.347) (0.000,0.159) (0.000,0.962) (0.000,0.056) (0.000,0.077) (0.000,0.112) (0.000,0.183) (0.000,0.068) (0.000,0.083) (0.000,0.116) (0.000,0.136) (0.000,0.101) 
650     1789   (25)   11 :  0.005 0.049 0.004 0.005 0.006 0.005 0.005 0.004 0.679 0.005 0.183 0.014 0.005 0.005 0.004 0.004 0.005 0.005 0.005 0.005     (0.000,0.026) (0.000,0.356) (0.000,0.023) (0.000,0.026) (0.000,0.030) (0.000,0.026) (0.000,0.026) (0.000,0.024) (0.000,0.996) (0.000,0.025) (0.000,0.963) (0.000,0.078) (0.000,0.027) (0.000,0.025) (0.000,0.024) (0.000,0.022) (0.000,0.025) (0.000,0.025) (0.000,0.025) (0.000,0.026) 
651     1791    (0)    9 :  0.008 0.262 0.006 0.007 0.024 0.007 0.008 0.006 0.238 0.008 0.361 0.010 0.007 0.008 0.008 0.005 0.006 0.007 0.007 0.007     (0.000,0.043) (0.000,0.971) (0.000,0.034) (0.000,0.041) (0.000,0.172) (0.000,0.041) (0.000,0.042) (0.000,0.032) (0.000,0.957) (0.000,0.042) (0.000,0.979) (0.000,0.058) (0.000,0.040) (0.000,0.043) (0.000,0.046) (0.000,0.029) (0.000,0.030) (0.000,0.038) (0.000,0.040) (0.000,0.037) 
652     1792    (0)   11 :  0.007 0.094 0.007 0.009 0.005 0.008 0.007 0.007 0.327 0.008 0.448 0.015 0.009 0.007 0.008 0.006 0.006 0.007 0.007 0.007     (0.000,0.040) (0.000,0.826) (0.000,0.038) (0.000,0.051) (0.000,0.024) (0.000,0.047) (0.000,0.036) (0.000,0.036) (0.000,0.977) (0.000,0.043) (0.000,0.988) (0.000,0.088) (0.000,0.050) (0.000,0.038) (0.000,0.043) (0.000,0.034) (0.000,0.035) (0.000,0.040) (0.000,0.039) (0.000,0.041) 
653     1796    (0)    9 :  0.005 0.041 0.005 0.005 0.009 0.006 0.005 0.005 0.617 0.005 0.250 0.007 0.005 0.005 0.005 0.006 0.005 0.005 0.005 0.005     (0.000,0.027) (0.000,0.268) (0.000,0.027) (0.000,0.028) (0.000,0.053) (0.000,0.030) (0.000,0.025) (0.000,0.025) (0.000,0.994) (0.000,0.027) (0.000,0.978) (0.000,0.040) (0.000,0.026) (0.000,0.026) (0.000,0.025) (0.000,0.031) (0.000,0.026) (0.000,0.025) (0.000,0.026) (0.000,0.026) 
654     1797   (12)    2 :  0.005 0.046 0.005 0.004 0.005 0.005 0.004 0.004 0.762 0.005 0.114 0.006 0.004 0.004 0.005 0.005 0.004 0.004 0.004 0.004     (0.000,0.025) (0.000,0.313) (0.000,0.024) (0.000,0.022) (0.000,0.025) (0.000,0.026) (0.000,0.023) (0.000,0.023) (0.000,0.997) (0.000,0.024) (0.000,0.919) (0.000,0.033) (0.000,0.022) (0.000,0.023) (0.000,0.025) (0.000,0.025) (0.000,0.022) (0.000,0.023) (0.000,0.023) (0.000,0.023) 
655     1799    (0)    2 :  0.005 0.100 0.005 0.005 0.012 0.005 0.005 0.005 0.632 0.005 0.177 0.006 0.005 0.005 0.005 0.004 0.005 0.005 0.005 0.005     (0.000,0.027) (0.000,0.880) (0.000,0.027) (0.000,0.027) (0.000,0.081) (0.000,0.028) (0.000,0.025) (0.000,0.026) (0.000,0.995) (0.000,0.026) (0.000,0.956) (0.000,0.030) (0.000,0.025) (0.000,0.026) (0.000,0.027) (0.000,0.024) (0.000,0.024) (0.000,0.025) (0.000,0.026) (0.000,0.027) 
656     1801    (0)    9 :  0.008 0.406 0.009 0.008 0.058 0.008 0.008 0.025 0.182 0.010 0.166 0.010 0.010 0.009 0.009 0.038 0.008 0.009 0.009 0.009     (0.000,0.045) (0.000,0.973) (0.000,0.053) (0.000,0.044) (0.000,0.308) (0.000,0.047) (0.000,0.048) (0.000,0.185) (0.000,0.787) (0.000,0.058) (0.000,0.806) (0.000,0.061) (0.000,0.057) (0.000,0.051) (0.000,0.049) (0.000,0.220) (0.000,0.046) (0.000,0.051) (0.000,0.051) (0.000,0.051) 
657     1817    (0)    9 :  0.005 0.142 0.004 0.005 0.007 0.005 0.005 0.004 0.706 0.004 0.067 0.006 0.006 0.005 0.004 0.006 0.004 0.005 0.004 0.004     (0.000,0.025) (0.000,0.940) (0.000,0.023) (0.000,0.026) (0.000,0.040) (0.000,0.028) (0.000,0.025) (0.000,0.024) (0.000,0.996) (0.000,0.023) (0.000,0.555) (0.000,0.034) (0.000,0.030) (0.000,0.027) (0.000,0.023) (0.000,0.033) (0.000,0.022) (0.000,0.027) (0.000,0.023) (0.000,0.023) 
658     1820   (25)    9 :  0.010 0.150 0.012 0.008 0.016 0.009 0.015 0.019 0.265 0.013 0.369 0.020 0.016 0.014 0.013 0.006 0.012 0.011 0.011 0.011     (0.000,0.053) (0.000,0.900) (0.000,0.075) (0.000,0.045) (0.000,0.103) (0.000,0.049) (0.000,0.096) (0.000,0.127) (0.000,0.935) (0.000,0.079) (0.000,0.970) (0.000,0.129) (0.000,0.095) (0.000,0.083) (0.000,0.084) (0.000,0.032) (0.000,0.073) (0.000,0.061) (0.000,0.065) (0.000,0.061) 
659     1821    (0)   11 :  0.005 0.025 0.005 0.005 0.004 0.005 0.005 0.005 0.032 0.005 0.858 0.006 0.005 0.005 0.005 0.004 0.005 0.005 0.005 0.005     (0.000,0.029) (0.000,0.158) (0.000,0.026) (0.000,0.026) (0.000,0.024) (0.000,0.026) (0.000,0.028) (0.000,0.025) (0.000,0.222) (0.000,0.028) (0.503,0.997) (0.000,0.034) (0.000,0.026) (0.000,0.027) (0.000,0.026) (0.000,0.023) (0.000,0.026) (0.000,0.027) (0.000,0.028) (0.000,0.026) 
660     1829    (0)    9 :  0.006 0.049 0.005 0.005 0.005 0.006 0.006 0.005 0.524 0.006 0.331 0.007 0.006 0.006 0.006 0.005 0.005 0.006 0.006 0.005     (0.000,0.032) (0.000,0.365) (0.000,0.028) (0.000,0.028) (0.000,0.027) (0.000,0.031) (0.000,0.030) (0.000,0.026) (0.000,0.992) (0.000,0.031) (0.000,0.984) (0.000,0.039) (0.000,0.029) (0.000,0.031) (0.000,0.030) (0.000,0.028) (0.000,0.029) (0.000,0.030) (0.000,0.033) (0.000,0.029) 
661     1832    (0)    2 :  0.009 0.209 0.009 0.007 0.007 0.008 0.010 0.011 0.020 0.011 0.612 0.013 0.013 0.009 0.008 0.010 0.009 0.009 0.009 0.008     (0.000,0.050) (0.000,0.952) (0.000,0.052) (0.000,0.039) (0.000,0.038) (0.000,0.046) (0.000,0.058) (0.000,0.070) (0.000,0.112) (0.000,0.065) (0.000,0.987) (0.000,0.080) (0.000,0.077) (0.000,0.050) (0.000,0.045) (0.000,0.064) (0.000,0.052) (0.000,0.049) (0.000,0.055) (0.000,0.048) 
662     1836   (12)   11 :  0.007 0.049 0.007 0.007 0.005 0.007 0.007 0.006 0.156 0.007 0.678 0.008 0.008 0.007 0.007 0.007 0.006 0.007 0.008 0.007     (0.000,0.039) (0.000,0.362) (0.000,0.035) (0.000,0.035) (0.000,0.027) (0.000,0.037) (0.000,0.038) (0.000,0.034) (0.000,0.940) (0.000,0.037) (0.000,0.994) (0.000,0.042) (0.000,0.041) (0.000,0.038) (0.000,0.035) (0.000,0.038) (0.000,0.033) (0.000,0.038) (0.000,0.041) (0.000,0.038) 
663     1837   (25)   11 :  0.007 0.032 0.006 0.006 0.005 0.006 0.007 0.006 0.042 0.007 0.823 0.007 0.006 0.006 0.006 0.004 0.006 0.006 0.006 0.006     (0.000,0.035) (0.000,0.227) (0.000,0.033) (0.000,0.030) (0.000,0.028) (0.000,0.034) (0.000,0.037) (0.000,0.029) (0.000,0.315) (0.000,0.035) (0.379,0.996) (0.000,0.038) (0.000,0.030) (0.000,0.032) (0.000,0.035) (0.000,0.023) (0.000,0.029) (0.000,0.032) (0.000,0.034) (0.000,0.033) 
664     1841   (25)   17 :  0.041 0.010 0.033 0.052 0.008 0.049 0.026 0.041 0.007 0.057 0.009 0.033 0.056 0.067 0.042 0.121 0.083 0.080 0.130 0.054     (0.000,0.303) (0.000,0.057) (0.000,0.212) (0.000,0.405) (0.000,0.041) (0.000,0.381) (0.000,0.159) (0.000,0.298) (0.000,0.041) (0.000,0.457) (0.000,0.049) (0.000,0.227) (0.000,0.457) (0.000,0.566) (0.000,0.305) (0.000,0.717) (0.000,0.666) (0.000,0.662) (0.000,0.856) (0.000,0.435) 
665     1842   (12)   18 :  0.060 0.016 0.114 0.209 0.007 0.029 0.075 0.016 0.012 0.112 0.008 0.026 0.052 0.044 0.018 0.008 0.051 0.067 0.054 0.023     (0.000,0.484) (0.000,0.109) (0.000,0.741) (0.000,0.923) (0.000,0.039) (0.000,0.198) (0.000,0.606) (0.000,0.089) (0.000,0.072) (0.000,0.761) (0.000,0.047) (0.000,0.158) (0.000,0.402) (0.000,0.324) (0.000,0.105) (0.000,0.044) (0.000,0.401) (0.000,0.539) (0.000,0.432) (0.000,0.137) 
666     1843   (25)   16 :  0.018 0.030 0.013 0.010 0.025 0.231 0.012 0.014 0.006 0.014 0.006 0.019 0.013 0.020 0.010 0.470 0.009 0.035 0.024 0.020     (0.000,0.123) (0.000,0.227) (0.000,0.084) (0.000,0.065) (0.000,0.189) (0.000,0.609) (0.000,0.081) (0.000,0.091) (0.000,0.030) (0.000,0.095) (0.000,0.031) (0.000,0.112) (0.000,0.082) (0.000,0.135) (0.000,0.060) (0.000,0.797) (0.000,0.057) (0.000,0.215) (0.000,0.161) (0.000,0.137) 
667     1844    (0)    7 :  0.071 0.007 0.075 0.119 0.007 0.040 0.118 0.064 0.006 0.124 0.008 0.016 0.044 0.037 0.058 0.007 0.067 0.052 0.025 0.056     (0.000,0.584) (0.000,0.039) (0.000,0.596) (0.000,0.797) (0.000,0.033) (0.000,0.299) (0.000,0.807) (0.000,0.506) (0.000,0.033) (0.000,0.833) (0.000,0.045) (0.000,0.105) (0.000,0.336) (0.000,0.254) (0.000,0.448) (0.000,0.040) (0.000,0.529) (0.000,0.406) (0.000,0.154) (0.000,0.453) 
668     1847   (12)   14 :  0.027 0.006 0.213 0.170 0.012 0.014 0.121 0.047 0.004 0.074 0.006 0.023 0.068 0.033 0.031 0.011 0.023 0.030 0.038 0.050     (0.000,0.164) (0.000,0.032) (0.000,0.930) (0.000,0.905) (0.000,0.067) (0.000,0.077) (0.000,0.809) (0.000,0.363) (0.000,0.024) (0.000,0.610) (0.000,0.030) (0.000,0.157) (0.000,0.543) (0.000,0.219) (0.000,0.218) (0.000,0.067) (0.000,0.146) (0.000,0.190) (0.000,0.267) (0.000,0.387) 
669     1848    (0)   13 :  0.072 0.006 0.079 0.029 0.006 0.018 0.068 0.065 0.005 0.076 0.005 0.009 0.033 0.027 0.038 0.047 0.261 0.065 0.054 0.035     (0.000,0.605) (0.000,0.031) (0.000,0.646) (0.000,0.184) (0.000,0.030) (0.000,0.104) (0.000,0.564) (0.000,0.543) (0.000,0.027) (0.000,0.635) (0.000,0.028) (0.000,0.051) (0.000,0.221) (0.000,0.162) (0.000,0.275) (0.000,0.364) (0.000,0.957) (0.000,0.557) (0.000,0.437) (0.000,0.236) 
670     1850   (25)    4 :  0.038 0.008 0.151 0.254 0.012 0.025 0.046 0.032 0.007 0.121 0.010 0.016 0.072 0.016 0.020 0.006 0.075 0.030 0.027 0.035     (0.000,0.264) (0.000,0.042) (0.000,0.882) (0.000,0.955) (0.000,0.069) (0.000,0.158) (0.000,0.349) (0.000,0.216) (0.000,0.037) (0.000,0.833) (0.000,0.055) (0.000,0.087) (0.000,0.588) (0.000,0.085) (0.000,0.120) (0.000,0.033) (0.000,0.616) (0.000,0.191) (0.000,0.166) (0.000,0.236) 
671     1854   (25)   16 :  0.025 0.056 0.015 0.017 0.019 0.018 0.026 0.018 0.037 0.023 0.083 0.090 0.049 0.019 0.013 0.416 0.025 0.017 0.019 0.017     (0.000,0.172) (0.000,0.398) (0.000,0.093) (0.000,0.105) (0.000,0.123) (0.000,0.117) (0.000,0.177) (0.000,0.106) (0.000,0.276) (0.000,0.161) (0.000,0.523) (0.000,0.585) (0.000,0.378) (0.000,0.116) (0.000,0.079) (0.000,0.874) (0.000,0.166) (0.000,0.106) (0.000,0.118) (0.000,0.107) 
672     1857   (12)    1 :  0.074 0.012 0.057 0.060 0.024 0.023 0.123 0.045 0.008 0.028 0.009 0.030 0.030 0.077 0.076 0.010 0.038 0.089 0.118 0.069     (0.000,0.591) (0.000,0.078) (0.000,0.450) (0.000,0.456) (0.000,0.162) (0.000,0.146) (0.000,0.778) (0.000,0.345) (0.000,0.044) (0.000,0.187) (0.000,0.050) (0.000,0.214) (0.000,0.201) (0.000,0.581) (0.000,0.585) (0.000,0.055) (0.000,0.286) (0.000,0.695) (0.000,0.780) (0.000,0.554) 
673     1858    (0)    7 :  0.141 0.013 0.030 0.140 0.009 0.106 0.076 0.030 0.008 0.048 0.007 0.013 0.047 0.048 0.036 0.010 0.022 0.094 0.030 0.090     (0.000,0.868) (0.000,0.085) (0.000,0.207) (0.000,0.834) (0.000,0.045) (0.000,0.753) (0.000,0.606) (0.000,0.208) (0.000,0.043) (0.000,0.372) (0.000,0.037) (0.000,0.083) (0.000,0.356) (0.000,0.371) (0.000,0.258) (0.000,0.059) (0.000,0.142) (0.000,0.720) (0.000,0.199) (0.000,0.691) 
674     1859   (12)    7 :  0.104 0.012 0.030 0.056 0.010 0.122 0.070 0.069 0.008 0.088 0.009 0.024 0.041 0.030 0.045 0.008 0.020 0.051 0.031 0.170     (0.000,0.785) (0.000,0.072) (0.000,0.194) (0.000,0.446) (0.000,0.052) (0.000,0.815) (0.000,0.565) (0.000,0.546) (0.000,0.042) (0.000,0.711) (0.000,0.053) (0.000,0.164) (0.000,0.301) (0.000,0.198) (0.000,0.337) (0.000,0.046) (0.000,0.119) (0.000,0.406) (0.000,0.204) (0.000,0.911) 
675     1862    (0)   14 :  0.039 0.026 0.031 0.047 0.008 0.036 0.031 0.070 0.030 0.040 0.024 0.029 0.158 0.081 0.025 0.013 0.090 0.075 0.037 0.108     (0.000,0.289) (0.000,0.191) (0.000,0.217) (0.000,0.366) (0.000,0.044) (0.000,0.261) (0.000,0.202) (0.000,0.558) (0.000,0.225) (0.000,0.292) (0.000,0.174) (0.000,0.210) (0.000,0.856) (0.000,0.644) (0.000,0.167) (0.000,0.080) (0.000,0.677) (0.000,0.611) (0.000,0.267) (0.000,0.752) 
676     1863   (12)    3 :  0.187 0.008 0.113 0.027 0.008 0.023 0.231 0.026 0.006 0.068 0.006 0.014 0.023 0.036 0.050 0.011 0.037 0.062 0.029 0.035     (0.000,0.925) (0.000,0.041) (0.000,0.763) (0.000,0.180) (0.000,0.043) (0.000,0.143) (0.000,0.941) (0.000,0.166) (0.000,0.034) (0.000,0.569) (0.000,0.033) (0.000,0.091) (0.000,0.144) (0.000,0.253) (0.000,0.392) (0.000,0.064) (0.000,0.268) (0.000,0.520) (0.000,0.183) (0.000,0.245) 
677     1865    (0)    9 :  0.012 0.326 0.009 0.012 0.005 0.012 0.011 0.008 0.488 0.009 0.026 0.011 0.009 0.009 0.013 0.004 0.006 0.011 0.009 0.010     (0.000,0.065) (0.000,0.977) (0.000,0.046) (0.000,0.069) (0.000,0.024) (0.000,0.071) (0.000,0.063) (0.000,0.041) (0.000,0.988) (0.000,0.051) (0.000,0.162) (0.000,0.056) (0.000,0.049) (0.000,0.048) (0.000,0.076) (0.000,0.021) (0.000,0.033) (0.000,0.064) (0.000,0.050) (0.000,0.057) 
678     1866    (0)   13 :  0.093 0.008 0.037 0.083 0.006 0.157 0.027 0.057 0.007 0.077 0.007 0.008 0.054 0.056 0.097 0.015 0.035 0.067 0.041 0.067     (0.000,0.751) (0.000,0.045) (0.000,0.251) (0.000,0.684) (0.000,0.031) (0.000,0.897) (0.000,0.166) (0.000,0.467) (0.000,0.038) (0.000,0.656) (0.000,0.040) (0.000,0.046) (0.000,0.438) (0.000,0.457) (0.000,0.750) (0.000,0.089) (0.000,0.235) (0.000,0.568) (0.000,0.296) (0.000,0.571) 
679     1867   (12)    9 :  0.013 0.399 0.014 0.012 0.020 0.011 0.016 0.016 0.183 0.013 0.188 0.018 0.013 0.015 0.016 0.007 0.011 0.012 0.012 0.013     (0.000,0.073) (0.000,0.976) (0.000,0.086) (0.000,0.070) (0.000,0.135) (0.000,0.065) (0.000,0.099) (0.000,0.101) (0.000,0.892) (0.000,0.075) (0.000,0.919) (0.000,0.101) (0.000,0.079) (0.000,0.090) (0.000,0.099) (0.000,0.037) (0.000,0.059) (0.000,0.066) (0.000,0.067) (0.000,0.074) 
680     1879   (12)   13 :  0.058 0.033 0.022 0.022 0.013 0.023 0.034 0.041 0.024 0.034 0.017 0.046 0.103 0.124 0.015 0.068 0.081 0.072 0.098 0.072     (0.000,0.462) (0.000,0.241) (0.000,0.134) (0.000,0.136) (0.000,0.072) (0.000,0.139) (0.000,0.236) (0.000,0.307) (0.000,0.172) (0.000,0.234) (0.000,0.117) (0.000,0.339) (0.000,0.707) (0.000,0.814) (0.000,0.089) (0.000,0.475) (0.000,0.599) (0.000,0.582) (0.000,0.709) (0.000,0.576) 
681     1880    (0)   14 :  0.087 0.062 0.043 0.029 0.009 0.127 0.043 0.047 0.033 0.048 0.035 0.072 0.024 0.072 0.023 0.009 0.082 0.066 0.037 0.051     (0.000,0.681) (0.000,0.430) (0.000,0.320) (0.000,0.190) (0.000,0.050) (0.000,0.784) (0.000,0.319) (0.000,0.366) (0.000,0.248) (0.000,0.367) (0.000,0.265) (0.000,0.515) (0.000,0.156) (0.000,0.563) (0.000,0.144) (0.000,0.053) (0.000,0.601) (0.000,0.527) (0.000,0.270) (0.000,0.397) 
682     1881    (0)   13 :  0.064 0.006 0.075 0.083 0.008 0.058 0.047 0.134 0.005 0.048 0.005 0.010 0.049 0.039 0.063 0.031 0.026 0.056 0.042 0.150     (0.000,0.535) (0.000,0.032) (0.000,0.622) (0.000,0.674) (0.000,0.040) (0.000,0.472) (0.000,0.359) (0.000,0.849) (0.000,0.028) (0.000,0.373) (0.000,0.027) (0.000,0.059) (0.000,0.388) (0.000,0.275) (0.000,0.517) (0.000,0.225) (0.000,0.166) (0.000,0.455) (0.000,0.307) (0.000,0.892) 
683     1883   (25)   13 :  0.056 0.010 0.055 0.082 0.012 0.064 0.056 0.139 0.010 0.050 0.009 0.018 0.065 0.060 0.058 0.015 0.023 0.056 0.043 0.121     (0.000,0.450) (0.000,0.057) (0.000,0.444) (0.000,0.670) (0.000,0.065) (0.000,0.528) (0.000,0.451) (0.000,0.860) (0.000,0.054) (0.000,0.389) (0.000,0.049) (0.000,0.106) (0.000,0.537) (0.000,0.493) (0.000,0.475) (0.000,0.090) (0.000,0.135) (0.000,0.461) (0.000,0.313) (0.000,0.837) 
684     1888    (0)   13 :  0.043 0.008 0.084 0.066 0.007 0.019 0.033 0.054 0.007 0.040 0.008 0.007 0.050 0.040 0.076 0.014 0.283 0.074 0.050 0.038     (0.000,0.323) (0.000,0.042) (0.000,0.670) (0.000,0.536) (0.000,0.035) (0.000,0.110) (0.000,0.216) (0.000,0.432) (0.000,0.038) (0.000,0.288) (0.000,0.042) (0.000,0.035) (0.000,0.383) (0.000,0.288) (0.000,0.611) (0.000,0.087) (0.000,0.962) (0.000,0.631) (0.000,0.388) (0.000,0.262) 
685     1890    (0)   14 :  0.044 0.008 0.089 0.033 0.007 0.066 0.026 0.052 0.008 0.041 0.008 0.009 0.041 0.127 0.041 0.013 0.111 0.114 0.116 0.048     (0.000,0.333) (0.000,0.045) (0.000,0.660) (0.000,0.225) (0.000,0.035) (0.000,0.519) (0.000,0.160) (0.000,0.410) (0.000,0.046) (0.000,0.300) (0.000,0.042) (0.000,0.051) (0.000,0.303) (0.000,0.822) (0.000,0.309) (0.000,0.080) (0.000,0.770) (0.000,0.798) (0.000,0.780) (0.000,0.369) 
686     1897   (25)   14 :  0.081 0.007 0.037 0.017 0.008 0.025 0.060 0.100 0.007 0.045 0.007 0.008 0.065 0.050 0.044 0.023 0.211 0.100 0.050 0.057     (0.000,0.682) (0.000,0.040) (0.000,0.247) (0.000,0.095) (0.000,0.042) (0.000,0.147) (0.000,0.494) (0.000,0.771) (0.000,0.036) (0.000,0.340) (0.000,0.036) (0.000,0.044) (0.000,0.528) (0.000,0.387) (0.000,0.329) (0.000,0.143) (0.000,0.941) (0.000,0.784) (0.000,0.394) (0.000,0.464) 
687     1898    (0)   13 :  0.041 0.016 0.019 0.020 0.011 0.026 0.025 0.038 0.013 0.032 0.013 0.060 0.221 0.101 0.011 0.066 0.075 0.059 0.089 0.066     (0.000,0.296) (0.000,0.102) (0.000,0.111) (0.000,0.118) (0.000,0.059) (0.000,0.160) (0.000,0.156) (0.000,0.275) (0.000,0.083) (0.000,0.214) (0.000,0.081) (0.000,0.438) (0.000,0.922) (0.000,0.758) (0.000,0.057) (0.000,0.467) (0.000,0.578) (0.000,0.477) (0.000,0.685) (0.000,0.535) 
688     1902   (25)   13 :  0.040 0.007 0.052 0.048 0.011 0.052 0.026 0.099 0.006 0.053 0.007 0.011 0.126 0.101 0.027 0.013 0.106 0.070 0.083 0.062     (0.000,0.278) (0.000,0.037) (0.000,0.419) (0.000,0.365) (0.000,0.056) (0.000,0.416) (0.000,0.157) (0.000,0.772) (0.000,0.032) (0.000,0.426) (0.000,0.036) (0.000,0.060) (0.000,0.857) (0.000,0.788) (0.000,0.162) (0.000,0.073) (0.000,0.798) (0.000,0.599) (0.000,0.692) (0.000,0.523) 
689     1903   (12)    4 :  0.034 0.006 0.035 0.044 0.009 0.037 0.016 0.052 0.005 0.046 0.005 0.012 0.075 0.072 0.019 0.027 0.221 0.074 0.167 0.045     (0.000,0.225) (0.000,0.030) (0.000,0.223) (0.000,0.321) (0.000,0.046) (0.000,0.255) (0.000,0.087) (0.000,0.413) (0.000,0.025) (0.000,0.346) (0.000,0.028) (0.000,0.059) (0.000,0.647) (0.000,0.620) (0.000,0.101) (0.000,0.185) (0.000,0.947) (0.000,0.644) (0.000,0.919) (0.000,0.336) 
690     1905    (0)   14 :  0.055 0.005 0.035 0.030 0.006 0.044 0.022 0.081 0.005 0.044 0.005 0.008 0.056 0.051 0.039 0.149 0.137 0.092 0.077 0.059     (0.000,0.445) (0.000,0.028) (0.000,0.229) (0.000,0.192) (0.000,0.030) (0.000,0.331) (0.000,0.131) (0.000,0.668) (0.000,0.025) (0.000,0.324) (0.000,0.027) (0.000,0.043) (0.000,0.450) (0.000,0.398) (0.000,0.281) (0.000,0.853) (0.000,0.871) (0.000,0.745) (0.000,0.643) (0.000,0.483) 
691     1911   (12)   10 :  0.031 0.006 0.067 0.041 0.008 0.040 0.021 0.111 0.006 0.045 0.008 0.007 0.292 0.036 0.021 0.016 0.051 0.075 0.037 0.083     (0.000,0.199) (0.000,0.030) (0.000,0.554) (0.000,0.302) (0.000,0.041) (0.000,0.295) (0.000,0.123) (0.000,0.812) (0.000,0.031) (0.000,0.333) (0.000,0.048) (0.000,0.037) (0.000,0.963) (0.000,0.247) (0.000,0.124) (0.000,0.104) (0.000,0.400) (0.000,0.637) (0.000,0.255) (0.000,0.682) 
692     1913   (25)    7 :  0.080 0.014 0.084 0.032 0.013 0.037 0.297 0.048 0.011 0.037 0.015 0.013 0.033 0.025 0.095 0.009 0.021 0.047 0.030 0.061     (0.000,0.660) (0.000,0.083) (0.000,0.674) (0.000,0.212) (0.000,0.074) (0.000,0.264) (0.000,0.959) (0.000,0.370) (0.000,0.065) (0.000,0.261) (0.000,0.094) (0.000,0.071) (0.000,0.217) (0.000,0.153) (0.000,0.732) (0.000,0.054) (0.000,0.120) (0.000,0.358) (0.000,0.195) (0.000,0.501) 
693     1915   (25)   14 :  0.045 0.038 0.043 0.116 0.023 0.020 0.055 0.025 0.019 0.053 0.022 0.066 0.028 0.085 0.022 0.021 0.064 0.057 0.129 0.070     (0.000,0.336) (0.000,0.291) (0.000,0.319) (0.000,0.803) (0.000,0.146) (0.000,0.118) (0.000,0.433) (0.000,0.155) (0.000,0.125) (0.000,0.420) (0.000,0.152) (0.000,0.519) (0.000,0.176) (0.000,0.666) (0.000,0.133) (0.000,0.142) (0.000,0.503) (0.000,0.465) (0.000,0.819) (0.000,0.578) 
1781     4468    (0)   16 :  0.026 0.016 0.015 0.019 0.013 0.015 0.024 0.011 0.010 0.022 0.016 0.019 0.019 0.012 0.013 0.686 0.017 0.014 0.017 0.017     (0.000,0.183) (0.000,0.112) (0.000,0.095) (0.000,0.125) (0.000,0.083) (0.000,0.099) (0.000,0.162) (0.000,0.059) (0.000,0.060) (0.000,0.154) (0.000,0.111) (0.000,0.132) (0.000,0.121) (0.000,0.072) (0.000,0.082) (0.291,0.954) (0.000,0.112) (0.000,0.085) (0.000,0.102) (0.000,0.106) 
1782     4470   (12)   10 :  0.083 0.009 0.056 0.153 0.011 0.036 0.058 0.032 0.008 0.038 0.008 0.015 0.032 0.049 0.045 0.107 0.024 0.050 0.077 0.108     (0.000,0.685) (0.000,0.050) (0.000,0.454) (0.000,0.889) (0.000,0.059) (0.000,0.252) (0.000,0.479) (0.000,0.212) (0.000,0.045) (0.000,0.265) (0.000,0.040) (0.000,0.091) (0.000,0.219) (0.000,0.385) (0.000,0.345) (0.000,0.691) (0.000,0.150) (0.000,0.390) (0.000,0.635) (0.000,0.798) 
1783     4474    (0)   14 :  0.038 0.019 0.058 0.073 0.068 0.016 0.091 0.034 0.016 0.041 0.017 0.032 0.025 0.130 0.045 0.079 0.030 0.040 0.107 0.040     (0.000,0.270) (0.000,0.124) (0.000,0.460) (0.000,0.565) (0.000,0.439) (0.000,0.095) (0.000,0.660) (0.000,0.245) (0.000,0.114) (0.000,0.306) (0.000,0.114) (0.000,0.238) (0.000,0.158) (0.000,0.815) (0.000,0.343) (0.000,0.467) (0.000,0.219) (0.000,0.299) (0.000,0.747) (0.000,0.295) 
1784     4483    (0)   14 :  0.070 0.046 0.046 0.124 0.008 0.045 0.049 0.023 0.030 0.062 0.031 0.033 0.027 0.078 0.069 0.019 0.028 0.059 0.088 0.065     (0.000,0.578) (0.000,0.347) (0.000,0.350) (0.000,0.814) (0.000,0.043) (0.000,0.336) (0.000,0.380) (0.000,0.139) (0.000,0.222) (0.000,0.509) (0.000,0.229) (0.000,0.241) (0.000,0.174) (0.000,0.626) (0.000,0.537) (0.000,0.127) (0.000,0.194) (0.000,0.477) (0.000,0.674) (0.000,0.539) 
