  7        9   (12)   17 :  0.046 0.006 0.048 0.043 0.007 0.124 0.028 0.210 0.006 0.057 0.006 0.010 0.081 0.034 0.061 0.013 0.026 0.054 0.031 0.110     (0.000,0.344) (0.000,0.032) (0.000,0.365) (0.000,0.315) (0.000,0.037) (0.000,0.843) (0.000,0.166) (0.000,0.943) (0.000,0.031) (0.000,0.470) (0.000,0.033) (0.000,0.055) (0.000,0.690) (0.000,0.219) (0.000,0.510) (0.000,0.077) (0.000,0.151) (0.000,0.444) (0.000,0.190) (0.000,0.820) 
  8       11   (12)    9 :  0.009 0.174 0.008 0.005 0.307 0.029 0.009 0.009 0.019 0.008 0.013 0.014 0.012 0.014 0.008 0.318 0.008 0.013 0.013 0.009     (0.000,0.051) (0.000,0.724) (0.000,0.046) (0.000,0.029) (0.057,0.640) (0.000,0.202) (0.000,0.053) (0.000,0.050) (0.000,0.138) (0.000,0.044) (0.000,0.081) (0.000,0.091) (0.000,0.070) (0.000,0.089) (0.000,0.048) (0.000,0.751) (0.000,0.042) (0.000,0.076) (0.000,0.077) (0.000,0.049) 
  9       12   (12)    3 :  0.029 0.009 0.036 0.030 0.010 0.137 0.028 0.095 0.012 0.022 0.010 0.074 0.026 0.074 0.020 0.005 0.239 0.078 0.027 0.039     (0.000,0.184) (0.000,0.054) (0.000,0.245) (0.000,0.198) (0.000,0.054) (0.000,0.856) (0.000,0.177) (0.000,0.741) (0.000,0.074) (0.000,0.138) (0.000,0.056) (0.000,0.528) (0.000,0.168) (0.000,0.616) (0.000,0.127) (0.000,0.024) (0.000,0.939) (0.000,0.661) (0.000,0.174) (0.000,0.283) 
 10       13   (25)    3 :  0.032 0.024 0.026 0.017 0.229 0.021 0.030 0.026 0.049 0.030 0.046 0.035 0.023 0.049 0.020 0.005 0.021 0.125 0.126 0.066     (0.000,0.219) (0.000,0.167) (0.000,0.188) (0.000,0.119) (0.000,0.661) (0.000,0.148) (0.000,0.211) (0.000,0.185) (0.000,0.268) (0.000,0.209) (0.000,0.238) (0.000,0.218) (0.000,0.164) (0.000,0.316) (0.000,0.141) (0.000,0.025) (0.000,0.148) (0.000,0.578) (0.000,0.607) (0.000,0.405) 
 11       16   (12)   14 :  0.031 0.026 0.047 0.029 0.173 0.019 0.071 0.068 0.005 0.026 0.006 0.005 0.033 0.106 0.057 0.035 0.030 0.164 0.048 0.022     (0.000,0.217) (0.000,0.174) (0.000,0.359) (0.000,0.199) (0.000,0.640) (0.000,0.119) (0.000,0.519) (0.000,0.488) (0.000,0.025) (0.000,0.179) (0.000,0.032) (0.000,0.027) (0.000,0.239) (0.000,0.677) (0.000,0.428) (0.000,0.224) (0.000,0.209) (0.000,0.724) (0.000,0.359) (0.000,0.146) 
 16       33    (0)   13 :  0.080 0.012 0.060 0.037 0.007 0.048 0.041 0.086 0.010 0.042 0.008 0.008 0.036 0.093 0.058 0.021 0.073 0.091 0.079 0.111     (0.000,0.666) (0.000,0.074) (0.000,0.497) (0.000,0.260) (0.000,0.035) (0.000,0.373) (0.000,0.294) (0.000,0.689) (0.000,0.057) (0.000,0.304) (0.000,0.045) (0.000,0.045) (0.000,0.241) (0.000,0.741) (0.000,0.469) (0.000,0.129) (0.000,0.604) (0.000,0.732) (0.000,0.658) (0.000,0.813) 
 17       34   (12)   17 :  0.078 0.010 0.035 0.033 0.010 0.027 0.064 0.033 0.008 0.054 0.009 0.009 0.134 0.029 0.061 0.022 0.071 0.232 0.041 0.039     (0.000,0.600) (0.000,0.055) (0.000,0.243) (0.000,0.235) (0.000,0.056) (0.000,0.174) (0.000,0.497) (0.000,0.236) (0.000,0.042) (0.000,0.420) (0.000,0.054) (0.000,0.052) (0.000,0.743) (0.000,0.190) (0.000,0.473) (0.000,0.149) (0.000,0.549) (0.000,0.922) (0.000,0.304) (0.000,0.281) 
 18       35   (12)   20 :  0.115 0.040 0.032 0.071 0.014 0.075 0.061 0.039 0.022 0.079 0.023 0.044 0.044 0.054 0.027 0.024 0.027 0.049 0.063 0.095     (0.000,0.803) (0.000,0.304) (0.000,0.206) (0.000,0.582) (0.000,0.079) (0.000,0.594) (0.000,0.492) (0.000,0.289) (0.000,0.158) (0.000,0.639) (0.000,0.161) (0.000,0.337) (0.000,0.330) (0.000,0.436) (0.000,0.168) (0.000,0.160) (0.000,0.178) (0.000,0.387) (0.000,0.515) (0.000,0.727) 
 19       37   (12)   10 :  0.034 0.007 0.046 0.038 0.012 0.016 0.018 0.176 0.005 0.164 0.006 0.014 0.029 0.070 0.018 0.011 0.141 0.044 0.072 0.078     (0.000,0.224) (0.000,0.039) (0.000,0.351) (0.000,0.264) (0.000,0.062) (0.000,0.090) (0.000,0.100) (0.000,0.917) (0.000,0.028) (0.000,0.899) (0.000,0.031) (0.000,0.076) (0.000,0.185) (0.000,0.600) (0.000,0.104) (0.000,0.065) (0.000,0.870) (0.000,0.332) (0.000,0.591) (0.000,0.644) 
 24       49    (0)   12 :  0.057 0.034 0.031 0.037 0.025 0.046 0.028 0.037 0.027 0.033 0.014 0.024 0.067 0.117 0.023 0.023 0.033 0.199 0.100 0.045     (0.000,0.387) (0.000,0.244) (0.000,0.210) (0.000,0.268) (0.000,0.173) (0.000,0.326) (0.000,0.188) (0.000,0.263) (0.000,0.189) (0.000,0.227) (0.000,0.092) (0.000,0.159) (0.000,0.473) (0.000,0.659) (0.000,0.149) (0.000,0.159) (0.000,0.240) (0.000,0.807) (0.000,0.607) (0.000,0.304) 
 25       55    (0)   13 :  0.014 0.004 0.022 0.036 0.015 0.026 0.014 0.053 0.004 0.028 0.004 0.005 0.215 0.107 0.085 0.013 0.031 0.259 0.044 0.022     (0.000,0.079) (0.000,0.020) (0.000,0.134) (0.000,0.268) (0.000,0.098) (0.000,0.179) (0.000,0.080) (0.000,0.416) (0.000,0.020) (0.000,0.190) (0.000,0.020) (0.000,0.028) (0.000,0.929) (0.000,0.737) (0.000,0.604) (0.000,0.084) (0.000,0.213) (0.000,0.951) (0.000,0.327) (0.000,0.136) 
 26       57    (0)   13 :  0.022 0.009 0.023 0.093 0.012 0.021 0.018 0.247 0.008 0.030 0.008 0.010 0.061 0.099 0.073 0.008 0.024 0.160 0.033 0.043     (0.000,0.127) (0.000,0.048) (0.000,0.136) (0.000,0.731) (0.000,0.065) (0.000,0.125) (0.000,0.105) (0.000,0.949) (0.000,0.047) (0.000,0.190) (0.000,0.045) (0.000,0.054) (0.000,0.511) (0.000,0.745) (0.000,0.587) (0.000,0.043) (0.000,0.145) (0.000,0.903) (0.000,0.214) (0.000,0.317) 
 27       59    (0)   18 :  0.012 0.012 0.019 0.134 0.016 0.010 0.010 0.061 0.012 0.016 0.010 0.010 0.027 0.298 0.018 0.009 0.098 0.125 0.080 0.023     (0.000,0.064) (0.000,0.077) (0.000,0.103) (0.000,0.873) (0.000,0.093) (0.000,0.052) (0.000,0.052) (0.000,0.502) (0.000,0.080) (0.000,0.086) (0.000,0.059) (0.000,0.053) (0.000,0.162) (0.000,0.967) (0.000,0.098) (0.000,0.049) (0.000,0.738) (0.000,0.854) (0.000,0.670) (0.000,0.133) 
 28       64    (0)   13 :  0.015 0.010 0.012 0.012 0.019 0.016 0.012 0.088 0.010 0.013 0.008 0.029 0.123 0.306 0.009 0.007 0.111 0.136 0.041 0.024     (0.000,0.083) (0.000,0.061) (0.000,0.065) (0.000,0.064) (0.000,0.125) (0.000,0.089) (0.000,0.062) (0.000,0.711) (0.000,0.059) (0.000,0.066) (0.000,0.046) (0.000,0.206) (0.000,0.796) (0.000,0.966) (0.000,0.049) (0.000,0.040) (0.000,0.766) (0.000,0.863) (0.000,0.301) (0.000,0.143) 
 29       65    (0)   13 :  0.011 0.010 0.014 0.024 0.017 0.010 0.010 0.063 0.010 0.013 0.010 0.016 0.245 0.270 0.009 0.009 0.090 0.097 0.049 0.026     (0.000,0.057) (0.000,0.058) (0.000,0.072) (0.000,0.147) (0.000,0.108) (0.000,0.050) (0.000,0.053) (0.000,0.527) (0.000,0.063) (0.000,0.068) (0.000,0.061) (0.000,0.104) (0.000,0.951) (0.000,0.961) (0.000,0.046) (0.000,0.049) (0.000,0.702) (0.000,0.762) (0.000,0.382) (0.000,0.157) 
 30       66    (0)   13 :  0.013 0.005 0.027 0.041 0.045 0.030 0.014 0.147 0.009 0.016 0.008 0.032 0.276 0.091 0.019 0.004 0.088 0.095 0.017 0.022     (0.000,0.072) (0.000,0.030) (0.000,0.182) (0.000,0.310) (0.000,0.311) (0.000,0.215) (0.000,0.081) (0.000,0.819) (0.000,0.058) (0.000,0.095) (0.000,0.046) (0.000,0.234) (0.000,0.935) (0.000,0.661) (0.000,0.115) (0.000,0.022) (0.000,0.631) (0.000,0.716) (0.000,0.098) (0.000,0.128) 
 31       67   (12)   20 :  0.014 0.007 0.023 0.021 0.024 0.013 0.017 0.187 0.005 0.019 0.005 0.007 0.067 0.298 0.026 0.006 0.038 0.117 0.076 0.030     (0.000,0.078) (0.000,0.035) (0.000,0.130) (0.000,0.112) (0.000,0.147) (0.000,0.072) (0.000,0.094) (0.000,0.935) (0.000,0.028) (0.000,0.107) (0.000,0.026) (0.000,0.039) (0.000,0.580) (0.000,0.971) (0.000,0.150) (0.000,0.032) (0.000,0.266) (0.000,0.848) (0.000,0.666) (0.000,0.181) 
 32       69   (12)   14 :  0.016 0.005 0.019 0.040 0.015 0.034 0.010 0.128 0.005 0.016 0.005 0.012 0.079 0.290 0.014 0.008 0.072 0.171 0.038 0.024     (0.000,0.085) (0.000,0.025) (0.000,0.103) (0.000,0.282) (0.000,0.089) (0.000,0.239) (0.000,0.053) (0.000,0.864) (0.000,0.024) (0.000,0.084) (0.000,0.026) (0.000,0.070) (0.000,0.653) (0.000,0.968) (0.000,0.072) (0.000,0.043) (0.000,0.576) (0.000,0.922) (0.000,0.267) (0.000,0.139) 
 33       71   (12)   13 :  0.017 0.005 0.020 0.041 0.014 0.024 0.012 0.179 0.005 0.021 0.005 0.007 0.145 0.243 0.023 0.009 0.026 0.129 0.044 0.033     (0.000,0.092) (0.000,0.028) (0.000,0.108) (0.000,0.293) (0.000,0.080) (0.000,0.150) (0.000,0.062) (0.000,0.930) (0.000,0.024) (0.000,0.114) (0.000,0.027) (0.000,0.037) (0.000,0.902) (0.000,0.959) (0.000,0.126) (0.000,0.049) (0.000,0.151) (0.000,0.873) (0.000,0.325) (0.000,0.211) 
 34       74    (0)   17 :  0.076 0.009 0.053 0.051 0.013 0.066 0.048 0.059 0.009 0.051 0.009 0.022 0.047 0.067 0.022 0.007 0.111 0.140 0.052 0.091     (0.000,0.509) (0.000,0.053) (0.000,0.382) (0.000,0.370) (0.000,0.077) (0.000,0.472) (0.000,0.332) (0.000,0.427) (0.000,0.049) (0.000,0.360) (0.000,0.049) (0.000,0.146) (0.000,0.335) (0.000,0.452) (0.000,0.141) (0.000,0.036) (0.000,0.672) (0.000,0.730) (0.000,0.345) (0.000,0.590) 
 35       75    (0)   16 :  0.029 0.006 0.017 0.013 0.007 0.015 0.018 0.017 0.006 0.018 0.005 0.009 0.015 0.029 0.013 0.636 0.014 0.070 0.034 0.028     (0.000,0.180) (0.000,0.034) (0.000,0.116) (0.000,0.087) (0.000,0.039) (0.000,0.100) (0.000,0.120) (0.000,0.111) (0.000,0.031) (0.000,0.123) (0.000,0.029) (0.000,0.049) (0.000,0.100) (0.000,0.184) (0.000,0.089) (0.286,0.893) (0.000,0.093) (0.000,0.320) (0.000,0.208) (0.000,0.179) 
 36       77    (0)    1 :  0.070 0.009 0.017 0.360 0.009 0.035 0.030 0.028 0.006 0.060 0.008 0.024 0.020 0.028 0.069 0.017 0.020 0.080 0.028 0.082     (0.000,0.573) (0.000,0.051) (0.000,0.095) (0.000,0.970) (0.000,0.051) (0.000,0.246) (0.000,0.204) (0.000,0.190) (0.000,0.029) (0.000,0.491) (0.000,0.046) (0.000,0.173) (0.000,0.123) (0.000,0.183) (0.000,0.551) (0.000,0.115) (0.000,0.127) (0.000,0.639) (0.000,0.182) (0.000,0.674) 
 37       78    (0)   19 :  0.061 0.006 0.047 0.046 0.010 0.011 0.045 0.033 0.005 0.030 0.005 0.009 0.022 0.058 0.027 0.011 0.043 0.065 0.437 0.027     (0.000,0.472) (0.000,0.033) (0.000,0.361) (0.000,0.351) (0.000,0.060) (0.000,0.058) (0.000,0.342) (0.000,0.235) (0.000,0.028) (0.000,0.210) (0.000,0.028) (0.000,0.050) (0.000,0.135) (0.000,0.454) (0.000,0.186) (0.000,0.068) (0.000,0.329) (0.000,0.515) (0.000,0.970) (0.000,0.176) 
 38       79   (12)    1 :  0.033 0.060 0.040 0.066 0.068 0.021 0.040 0.038 0.016 0.020 0.011 0.014 0.037 0.107 0.057 0.174 0.022 0.066 0.073 0.034     (0.000,0.240) (0.000,0.380) (0.000,0.304) (0.000,0.484) (0.000,0.435) (0.000,0.133) (0.000,0.301) (0.000,0.296) (0.000,0.112) (0.000,0.123) (0.000,0.068) (0.000,0.089) (0.000,0.281) (0.000,0.642) (0.000,0.437) (0.000,0.564) (0.000,0.147) (0.000,0.497) (0.000,0.544) (0.000,0.243) 
 39       82    (0)    7 :  0.057 0.018 0.065 0.061 0.058 0.055 0.045 0.042 0.027 0.036 0.019 0.033 0.055 0.053 0.148 0.037 0.028 0.073 0.051 0.040     (0.000,0.453) (0.000,0.125) (0.000,0.512) (0.000,0.477) (0.000,0.361) (0.000,0.416) (0.000,0.347) (0.000,0.322) (0.000,0.191) (0.000,0.265) (0.000,0.136) (0.000,0.240) (0.000,0.429) (0.000,0.411) (0.000,0.773) (0.000,0.249) (0.000,0.189) (0.000,0.564) (0.000,0.404) (0.000,0.299) 
 40       86    (0)   10 :  0.065 0.037 0.046 0.200 0.017 0.028 0.047 0.034 0.012 0.102 0.018 0.030 0.024 0.050 0.083 0.008 0.025 0.066 0.052 0.056     (0.000,0.522) (0.000,0.274) (0.000,0.353) (0.000,0.906) (0.000,0.105) (0.000,0.178) (0.000,0.359) (0.000,0.252) (0.000,0.076) (0.000,0.742) (0.000,0.126) (0.000,0.216) (0.000,0.149) (0.000,0.383) (0.000,0.644) (0.000,0.044) (0.000,0.166) (0.000,0.526) (0.000,0.410) (0.000,0.453) 
 41       91    (0)   13 :  0.049 0.007 0.035 0.093 0.008 0.042 0.040 0.088 0.008 0.032 0.007 0.008 0.051 0.058 0.163 0.007 0.031 0.147 0.038 0.088     (0.000,0.377) (0.000,0.036) (0.000,0.232) (0.000,0.718) (0.000,0.043) (0.000,0.310) (0.000,0.295) (0.000,0.690) (0.000,0.043) (0.000,0.207) (0.000,0.036) (0.000,0.041) (0.000,0.399) (0.000,0.466) (0.000,0.883) (0.000,0.040) (0.000,0.209) (0.000,0.887) (0.000,0.266) (0.000,0.706) 
 42       92    (0)   13 :  0.045 0.007 0.034 0.071 0.008 0.023 0.054 0.086 0.008 0.029 0.007 0.008 0.035 0.040 0.262 0.008 0.042 0.140 0.032 0.062     (0.000,0.343) (0.000,0.037) (0.000,0.225) (0.000,0.577) (0.000,0.041) (0.000,0.140) (0.000,0.440) (0.000,0.683) (0.000,0.046) (0.000,0.178) (0.000,0.038) (0.000,0.041) (0.000,0.239) (0.000,0.285) (0.000,0.948) (0.000,0.043) (0.000,0.313) (0.000,0.876) (0.000,0.202) (0.000,0.518) 
 43       93    (0)   13 :  0.016 0.005 0.093 0.067 0.011 0.011 0.019 0.283 0.004 0.032 0.005 0.007 0.104 0.046 0.043 0.010 0.116 0.067 0.030 0.029     (0.000,0.091) (0.000,0.029) (0.000,0.724) (0.000,0.553) (0.000,0.060) (0.000,0.060) (0.000,0.108) (0.000,0.965) (0.000,0.024) (0.000,0.210) (0.000,0.029) (0.000,0.036) (0.000,0.760) (0.000,0.347) (0.000,0.315) (0.000,0.055) (0.000,0.818) (0.000,0.557) (0.000,0.188) (0.000,0.175) 
 44       97    (0)   13 :  0.018 0.006 0.043 0.049 0.029 0.042 0.020 0.112 0.010 0.021 0.008 0.031 0.230 0.061 0.023 0.005 0.167 0.076 0.019 0.031     (0.000,0.102) (0.000,0.031) (0.000,0.324) (0.000,0.379) (0.000,0.205) (0.000,0.310) (0.000,0.118) (0.000,0.739) (0.000,0.061) (0.000,0.127) (0.000,0.047) (0.000,0.225) (0.000,0.907) (0.000,0.481) (0.000,0.153) (0.000,0.028) (0.000,0.866) (0.000,0.610) (0.000,0.109) (0.000,0.203) 
 45       98    (0)   13 :  0.032 0.006 0.033 0.046 0.011 0.021 0.020 0.049 0.006 0.030 0.005 0.007 0.104 0.177 0.018 0.007 0.159 0.119 0.098 0.054     (0.000,0.212) (0.000,0.031) (0.000,0.213) (0.000,0.347) (0.000,0.064) (0.000,0.119) (0.000,0.116) (0.000,0.377) (0.000,0.032) (0.000,0.186) (0.000,0.029) (0.000,0.037) (0.000,0.785) (0.000,0.922) (0.000,0.101) (0.000,0.037) (0.000,0.896) (0.000,0.842) (0.000,0.768) (0.000,0.431) 
 46      102   (12)    7 :  0.071 0.012 0.046 0.055 0.023 0.048 0.037 0.059 0.019 0.062 0.014 0.017 0.035 0.054 0.150 0.014 0.041 0.125 0.062 0.056     (0.000,0.575) (0.000,0.075) (0.000,0.351) (0.000,0.437) (0.000,0.158) (0.000,0.367) (0.000,0.262) (0.000,0.471) (0.000,0.133) (0.000,0.502) (0.000,0.087) (0.000,0.104) (0.000,0.240) (0.000,0.419) (0.000,0.856) (0.000,0.087) (0.000,0.305) (0.000,0.817) (0.000,0.509) (0.000,0.457) 
 47      104   (25)   14 :  0.024 0.009 0.082 0.100 0.009 0.013 0.027 0.018 0.010 0.048 0.010 0.015 0.043 0.025 0.013 0.025 0.457 0.027 0.028 0.018     (0.000,0.136) (0.000,0.057) (0.000,0.646) (0.000,0.738) (0.000,0.047) (0.000,0.070) (0.000,0.156) (0.000,0.098) (0.000,0.066) (0.000,0.374) (0.000,0.059) (0.000,0.092) (0.000,0.313) (0.000,0.146) (0.000,0.072) (0.000,0.175) (0.000,0.983) (0.000,0.158) (0.000,0.173) (0.000,0.095) 
 48      106   (12)    7 :  0.046 0.005 0.190 0.116 0.015 0.017 0.115 0.034 0.004 0.041 0.005 0.009 0.042 0.087 0.032 0.027 0.060 0.041 0.075 0.039     (0.000,0.346) (0.000,0.029) (0.000,0.917) (0.000,0.802) (0.000,0.092) (0.000,0.097) (0.000,0.806) (0.000,0.231) (0.000,0.023) (0.000,0.302) (0.000,0.024) (0.000,0.050) (0.000,0.314) (0.000,0.689) (0.000,0.221) (0.000,0.194) (0.000,0.481) (0.000,0.297) (0.000,0.618) (0.000,0.277) 
 49      111    (0)   20 :  0.095 0.005 0.144 0.199 0.006 0.022 0.131 0.018 0.004 0.044 0.005 0.011 0.033 0.026 0.027 0.007 0.108 0.042 0.029 0.044     (0.000,0.738) (0.000,0.026) (0.000,0.854) (0.000,0.917) (0.000,0.030) (0.000,0.134) (0.000,0.833) (0.000,0.098) (0.000,0.023) (0.000,0.334) (0.000,0.029) (0.000,0.067) (0.000,0.234) (0.000,0.166) (0.000,0.180) (0.000,0.040) (0.000,0.728) (0.000,0.303) (0.000,0.181) (0.000,0.325) 
 50      113    (0)    3 :  0.037 0.006 0.385 0.098 0.020 0.014 0.028 0.034 0.006 0.073 0.005 0.006 0.025 0.038 0.031 0.008 0.045 0.055 0.047 0.037     (0.000,0.254) (0.000,0.036) (0.000,0.966) (0.000,0.714) (0.000,0.135) (0.000,0.081) (0.000,0.188) (0.000,0.247) (0.000,0.035) (0.000,0.585) (0.000,0.029) (0.000,0.033) (0.000,0.147) (0.000,0.269) (0.000,0.218) (0.000,0.044) (0.000,0.348) (0.000,0.439) (0.000,0.355) (0.000,0.261) 
 51      115    (0)   18 :  0.047 0.010 0.111 0.283 0.006 0.032 0.034 0.036 0.010 0.066 0.010 0.011 0.034 0.048 0.028 0.012 0.069 0.054 0.036 0.064     (0.000,0.359) (0.000,0.060) (0.000,0.790) (0.000,0.962) (0.000,0.030) (0.000,0.215) (0.000,0.228) (0.000,0.246) (0.000,0.059) (0.000,0.549) (0.000,0.061) (0.000,0.063) (0.000,0.227) (0.000,0.367) (0.000,0.184) (0.000,0.067) (0.000,0.573) (0.000,0.437) (0.000,0.247) (0.000,0.531) 
 52      116    (0)    1 :  0.102 0.006 0.103 0.158 0.007 0.045 0.105 0.034 0.006 0.111 0.006 0.006 0.029 0.024 0.044 0.005 0.106 0.036 0.016 0.051     (0.000,0.782) (0.000,0.033) (0.000,0.771) (0.000,0.889) (0.000,0.039) (0.000,0.341) (0.000,0.774) (0.000,0.237) (0.000,0.034) (0.000,0.804) (0.000,0.032) (0.000,0.029) (0.000,0.184) (0.000,0.148) (0.000,0.334) (0.000,0.029) (0.000,0.772) (0.000,0.242) (0.000,0.086) (0.000,0.402) 
 53      127    (0)    3 :  0.063 0.010 0.137 0.017 0.009 0.033 0.153 0.031 0.009 0.033 0.008 0.016 0.032 0.059 0.017 0.088 0.044 0.113 0.052 0.075     (0.000,0.510) (0.000,0.067) (0.000,0.815) (0.000,0.101) (0.000,0.051) (0.000,0.231) (0.000,0.774) (0.000,0.221) (0.000,0.055) (0.000,0.236) (0.000,0.048) (0.000,0.107) (0.000,0.218) (0.000,0.465) (0.000,0.104) (0.000,0.466) (0.000,0.337) (0.000,0.742) (0.000,0.411) (0.000,0.596) 
 54      130   (12)   14 :  0.038 0.004 0.089 0.067 0.007 0.083 0.023 0.034 0.004 0.041 0.005 0.007 0.151 0.062 0.032 0.013 0.185 0.062 0.043 0.049     (0.000,0.264) (0.000,0.024) (0.000,0.679) (0.000,0.531) (0.000,0.036) (0.000,0.609) (0.000,0.136) (0.000,0.227) (0.000,0.023) (0.000,0.306) (0.000,0.025) (0.000,0.035) (0.000,0.871) (0.000,0.503) (0.000,0.220) (0.000,0.079) (0.000,0.918) (0.000,0.518) (0.000,0.321) (0.000,0.382) 
 55      132    (0)   15 :  0.062 0.008 0.110 0.032 0.015 0.014 0.191 0.058 0.006 0.060 0.008 0.006 0.020 0.032 0.157 0.021 0.045 0.070 0.050 0.034     (0.000,0.511) (0.000,0.049) (0.000,0.757) (0.000,0.220) (0.000,0.100) (0.000,0.076) (0.000,0.917) (0.000,0.465) (0.000,0.034) (0.000,0.475) (0.000,0.046) (0.000,0.035) (0.000,0.115) (0.000,0.220) (0.000,0.828) (0.000,0.149) (0.000,0.339) (0.000,0.587) (0.000,0.384) (0.000,0.228) 
 56      135   (12)   14 :  0.035 0.006 0.095 0.103 0.007 0.052 0.021 0.028 0.006 0.046 0.007 0.010 0.096 0.052 0.030 0.012 0.235 0.059 0.054 0.045     (0.000,0.229) (0.000,0.034) (0.000,0.715) (0.000,0.722) (0.000,0.039) (0.000,0.389) (0.000,0.125) (0.000,0.174) (0.000,0.034) (0.000,0.357) (0.000,0.037) (0.000,0.054) (0.000,0.709) (0.000,0.405) (0.000,0.203) (0.000,0.071) (0.000,0.945) (0.000,0.485) (0.000,0.435) (0.000,0.337) 
 57      138    (0)   18 :  0.059 0.009 0.060 0.209 0.009 0.037 0.026 0.048 0.009 0.030 0.008 0.007 0.036 0.105 0.068 0.050 0.077 0.059 0.048 0.045     (0.000,0.486) (0.000,0.052) (0.000,0.493) (0.000,0.934) (0.000,0.053) (0.000,0.264) (0.000,0.159) (0.000,0.373) (0.000,0.051) (0.000,0.189) (0.000,0.047) (0.000,0.037) (0.000,0.245) (0.000,0.779) (0.000,0.556) (0.000,0.393) (0.000,0.640) (0.000,0.491) (0.000,0.368) (0.000,0.345) 
 58      146    (0)   13 :  0.023 0.004 0.183 0.061 0.009 0.020 0.028 0.016 0.004 0.044 0.004 0.005 0.037 0.071 0.047 0.013 0.135 0.120 0.149 0.024     (0.000,0.139) (0.000,0.021) (0.000,0.902) (0.000,0.470) (0.000,0.054) (0.000,0.124) (0.000,0.191) (0.000,0.094) (0.000,0.021) (0.000,0.325) (0.000,0.022) (0.000,0.029) (0.000,0.272) (0.000,0.552) (0.000,0.361) (0.000,0.084) (0.000,0.820) (0.000,0.800) (0.000,0.851) (0.000,0.149) 
 59      150   (12)   13 :  0.046 0.006 0.104 0.198 0.015 0.032 0.083 0.074 0.006 0.028 0.006 0.008 0.050 0.058 0.099 0.017 0.025 0.041 0.034 0.070     (0.000,0.350) (0.000,0.033) (0.000,0.781) (0.000,0.930) (0.000,0.089) (0.000,0.215) (0.000,0.667) (0.000,0.607) (0.000,0.031) (0.000,0.175) (0.000,0.030) (0.000,0.047) (0.000,0.393) (0.000,0.466) (0.000,0.747) (0.000,0.111) (0.000,0.154) (0.000,0.292) (0.000,0.233) (0.000,0.571) 
 60      151    (0)   15 :  0.045 0.012 0.213 0.126 0.011 0.018 0.105 0.016 0.009 0.034 0.011 0.006 0.015 0.043 0.206 0.008 0.053 0.025 0.024 0.022     (0.000,0.340) (0.000,0.074) (0.000,0.940) (0.000,0.850) (0.000,0.062) (0.000,0.101) (0.000,0.777) (0.000,0.087) (0.000,0.050) (0.000,0.225) (0.000,0.069) (0.000,0.033) (0.000,0.081) (0.000,0.316) (0.000,0.933) (0.000,0.049) (0.000,0.417) (0.000,0.145) (0.000,0.140) (0.000,0.126) 
 61      152    (0)    4 :  0.091 0.008 0.295 0.086 0.013 0.016 0.107 0.019 0.007 0.031 0.007 0.019 0.023 0.049 0.023 0.027 0.048 0.044 0.059 0.029     (0.000,0.711) (0.000,0.043) (0.000,0.953) (0.000,0.634) (0.000,0.078) (0.000,0.088) (0.000,0.753) (0.000,0.107) (0.000,0.037) (0.000,0.205) (0.000,0.036) (0.000,0.128) (0.000,0.141) (0.000,0.380) (0.000,0.141) (0.000,0.198) (0.000,0.374) (0.000,0.329) (0.000,0.475) (0.000,0.197) 
 62      154    (0)   19 :  0.020 0.006 0.124 0.109 0.011 0.012 0.052 0.068 0.006 0.019 0.006 0.008 0.039 0.069 0.044 0.012 0.253 0.053 0.049 0.043     (0.000,0.110) (0.000,0.030) (0.000,0.852) (0.000,0.794) (0.000,0.061) (0.000,0.061) (0.000,0.410) (0.000,0.556) (0.000,0.032) (0.000,0.104) (0.000,0.032) (0.000,0.043) (0.000,0.279) (0.000,0.571) (0.000,0.325) (0.000,0.071) (0.000,0.955) (0.000,0.424) (0.000,0.378) (0.000,0.320) 
 63      156    (0)    1 :  0.041 0.003 0.173 0.110 0.007 0.017 0.227 0.019 0.004 0.011 0.004 0.006 0.022 0.020 0.219 0.009 0.035 0.030 0.019 0.024     (0.000,0.292) (0.000,0.018) (0.000,0.926) (0.000,0.819) (0.000,0.036) (0.000,0.097) (0.000,0.942) (0.000,0.110) (0.000,0.020) (0.000,0.061) (0.000,0.020) (0.000,0.030) (0.000,0.130) (0.000,0.119) (0.000,0.948) (0.000,0.050) (0.000,0.244) (0.000,0.189) (0.000,0.109) (0.000,0.142) 
 64      160   (12)   16 :  0.009 0.006 0.009 0.009 0.005 0.008 0.008 0.010 0.006 0.008 0.006 0.006 0.008 0.008 0.011 0.844 0.014 0.010 0.008 0.008     (0.000,0.051) (0.000,0.032) (0.000,0.051) (0.000,0.048) (0.000,0.026) (0.000,0.041) (0.000,0.044) (0.000,0.059) (0.000,0.033) (0.000,0.043) (0.000,0.031) (0.000,0.030) (0.000,0.041) (0.000,0.044) (0.000,0.063) (0.536,0.995) (0.000,0.082) (0.000,0.053) (0.000,0.044) (0.000,0.045) 
 65      161    (0)   16 :  0.010 0.005 0.009 0.009 0.005 0.008 0.008 0.010 0.005 0.008 0.005 0.006 0.008 0.008 0.009 0.848 0.011 0.010 0.009 0.009     (0.000,0.053) (0.000,0.029) (0.000,0.049) (0.000,0.050) (0.000,0.025) (0.000,0.043) (0.000,0.042) (0.000,0.054) (0.000,0.027) (0.000,0.045) (0.000,0.026) (0.000,0.031) (0.000,0.042) (0.000,0.046) (0.000,0.051) (0.544,0.995) (0.000,0.064) (0.000,0.052) (0.000,0.052) (0.000,0.049) 
 66      162    (0)   16 :  0.010 0.005 0.009 0.009 0.006 0.010 0.007 0.010 0.005 0.009 0.005 0.006 0.009 0.009 0.008 0.846 0.009 0.009 0.009 0.010     (0.000,0.057) (0.000,0.029) (0.000,0.047) (0.000,0.052) (0.000,0.030) (0.000,0.057) (0.000,0.039) (0.000,0.058) (0.000,0.027) (0.000,0.048) (0.000,0.025) (0.000,0.032) (0.000,0.048) (0.000,0.050) (0.000,0.046) (0.543,0.995) (0.000,0.050) (0.000,0.052) (0.000,0.051) (0.000,0.056) 
 67      169   (12)   16 :  0.009 0.005 0.009 0.008 0.005 0.010 0.007 0.011 0.005 0.009 0.005 0.006 0.009 0.008 0.009 0.848 0.010 0.009 0.008 0.009     (0.000,0.052) (0.000,0.026) (0.000,0.049) (0.000,0.045) (0.000,0.027) (0.000,0.055) (0.000,0.039) (0.000,0.062) (0.000,0.025) (0.000,0.047) (0.000,0.027) (0.000,0.034) (0.000,0.050) (0.000,0.044) (0.000,0.052) (0.543,0.996) (0.000,0.053) (0.000,0.051) (0.000,0.044) (0.000,0.051) 
 68      170   (12)   16 :  0.013 0.006 0.010 0.009 0.006 0.015 0.009 0.013 0.005 0.011 0.005 0.006 0.010 0.012 0.011 0.808 0.010 0.013 0.012 0.013     (0.000,0.079) (0.000,0.034) (0.000,0.056) (0.000,0.051) (0.000,0.034) (0.000,0.091) (0.000,0.049) (0.000,0.079) (0.000,0.029) (0.000,0.063) (0.000,0.028) (0.000,0.032) (0.000,0.059) (0.000,0.070) (0.000,0.066) (0.453,0.994) (0.000,0.056) (0.000,0.075) (0.000,0.071) (0.000,0.078) 
 69      171   (12)   14 :  0.035 0.005 0.044 0.052 0.006 0.110 0.022 0.104 0.006 0.019 0.006 0.024 0.022 0.061 0.030 0.205 0.089 0.079 0.023 0.059     (0.000,0.256) (0.000,0.030) (0.000,0.335) (0.000,0.415) (0.000,0.031) (0.000,0.665) (0.000,0.141) (0.000,0.720) (0.000,0.033) (0.000,0.113) (0.000,0.032) (0.000,0.175) (0.000,0.136) (0.000,0.478) (0.000,0.214) (0.000,0.621) (0.000,0.605) (0.000,0.599) (0.000,0.142) (0.000,0.471) 
 70      175    (0)    1 :  0.070 0.009 0.041 0.455 0.006 0.053 0.032 0.018 0.007 0.054 0.010 0.008 0.027 0.015 0.073 0.007 0.016 0.029 0.013 0.057     (0.000,0.600) (0.000,0.050) (0.000,0.296) (0.000,0.984) (0.000,0.032) (0.000,0.427) (0.000,0.209) (0.000,0.104) (0.000,0.036) (0.000,0.435) (0.000,0.060) (0.000,0.046) (0.000,0.173) (0.000,0.080) (0.000,0.612) (0.000,0.037) (0.000,0.089) (0.000,0.176) (0.000,0.065) (0.000,0.476) 
 71      177   (12)   10 :  0.084 0.052 0.058 0.302 0.007 0.043 0.050 0.011 0.033 0.056 0.061 0.018 0.013 0.014 0.092 0.009 0.014 0.022 0.017 0.046     (0.000,0.681) (0.000,0.390) (0.000,0.459) (0.000,0.964) (0.000,0.035) (0.000,0.325) (0.000,0.390) (0.000,0.062) (0.000,0.242) (0.000,0.458) (0.000,0.442) (0.000,0.109) (0.000,0.068) (0.000,0.073) (0.000,0.699) (0.000,0.048) (0.000,0.081) (0.000,0.131) (0.000,0.092) (0.000,0.358) 
 72      180    (0)    1 :  0.077 0.008 0.034 0.238 0.005 0.048 0.031 0.030 0.007 0.045 0.008 0.015 0.025 0.029 0.073 0.031 0.041 0.086 0.039 0.129     (0.000,0.645) (0.000,0.043) (0.000,0.227) (0.000,0.943) (0.000,0.027) (0.000,0.369) (0.000,0.205) (0.000,0.205) (0.000,0.039) (0.000,0.335) (0.000,0.046) (0.000,0.095) (0.000,0.154) (0.000,0.182) (0.000,0.585) (0.000,0.231) (0.000,0.309) (0.000,0.706) (0.000,0.276) (0.000,0.854) 
 73      186    (0)   17 :  0.061 0.049 0.066 0.066 0.009 0.036 0.058 0.030 0.029 0.060 0.031 0.047 0.070 0.047 0.091 0.016 0.043 0.058 0.060 0.075     (0.000,0.492) (0.000,0.352) (0.000,0.520) (0.000,0.514) (0.000,0.047) (0.000,0.251) (0.000,0.469) (0.000,0.204) (0.000,0.210) (0.000,0.483) (0.000,0.230) (0.000,0.342) (0.000,0.540) (0.000,0.360) (0.000,0.643) (0.000,0.109) (0.000,0.327) (0.000,0.469) (0.000,0.490) (0.000,0.599) 
 74      187    (0)    1 :  0.075 0.008 0.048 0.170 0.007 0.087 0.067 0.028 0.007 0.077 0.008 0.009 0.032 0.031 0.136 0.007 0.025 0.050 0.025 0.102     (0.000,0.635) (0.000,0.049) (0.000,0.365) (0.000,0.912) (0.000,0.038) (0.000,0.689) (0.000,0.556) (0.000,0.180) (0.000,0.039) (0.000,0.649) (0.000,0.044) (0.000,0.052) (0.000,0.206) (0.000,0.201) (0.000,0.850) (0.000,0.037) (0.000,0.153) (0.000,0.394) (0.000,0.149) (0.000,0.791) 
 75      188    (0)   17 :  0.035 0.010 0.064 0.295 0.007 0.027 0.030 0.025 0.009 0.052 0.010 0.016 0.041 0.048 0.038 0.008 0.076 0.057 0.080 0.073     (0.000,0.231) (0.000,0.058) (0.000,0.544) (0.000,0.967) (0.000,0.038) (0.000,0.162) (0.000,0.184) (0.000,0.149) (0.000,0.051) (0.000,0.421) (0.000,0.056) (0.000,0.094) (0.000,0.290) (0.000,0.372) (0.000,0.274) (0.000,0.043) (0.000,0.620) (0.000,0.472) (0.000,0.674) (0.000,0.625) 
 76      189    (0)    4 :  0.036 0.026 0.023 0.063 0.009 0.028 0.022 0.020 0.022 0.032 0.020 0.064 0.131 0.055 0.042 0.113 0.116 0.069 0.066 0.046     (0.000,0.254) (0.000,0.191) (0.000,0.144) (0.000,0.476) (0.000,0.046) (0.000,0.183) (0.000,0.135) (0.000,0.119) (0.000,0.158) (0.000,0.221) (0.000,0.140) (0.000,0.432) (0.000,0.804) (0.000,0.440) (0.000,0.322) (0.000,0.613) (0.000,0.771) (0.000,0.554) (0.000,0.525) (0.000,0.354) 
 77      190   (25)   18 :  0.064 0.007 0.047 0.122 0.008 0.126 0.027 0.042 0.006 0.065 0.007 0.010 0.063 0.047 0.101 0.019 0.030 0.073 0.044 0.091     (0.000,0.549) (0.000,0.036) (0.000,0.356) (0.000,0.843) (0.000,0.039) (0.000,0.849) (0.000,0.165) (0.000,0.309) (0.000,0.031) (0.000,0.547) (0.000,0.035) (0.000,0.053) (0.000,0.528) (0.000,0.361) (0.000,0.775) (0.000,0.121) (0.000,0.194) (0.000,0.625) (0.000,0.323) (0.000,0.744) 
 78      191    (0)   20 :  0.063 0.011 0.032 0.040 0.008 0.031 0.032 0.036 0.012 0.045 0.011 0.013 0.223 0.064 0.021 0.010 0.191 0.056 0.032 0.069     (0.000,0.524) (0.000,0.072) (0.000,0.214) (0.000,0.301) (0.000,0.045) (0.000,0.203) (0.000,0.208) (0.000,0.249) (0.000,0.078) (0.000,0.340) (0.000,0.073) (0.000,0.080) (0.000,0.929) (0.000,0.540) (0.000,0.132) (0.000,0.060) (0.000,0.920) (0.000,0.466) (0.000,0.210) (0.000,0.573) 
 79      198   (12)   14 :  0.064 0.008 0.062 0.117 0.007 0.079 0.030 0.074 0.007 0.062 0.007 0.008 0.052 0.061 0.107 0.017 0.045 0.070 0.042 0.082     (0.000,0.541) (0.000,0.045) (0.000,0.517) (0.000,0.825) (0.000,0.037) (0.000,0.641) (0.000,0.185) (0.000,0.605) (0.000,0.036) (0.000,0.516) (0.000,0.038) (0.000,0.043) (0.000,0.407) (0.000,0.512) (0.000,0.796) (0.000,0.104) (0.000,0.339) (0.000,0.594) (0.000,0.307) (0.000,0.687) 
 80      206   (12)    3 :  0.159 0.009 0.182 0.058 0.008 0.021 0.141 0.020 0.007 0.054 0.007 0.020 0.016 0.026 0.062 0.036 0.035 0.062 0.039 0.037     (0.000,0.897) (0.000,0.050) (0.000,0.888) (0.000,0.461) (0.000,0.041) (0.000,0.126) (0.000,0.853) (0.000,0.119) (0.000,0.039) (0.000,0.432) (0.000,0.038) (0.000,0.132) (0.000,0.089) (0.000,0.159) (0.000,0.487) (0.000,0.275) (0.000,0.252) (0.000,0.518) (0.000,0.286) (0.000,0.265) 
 81      210    (0)    3 :  0.081 0.010 0.062 0.026 0.006 0.065 0.043 0.042 0.010 0.031 0.009 0.005 0.042 0.050 0.290 0.008 0.092 0.060 0.020 0.049     (0.000,0.654) (0.000,0.058) (0.000,0.502) (0.000,0.169) (0.000,0.029) (0.000,0.509) (0.000,0.326) (0.000,0.310) (0.000,0.058) (0.000,0.208) (0.000,0.051) (0.000,0.026) (0.000,0.303) (0.000,0.385) (0.000,0.944) (0.000,0.043) (0.000,0.700) (0.000,0.492) (0.000,0.112) (0.000,0.371) 
 82      212    (0)    8 :  0.052 0.006 0.047 0.046 0.005 0.071 0.021 0.147 0.006 0.026 0.006 0.010 0.019 0.042 0.058 0.045 0.227 0.095 0.024 0.046     (0.000,0.416) (0.000,0.033) (0.000,0.355) (0.000,0.345) (0.000,0.028) (0.000,0.553) (0.000,0.118) (0.000,0.877) (0.000,0.032) (0.000,0.164) (0.000,0.030) (0.000,0.061) (0.000,0.110) (0.000,0.305) (0.000,0.461) (0.000,0.345) (0.000,0.939) (0.000,0.750) (0.000,0.146) (0.000,0.346) 
 83      215    (0)   18 :  0.077 0.014 0.046 0.076 0.033 0.044 0.024 0.060 0.011 0.088 0.013 0.008 0.045 0.059 0.093 0.017 0.112 0.059 0.065 0.059     (0.000,0.623) (0.000,0.090) (0.000,0.358) (0.000,0.597) (0.000,0.209) (0.000,0.337) (0.000,0.141) (0.000,0.478) (0.000,0.065) (0.000,0.674) (0.000,0.083) (0.000,0.041) (0.000,0.341) (0.000,0.481) (0.000,0.688) (0.000,0.105) (0.000,0.783) (0.000,0.478) (0.000,0.515) (0.000,0.480) 
 84      217    (0)    1 :  0.059 0.061 0.074 0.096 0.010 0.028 0.071 0.031 0.053 0.046 0.049 0.018 0.031 0.041 0.094 0.015 0.103 0.043 0.027 0.049     (0.000,0.474) (0.000,0.399) (0.000,0.564) (0.000,0.668) (0.000,0.058) (0.000,0.185) (0.000,0.561) (0.000,0.220) (0.000,0.357) (0.000,0.354) (0.000,0.342) (0.000,0.123) (0.000,0.219) (0.000,0.305) (0.000,0.641) (0.000,0.098) (0.000,0.696) (0.000,0.325) (0.000,0.178) (0.000,0.392) 
 85      228    (0)   13 :  0.090 0.007 0.210 0.080 0.007 0.040 0.023 0.031 0.008 0.079 0.006 0.008 0.046 0.037 0.026 0.013 0.039 0.091 0.056 0.105     (0.000,0.720) (0.000,0.037) (0.000,0.919) (0.000,0.640) (0.000,0.034) (0.000,0.296) (0.000,0.136) (0.000,0.208) (0.000,0.048) (0.000,0.629) (0.000,0.035) (0.000,0.043) (0.000,0.355) (0.000,0.258) (0.000,0.163) (0.000,0.075) (0.000,0.287) (0.000,0.726) (0.000,0.454) (0.000,0.782) 
 86      229    (0)   13 :  0.049 0.004 0.114 0.091 0.006 0.018 0.014 0.065 0.004 0.091 0.005 0.005 0.202 0.027 0.013 0.007 0.085 0.044 0.020 0.137     (0.000,0.373) (0.000,0.021) (0.000,0.783) (0.000,0.662) (0.000,0.032) (0.000,0.105) (0.000,0.075) (0.000,0.527) (0.000,0.019) (0.000,0.681) (0.000,0.024) (0.000,0.026) (0.000,0.866) (0.000,0.173) (0.000,0.076) (0.000,0.036) (0.000,0.664) (0.000,0.327) (0.000,0.114) (0.000,0.849) 
 87      231    (0)   13 :  0.091 0.006 0.035 0.061 0.006 0.024 0.017 0.039 0.006 0.081 0.006 0.007 0.047 0.063 0.011 0.008 0.089 0.061 0.034 0.308     (0.000,0.738) (0.000,0.034) (0.000,0.229) (0.000,0.483) (0.000,0.031) (0.000,0.146) (0.000,0.093) (0.000,0.273) (0.000,0.034) (0.000,0.654) (0.000,0.034) (0.000,0.040) (0.000,0.366) (0.000,0.532) (0.000,0.060) (0.000,0.043) (0.000,0.703) (0.000,0.510) (0.000,0.227) (0.000,0.970) 
 88      234    (0)   17 :  0.114 0.018 0.023 0.026 0.009 0.034 0.070 0.034 0.013 0.034 0.007 0.014 0.170 0.065 0.036 0.022 0.069 0.148 0.047 0.048     (0.000,0.802) (0.000,0.125) (0.000,0.140) (0.000,0.172) (0.000,0.046) (0.000,0.241) (0.000,0.571) (0.000,0.233) (0.000,0.085) (0.000,0.231) (0.000,0.042) (0.000,0.089) (0.000,0.870) (0.000,0.529) (0.000,0.269) (0.000,0.156) (0.000,0.537) (0.000,0.868) (0.000,0.367) (0.000,0.378) 
 89      240    (0)    7 :  0.100 0.006 0.040 0.043 0.006 0.108 0.055 0.036 0.005 0.040 0.005 0.005 0.031 0.051 0.230 0.008 0.032 0.071 0.040 0.088     (0.000,0.793) (0.000,0.030) (0.000,0.285) (0.000,0.314) (0.000,0.029) (0.000,0.808) (0.000,0.443) (0.000,0.240) (0.000,0.029) (0.000,0.283) (0.000,0.025) (0.000,0.029) (0.000,0.195) (0.000,0.402) (0.000,0.951) (0.000,0.045) (0.000,0.206) (0.000,0.612) (0.000,0.277) (0.000,0.730) 
 90      245    (0)   14 :  0.029 0.008 0.067 0.070 0.008 0.019 0.031 0.073 0.006 0.031 0.006 0.011 0.027 0.126 0.037 0.087 0.091 0.079 0.106 0.090     (0.000,0.184) (0.000,0.045) (0.000,0.542) (0.000,0.571) (0.000,0.044) (0.000,0.107) (0.000,0.203) (0.000,0.574) (0.000,0.031) (0.000,0.205) (0.000,0.031) (0.000,0.062) (0.000,0.170) (0.000,0.841) (0.000,0.262) (0.000,0.545) (0.000,0.670) (0.000,0.655) (0.000,0.783) (0.000,0.711) 
 91      248    (0)   20 :  0.072 0.012 0.034 0.039 0.008 0.046 0.028 0.048 0.013 0.035 0.013 0.011 0.186 0.082 0.023 0.021 0.167 0.063 0.033 0.068     (0.000,0.600) (0.000,0.074) (0.000,0.232) (0.000,0.291) (0.000,0.041) (0.000,0.352) (0.000,0.174) (0.000,0.374) (0.000,0.087) (0.000,0.237) (0.000,0.081) (0.000,0.069) (0.000,0.903) (0.000,0.681) (0.000,0.146) (0.000,0.137) (0.000,0.903) (0.000,0.525) (0.000,0.210) (0.000,0.565) 
 92      254    (0)   13 :  0.067 0.021 0.043 0.047 0.017 0.024 0.063 0.040 0.010 0.057 0.011 0.033 0.055 0.055 0.035 0.149 0.098 0.048 0.068 0.058     (0.000,0.530) (0.000,0.147) (0.000,0.325) (0.000,0.364) (0.000,0.110) (0.000,0.151) (0.000,0.482) (0.000,0.295) (0.000,0.062) (0.000,0.448) (0.000,0.073) (0.000,0.240) (0.000,0.424) (0.000,0.441) (0.000,0.251) (0.000,0.682) (0.000,0.674) (0.000,0.372) (0.000,0.549) (0.000,0.464) 
 93      255    (0)   13 :  0.063 0.007 0.073 0.046 0.008 0.045 0.031 0.110 0.005 0.059 0.005 0.008 0.047 0.067 0.049 0.023 0.121 0.073 0.084 0.075     (0.000,0.527) (0.000,0.039) (0.000,0.619) (0.000,0.346) (0.000,0.039) (0.000,0.332) (0.000,0.200) (0.000,0.801) (0.000,0.029) (0.000,0.491) (0.000,0.029) (0.000,0.043) (0.000,0.357) (0.000,0.568) (0.000,0.384) (0.000,0.155) (0.000,0.837) (0.000,0.626) (0.000,0.694) (0.000,0.635) 
 94      269    (0)   13 :  0.059 0.022 0.134 0.078 0.008 0.033 0.046 0.042 0.027 0.039 0.031 0.014 0.140 0.033 0.079 0.013 0.074 0.049 0.028 0.052     (0.000,0.477) (0.000,0.161) (0.000,0.777) (0.000,0.593) (0.000,0.044) (0.000,0.235) (0.000,0.354) (0.000,0.314) (0.000,0.194) (0.000,0.278) (0.000,0.224) (0.000,0.087) (0.000,0.795) (0.000,0.223) (0.000,0.603) (0.000,0.079) (0.000,0.578) (0.000,0.386) (0.000,0.179) (0.000,0.418) 
 95      271    (0)   14 :  0.095 0.009 0.052 0.070 0.006 0.097 0.031 0.069 0.010 0.041 0.008 0.008 0.046 0.058 0.053 0.024 0.049 0.086 0.054 0.134     (0.000,0.752) (0.000,0.053) (0.000,0.409) (0.000,0.582) (0.000,0.030) (0.000,0.748) (0.000,0.194) (0.000,0.571) (0.000,0.060) (0.000,0.299) (0.000,0.048) (0.000,0.044) (0.000,0.347) (0.000,0.474) (0.000,0.426) (0.000,0.150) (0.000,0.382) (0.000,0.711) (0.000,0.431) (0.000,0.869) 
 96      273    (0)    1 :  0.111 0.015 0.351 0.037 0.007 0.023 0.066 0.018 0.013 0.042 0.012 0.016 0.016 0.031 0.025 0.013 0.063 0.055 0.052 0.035     (0.000,0.810) (0.000,0.097) (0.000,0.966) (0.000,0.272) (0.000,0.034) (0.000,0.134) (0.000,0.537) (0.000,0.101) (0.000,0.087) (0.000,0.307) (0.000,0.073) (0.000,0.103) (0.000,0.093) (0.000,0.202) (0.000,0.159) (0.000,0.074) (0.000,0.511) (0.000,0.445) (0.000,0.410) (0.000,0.246) 
 97      274    (0)   14 :  0.092 0.011 0.063 0.122 0.009 0.030 0.058 0.027 0.010 0.041 0.008 0.011 0.029 0.086 0.044 0.023 0.071 0.068 0.117 0.080     (0.000,0.734) (0.000,0.065) (0.000,0.518) (0.000,0.822) (0.000,0.046) (0.000,0.192) (0.000,0.472) (0.000,0.163) (0.000,0.058) (0.000,0.296) (0.000,0.048) (0.000,0.061) (0.000,0.181) (0.000,0.698) (0.000,0.336) (0.000,0.157) (0.000,0.567) (0.000,0.577) (0.000,0.814) (0.000,0.667) 
 98      277   (12)    4 :  0.105 0.016 0.095 0.075 0.007 0.070 0.037 0.037 0.015 0.049 0.014 0.008 0.034 0.062 0.090 0.024 0.055 0.071 0.061 0.077     (0.000,0.791) (0.000,0.101) (0.000,0.734) (0.000,0.621) (0.000,0.036) (0.000,0.579) (0.000,0.259) (0.000,0.254) (0.000,0.095) (0.000,0.380) (0.000,0.085) (0.000,0.045) (0.000,0.223) (0.000,0.514) (0.000,0.716) (0.000,0.151) (0.000,0.440) (0.000,0.599) (0.000,0.511) (0.000,0.643) 
 99      279   (25)   14 :  0.040 0.007 0.057 0.142 0.009 0.035 0.020 0.038 0.007 0.036 0.007 0.008 0.038 0.056 0.038 0.020 0.244 0.066 0.080 0.052     (0.000,0.284) (0.000,0.037) (0.000,0.466) (0.000,0.884) (0.000,0.047) (0.000,0.235) (0.000,0.112) (0.000,0.259) (0.000,0.040) (0.000,0.243) (0.000,0.035) (0.000,0.040) (0.000,0.261) (0.000,0.463) (0.000,0.264) (0.000,0.131) (0.000,0.955) (0.000,0.570) (0.000,0.673) (0.000,0.417) 
100      280    (0)   18 :  0.044 0.013 0.039 0.022 0.010 0.037 0.031 0.042 0.018 0.022 0.015 0.019 0.155 0.038 0.024 0.126 0.189 0.061 0.030 0.065     (0.000,0.332) (0.000,0.088) (0.000,0.288) (0.000,0.141) (0.000,0.053) (0.000,0.269) (0.000,0.218) (0.000,0.323) (0.000,0.132) (0.000,0.129) (0.000,0.104) (0.000,0.135) (0.000,0.837) (0.000,0.285) (0.000,0.164) (0.000,0.569) (0.000,0.842) (0.000,0.500) (0.000,0.197) (0.000,0.524) 
101      281    (0)   16 :  0.008 0.006 0.007 0.006 0.006 0.007 0.006 0.008 0.005 0.007 0.005 0.008 0.010 0.008 0.006 0.860 0.010 0.008 0.009 0.008     (0.000,0.042) (0.000,0.030) (0.000,0.040) (0.000,0.034) (0.000,0.034) (0.000,0.041) (0.000,0.035) (0.000,0.045) (0.000,0.029) (0.000,0.036) (0.000,0.026) (0.000,0.044) (0.000,0.058) (0.000,0.044) (0.000,0.034) (0.585,0.996) (0.000,0.057) (0.000,0.045) (0.000,0.050) (0.000,0.045) 
102      283    (0)   13 :  0.052 0.012 0.029 0.023 0.011 0.031 0.052 0.050 0.010 0.025 0.006 0.013 0.293 0.081 0.019 0.011 0.080 0.105 0.046 0.053     (0.000,0.410) (0.000,0.078) (0.000,0.190) (0.000,0.143) (0.000,0.057) (0.000,0.202) (0.000,0.403) (0.000,0.398) (0.000,0.063) (0.000,0.154) (0.000,0.033) (0.000,0.079) (0.000,0.958) (0.000,0.661) (0.000,0.114) (0.000,0.062) (0.000,0.619) (0.000,0.774) (0.000,0.351) (0.000,0.422) 
103      285    (0)   17 :  0.046 0.009 0.037 0.020 0.008 0.028 0.039 0.060 0.009 0.029 0.008 0.011 0.198 0.098 0.022 0.014 0.187 0.062 0.040 0.073     (0.000,0.354) (0.000,0.057) (0.000,0.259) (0.000,0.120) (0.000,0.044) (0.000,0.180) (0.000,0.276) (0.000,0.496) (0.000,0.055) (0.000,0.178) (0.000,0.050) (0.000,0.067) (0.000,0.921) (0.000,0.765) (0.000,0.133) (0.000,0.085) (0.000,0.924) (0.000,0.523) (0.000,0.288) (0.000,0.616) 
104      286    (0)   13 :  0.022 0.004 0.166 0.064 0.007 0.022 0.021 0.134 0.004 0.038 0.004 0.007 0.159 0.038 0.027 0.012 0.130 0.048 0.039 0.054     (0.000,0.128) (0.000,0.023) (0.000,0.910) (0.000,0.524) (0.000,0.038) (0.000,0.128) (0.000,0.118) (0.000,0.865) (0.000,0.019) (0.000,0.265) (0.000,0.024) (0.000,0.035) (0.000,0.902) (0.000,0.272) (0.000,0.163) (0.000,0.072) (0.000,0.864) (0.000,0.363) (0.000,0.275) (0.000,0.433) 
105      294    (0)    7 :  0.058 0.006 0.153 0.053 0.006 0.030 0.069 0.050 0.005 0.044 0.006 0.006 0.034 0.043 0.167 0.012 0.120 0.057 0.035 0.046     (0.000,0.482) (0.000,0.033) (0.000,0.897) (0.000,0.418) (0.000,0.030) (0.000,0.188) (0.000,0.581) (0.000,0.395) (0.000,0.029) (0.000,0.320) (0.000,0.036) (0.000,0.032) (0.000,0.227) (0.000,0.321) (0.000,0.902) (0.000,0.070) (0.000,0.828) (0.000,0.462) (0.000,0.237) (0.000,0.346) 
106      298    (0)    7 :  0.062 0.007 0.462 0.034 0.006 0.029 0.077 0.025 0.007 0.031 0.007 0.010 0.023 0.029 0.031 0.008 0.037 0.048 0.024 0.043     (0.000,0.525) (0.000,0.036) (0.000,0.981) (0.000,0.235) (0.000,0.029) (0.000,0.197) (0.000,0.637) (0.000,0.157) (0.000,0.038) (0.000,0.199) (0.000,0.040) (0.000,0.057) (0.000,0.143) (0.000,0.185) (0.000,0.211) (0.000,0.042) (0.000,0.261) (0.000,0.366) (0.000,0.146) (0.000,0.323) 
107      300   (25)   14 :  0.035 0.005 0.061 0.036 0.007 0.018 0.041 0.090 0.005 0.029 0.005 0.006 0.031 0.034 0.105 0.049 0.276 0.078 0.041 0.048     (0.000,0.234) (0.000,0.027) (0.000,0.516) (0.000,0.248) (0.000,0.037) (0.000,0.098) (0.000,0.290) (0.000,0.723) (0.000,0.026) (0.000,0.175) (0.000,0.026) (0.000,0.034) (0.000,0.197) (0.000,0.223) (0.000,0.783) (0.000,0.380) (0.000,0.965) (0.000,0.671) (0.000,0.289) (0.000,0.373) 
108      301    (0)   17 :  0.036 0.008 0.069 0.050 0.010 0.035 0.032 0.029 0.009 0.086 0.011 0.011 0.329 0.020 0.025 0.019 0.072 0.074 0.030 0.047     (0.000,0.258) (0.000,0.049) (0.000,0.537) (0.000,0.386) (0.000,0.056) (0.000,0.255) (0.000,0.220) (0.000,0.198) (0.000,0.051) (0.000,0.641) (0.000,0.066) (0.000,0.067) (0.000,0.958) (0.000,0.116) (0.000,0.159) (0.000,0.125) (0.000,0.571) (0.000,0.588) (0.000,0.200) (0.000,0.359) 
109      303    (0)    1 :  0.087 0.005 0.046 0.039 0.006 0.121 0.028 0.085 0.005 0.043 0.005 0.007 0.071 0.050 0.047 0.035 0.049 0.084 0.060 0.127     (0.000,0.724) (0.000,0.027) (0.000,0.350) (0.000,0.277) (0.000,0.030) (0.000,0.837) (0.000,0.172) (0.000,0.698) (0.000,0.025) (0.000,0.317) (0.000,0.025) (0.000,0.038) (0.000,0.598) (0.000,0.386) (0.000,0.359) (0.000,0.251) (0.000,0.384) (0.000,0.703) (0.000,0.500) (0.000,0.859) 
110      306    (0)   20 :  0.068 0.006 0.091 0.064 0.005 0.087 0.051 0.036 0.006 0.032 0.006 0.006 0.030 0.048 0.190 0.010 0.050 0.077 0.038 0.097     (0.000,0.580) (0.000,0.031) (0.000,0.731) (0.000,0.531) (0.000,0.028) (0.000,0.706) (0.000,0.405) (0.000,0.248) (0.000,0.035) (0.000,0.203) (0.000,0.031) (0.000,0.029) (0.000,0.192) (0.000,0.369) (0.000,0.925) (0.000,0.056) (0.000,0.393) (0.000,0.653) (0.000,0.266) (0.000,0.769) 
111      310   (12)   13 :  0.092 0.007 0.055 0.026 0.007 0.024 0.090 0.064 0.007 0.032 0.006 0.007 0.025 0.030 0.166 0.028 0.129 0.093 0.049 0.065     (0.000,0.753) (0.000,0.037) (0.000,0.445) (0.000,0.160) (0.000,0.034) (0.000,0.144) (0.000,0.734) (0.000,0.539) (0.000,0.037) (0.000,0.196) (0.000,0.031) (0.000,0.035) (0.000,0.153) (0.000,0.184) (0.000,0.904) (0.000,0.187) (0.000,0.855) (0.000,0.751) (0.000,0.380) (0.000,0.553) 
112      311   (25)   17 :  0.032 0.005 0.037 0.030 0.007 0.251 0.017 0.068 0.005 0.020 0.005 0.006 0.178 0.053 0.056 0.016 0.043 0.059 0.023 0.090     (0.000,0.205) (0.000,0.024) (0.000,0.252) (0.000,0.195) (0.000,0.036) (0.000,0.955) (0.000,0.093) (0.000,0.573) (0.000,0.026) (0.000,0.114) (0.000,0.026) (0.000,0.033) (0.000,0.919) (0.000,0.421) (0.000,0.453) (0.000,0.091) (0.000,0.312) (0.000,0.498) (0.000,0.135) (0.000,0.738) 
113      315    (0)   16 :  0.011 0.008 0.010 0.009 0.006 0.009 0.009 0.011 0.007 0.009 0.007 0.007 0.009 0.009 0.011 0.827 0.010 0.010 0.010 0.010     (0.000,0.061) (0.000,0.043) (0.000,0.057) (0.000,0.052) (0.000,0.029) (0.000,0.051) (0.000,0.048) (0.000,0.067) (0.000,0.038) (0.000,0.052) (0.000,0.041) (0.000,0.037) (0.000,0.051) (0.000,0.048) (0.000,0.062) (0.496,0.994) (0.000,0.060) (0.000,0.057) (0.000,0.054) (0.000,0.053) 
114      318    (0)    4 :  0.109 0.016 0.054 0.081 0.018 0.099 0.071 0.033 0.022 0.089 0.024 0.009 0.026 0.046 0.087 0.013 0.041 0.056 0.030 0.075     (0.000,0.783) (0.000,0.104) (0.000,0.434) (0.000,0.635) (0.000,0.119) (0.000,0.703) (0.000,0.570) (0.000,0.234) (0.000,0.161) (0.000,0.691) (0.000,0.174) (0.000,0.054) (0.000,0.162) (0.000,0.355) (0.000,0.659) (0.000,0.080) (0.000,0.304) (0.000,0.451) (0.000,0.195) (0.000,0.607) 
115      321    (0)    1 :  0.122 0.016 0.067 0.096 0.010 0.065 0.099 0.032 0.017 0.064 0.020 0.007 0.024 0.034 0.091 0.011 0.040 0.058 0.036 0.091     (0.000,0.831) (0.000,0.109) (0.000,0.554) (0.000,0.714) (0.000,0.052) (0.000,0.531) (0.000,0.746) (0.000,0.211) (0.000,0.118) (0.000,0.526) (0.000,0.141) (0.000,0.038) (0.000,0.145) (0.000,0.234) (0.000,0.691) (0.000,0.064) (0.000,0.294) (0.000,0.476) (0.000,0.251) (0.000,0.718) 
116      325    (0)   19 :  0.055 0.008 0.210 0.076 0.008 0.023 0.045 0.029 0.006 0.046 0.011 0.007 0.090 0.053 0.035 0.046 0.048 0.070 0.059 0.075     (0.000,0.440) (0.000,0.045) (0.000,0.922) (0.000,0.584) (0.000,0.041) (0.000,0.145) (0.000,0.340) (0.000,0.185) (0.000,0.035) (0.000,0.353) (0.000,0.072) (0.000,0.038) (0.000,0.647) (0.000,0.414) (0.000,0.252) (0.000,0.329) (0.000,0.375) (0.000,0.576) (0.000,0.470) (0.000,0.613) 
117      334    (0)   19 :  0.050 0.013 0.092 0.067 0.008 0.035 0.048 0.059 0.014 0.040 0.016 0.009 0.052 0.075 0.034 0.019 0.067 0.089 0.089 0.125     (0.000,0.390) (0.000,0.080) (0.000,0.721) (0.000,0.544) (0.000,0.043) (0.000,0.243) (0.000,0.367) (0.000,0.477) (0.000,0.087) (0.000,0.289) (0.000,0.112) (0.000,0.050) (0.000,0.415) (0.000,0.627) (0.000,0.240) (0.000,0.124) (0.000,0.543) (0.000,0.721) (0.000,0.705) (0.000,0.838) 
118      335   (12)   13 :  0.053 0.014 0.056 0.030 0.012 0.050 0.062 0.102 0.016 0.038 0.018 0.013 0.150 0.051 0.062 0.031 0.046 0.066 0.039 0.090     (0.000,0.427) (0.000,0.094) (0.000,0.457) (0.000,0.202) (0.000,0.065) (0.000,0.394) (0.000,0.512) (0.000,0.751) (0.000,0.108) (0.000,0.272) (0.000,0.127) (0.000,0.079) (0.000,0.863) (0.000,0.401) (0.000,0.498) (0.000,0.228) (0.000,0.352) (0.000,0.554) (0.000,0.281) (0.000,0.696) 
119      340   (12)   20 :  0.117 0.006 0.035 0.015 0.008 0.066 0.031 0.082 0.005 0.054 0.005 0.006 0.087 0.074 0.024 0.020 0.068 0.095 0.056 0.146     (0.000,0.844) (0.000,0.034) (0.000,0.236) (0.000,0.083) (0.000,0.038) (0.000,0.549) (0.000,0.197) (0.000,0.686) (0.000,0.027) (0.000,0.433) (0.000,0.026) (0.000,0.034) (0.000,0.701) (0.000,0.631) (0.000,0.146) (0.000,0.133) (0.000,0.576) (0.000,0.764) (0.000,0.460) (0.000,0.893) 
120      341   (12)    7 :  0.078 0.020 0.058 0.017 0.010 0.073 0.045 0.075 0.018 0.031 0.015 0.043 0.068 0.062 0.029 0.017 0.140 0.086 0.037 0.075     (0.000,0.626) (0.000,0.145) (0.000,0.462) (0.000,0.101) (0.000,0.053) (0.000,0.574) (0.000,0.345) (0.000,0.599) (0.000,0.126) (0.000,0.214) (0.000,0.105) (0.000,0.313) (0.000,0.515) (0.000,0.505) (0.000,0.204) (0.000,0.112) (0.000,0.815) (0.000,0.676) (0.000,0.264) (0.000,0.601) 
121      342   (12)   13 :  0.035 0.028 0.109 0.039 0.019 0.018 0.081 0.029 0.015 0.042 0.027 0.157 0.102 0.023 0.039 0.014 0.081 0.041 0.028 0.076     (0.000,0.258) (0.000,0.204) (0.000,0.643) (0.000,0.300) (0.000,0.118) (0.000,0.105) (0.000,0.604) (0.000,0.200) (0.000,0.098) (0.000,0.316) (0.000,0.197) (0.000,0.611) (0.000,0.666) (0.000,0.141) (0.000,0.294) (0.000,0.088) (0.000,0.603) (0.000,0.304) (0.000,0.188) (0.000,0.570) 
122      343   (12)   18 :  0.055 0.008 0.065 0.097 0.009 0.015 0.019 0.051 0.008 0.087 0.008 0.009 0.030 0.067 0.013 0.008 0.189 0.050 0.049 0.162     (0.000,0.446) (0.000,0.046) (0.000,0.544) (0.000,0.733) (0.000,0.047) (0.000,0.085) (0.000,0.110) (0.000,0.394) (0.000,0.047) (0.000,0.688) (0.000,0.046) (0.000,0.050) (0.000,0.204) (0.000,0.567) (0.000,0.069) (0.000,0.045) (0.000,0.923) (0.000,0.392) (0.000,0.380) (0.000,0.900) 
123      344   (25)   17 :  0.100 0.008 0.056 0.036 0.007 0.025 0.073 0.076 0.008 0.048 0.008 0.008 0.036 0.028 0.066 0.031 0.161 0.095 0.036 0.093     (0.000,0.775) (0.000,0.041) (0.000,0.460) (0.000,0.253) (0.000,0.037) (0.000,0.155) (0.000,0.616) (0.000,0.626) (0.000,0.044) (0.000,0.366) (0.000,0.042) (0.000,0.044) (0.000,0.251) (0.000,0.176) (0.000,0.525) (0.000,0.224) (0.000,0.900) (0.000,0.757) (0.000,0.250) (0.000,0.739) 
124      345   (12)   16 :  0.031 0.010 0.022 0.016 0.008 0.018 0.020 0.020 0.008 0.018 0.008 0.012 0.016 0.017 0.025 0.653 0.020 0.024 0.029 0.024     (0.000,0.201) (0.000,0.058) (0.000,0.131) (0.000,0.087) (0.000,0.040) (0.000,0.106) (0.000,0.116) (0.000,0.125) (0.000,0.047) (0.000,0.104) (0.000,0.043) (0.000,0.067) (0.000,0.090) (0.000,0.096) (0.000,0.167) (0.000,0.987) (0.000,0.128) (0.000,0.151) (0.000,0.189) (0.000,0.145) 
125      346   (12)    3 :  0.069 0.008 0.049 0.047 0.007 0.140 0.027 0.056 0.008 0.026 0.008 0.012 0.028 0.113 0.038 0.015 0.129 0.115 0.039 0.065     (0.000,0.576) (0.000,0.044) (0.000,0.381) (0.000,0.363) (0.000,0.035) (0.000,0.858) (0.000,0.165) (0.000,0.455) (0.000,0.044) (0.000,0.161) (0.000,0.042) (0.000,0.073) (0.000,0.175) (0.000,0.818) (0.000,0.276) (0.000,0.088) (0.000,0.840) (0.000,0.828) (0.000,0.283) (0.000,0.545) 
126      348   (12)   14 :  0.050 0.007 0.086 0.061 0.010 0.030 0.041 0.057 0.005 0.060 0.005 0.008 0.041 0.062 0.064 0.012 0.187 0.063 0.097 0.052     (0.000,0.389) (0.000,0.035) (0.000,0.707) (0.000,0.506) (0.000,0.053) (0.000,0.193) (0.000,0.298) (0.000,0.467) (0.000,0.028) (0.000,0.502) (0.000,0.029) (0.000,0.042) (0.000,0.289) (0.000,0.523) (0.000,0.532) (0.000,0.070) (0.000,0.929) (0.000,0.541) (0.000,0.768) (0.000,0.417) 
127      349   (12)   18 :  0.040 0.005 0.030 0.048 0.006 0.054 0.014 0.041 0.005 0.032 0.005 0.007 0.032 0.056 0.040 0.301 0.074 0.082 0.072 0.056     (0.000,0.285) (0.000,0.029) (0.000,0.189) (0.000,0.363) (0.000,0.032) (0.000,0.425) (0.000,0.077) (0.000,0.297) (0.000,0.025) (0.000,0.204) (0.000,0.026) (0.000,0.035) (0.000,0.203) (0.000,0.455) (0.000,0.278) (0.000,0.958) (0.000,0.623) (0.000,0.691) (0.000,0.617) (0.000,0.459) 
128      350   (25)   14 :  0.044 0.031 0.029 0.034 0.014 0.030 0.032 0.034 0.043 0.026 0.028 0.035 0.147 0.052 0.044 0.101 0.126 0.057 0.048 0.045     (0.000,0.337) (0.000,0.233) (0.000,0.204) (0.000,0.251) (0.000,0.079) (0.000,0.199) (0.000,0.218) (0.000,0.239) (0.000,0.314) (0.000,0.165) (0.000,0.204) (0.000,0.261) (0.000,0.851) (0.000,0.410) (0.000,0.345) (0.000,0.654) (0.000,0.816) (0.000,0.462) (0.000,0.375) (0.000,0.347) 
129      351   (25)   17 :  0.129 0.008 0.057 0.052 0.008 0.026 0.031 0.103 0.008 0.085 0.007 0.008 0.019 0.036 0.043 0.022 0.063 0.066 0.031 0.198     (0.000,0.854) (0.000,0.047) (0.000,0.462) (0.000,0.409) (0.000,0.038) (0.000,0.164) (0.000,0.207) (0.000,0.770) (0.000,0.047) (0.000,0.673) (0.000,0.042) (0.000,0.046) (0.000,0.105) (0.000,0.243) (0.000,0.330) (0.000,0.143) (0.000,0.515) (0.000,0.559) (0.000,0.203) (0.000,0.928) 
130      357   (12)    7 :  0.061 0.014 0.127 0.050 0.018 0.025 0.100 0.046 0.011 0.074 0.011 0.019 0.040 0.070 0.047 0.008 0.045 0.094 0.090 0.050     (0.000,0.429) (0.000,0.088) (0.000,0.720) (0.000,0.363) (0.000,0.120) (0.000,0.167) (0.000,0.646) (0.000,0.336) (0.000,0.062) (0.000,0.517) (0.000,0.064) (0.000,0.115) (0.000,0.285) (0.000,0.484) (0.000,0.341) (0.000,0.043) (0.000,0.326) (0.000,0.569) (0.000,0.588) (0.000,0.347) 
131      363    (0)   12 :  0.031 0.030 0.067 0.081 0.018 0.013 0.058 0.030 0.018 0.024 0.020 0.371 0.025 0.040 0.019 0.025 0.021 0.041 0.040 0.029     (0.000,0.210) (0.000,0.226) (0.000,0.496) (0.000,0.579) (0.000,0.118) (0.000,0.073) (0.000,0.437) (0.000,0.218) (0.000,0.126) (0.000,0.159) (0.000,0.139) (0.000,0.942) (0.000,0.173) (0.000,0.297) (0.000,0.118) (0.000,0.180) (0.000,0.143) (0.000,0.299) (0.000,0.297) (0.000,0.193) 
132      364    (0)    3 :  0.026 0.011 0.118 0.198 0.011 0.022 0.034 0.060 0.010 0.081 0.011 0.028 0.076 0.063 0.027 0.006 0.045 0.071 0.057 0.047     (0.000,0.156) (0.000,0.063) (0.000,0.789) (0.000,0.922) (0.000,0.060) (0.000,0.131) (0.000,0.238) (0.000,0.475) (0.000,0.058) (0.000,0.641) (0.000,0.069) (0.000,0.184) (0.000,0.610) (0.000,0.507) (0.000,0.174) (0.000,0.032) (0.000,0.339) (0.000,0.579) (0.000,0.463) (0.000,0.358) 
133      365    (0)    1 :  0.030 0.010 0.033 0.058 0.011 0.027 0.020 0.112 0.010 0.053 0.009 0.025 0.196 0.088 0.020 0.025 0.097 0.091 0.048 0.036     (0.000,0.193) (0.000,0.061) (0.000,0.234) (0.000,0.460) (0.000,0.065) (0.000,0.181) (0.000,0.123) (0.000,0.775) (0.000,0.063) (0.000,0.415) (0.000,0.057) (0.000,0.173) (0.000,0.913) (0.000,0.679) (0.000,0.118) (0.000,0.181) (0.000,0.713) (0.000,0.704) (0.000,0.371) (0.000,0.252) 
134      366    (0)   18 :  0.011 0.004 0.056 0.033 0.009 0.017 0.015 0.064 0.004 0.023 0.004 0.006 0.531 0.041 0.014 0.004 0.089 0.037 0.017 0.022     (0.000,0.059) (0.000,0.019) (0.000,0.437) (0.000,0.229) (0.000,0.050) (0.000,0.102) (0.000,0.082) (0.000,0.529) (0.000,0.019) (0.000,0.144) (0.000,0.021) (0.000,0.031) (0.000,0.988) (0.000,0.304) (0.000,0.082) (0.000,0.020) (0.000,0.697) (0.000,0.250) (0.000,0.094) (0.000,0.119) 
135      367    (0)   18 :  0.073 0.011 0.057 0.040 0.016 0.025 0.073 0.070 0.007 0.137 0.011 0.011 0.052 0.064 0.035 0.028 0.067 0.111 0.075 0.037     (0.000,0.585) (0.000,0.066) (0.000,0.449) (0.000,0.295) (0.000,0.105) (0.000,0.160) (0.000,0.564) (0.000,0.539) (0.000,0.039) (0.000,0.832) (0.000,0.067) (0.000,0.061) (0.000,0.405) (0.000,0.500) (0.000,0.254) (0.000,0.205) (0.000,0.524) (0.000,0.772) (0.000,0.605) (0.000,0.257) 
136      369    (0)   13 :  0.024 0.009 0.031 0.028 0.020 0.053 0.022 0.086 0.009 0.018 0.009 0.016 0.172 0.060 0.189 0.070 0.039 0.084 0.031 0.031     (0.000,0.151) (0.000,0.053) (0.000,0.209) (0.000,0.196) (0.000,0.139) (0.000,0.394) (0.000,0.146) (0.000,0.633) (0.000,0.057) (0.000,0.105) (0.000,0.054) (0.000,0.107) (0.000,0.863) (0.000,0.464) (0.000,0.831) (0.000,0.385) (0.000,0.290) (0.000,0.642) (0.000,0.207) (0.000,0.209) 
137      370    (0)   18 :  0.021 0.006 0.036 0.074 0.017 0.019 0.025 0.120 0.006 0.023 0.006 0.007 0.115 0.259 0.029 0.006 0.078 0.078 0.038 0.038     (0.000,0.121) (0.000,0.033) (0.000,0.252) (0.000,0.600) (0.000,0.109) (0.000,0.113) (0.000,0.158) (0.000,0.824) (0.000,0.035) (0.000,0.137) (0.000,0.034) (0.000,0.037) (0.000,0.813) (0.000,0.958) (0.000,0.192) (0.000,0.033) (0.000,0.625) (0.000,0.649) (0.000,0.261) (0.000,0.269) 
138      371    (0)    4 :  0.050 0.008 0.035 0.178 0.018 0.019 0.016 0.099 0.008 0.061 0.008 0.009 0.046 0.193 0.021 0.009 0.049 0.065 0.050 0.058     (0.000,0.387) (0.000,0.046) (0.000,0.238) (0.000,0.906) (0.000,0.117) (0.000,0.113) (0.000,0.094) (0.000,0.741) (0.000,0.045) (0.000,0.475) (0.000,0.045) (0.000,0.049) (0.000,0.352) (0.000,0.920) (0.000,0.127) (0.000,0.050) (0.000,0.381) (0.000,0.531) (0.000,0.390) (0.000,0.461) 
139      372    (0)   18 :  0.051 0.006 0.063 0.055 0.017 0.023 0.080 0.089 0.006 0.020 0.006 0.013 0.155 0.119 0.038 0.007 0.038 0.102 0.056 0.055     (0.000,0.395) (0.000,0.035) (0.000,0.491) (0.000,0.425) (0.000,0.106) (0.000,0.145) (0.000,0.571) (0.000,0.675) (0.000,0.035) (0.000,0.116) (0.000,0.035) (0.000,0.076) (0.000,0.863) (0.000,0.776) (0.000,0.279) (0.000,0.038) (0.000,0.275) (0.000,0.755) (0.000,0.445) (0.000,0.434) 
140      374   (12)   13 :  0.016 0.008 0.034 0.057 0.030 0.028 0.017 0.071 0.007 0.021 0.008 0.011 0.244 0.203 0.041 0.007 0.062 0.060 0.050 0.026     (0.000,0.089) (0.000,0.042) (0.000,0.231) (0.000,0.455) (0.000,0.210) (0.000,0.192) (0.000,0.096) (0.000,0.583) (0.000,0.038) (0.000,0.123) (0.000,0.043) (0.000,0.064) (0.000,0.948) (0.000,0.931) (0.000,0.297) (0.000,0.036) (0.000,0.504) (0.000,0.497) (0.000,0.395) (0.000,0.162) 
141      376    (0)   13 :  0.026 0.006 0.022 0.024 0.032 0.032 0.021 0.134 0.005 0.045 0.005 0.124 0.101 0.074 0.026 0.006 0.026 0.116 0.118 0.059     (0.000,0.169) (0.000,0.032) (0.000,0.130) (0.000,0.148) (0.000,0.221) (0.000,0.226) (0.000,0.124) (0.000,0.767) (0.000,0.026) (0.000,0.352) (0.000,0.025) (0.000,0.489) (0.000,0.694) (0.000,0.570) (0.000,0.170) (0.000,0.032) (0.000,0.165) (0.000,0.779) (0.000,0.788) (0.000,0.479) 
142      377    (0)    7 :  0.062 0.011 0.159 0.100 0.014 0.035 0.037 0.030 0.010 0.172 0.010 0.009 0.043 0.057 0.082 0.005 0.018 0.079 0.029 0.040     (0.000,0.496) (0.000,0.068) (0.000,0.849) (0.000,0.731) (0.000,0.085) (0.000,0.247) (0.000,0.273) (0.000,0.207) (0.000,0.055) (0.000,0.886) (0.000,0.060) (0.000,0.049) (0.000,0.317) (0.000,0.437) (0.000,0.608) (0.000,0.026) (0.000,0.102) (0.000,0.619) (0.000,0.188) (0.000,0.288) 
143      378    (0)   13 :  0.035 0.008 0.030 0.029 0.011 0.022 0.032 0.290 0.006 0.057 0.006 0.010 0.078 0.062 0.054 0.007 0.052 0.109 0.044 0.056     (0.000,0.241) (0.000,0.043) (0.000,0.190) (0.000,0.187) (0.000,0.060) (0.000,0.135) (0.000,0.217) (0.000,0.963) (0.000,0.034) (0.000,0.466) (0.000,0.032) (0.000,0.057) (0.000,0.627) (0.000,0.507) (0.000,0.425) (0.000,0.039) (0.000,0.410) (0.000,0.806) (0.000,0.325) (0.000,0.462) 
144      379    (0)   18 :  0.033 0.007 0.025 0.063 0.017 0.045 0.030 0.065 0.006 0.047 0.007 0.064 0.117 0.087 0.047 0.008 0.057 0.126 0.051 0.100     (0.000,0.228) (0.000,0.040) (0.000,0.150) (0.000,0.500) (0.000,0.104) (0.000,0.345) (0.000,0.206) (0.000,0.512) (0.000,0.035) (0.000,0.360) (0.000,0.036) (0.000,0.368) (0.000,0.791) (0.000,0.644) (0.000,0.368) (0.000,0.042) (0.000,0.446) (0.000,0.812) (0.000,0.400) (0.000,0.721) 
145      380    (0)   18 :  0.031 0.010 0.024 0.083 0.016 0.037 0.030 0.050 0.010 0.039 0.010 0.078 0.099 0.102 0.039 0.007 0.056 0.124 0.050 0.104     (0.000,0.208) (0.000,0.059) (0.000,0.152) (0.000,0.618) (0.000,0.101) (0.000,0.275) (0.000,0.205) (0.000,0.392) (0.000,0.056) (0.000,0.294) (0.000,0.057) (0.000,0.418) (0.000,0.721) (0.000,0.707) (0.000,0.293) (0.000,0.035) (0.000,0.439) (0.000,0.804) (0.000,0.394) (0.000,0.734) 
146      382   (12)   14 :  0.018 0.009 0.018 0.024 0.013 0.110 0.014 0.072 0.008 0.021 0.007 0.008 0.219 0.142 0.136 0.005 0.028 0.079 0.029 0.039     (0.000,0.101) (0.000,0.054) (0.000,0.103) (0.000,0.157) (0.000,0.073) (0.000,0.719) (0.000,0.080) (0.000,0.577) (0.000,0.045) (0.000,0.130) (0.000,0.039) (0.000,0.044) (0.000,0.934) (0.000,0.873) (0.000,0.849) (0.000,0.026) (0.000,0.179) (0.000,0.652) (0.000,0.187) (0.000,0.273) 
147      389    (0)   18 :  0.068 0.011 0.024 0.076 0.017 0.048 0.045 0.051 0.008 0.065 0.009 0.024 0.108 0.090 0.023 0.010 0.021 0.102 0.061 0.138     (0.000,0.552) (0.000,0.069) (0.000,0.143) (0.000,0.600) (0.000,0.112) (0.000,0.374) (0.000,0.339) (0.000,0.403) (0.000,0.046) (0.000,0.524) (0.000,0.053) (0.000,0.165) (0.000,0.761) (0.000,0.681) (0.000,0.140) (0.000,0.058) (0.000,0.124) (0.000,0.753) (0.000,0.493) (0.000,0.857) 
148      394    (0)   18 :  0.016 0.011 0.023 0.076 0.010 0.017 0.013 0.066 0.011 0.022 0.010 0.011 0.040 0.261 0.018 0.013 0.116 0.127 0.097 0.042     (0.000,0.090) (0.000,0.068) (0.000,0.129) (0.000,0.646) (0.000,0.053) (0.000,0.093) (0.000,0.068) (0.000,0.553) (0.000,0.071) (0.000,0.126) (0.000,0.060) (0.000,0.064) (0.000,0.283) (0.000,0.958) (0.000,0.098) (0.000,0.075) (0.000,0.812) (0.000,0.856) (0.000,0.768) (0.000,0.300) 
149      395    (0)   18 :  0.042 0.008 0.028 0.098 0.031 0.078 0.021 0.098 0.012 0.068 0.008 0.022 0.091 0.068 0.039 0.007 0.059 0.099 0.067 0.057     (0.000,0.312) (0.000,0.042) (0.000,0.174) (0.000,0.733) (0.000,0.214) (0.000,0.599) (0.000,0.122) (0.000,0.705) (0.000,0.079) (0.000,0.556) (0.000,0.048) (0.000,0.142) (0.000,0.704) (0.000,0.550) (0.000,0.277) (0.000,0.039) (0.000,0.480) (0.000,0.746) (0.000,0.545) (0.000,0.463) 
150      396    (0)   16 :  0.055 0.011 0.054 0.076 0.009 0.034 0.039 0.077 0.011 0.049 0.012 0.008 0.049 0.097 0.172 0.009 0.061 0.103 0.039 0.034     (0.000,0.442) (0.000,0.068) (0.000,0.432) (0.000,0.624) (0.000,0.052) (0.000,0.236) (0.000,0.280) (0.000,0.621) (0.000,0.064) (0.000,0.378) (0.000,0.076) (0.000,0.043) (0.000,0.382) (0.000,0.731) (0.000,0.898) (0.000,0.048) (0.000,0.491) (0.000,0.769) (0.000,0.281) (0.000,0.227) 
151      397    (0)   13 :  0.014 0.012 0.017 0.022 0.014 0.012 0.013 0.058 0.013 0.018 0.012 0.024 0.254 0.181 0.009 0.010 0.151 0.073 0.056 0.036     (0.000,0.076) (0.000,0.078) (0.000,0.094) (0.000,0.136) (0.000,0.079) (0.000,0.064) (0.000,0.068) (0.000,0.482) (0.000,0.086) (0.000,0.097) (0.000,0.080) (0.000,0.165) (0.000,0.950) (0.000,0.916) (0.000,0.049) (0.000,0.056) (0.000,0.879) (0.000,0.618) (0.000,0.466) (0.000,0.246) 
152      398    (0)   20 :  0.022 0.007 0.030 0.016 0.014 0.020 0.023 0.260 0.005 0.035 0.005 0.010 0.075 0.156 0.027 0.008 0.053 0.088 0.103 0.044     (0.000,0.126) (0.000,0.038) (0.000,0.187) (0.000,0.083) (0.000,0.073) (0.000,0.112) (0.000,0.133) (0.000,0.961) (0.000,0.026) (0.000,0.230) (0.000,0.026) (0.000,0.053) (0.000,0.647) (0.000,0.906) (0.000,0.159) (0.000,0.045) (0.000,0.426) (0.000,0.732) (0.000,0.802) (0.000,0.322) 
153      402    (0)   14 :  0.036 0.007 0.030 0.031 0.014 0.029 0.035 0.112 0.005 0.035 0.005 0.012 0.081 0.220 0.036 0.014 0.028 0.101 0.107 0.060     (0.000,0.249) (0.000,0.036) (0.000,0.189) (0.000,0.197) (0.000,0.079) (0.000,0.188) (0.000,0.239) (0.000,0.799) (0.000,0.027) (0.000,0.241) (0.000,0.028) (0.000,0.066) (0.000,0.672) (0.000,0.945) (0.000,0.251) (0.000,0.089) (0.000,0.184) (0.000,0.779) (0.000,0.797) (0.000,0.499) 
154      404   (12)   13 :  0.028 0.006 0.032 0.035 0.012 0.026 0.023 0.221 0.006 0.035 0.006 0.009 0.107 0.116 0.043 0.014 0.066 0.118 0.054 0.043     (0.000,0.179) (0.000,0.034) (0.000,0.208) (0.000,0.234) (0.000,0.063) (0.000,0.167) (0.000,0.133) (0.000,0.944) (0.000,0.030) (0.000,0.233) (0.000,0.033) (0.000,0.047) (0.000,0.799) (0.000,0.822) (0.000,0.313) (0.000,0.078) (0.000,0.553) (0.000,0.833) (0.000,0.433) (0.000,0.318) 
155      406    (0)   14 :  0.047 0.010 0.023 0.065 0.013 0.054 0.021 0.054 0.008 0.045 0.009 0.013 0.082 0.156 0.024 0.018 0.061 0.142 0.088 0.069     (0.000,0.357) (0.000,0.061) (0.000,0.135) (0.000,0.529) (0.000,0.080) (0.000,0.425) (0.000,0.130) (0.000,0.438) (0.000,0.044) (0.000,0.342) (0.000,0.053) (0.000,0.075) (0.000,0.668) (0.000,0.877) (0.000,0.139) (0.000,0.108) (0.000,0.494) (0.000,0.868) (0.000,0.701) (0.000,0.573) 
156      407    (0)   14 :  0.033 0.006 0.031 0.089 0.010 0.051 0.020 0.090 0.007 0.033 0.007 0.010 0.139 0.139 0.029 0.007 0.054 0.120 0.063 0.062     (0.000,0.219) (0.000,0.036) (0.000,0.191) (0.000,0.714) (0.000,0.056) (0.000,0.398) (0.000,0.112) (0.000,0.722) (0.000,0.041) (0.000,0.217) (0.000,0.041) (0.000,0.052) (0.000,0.874) (0.000,0.869) (0.000,0.183) (0.000,0.038) (0.000,0.430) (0.000,0.840) (0.000,0.528) (0.000,0.517) 
157      408    (0)   12 :  0.019 0.158 0.014 0.023 0.021 0.015 0.017 0.028 0.202 0.017 0.095 0.089 0.079 0.066 0.014 0.008 0.031 0.046 0.036 0.024     (0.000,0.122) (0.000,0.699) (0.000,0.086) (0.000,0.164) (0.000,0.148) (0.000,0.091) (0.000,0.105) (0.000,0.212) (0.000,0.715) (0.000,0.102) (0.000,0.586) (0.000,0.667) (0.000,0.496) (0.000,0.429) (0.000,0.082) (0.000,0.046) (0.000,0.229) (0.000,0.334) (0.000,0.274) (0.000,0.168) 
158      409   (12)   14 :  0.026 0.006 0.022 0.040 0.010 0.024 0.016 0.082 0.005 0.024 0.005 0.007 0.058 0.156 0.040 0.042 0.118 0.188 0.092 0.039     (0.000,0.157) (0.000,0.031) (0.000,0.121) (0.000,0.281) (0.000,0.053) (0.000,0.148) (0.000,0.086) (0.000,0.669) (0.000,0.029) (0.000,0.144) (0.000,0.029) (0.000,0.039) (0.000,0.474) (0.000,0.894) (0.000,0.289) (0.000,0.317) (0.000,0.816) (0.000,0.930) (0.000,0.744) (0.000,0.273) 
159      412    (0)   13 :  0.024 0.009 0.020 0.018 0.013 0.074 0.016 0.238 0.010 0.022 0.013 0.035 0.193 0.080 0.018 0.019 0.037 0.100 0.024 0.036     (0.000,0.146) (0.000,0.055) (0.000,0.114) (0.000,0.106) (0.000,0.076) (0.000,0.568) (0.000,0.087) (0.000,0.940) (0.000,0.061) (0.000,0.130) (0.000,0.088) (0.000,0.256) (0.000,0.903) (0.000,0.636) (0.000,0.102) (0.000,0.125) (0.000,0.264) (0.000,0.748) (0.000,0.148) (0.000,0.256) 
160      416    (0)   18 :  0.052 0.011 0.036 0.033 0.011 0.021 0.061 0.122 0.013 0.037 0.016 0.008 0.047 0.073 0.119 0.017 0.056 0.167 0.054 0.047     (0.000,0.410) (0.000,0.068) (0.000,0.246) (0.000,0.225) (0.000,0.061) (0.000,0.125) (0.000,0.489) (0.000,0.810) (0.000,0.080) (0.000,0.259) (0.000,0.106) (0.000,0.043) (0.000,0.356) (0.000,0.580) (0.000,0.780) (0.000,0.114) (0.000,0.454) (0.000,0.901) (0.000,0.430) (0.000,0.363) 
161      421    (0)    4 :  0.064 0.009 0.291 0.045 0.006 0.030 0.151 0.027 0.010 0.117 0.011 0.008 0.023 0.023 0.034 0.010 0.034 0.038 0.031 0.039     (0.000,0.532) (0.000,0.053) (0.000,0.960) (0.000,0.345) (0.000,0.031) (0.000,0.201) (0.000,0.888) (0.000,0.170) (0.000,0.056) (0.000,0.822) (0.000,0.070) (0.000,0.041) (0.000,0.136) (0.000,0.133) (0.000,0.245) (0.000,0.060) (0.000,0.236) (0.000,0.262) (0.000,0.202) (0.000,0.282) 
162      422   (12)   18 :  0.048 0.011 0.265 0.086 0.007 0.019 0.049 0.021 0.008 0.163 0.010 0.017 0.024 0.024 0.018 0.014 0.102 0.033 0.057 0.024     (0.000,0.370) (0.000,0.062) (0.000,0.956) (0.000,0.693) (0.000,0.037) (0.000,0.111) (0.000,0.387) (0.000,0.117) (0.000,0.047) (0.000,0.907) (0.000,0.057) (0.000,0.099) (0.000,0.140) (0.000,0.141) (0.000,0.106) (0.000,0.084) (0.000,0.756) (0.000,0.210) (0.000,0.460) (0.000,0.145) 
163      426    (0)   16 :  0.008 0.007 0.006 0.006 0.005 0.008 0.007 0.008 0.006 0.007 0.005 0.007 0.006 0.007 0.007 0.872 0.007 0.007 0.008 0.007     (0.000,0.041) (0.000,0.038) (0.000,0.035) (0.000,0.031) (0.000,0.025) (0.000,0.041) (0.000,0.036) (0.000,0.043) (0.000,0.033) (0.000,0.037) (0.000,0.029) (0.000,0.036) (0.000,0.035) (0.000,0.041) (0.000,0.036) (0.618,0.996) (0.000,0.039) (0.000,0.040) (0.000,0.042) (0.000,0.041) 
164      428    (0)    1 :  0.254 0.010 0.057 0.161 0.006 0.016 0.099 0.015 0.008 0.091 0.009 0.056 0.009 0.013 0.026 0.007 0.013 0.030 0.014 0.104     (0.000,0.951) (0.000,0.057) (0.000,0.406) (0.000,0.813) (0.000,0.030) (0.000,0.094) (0.000,0.670) (0.000,0.085) (0.000,0.048) (0.000,0.672) (0.000,0.056) (0.000,0.378) (0.000,0.047) (0.000,0.073) (0.000,0.181) (0.000,0.042) (0.000,0.077) (0.000,0.198) (0.000,0.079) (0.000,0.715) 
165      429   (12)   18 :  0.037 0.009 0.088 0.031 0.022 0.058 0.022 0.027 0.014 0.030 0.009 0.023 0.033 0.032 0.039 0.348 0.033 0.055 0.049 0.039     (0.000,0.271) (0.000,0.056) (0.000,0.616) (0.000,0.219) (0.000,0.155) (0.000,0.434) (0.000,0.146) (0.000,0.186) (0.000,0.097) (0.000,0.212) (0.000,0.054) (0.000,0.160) (0.000,0.237) (0.000,0.226) (0.000,0.291) (0.000,0.883) (0.000,0.240) (0.000,0.424) (0.000,0.371) (0.000,0.284) 
166      430    (0)   17 :  0.027 0.008 0.018 0.024 0.056 0.126 0.033 0.023 0.016 0.022 0.014 0.109 0.145 0.028 0.021 0.008 0.039 0.055 0.042 0.188     (0.000,0.182) (0.000,0.044) (0.000,0.108) (0.000,0.156) (0.000,0.349) (0.000,0.700) (0.000,0.231) (0.000,0.149) (0.000,0.112) (0.000,0.135) (0.000,0.095) (0.000,0.485) (0.000,0.808) (0.000,0.183) (0.000,0.135) (0.000,0.043) (0.000,0.297) (0.000,0.436) (0.000,0.316) (0.000,0.860) 
167      431    (0)   14 :  0.045 0.007 0.059 0.116 0.006 0.117 0.027 0.030 0.007 0.076 0.007 0.015 0.137 0.052 0.052 0.008 0.062 0.066 0.048 0.063     (0.000,0.336) (0.000,0.040) (0.000,0.464) (0.000,0.739) (0.000,0.033) (0.000,0.735) (0.000,0.175) (0.000,0.192) (0.000,0.038) (0.000,0.585) (0.000,0.040) (0.000,0.091) (0.000,0.834) (0.000,0.406) (0.000,0.398) (0.000,0.046) (0.000,0.480) (0.000,0.546) (0.000,0.365) (0.000,0.512) 
168      433    (0)   18 :  0.061 0.012 0.099 0.141 0.008 0.033 0.109 0.055 0.011 0.093 0.009 0.025 0.031 0.035 0.045 0.011 0.025 0.049 0.044 0.104     (0.000,0.501) (0.000,0.074) (0.000,0.735) (0.000,0.850) (0.000,0.040) (0.000,0.236) (0.000,0.783) (0.000,0.442) (0.000,0.065) (0.000,0.719) (0.000,0.052) (0.000,0.173) (0.000,0.203) (0.000,0.240) (0.000,0.342) (0.000,0.064) (0.000,0.159) (0.000,0.383) (0.000,0.330) (0.000,0.769) 
169      435    (0)    1 :  0.056 0.012 0.108 0.062 0.007 0.028 0.053 0.104 0.011 0.097 0.009 0.011 0.051 0.051 0.021 0.008 0.148 0.054 0.038 0.071     (0.000,0.452) (0.000,0.072) (0.000,0.777) (0.000,0.495) (0.000,0.038) (0.000,0.184) (0.000,0.420) (0.000,0.761) (0.000,0.071) (0.000,0.742) (0.000,0.055) (0.000,0.061) (0.000,0.404) (0.000,0.403) (0.000,0.128) (0.000,0.043) (0.000,0.871) (0.000,0.442) (0.000,0.266) (0.000,0.584) 
170      437    (0)    7 :  0.079 0.011 0.116 0.090 0.008 0.030 0.115 0.077 0.009 0.105 0.008 0.012 0.026 0.051 0.057 0.014 0.042 0.046 0.043 0.059     (0.000,0.649) (0.000,0.066) (0.000,0.792) (0.000,0.698) (0.000,0.043) (0.000,0.206) (0.000,0.802) (0.000,0.615) (0.000,0.049) (0.000,0.777) (0.000,0.041) (0.000,0.072) (0.000,0.159) (0.000,0.400) (0.000,0.458) (0.000,0.092) (0.000,0.314) (0.000,0.354) (0.000,0.316) (0.000,0.483) 
171      446    (0)   18 :  0.038 0.008 0.103 0.151 0.006 0.023 0.055 0.052 0.009 0.063 0.009 0.015 0.037 0.044 0.036 0.013 0.135 0.079 0.049 0.075     (0.000,0.264) (0.000,0.046) (0.000,0.754) (0.000,0.877) (0.000,0.029) (0.000,0.145) (0.000,0.437) (0.000,0.410) (0.000,0.051) (0.000,0.512) (0.000,0.051) (0.000,0.088) (0.000,0.263) (0.000,0.333) (0.000,0.262) (0.000,0.082) (0.000,0.835) (0.000,0.653) (0.000,0.379) (0.000,0.611) 
172      449    (0)    3 :  0.064 0.010 0.172 0.092 0.008 0.015 0.092 0.054 0.010 0.067 0.010 0.013 0.071 0.031 0.022 0.015 0.086 0.059 0.037 0.072     (0.000,0.516) (0.000,0.058) (0.000,0.886) (0.000,0.675) (0.000,0.040) (0.000,0.087) (0.000,0.701) (0.000,0.426) (0.000,0.057) (0.000,0.538) (0.000,0.060) (0.000,0.079) (0.000,0.547) (0.000,0.206) (0.000,0.144) (0.000,0.097) (0.000,0.635) (0.000,0.481) (0.000,0.261) (0.000,0.577) 
173      451    (0)    7 :  0.038 0.008 0.328 0.151 0.007 0.035 0.047 0.038 0.008 0.040 0.010 0.026 0.035 0.032 0.023 0.010 0.069 0.041 0.021 0.034     (0.000,0.267) (0.000,0.048) (0.000,0.964) (0.000,0.863) (0.000,0.037) (0.000,0.249) (0.000,0.362) (0.000,0.269) (0.000,0.044) (0.000,0.295) (0.000,0.057) (0.000,0.184) (0.000,0.253) (0.000,0.217) (0.000,0.147) (0.000,0.057) (0.000,0.516) (0.000,0.291) (0.000,0.126) (0.000,0.233) 
174      456    (0)    7 :  0.049 0.009 0.379 0.078 0.006 0.020 0.109 0.044 0.007 0.047 0.008 0.018 0.027 0.018 0.042 0.010 0.042 0.030 0.026 0.032     (0.000,0.381) (0.000,0.049) (0.000,0.976) (0.000,0.648) (0.000,0.030) (0.000,0.119) (0.000,0.785) (0.000,0.327) (0.000,0.042) (0.000,0.367) (0.000,0.047) (0.000,0.105) (0.000,0.169) (0.000,0.102) (0.000,0.313) (0.000,0.058) (0.000,0.306) (0.000,0.186) (0.000,0.155) (0.000,0.210) 
175      457    (0)    8 :  0.022 0.010 0.339 0.024 0.006 0.014 0.029 0.019 0.009 0.027 0.009 0.009 0.016 0.089 0.017 0.007 0.181 0.053 0.103 0.020     (0.000,0.130) (0.000,0.057) (0.000,0.970) (0.000,0.150) (0.000,0.032) (0.000,0.078) (0.000,0.195) (0.000,0.108) (0.000,0.055) (0.000,0.172) (0.000,0.049) (0.000,0.046) (0.000,0.087) (0.000,0.696) (0.000,0.101) (0.000,0.037) (0.000,0.917) (0.000,0.425) (0.000,0.750) (0.000,0.114) 
176      462    (0)   13 :  0.048 0.005 0.060 0.029 0.006 0.028 0.033 0.039 0.004 0.064 0.004 0.007 0.060 0.072 0.016 0.013 0.328 0.067 0.071 0.046     (0.000,0.365) (0.000,0.025) (0.000,0.490) (0.000,0.185) (0.000,0.033) (0.000,0.181) (0.000,0.213) (0.000,0.273) (0.000,0.022) (0.000,0.536) (0.000,0.022) (0.000,0.035) (0.000,0.497) (0.000,0.611) (0.000,0.093) (0.000,0.076) (0.000,0.972) (0.000,0.575) (0.000,0.598) (0.000,0.352) 
177      463    (0)   13 :  0.051 0.008 0.085 0.034 0.021 0.024 0.056 0.065 0.006 0.062 0.006 0.009 0.058 0.126 0.028 0.011 0.090 0.072 0.146 0.043     (0.000,0.403) (0.000,0.044) (0.000,0.653) (0.000,0.233) (0.000,0.143) (0.000,0.150) (0.000,0.444) (0.000,0.531) (0.000,0.030) (0.000,0.499) (0.000,0.030) (0.000,0.048) (0.000,0.468) (0.000,0.823) (0.000,0.179) (0.000,0.062) (0.000,0.663) (0.000,0.603) (0.000,0.874) (0.000,0.320) 
178      464    (0)    3 :  0.053 0.005 0.275 0.026 0.007 0.013 0.289 0.019 0.004 0.063 0.005 0.009 0.014 0.015 0.025 0.005 0.113 0.026 0.017 0.017     (0.000,0.427) (0.000,0.026) (0.000,0.960) (0.000,0.163) (0.000,0.039) (0.000,0.075) (0.000,0.968) (0.000,0.112) (0.000,0.022) (0.000,0.521) (0.000,0.024) (0.000,0.047) (0.000,0.081) (0.000,0.083) (0.000,0.170) (0.000,0.029) (0.000,0.803) (0.000,0.152) (0.000,0.093) (0.000,0.095) 
179      467    (0)    4 :  0.036 0.007 0.340 0.107 0.006 0.026 0.043 0.039 0.008 0.062 0.009 0.011 0.078 0.019 0.025 0.007 0.057 0.039 0.032 0.050     (0.000,0.249) (0.000,0.040) (0.000,0.971) (0.000,0.782) (0.000,0.033) (0.000,0.161) (0.000,0.322) (0.000,0.277) (0.000,0.044) (0.000,0.514) (0.000,0.049) (0.000,0.057) (0.000,0.625) (0.000,0.109) (0.000,0.157) (0.000,0.039) (0.000,0.457) (0.000,0.271) (0.000,0.214) (0.000,0.386) 
180      472    (0)    3 :  0.077 0.010 0.175 0.095 0.006 0.050 0.074 0.031 0.012 0.070 0.012 0.011 0.041 0.049 0.035 0.008 0.067 0.058 0.049 0.069     (0.000,0.643) (0.000,0.064) (0.000,0.902) (0.000,0.724) (0.000,0.031) (0.000,0.388) (0.000,0.610) (0.000,0.208) (0.000,0.077) (0.000,0.578) (0.000,0.074) (0.000,0.060) (0.000,0.303) (0.000,0.382) (0.000,0.253) (0.000,0.046) (0.000,0.540) (0.000,0.479) (0.000,0.379) (0.000,0.570) 
181      474    (0)   18 :  0.045 0.007 0.078 0.144 0.006 0.046 0.028 0.040 0.009 0.048 0.008 0.012 0.062 0.069 0.017 0.019 0.123 0.083 0.065 0.092     (0.000,0.338) (0.000,0.041) (0.000,0.626) (0.000,0.872) (0.000,0.029) (0.000,0.351) (0.000,0.179) (0.000,0.288) (0.000,0.052) (0.000,0.363) (0.000,0.048) (0.000,0.070) (0.000,0.513) (0.000,0.579) (0.000,0.095) (0.000,0.115) (0.000,0.821) (0.000,0.686) (0.000,0.543) (0.000,0.723) 
182      475    (0)   15 :  0.062 0.008 0.114 0.039 0.007 0.029 0.104 0.091 0.006 0.146 0.008 0.010 0.039 0.028 0.071 0.024 0.047 0.066 0.046 0.055     (0.000,0.515) (0.000,0.043) (0.000,0.795) (0.000,0.278) (0.000,0.035) (0.000,0.192) (0.000,0.765) (0.000,0.696) (0.000,0.033) (0.000,0.873) (0.000,0.047) (0.000,0.056) (0.000,0.278) (0.000,0.178) (0.000,0.556) (0.000,0.173) (0.000,0.358) (0.000,0.550) (0.000,0.346) (0.000,0.438) 
183      484   (12)    4 :  0.052 0.017 0.233 0.062 0.008 0.025 0.234 0.017 0.015 0.090 0.018 0.010 0.014 0.016 0.094 0.004 0.023 0.020 0.016 0.030     (0.000,0.415) (0.000,0.118) (0.000,0.945) (0.000,0.517) (0.000,0.040) (0.000,0.154) (0.000,0.949) (0.000,0.099) (0.000,0.099) (0.000,0.724) (0.000,0.117) (0.000,0.054) (0.000,0.072) (0.000,0.088) (0.000,0.688) (0.000,0.024) (0.000,0.141) (0.000,0.111) (0.000,0.084) (0.000,0.186) 
184      485    (0)   13 :  0.054 0.011 0.042 0.294 0.009 0.052 0.035 0.026 0.012 0.038 0.013 0.014 0.065 0.079 0.060 0.010 0.024 0.055 0.049 0.058     (0.000,0.440) (0.000,0.067) (0.000,0.308) (0.000,0.964) (0.000,0.051) (0.000,0.409) (0.000,0.238) (0.000,0.158) (0.000,0.072) (0.000,0.266) (0.000,0.078) (0.000,0.081) (0.000,0.549) (0.000,0.651) (0.000,0.483) (0.000,0.057) (0.000,0.143) (0.000,0.446) (0.000,0.383) (0.000,0.476) 
185      486    (0)   18 :  0.106 0.012 0.035 0.068 0.010 0.026 0.025 0.031 0.012 0.026 0.011 0.009 0.028 0.303 0.038 0.024 0.041 0.119 0.046 0.031     (0.000,0.741) (0.000,0.072) (0.000,0.245) (0.000,0.526) (0.000,0.058) (0.000,0.168) (0.000,0.158) (0.000,0.215) (0.000,0.073) (0.000,0.169) (0.000,0.066) (0.000,0.050) (0.000,0.183) (0.000,0.954) (0.000,0.276) (0.000,0.164) (0.000,0.312) (0.000,0.786) (0.000,0.351) (0.000,0.209) 
186      489    (0)    1 :  0.085 0.019 0.039 0.055 0.030 0.031 0.096 0.028 0.011 0.066 0.013 0.034 0.124 0.061 0.048 0.017 0.088 0.042 0.078 0.035     (0.000,0.666) (0.000,0.135) (0.000,0.289) (0.000,0.434) (0.000,0.214) (0.000,0.216) (0.000,0.706) (0.000,0.182) (0.000,0.072) (0.000,0.530) (0.000,0.084) (0.000,0.253) (0.000,0.796) (0.000,0.492) (0.000,0.367) (0.000,0.115) (0.000,0.671) (0.000,0.311) (0.000,0.620) (0.000,0.243) 
187      490    (0)    7 :  0.086 0.017 0.039 0.060 0.030 0.030 0.125 0.024 0.011 0.060 0.013 0.023 0.108 0.068 0.067 0.012 0.097 0.040 0.060 0.031     (0.000,0.679) (0.000,0.121) (0.000,0.285) (0.000,0.480) (0.000,0.211) (0.000,0.203) (0.000,0.808) (0.000,0.150) (0.000,0.073) (0.000,0.484) (0.000,0.084) (0.000,0.160) (0.000,0.743) (0.000,0.548) (0.000,0.521) (0.000,0.070) (0.000,0.713) (0.000,0.292) (0.000,0.486) (0.000,0.207) 
188      494    (0)    7 :  0.091 0.035 0.103 0.118 0.023 0.031 0.151 0.026 0.016 0.073 0.025 0.015 0.029 0.049 0.057 0.009 0.045 0.030 0.034 0.040     (0.000,0.704) (0.000,0.268) (0.000,0.745) (0.000,0.803) (0.000,0.152) (0.000,0.212) (0.000,0.859) (0.000,0.177) (0.000,0.106) (0.000,0.593) (0.000,0.184) (0.000,0.088) (0.000,0.189) (0.000,0.380) (0.000,0.456) (0.000,0.053) (0.000,0.342) (0.000,0.199) (0.000,0.232) (0.000,0.291) 
189      500   (12)   13 :  0.044 0.005 0.048 0.068 0.015 0.030 0.044 0.045 0.005 0.027 0.005 0.008 0.092 0.173 0.030 0.046 0.066 0.079 0.093 0.078     (0.000,0.331) (0.000,0.026) (0.000,0.365) (0.000,0.543) (0.000,0.094) (0.000,0.202) (0.000,0.330) (0.000,0.348) (0.000,0.024) (0.000,0.165) (0.000,0.024) (0.000,0.047) (0.000,0.696) (0.000,0.908) (0.000,0.200) (0.000,0.340) (0.000,0.524) (0.000,0.652) (0.000,0.724) (0.000,0.620) 
190      502    (0)   13 :  0.036 0.006 0.083 0.048 0.017 0.021 0.044 0.076 0.004 0.040 0.005 0.010 0.089 0.101 0.034 0.013 0.165 0.047 0.128 0.035     (0.000,0.238) (0.000,0.030) (0.000,0.687) (0.000,0.363) (0.000,0.103) (0.000,0.122) (0.000,0.330) (0.000,0.633) (0.000,0.024) (0.000,0.291) (0.000,0.026) (0.000,0.052) (0.000,0.718) (0.000,0.774) (0.000,0.232) (0.000,0.075) (0.000,0.905) (0.000,0.357) (0.000,0.858) (0.000,0.235) 
191      507   (12)   18 :  0.045 0.008 0.079 0.044 0.016 0.084 0.067 0.116 0.007 0.031 0.010 0.014 0.051 0.131 0.079 0.012 0.043 0.081 0.035 0.047     (0.000,0.338) (0.000,0.047) (0.000,0.631) (0.000,0.332) (0.000,0.101) (0.000,0.606) (0.000,0.527) (0.000,0.795) (0.000,0.040) (0.000,0.211) (0.000,0.057) (0.000,0.089) (0.000,0.402) (0.000,0.837) (0.000,0.599) (0.000,0.074) (0.000,0.319) (0.000,0.651) (0.000,0.237) (0.000,0.363) 
192      509    (0)   14 :  0.042 0.008 0.080 0.060 0.014 0.027 0.084 0.063 0.007 0.037 0.008 0.005 0.035 0.117 0.200 0.013 0.063 0.054 0.048 0.033     (0.000,0.303) (0.000,0.043) (0.000,0.667) (0.000,0.483) (0.000,0.083) (0.000,0.176) (0.000,0.668) (0.000,0.517) (0.000,0.039) (0.000,0.255) (0.000,0.049) (0.000,0.028) (0.000,0.235) (0.000,0.824) (0.000,0.923) (0.000,0.080) (0.000,0.511) (0.000,0.437) (0.000,0.374) (0.000,0.224) 
193      512    (0)   20 :  0.113 0.030 0.087 0.098 0.022 0.044 0.172 0.020 0.018 0.068 0.043 0.012 0.034 0.036 0.052 0.014 0.025 0.033 0.035 0.046     (0.000,0.794) (0.000,0.221) (0.000,0.673) (0.000,0.704) (0.000,0.148) (0.000,0.334) (0.000,0.888) (0.000,0.124) (0.000,0.122) (0.000,0.553) (0.000,0.309) (0.000,0.069) (0.000,0.244) (0.000,0.259) (0.000,0.411) (0.000,0.093) (0.000,0.154) (0.000,0.221) (0.000,0.241) (0.000,0.354) 
194      513   (12)   14 :  0.026 0.007 0.088 0.187 0.017 0.020 0.045 0.044 0.007 0.032 0.007 0.009 0.051 0.093 0.058 0.008 0.150 0.046 0.068 0.036     (0.000,0.160) (0.000,0.037) (0.000,0.712) (0.000,0.924) (0.000,0.101) (0.000,0.116) (0.000,0.338) (0.000,0.329) (0.000,0.039) (0.000,0.210) (0.000,0.041) (0.000,0.051) (0.000,0.398) (0.000,0.735) (0.000,0.463) (0.000,0.047) (0.000,0.881) (0.000,0.352) (0.000,0.571) (0.000,0.248) 
195      514   (12)    1 :  0.076 0.032 0.074 0.093 0.032 0.075 0.081 0.019 0.018 0.053 0.030 0.017 0.064 0.056 0.098 0.008 0.058 0.038 0.038 0.041     (0.000,0.602) (0.000,0.242) (0.000,0.578) (0.000,0.658) (0.000,0.228) (0.000,0.539) (0.000,0.602) (0.000,0.113) (0.000,0.123) (0.000,0.415) (0.000,0.222) (0.000,0.104) (0.000,0.474) (0.000,0.434) (0.000,0.667) (0.000,0.043) (0.000,0.454) (0.000,0.276) (0.000,0.281) (0.000,0.302) 
196      515    (0)   16 :  0.010 0.008 0.008 0.009 0.005 0.011 0.007 0.011 0.008 0.009 0.008 0.009 0.013 0.011 0.008 0.822 0.012 0.010 0.010 0.010     (0.000,0.056) (0.000,0.049) (0.000,0.046) (0.000,0.050) (0.000,0.029) (0.000,0.063) (0.000,0.040) (0.000,0.064) (0.000,0.049) (0.000,0.051) (0.000,0.046) (0.000,0.050) (0.000,0.078) (0.000,0.061) (0.000,0.045) (0.494,0.994) (0.000,0.069) (0.000,0.058) (0.000,0.054) (0.000,0.055) 
197      518    (0)   16 :  0.011 0.019 0.009 0.008 0.006 0.009 0.010 0.011 0.015 0.010 0.015 0.014 0.011 0.010 0.009 0.792 0.010 0.010 0.011 0.010     (0.000,0.065) (0.000,0.127) (0.000,0.049) (0.000,0.044) (0.000,0.034) (0.000,0.051) (0.000,0.053) (0.000,0.060) (0.000,0.101) (0.000,0.055) (0.000,0.093) (0.000,0.083) (0.000,0.066) (0.000,0.058) (0.000,0.054) (0.431,0.992) (0.000,0.055) (0.000,0.055) (0.000,0.065) (0.000,0.054) 
198      519    (0)   16 :  0.009 0.007 0.008 0.007 0.006 0.010 0.007 0.010 0.006 0.008 0.007 0.008 0.012 0.009 0.007 0.844 0.009 0.009 0.009 0.009     (0.000,0.048) (0.000,0.037) (0.000,0.041) (0.000,0.038) (0.000,0.034) (0.000,0.056) (0.000,0.037) (0.000,0.055) (0.000,0.035) (0.000,0.046) (0.000,0.039) (0.000,0.046) (0.000,0.073) (0.000,0.048) (0.000,0.038) (0.543,0.995) (0.000,0.049) (0.000,0.048) (0.000,0.050) (0.000,0.049) 
199      520    (0)   16 :  0.029 0.012 0.025 0.019 0.012 0.026 0.026 0.028 0.010 0.027 0.012 0.019 0.047 0.034 0.023 0.511 0.050 0.029 0.037 0.023     (0.000,0.210) (0.000,0.071) (0.000,0.183) (0.000,0.133) (0.000,0.069) (0.000,0.186) (0.000,0.184) (0.000,0.201) (0.000,0.062) (0.000,0.198) (0.000,0.073) (0.000,0.125) (0.000,0.360) (0.000,0.258) (0.000,0.166) (0.099,0.870) (0.000,0.362) (0.000,0.210) (0.000,0.283) (0.000,0.161) 
200      521    (0)   16 :  0.053 0.016 0.019 0.040 0.008 0.054 0.042 0.031 0.014 0.022 0.007 0.018 0.053 0.046 0.020 0.404 0.012 0.070 0.035 0.035     (0.000,0.407) (0.000,0.110) (0.000,0.118) (0.000,0.300) (0.000,0.041) (0.000,0.401) (0.000,0.313) (0.000,0.216) (0.000,0.089) (0.000,0.139) (0.000,0.041) (0.000,0.118) (0.000,0.394) (0.000,0.352) (0.000,0.124) (0.000,0.831) (0.000,0.070) (0.000,0.493) (0.000,0.258) (0.000,0.255) 
201      523   (12)   16 :  0.024 0.030 0.031 0.022 0.008 0.031 0.018 0.025 0.034 0.023 0.043 0.093 0.032 0.015 0.022 0.471 0.016 0.019 0.018 0.025     (0.000,0.167) (0.000,0.218) (0.000,0.227) (0.000,0.153) (0.000,0.042) (0.000,0.230) (0.000,0.116) (0.000,0.168) (0.000,0.248) (0.000,0.159) (0.000,0.305) (0.000,0.645) (0.000,0.235) (0.000,0.090) (0.000,0.151) (0.000,0.879) (0.000,0.093) (0.000,0.124) (0.000,0.113) (0.000,0.178) 
202      524    (0)   16 :  0.012 0.007 0.011 0.013 0.006 0.015 0.010 0.012 0.007 0.011 0.007 0.011 0.014 0.015 0.008 0.778 0.015 0.014 0.017 0.016     (0.000,0.071) (0.000,0.039) (0.000,0.062) (0.000,0.073) (0.000,0.029) (0.000,0.088) (0.000,0.053) (0.000,0.071) (0.000,0.041) (0.000,0.062) (0.000,0.040) (0.000,0.064) (0.000,0.088) (0.000,0.093) (0.000,0.046) (0.384,0.992) (0.000,0.088) (0.000,0.085) (0.000,0.106) (0.000,0.100) 
203      526    (0)   19 :  0.025 0.021 0.011 0.018 0.007 0.010 0.019 0.009 0.011 0.013 0.011 0.030 0.008 0.015 0.011 0.013 0.008 0.019 0.721 0.021     (0.000,0.157) (0.000,0.145) (0.000,0.059) (0.000,0.116) (0.000,0.038) (0.000,0.053) (0.000,0.119) (0.000,0.050) (0.000,0.065) (0.000,0.076) (0.000,0.072) (0.000,0.221) (0.000,0.042) (0.000,0.084) (0.000,0.064) (0.000,0.077) (0.000,0.043) (0.000,0.102) (0.225,0.989) (0.000,0.131) 
204      531    (0)    1 :  0.095 0.009 0.025 0.204 0.005 0.164 0.034 0.028 0.008 0.063 0.010 0.010 0.027 0.030 0.135 0.007 0.017 0.042 0.018 0.070     (0.000,0.770) (0.000,0.051) (0.000,0.145) (0.000,0.936) (0.000,0.028) (0.000,0.905) (0.000,0.223) (0.000,0.175) (0.000,0.046) (0.000,0.533) (0.000,0.056) (0.000,0.061) (0.000,0.160) (0.000,0.184) (0.000,0.862) (0.000,0.038) (0.000,0.095) (0.000,0.303) (0.000,0.100) (0.000,0.610) 
205      532    (0)   19 :  0.053 0.012 0.025 0.041 0.008 0.038 0.040 0.033 0.009 0.025 0.010 0.073 0.016 0.036 0.023 0.018 0.035 0.187 0.255 0.062     (0.000,0.418) (0.000,0.071) (0.000,0.160) (0.000,0.311) (0.000,0.040) (0.000,0.282) (0.000,0.303) (0.000,0.240) (0.000,0.055) (0.000,0.161) (0.000,0.062) (0.000,0.447) (0.000,0.091) (0.000,0.260) (0.000,0.158) (0.000,0.121) (0.000,0.261) (0.000,0.886) (0.000,0.865) (0.000,0.480) 
206      533    (0)   18 :  0.110 0.011 0.023 0.065 0.006 0.118 0.033 0.037 0.010 0.059 0.010 0.018 0.058 0.042 0.027 0.009 0.021 0.073 0.036 0.231     (0.000,0.811) (0.000,0.069) (0.000,0.135) (0.000,0.522) (0.000,0.030) (0.000,0.816) (0.000,0.217) (0.000,0.270) (0.000,0.057) (0.000,0.493) (0.000,0.063) (0.000,0.123) (0.000,0.471) (0.000,0.310) (0.000,0.173) (0.000,0.051) (0.000,0.128) (0.000,0.620) (0.000,0.248) (0.000,0.948) 
207      534    (0)    1 :  0.088 0.018 0.059 0.090 0.010 0.227 0.032 0.025 0.008 0.146 0.012 0.016 0.014 0.033 0.028 0.010 0.014 0.039 0.019 0.113     (0.000,0.642) (0.000,0.121) (0.000,0.454) (0.000,0.629) (0.000,0.054) (0.000,0.825) (0.000,0.226) (0.000,0.167) (0.000,0.046) (0.000,0.789) (0.000,0.073) (0.000,0.103) (0.000,0.077) (0.000,0.229) (0.000,0.193) (0.000,0.065) (0.000,0.080) (0.000,0.280) (0.000,0.114) (0.000,0.726) 
208      541    (0)    7 :  0.076 0.019 0.045 0.128 0.008 0.057 0.042 0.065 0.014 0.066 0.015 0.026 0.036 0.053 0.040 0.010 0.043 0.066 0.052 0.139     (0.000,0.625) (0.000,0.130) (0.000,0.345) (0.000,0.813) (0.000,0.041) (0.000,0.454) (0.000,0.312) (0.000,0.520) (0.000,0.094) (0.000,0.544) (0.000,0.100) (0.000,0.182) (0.000,0.260) (0.000,0.426) (0.000,0.287) (0.000,0.055) (0.000,0.332) (0.000,0.548) (0.000,0.408) (0.000,0.864) 
209      542    (0)    1 :  0.125 0.017 0.054 0.090 0.006 0.055 0.085 0.040 0.016 0.058 0.017 0.015 0.019 0.020 0.195 0.009 0.025 0.048 0.023 0.085     (0.000,0.844) (0.000,0.116) (0.000,0.431) (0.000,0.684) (0.000,0.030) (0.000,0.446) (0.000,0.690) (0.000,0.296) (0.000,0.108) (0.000,0.481) (0.000,0.114) (0.000,0.093) (0.000,0.110) (0.000,0.112) (0.000,0.914) (0.000,0.050) (0.000,0.162) (0.000,0.369) (0.000,0.135) (0.000,0.692) 
210      544    (0)   18 :  0.070 0.015 0.034 0.032 0.010 0.031 0.122 0.038 0.010 0.040 0.015 0.061 0.081 0.080 0.019 0.029 0.040 0.131 0.042 0.100     (0.000,0.556) (0.000,0.103) (0.000,0.248) (0.000,0.231) (0.000,0.052) (0.000,0.212) (0.000,0.731) (0.000,0.284) (0.000,0.064) (0.000,0.296) (0.000,0.100) (0.000,0.415) (0.000,0.577) (0.000,0.619) (0.000,0.115) (0.000,0.210) (0.000,0.302) (0.000,0.794) (0.000,0.314) (0.000,0.716) 
211      545    (0)   19 :  0.092 0.014 0.044 0.066 0.007 0.039 0.058 0.068 0.010 0.062 0.012 0.024 0.040 0.057 0.049 0.022 0.066 0.087 0.063 0.121     (0.000,0.720) (0.000,0.091) (0.000,0.334) (0.000,0.514) (0.000,0.036) (0.000,0.285) (0.000,0.469) (0.000,0.545) (0.000,0.060) (0.000,0.510) (0.000,0.077) (0.000,0.167) (0.000,0.290) (0.000,0.461) (0.000,0.374) (0.000,0.145) (0.000,0.523) (0.000,0.705) (0.000,0.521) (0.000,0.825) 
212      546    (0)    7 :  0.121 0.012 0.034 0.057 0.009 0.103 0.068 0.054 0.007 0.099 0.009 0.021 0.039 0.036 0.044 0.012 0.027 0.055 0.040 0.153     (0.000,0.830) (0.000,0.072) (0.000,0.232) (0.000,0.454) (0.000,0.048) (0.000,0.757) (0.000,0.546) (0.000,0.432) (0.000,0.037) (0.000,0.758) (0.000,0.051) (0.000,0.138) (0.000,0.288) (0.000,0.253) (0.000,0.328) (0.000,0.070) (0.000,0.176) (0.000,0.449) (0.000,0.286) (0.000,0.889) 
213      548   (12)    7 :  0.185 0.009 0.030 0.082 0.007 0.034 0.033 0.051 0.008 0.108 0.009 0.012 0.019 0.032 0.037 0.013 0.034 0.056 0.029 0.213     (0.000,0.925) (0.000,0.052) (0.000,0.189) (0.000,0.645) (0.000,0.033) (0.000,0.234) (0.000,0.231) (0.000,0.407) (0.000,0.045) (0.000,0.782) (0.000,0.049) (0.000,0.071) (0.000,0.111) (0.000,0.211) (0.000,0.273) (0.000,0.072) (0.000,0.242) (0.000,0.457) (0.000,0.184) (0.000,0.938) 
214      552   (25)   18 :  0.073 0.035 0.049 0.078 0.009 0.044 0.127 0.039 0.036 0.044 0.030 0.030 0.024 0.035 0.114 0.007 0.025 0.051 0.035 0.116     (0.000,0.602) (0.000,0.263) (0.000,0.382) (0.000,0.606) (0.000,0.046) (0.000,0.329) (0.000,0.828) (0.000,0.295) (0.000,0.274) (0.000,0.331) (0.000,0.215) (0.000,0.215) (0.000,0.142) (0.000,0.241) (0.000,0.760) (0.000,0.036) (0.000,0.159) (0.000,0.410) (0.000,0.240) (0.000,0.811) 
215      554    (0)   13 :  0.051 0.006 0.249 0.150 0.007 0.035 0.018 0.025 0.006 0.114 0.007 0.007 0.098 0.026 0.035 0.007 0.029 0.057 0.029 0.043     (0.000,0.395) (0.000,0.031) (0.000,0.942) (0.000,0.880) (0.000,0.034) (0.000,0.248) (0.000,0.101) (0.000,0.159) (0.000,0.034) (0.000,0.803) (0.000,0.037) (0.000,0.039) (0.000,0.743) (0.000,0.168) (0.000,0.254) (0.000,0.040) (0.000,0.195) (0.000,0.464) (0.000,0.191) (0.000,0.319) 
216      555    (0)    7 :  0.144 0.008 0.122 0.064 0.008 0.043 0.038 0.024 0.007 0.144 0.006 0.011 0.036 0.044 0.049 0.018 0.016 0.075 0.065 0.078     (0.000,0.877) (0.000,0.045) (0.000,0.777) (0.000,0.512) (0.000,0.041) (0.000,0.326) (0.000,0.275) (0.000,0.148) (0.000,0.041) (0.000,0.866) (0.000,0.033) (0.000,0.063) (0.000,0.253) (0.000,0.328) (0.000,0.381) (0.000,0.119) (0.000,0.093) (0.000,0.622) (0.000,0.526) (0.000,0.640) 
217      556   (12)   18 :  0.086 0.006 0.037 0.069 0.007 0.092 0.021 0.088 0.005 0.099 0.005 0.017 0.035 0.058 0.022 0.006 0.071 0.079 0.024 0.176     (0.000,0.687) (0.000,0.030) (0.000,0.253) (0.000,0.539) (0.000,0.038) (0.000,0.655) (0.000,0.122) (0.000,0.682) (0.000,0.028) (0.000,0.698) (0.000,0.028) (0.000,0.110) (0.000,0.248) (0.000,0.459) (0.000,0.142) (0.000,0.031) (0.000,0.538) (0.000,0.642) (0.000,0.144) (0.000,0.902) 
218      559    (0)    1 :  0.078 0.021 0.078 0.071 0.006 0.080 0.059 0.019 0.016 0.071 0.018 0.013 0.023 0.023 0.268 0.007 0.015 0.039 0.034 0.060     (0.000,0.664) (0.000,0.143) (0.000,0.650) (0.000,0.590) (0.000,0.029) (0.000,0.669) (0.000,0.496) (0.000,0.108) (0.000,0.105) (0.000,0.609) (0.000,0.122) (0.000,0.076) (0.000,0.139) (0.000,0.128) (0.000,0.958) (0.000,0.037) (0.000,0.083) (0.000,0.275) (0.000,0.220) (0.000,0.499) 
219      560    (0)    4 :  0.067 0.007 0.411 0.074 0.007 0.019 0.054 0.028 0.007 0.056 0.006 0.008 0.027 0.026 0.062 0.006 0.040 0.043 0.026 0.027     (0.000,0.559) (0.000,0.035) (0.000,0.977) (0.000,0.612) (0.000,0.037) (0.000,0.113) (0.000,0.428) (0.000,0.179) (0.000,0.038) (0.000,0.436) (0.000,0.034) (0.000,0.042) (0.000,0.166) (0.000,0.161) (0.000,0.493) (0.000,0.034) (0.000,0.296) (0.000,0.311) (0.000,0.160) (0.000,0.165) 
220      564    (0)   18 :  0.078 0.007 0.031 0.024 0.006 0.201 0.027 0.097 0.006 0.041 0.006 0.012 0.044 0.096 0.034 0.009 0.090 0.097 0.027 0.068     (0.000,0.653) (0.000,0.040) (0.000,0.202) (0.000,0.144) (0.000,0.032) (0.000,0.928) (0.000,0.166) (0.000,0.750) (0.000,0.033) (0.000,0.299) (0.000,0.031) (0.000,0.070) (0.000,0.326) (0.000,0.755) (0.000,0.247) (0.000,0.050) (0.000,0.687) (0.000,0.769) (0.000,0.167) (0.000,0.566) 
221      568    (0)    3 :  0.198 0.007 0.130 0.027 0.007 0.024 0.177 0.030 0.006 0.075 0.006 0.017 0.025 0.030 0.040 0.017 0.039 0.067 0.035 0.042     (0.000,0.931) (0.000,0.041) (0.000,0.805) (0.000,0.173) (0.000,0.038) (0.000,0.146) (0.000,0.903) (0.000,0.201) (0.000,0.031) (0.000,0.622) (0.000,0.031) (0.000,0.112) (0.000,0.164) (0.000,0.197) (0.000,0.303) (0.000,0.114) (0.000,0.296) (0.000,0.558) (0.000,0.248) (0.000,0.317) 
222      569    (0)   14 :  0.079 0.018 0.040 0.077 0.007 0.061 0.037 0.048 0.022 0.055 0.016 0.014 0.063 0.067 0.029 0.007 0.059 0.085 0.056 0.157     (0.000,0.653) (0.000,0.124) (0.000,0.286) (0.000,0.607) (0.000,0.037) (0.000,0.498) (0.000,0.262) (0.000,0.370) (0.000,0.162) (0.000,0.451) (0.000,0.106) (0.000,0.081) (0.000,0.517) (0.000,0.552) (0.000,0.195) (0.000,0.039) (0.000,0.480) (0.000,0.695) (0.000,0.458) (0.000,0.888) 
223      570    (0)    1 :  0.101 0.066 0.058 0.029 0.009 0.134 0.041 0.029 0.044 0.050 0.033 0.020 0.028 0.040 0.111 0.033 0.023 0.048 0.045 0.058     (0.000,0.733) (0.000,0.433) (0.000,0.469) (0.000,0.197) (0.000,0.046) (0.000,0.824) (0.000,0.314) (0.000,0.194) (0.000,0.306) (0.000,0.397) (0.000,0.244) (0.000,0.135) (0.000,0.180) (0.000,0.302) (0.000,0.714) (0.000,0.231) (0.000,0.148) (0.000,0.384) (0.000,0.353) (0.000,0.466) 
224      571    (0)   18 :  0.064 0.007 0.035 0.056 0.006 0.267 0.026 0.065 0.006 0.037 0.006 0.011 0.032 0.084 0.067 0.008 0.078 0.078 0.022 0.043     (0.000,0.546) (0.000,0.036) (0.000,0.236) (0.000,0.451) (0.000,0.031) (0.000,0.959) (0.000,0.159) (0.000,0.540) (0.000,0.032) (0.000,0.257) (0.000,0.034) (0.000,0.065) (0.000,0.210) (0.000,0.696) (0.000,0.534) (0.000,0.047) (0.000,0.623) (0.000,0.656) (0.000,0.129) (0.000,0.319) 
225      575    (0)   18 :  0.079 0.009 0.031 0.052 0.006 0.125 0.026 0.076 0.008 0.063 0.007 0.010 0.039 0.053 0.101 0.025 0.036 0.093 0.060 0.103     (0.000,0.657) (0.000,0.050) (0.000,0.197) (0.000,0.405) (0.000,0.031) (0.000,0.831) (0.000,0.162) (0.000,0.629) (0.000,0.043) (0.000,0.528) (0.000,0.035) (0.000,0.054) (0.000,0.276) (0.000,0.427) (0.000,0.767) (0.000,0.170) (0.000,0.248) (0.000,0.740) (0.000,0.489) (0.000,0.783) 
226      576    (0)    7 :  0.131 0.030 0.055 0.112 0.009 0.062 0.086 0.024 0.014 0.109 0.018 0.034 0.023 0.024 0.076 0.019 0.017 0.037 0.044 0.079     (0.000,0.850) (0.000,0.213) (0.000,0.450) (0.000,0.793) (0.000,0.051) (0.000,0.507) (0.000,0.681) (0.000,0.147) (0.000,0.087) (0.000,0.793) (0.000,0.116) (0.000,0.242) (0.000,0.139) (0.000,0.144) (0.000,0.612) (0.000,0.126) (0.000,0.095) (0.000,0.255) (0.000,0.328) (0.000,0.645) 
227      580    (0)   18 :  0.080 0.015 0.045 0.246 0.010 0.056 0.059 0.023 0.013 0.090 0.014 0.013 0.030 0.032 0.056 0.006 0.070 0.044 0.041 0.056     (0.000,0.674) (0.000,0.095) (0.000,0.336) (0.000,0.951) (0.000,0.056) (0.000,0.460) (0.000,0.483) (0.000,0.136) (0.000,0.084) (0.000,0.721) (0.000,0.085) (0.000,0.077) (0.000,0.191) (0.000,0.212) (0.000,0.455) (0.000,0.031) (0.000,0.567) (0.000,0.327) (0.000,0.302) (0.000,0.458) 
228      582    (0)    6 :  0.061 0.010 0.023 0.027 0.013 0.172 0.020 0.040 0.017 0.041 0.011 0.009 0.136 0.100 0.029 0.006 0.126 0.065 0.024 0.071     (0.000,0.499) (0.000,0.057) (0.000,0.140) (0.000,0.180) (0.000,0.076) (0.000,0.883) (0.000,0.112) (0.000,0.295) (0.000,0.123) (0.000,0.299) (0.000,0.068) (0.000,0.050) (0.000,0.813) (0.000,0.755) (0.000,0.198) (0.000,0.032) (0.000,0.826) (0.000,0.541) (0.000,0.140) (0.000,0.586) 
229      583    (0)   16 :  0.022 0.019 0.016 0.016 0.008 0.031 0.012 0.023 0.015 0.017 0.013 0.018 0.017 0.017 0.015 0.676 0.015 0.016 0.016 0.020     (0.000,0.135) (0.000,0.121) (0.000,0.089) (0.000,0.096) (0.000,0.039) (0.000,0.206) (0.000,0.065) (0.000,0.157) (0.000,0.098) (0.000,0.106) (0.000,0.079) (0.000,0.099) (0.000,0.103) (0.000,0.102) (0.000,0.086) (0.004,0.986) (0.000,0.087) (0.000,0.096) (0.000,0.094) (0.000,0.122) 
230      584    (0)   16 :  0.040 0.071 0.029 0.024 0.010 0.028 0.031 0.035 0.078 0.021 0.039 0.038 0.017 0.020 0.035 0.371 0.023 0.028 0.025 0.038     (0.000,0.305) (0.000,0.481) (0.000,0.202) (0.000,0.161) (0.000,0.051) (0.000,0.186) (0.000,0.231) (0.000,0.268) (0.000,0.471) (0.000,0.138) (0.000,0.298) (0.000,0.291) (0.000,0.102) (0.000,0.124) (0.000,0.263) (0.000,0.898) (0.000,0.159) (0.000,0.200) (0.000,0.167) (0.000,0.287) 
231      592    (0)    7 :  0.070 0.011 0.061 0.057 0.008 0.049 0.051 0.086 0.009 0.065 0.008 0.007 0.031 0.088 0.138 0.008 0.109 0.057 0.043 0.045     (0.000,0.590) (0.000,0.065) (0.000,0.505) (0.000,0.466) (0.000,0.042) (0.000,0.377) (0.000,0.404) (0.000,0.695) (0.000,0.054) (0.000,0.546) (0.000,0.044) (0.000,0.037) (0.000,0.200) (0.000,0.719) (0.000,0.861) (0.000,0.042) (0.000,0.803) (0.000,0.468) (0.000,0.313) (0.000,0.334) 
232      593    (0)   18 :  0.042 0.014 0.038 0.040 0.007 0.156 0.019 0.113 0.012 0.034 0.012 0.009 0.103 0.092 0.075 0.013 0.053 0.065 0.029 0.076     (0.000,0.307) (0.000,0.089) (0.000,0.271) (0.000,0.301) (0.000,0.034) (0.000,0.860) (0.000,0.110) (0.000,0.786) (0.000,0.078) (0.000,0.237) (0.000,0.071) (0.000,0.052) (0.000,0.743) (0.000,0.724) (0.000,0.595) (0.000,0.073) (0.000,0.418) (0.000,0.542) (0.000,0.184) (0.000,0.629) 
233      599    (0)    4 :  0.089 0.021 0.048 0.087 0.007 0.073 0.033 0.078 0.022 0.061 0.016 0.012 0.039 0.058 0.053 0.013 0.067 0.074 0.059 0.090     (0.000,0.722) (0.000,0.144) (0.000,0.375) (0.000,0.681) (0.000,0.038) (0.000,0.599) (0.000,0.219) (0.000,0.635) (0.000,0.160) (0.000,0.502) (0.000,0.101) (0.000,0.070) (0.000,0.278) (0.000,0.479) (0.000,0.420) (0.000,0.073) (0.000,0.551) (0.000,0.615) (0.000,0.479) (0.000,0.710) 
234      604    (0)   18 :  0.055 0.008 0.033 0.048 0.007 0.055 0.026 0.048 0.009 0.046 0.009 0.011 0.189 0.060 0.014 0.007 0.069 0.077 0.042 0.188     (0.000,0.451) (0.000,0.043) (0.000,0.214) (0.000,0.366) (0.000,0.034) (0.000,0.444) (0.000,0.152) (0.000,0.373) (0.000,0.052) (0.000,0.351) (0.000,0.051) (0.000,0.065) (0.000,0.924) (0.000,0.498) (0.000,0.079) (0.000,0.036) (0.000,0.573) (0.000,0.660) (0.000,0.306) (0.000,0.931) 
235      612    (0)   18 :  0.027 0.005 0.021 0.016 0.007 0.172 0.015 0.038 0.005 0.025 0.004 0.007 0.337 0.058 0.040 0.007 0.064 0.054 0.036 0.059     (0.000,0.168) (0.000,0.028) (0.000,0.121) (0.000,0.094) (0.000,0.037) (0.000,0.906) (0.000,0.084) (0.000,0.264) (0.000,0.024) (0.000,0.160) (0.000,0.024) (0.000,0.039) (0.000,0.972) (0.000,0.478) (0.000,0.297) (0.000,0.037) (0.000,0.525) (0.000,0.440) (0.000,0.256) (0.000,0.488) 
236      613    (0)   18 :  0.028 0.005 0.018 0.013 0.006 0.248 0.014 0.040 0.005 0.023 0.004 0.007 0.313 0.051 0.041 0.008 0.038 0.050 0.027 0.061     (0.000,0.174) (0.000,0.027) (0.000,0.098) (0.000,0.074) (0.000,0.032) (0.000,0.954) (0.000,0.077) (0.000,0.287) (0.000,0.024) (0.000,0.136) (0.000,0.023) (0.000,0.036) (0.000,0.971) (0.000,0.407) (0.000,0.307) (0.000,0.042) (0.000,0.265) (0.000,0.388) (0.000,0.171) (0.000,0.510) 
237      615    (0)   15 :  0.088 0.007 0.034 0.017 0.007 0.035 0.158 0.035 0.006 0.039 0.005 0.010 0.040 0.066 0.025 0.008 0.031 0.182 0.060 0.145     (0.000,0.719) (0.000,0.039) (0.000,0.227) (0.000,0.100) (0.000,0.038) (0.000,0.247) (0.000,0.876) (0.000,0.244) (0.000,0.032) (0.000,0.285) (0.000,0.028) (0.000,0.053) (0.000,0.292) (0.000,0.543) (0.000,0.163) (0.000,0.046) (0.000,0.216) (0.000,0.919) (0.000,0.484) (0.000,0.885) 
238      616    (0)   17 :  0.066 0.011 0.024 0.017 0.008 0.028 0.037 0.061 0.008 0.049 0.008 0.018 0.138 0.054 0.034 0.050 0.178 0.088 0.066 0.059     (0.000,0.544) (0.000,0.064) (0.000,0.143) (0.000,0.096) (0.000,0.042) (0.000,0.179) (0.000,0.258) (0.000,0.502) (0.000,0.050) (0.000,0.380) (0.000,0.045) (0.000,0.124) (0.000,0.832) (0.000,0.429) (0.000,0.242) (0.000,0.375) (0.000,0.903) (0.000,0.703) (0.000,0.545) (0.000,0.483) 
239      620    (0)   13 :  0.098 0.008 0.038 0.033 0.006 0.058 0.051 0.081 0.008 0.058 0.007 0.010 0.079 0.045 0.047 0.013 0.061 0.106 0.048 0.145     (0.000,0.771) (0.000,0.045) (0.000,0.262) (0.000,0.225) (0.000,0.031) (0.000,0.471) (0.000,0.397) (0.000,0.659) (0.000,0.046) (0.000,0.473) (0.000,0.040) (0.000,0.057) (0.000,0.644) (0.000,0.338) (0.000,0.362) (0.000,0.075) (0.000,0.492) (0.000,0.801) (0.000,0.367) (0.000,0.881) 
240      623    (0)   18 :  0.063 0.010 0.047 0.039 0.008 0.133 0.033 0.054 0.010 0.041 0.010 0.016 0.061 0.034 0.101 0.104 0.049 0.075 0.041 0.073     (0.000,0.517) (0.000,0.060) (0.000,0.363) (0.000,0.292) (0.000,0.043) (0.000,0.804) (0.000,0.228) (0.000,0.436) (0.000,0.064) (0.000,0.308) (0.000,0.060) (0.000,0.104) (0.000,0.488) (0.000,0.236) (0.000,0.680) (0.000,0.516) (0.000,0.380) (0.000,0.605) (0.000,0.302) (0.000,0.597) 
241      624    (0)    3 :  0.074 0.008 0.041 0.036 0.006 0.088 0.043 0.064 0.008 0.032 0.008 0.017 0.030 0.083 0.057 0.011 0.167 0.129 0.040 0.059     (0.000,0.612) (0.000,0.047) (0.000,0.298) (0.000,0.259) (0.000,0.032) (0.000,0.666) (0.000,0.321) (0.000,0.528) (0.000,0.044) (0.000,0.213) (0.000,0.042) (0.000,0.113) (0.000,0.197) (0.000,0.671) (0.000,0.444) (0.000,0.061) (0.000,0.884) (0.000,0.852) (0.000,0.284) (0.000,0.482) 
242      625    (0)   18 :  0.041 0.006 0.102 0.071 0.006 0.031 0.033 0.125 0.005 0.066 0.006 0.009 0.144 0.031 0.076 0.015 0.070 0.067 0.036 0.060     (0.000,0.295) (0.000,0.032) (0.000,0.760) (0.000,0.575) (0.000,0.033) (0.000,0.217) (0.000,0.219) (0.000,0.834) (0.000,0.026) (0.000,0.548) (0.000,0.034) (0.000,0.050) (0.000,0.859) (0.000,0.205) (0.000,0.604) (0.000,0.094) (0.000,0.576) (0.000,0.564) (0.000,0.247) (0.000,0.494) 
243      626    (0)   18 :  0.061 0.006 0.052 0.041 0.007 0.051 0.039 0.136 0.005 0.084 0.006 0.011 0.072 0.045 0.086 0.026 0.068 0.079 0.055 0.074     (0.000,0.502) (0.000,0.033) (0.000,0.415) (0.000,0.299) (0.000,0.034) (0.000,0.396) (0.000,0.276) (0.000,0.857) (0.000,0.025) (0.000,0.690) (0.000,0.029) (0.000,0.060) (0.000,0.596) (0.000,0.334) (0.000,0.679) (0.000,0.179) (0.000,0.558) (0.000,0.662) (0.000,0.450) (0.000,0.616) 
244      627    (0)   10 :  0.070 0.007 0.047 0.037 0.007 0.094 0.043 0.086 0.005 0.070 0.006 0.008 0.066 0.079 0.095 0.011 0.044 0.078 0.061 0.086     (0.000,0.593) (0.000,0.037) (0.000,0.352) (0.000,0.256) (0.000,0.035) (0.000,0.728) (0.000,0.317) (0.000,0.688) (0.000,0.028) (0.000,0.596) (0.000,0.029) (0.000,0.045) (0.000,0.552) (0.000,0.662) (0.000,0.739) (0.000,0.065) (0.000,0.328) (0.000,0.662) (0.000,0.508) (0.000,0.711) 
245      630    (0)   18 :  0.038 0.008 0.050 0.083 0.007 0.044 0.024 0.060 0.006 0.057 0.007 0.014 0.067 0.088 0.035 0.017 0.110 0.090 0.112 0.085     (0.000,0.269) (0.000,0.042) (0.000,0.387) (0.000,0.667) (0.000,0.036) (0.000,0.330) (0.000,0.141) (0.000,0.492) (0.000,0.034) (0.000,0.460) (0.000,0.037) (0.000,0.077) (0.000,0.565) (0.000,0.715) (0.000,0.240) (0.000,0.110) (0.000,0.787) (0.000,0.730) (0.000,0.814) (0.000,0.696) 
246      634    (0)   18 :  0.055 0.032 0.092 0.166 0.010 0.040 0.072 0.026 0.024 0.073 0.032 0.031 0.035 0.036 0.041 0.006 0.045 0.045 0.047 0.092     (0.000,0.449) (0.000,0.239) (0.000,0.701) (0.000,0.891) (0.000,0.052) (0.000,0.294) (0.000,0.582) (0.000,0.170) (0.000,0.174) (0.000,0.597) (0.000,0.237) (0.000,0.221) (0.000,0.252) (0.000,0.249) (0.000,0.303) (0.000,0.033) (0.000,0.348) (0.000,0.346) (0.000,0.366) (0.000,0.717) 
247      635   (12)    4 :  0.075 0.010 0.038 0.079 0.023 0.081 0.048 0.036 0.011 0.086 0.009 0.032 0.052 0.077 0.056 0.019 0.032 0.065 0.086 0.086     (0.000,0.620) (0.000,0.054) (0.000,0.276) (0.000,0.636) (0.000,0.153) (0.000,0.625) (0.000,0.375) (0.000,0.254) (0.000,0.064) (0.000,0.687) (0.000,0.050) (0.000,0.235) (0.000,0.411) (0.000,0.629) (0.000,0.442) (0.000,0.128) (0.000,0.226) (0.000,0.541) (0.000,0.685) (0.000,0.681) 
248      639    (0)   17 :  0.089 0.007 0.038 0.051 0.007 0.030 0.094 0.029 0.005 0.047 0.005 0.009 0.024 0.068 0.181 0.027 0.056 0.084 0.092 0.057     (0.000,0.721) (0.000,0.037) (0.000,0.262) (0.000,0.397) (0.000,0.039) (0.000,0.191) (0.000,0.722) (0.000,0.179) (0.000,0.029) (0.000,0.359) (0.000,0.028) (0.000,0.052) (0.000,0.142) (0.000,0.565) (0.000,0.902) (0.000,0.196) (0.000,0.446) (0.000,0.691) (0.000,0.714) (0.000,0.466) 
249      640    (0)   13 :  0.059 0.019 0.034 0.054 0.009 0.061 0.046 0.051 0.024 0.047 0.018 0.047 0.160 0.041 0.039 0.011 0.057 0.065 0.057 0.098     (0.000,0.488) (0.000,0.132) (0.000,0.239) (0.000,0.428) (0.000,0.051) (0.000,0.499) (0.000,0.355) (0.000,0.404) (0.000,0.174) (0.000,0.359) (0.000,0.124) (0.000,0.352) (0.000,0.874) (0.000,0.301) (0.000,0.293) (0.000,0.064) (0.000,0.455) (0.000,0.544) (0.000,0.466) (0.000,0.730) 
250      641    (0)    7 :  0.131 0.013 0.033 0.072 0.008 0.131 0.074 0.029 0.011 0.070 0.011 0.011 0.036 0.044 0.075 0.007 0.030 0.063 0.040 0.112     (0.000,0.860) (0.000,0.077) (0.000,0.218) (0.000,0.591) (0.000,0.040) (0.000,0.846) (0.000,0.606) (0.000,0.183) (0.000,0.066) (0.000,0.583) (0.000,0.063) (0.000,0.061) (0.000,0.248) (0.000,0.331) (0.000,0.609) (0.000,0.040) (0.000,0.195) (0.000,0.529) (0.000,0.285) (0.000,0.808) 
251      642    (0)    1 :  0.070 0.006 0.023 0.048 0.009 0.346 0.022 0.043 0.008 0.066 0.006 0.014 0.055 0.026 0.053 0.010 0.020 0.053 0.029 0.092     (0.000,0.605) (0.000,0.029) (0.000,0.132) (0.000,0.373) (0.000,0.050) (0.000,0.976) (0.000,0.125) (0.000,0.327) (0.000,0.045) (0.000,0.563) (0.000,0.035) (0.000,0.080) (0.000,0.456) (0.000,0.153) (0.000,0.429) (0.000,0.056) (0.000,0.109) (0.000,0.434) (0.000,0.178) (0.000,0.749) 
252      647    (0)    7 :  0.089 0.013 0.083 0.021 0.007 0.056 0.078 0.105 0.011 0.061 0.009 0.008 0.046 0.066 0.072 0.007 0.047 0.067 0.041 0.113     (0.000,0.717) (0.000,0.085) (0.000,0.663) (0.000,0.125) (0.000,0.035) (0.000,0.454) (0.000,0.639) (0.000,0.770) (0.000,0.064) (0.000,0.507) (0.000,0.053) (0.000,0.042) (0.000,0.354) (0.000,0.555) (0.000,0.567) (0.000,0.038) (0.000,0.355) (0.000,0.559) (0.000,0.297) (0.000,0.811) 
253      651    (0)   13 :  0.037 0.007 0.083 0.060 0.011 0.032 0.059 0.225 0.006 0.060 0.006 0.018 0.057 0.042 0.045 0.014 0.036 0.045 0.051 0.105     (0.000,0.258) (0.000,0.038) (0.000,0.685) (0.000,0.488) (0.000,0.060) (0.000,0.216) (0.000,0.485) (0.000,0.942) (0.000,0.030) (0.000,0.504) (0.000,0.029) (0.000,0.108) (0.000,0.466) (0.000,0.306) (0.000,0.340) (0.000,0.091) (0.000,0.258) (0.000,0.337) (0.000,0.403) (0.000,0.794) 
254      660    (0)    7 :  0.146 0.025 0.071 0.046 0.008 0.036 0.074 0.039 0.018 0.091 0.024 0.013 0.040 0.037 0.036 0.014 0.109 0.060 0.038 0.075     (0.000,0.871) (0.000,0.184) (0.000,0.577) (0.000,0.353) (0.000,0.043) (0.000,0.251) (0.000,0.599) (0.000,0.291) (0.000,0.124) (0.000,0.710) (0.000,0.173) (0.000,0.079) (0.000,0.295) (0.000,0.257) (0.000,0.256) (0.000,0.087) (0.000,0.755) (0.000,0.497) (0.000,0.271) (0.000,0.614) 
255      662   (12)   13 :  0.055 0.008 0.047 0.056 0.010 0.042 0.024 0.055 0.007 0.061 0.008 0.009 0.101 0.071 0.019 0.011 0.227 0.063 0.068 0.057     (0.000,0.452) (0.000,0.043) (0.000,0.363) (0.000,0.455) (0.000,0.052) (0.000,0.310) (0.000,0.136) (0.000,0.452) (0.000,0.041) (0.000,0.514) (0.000,0.042) (0.000,0.049) (0.000,0.772) (0.000,0.607) (0.000,0.105) (0.000,0.062) (0.000,0.948) (0.000,0.538) (0.000,0.580) (0.000,0.473) 
256      663   (12)   13 :  0.095 0.010 0.035 0.029 0.008 0.095 0.028 0.083 0.009 0.053 0.008 0.008 0.088 0.098 0.030 0.016 0.070 0.086 0.051 0.101     (0.000,0.757) (0.000,0.055) (0.000,0.236) (0.000,0.186) (0.000,0.039) (0.000,0.740) (0.000,0.171) (0.000,0.693) (0.000,0.051) (0.000,0.428) (0.000,0.044) (0.000,0.042) (0.000,0.704) (0.000,0.774) (0.000,0.191) (0.000,0.092) (0.000,0.589) (0.000,0.718) (0.000,0.402) (0.000,0.782) 
257      664    (0)   16 :  0.015 0.012 0.012 0.012 0.006 0.019 0.010 0.017 0.011 0.013 0.010 0.012 0.023 0.017 0.012 0.734 0.020 0.016 0.015 0.015     (0.000,0.095) (0.000,0.071) (0.000,0.067) (0.000,0.070) (0.000,0.034) (0.000,0.119) (0.000,0.055) (0.000,0.109) (0.000,0.071) (0.000,0.078) (0.000,0.059) (0.000,0.068) (0.000,0.160) (0.000,0.107) (0.000,0.069) (0.311,0.988) (0.000,0.128) (0.000,0.096) (0.000,0.088) (0.000,0.087) 
258      668    (0)    7 :  0.074 0.017 0.092 0.092 0.008 0.096 0.054 0.049 0.016 0.032 0.016 0.044 0.028 0.083 0.038 0.013 0.059 0.073 0.039 0.078     (0.000,0.602) (0.000,0.110) (0.000,0.699) (0.000,0.693) (0.000,0.042) (0.000,0.698) (0.000,0.432) (0.000,0.382) (0.000,0.111) (0.000,0.217) (0.000,0.105) (0.000,0.321) (0.000,0.178) (0.000,0.654) (0.000,0.284) (0.000,0.080) (0.000,0.450) (0.000,0.601) (0.000,0.283) (0.000,0.631) 
259      675    (0)    7 :  0.053 0.006 0.066 0.068 0.008 0.073 0.036 0.146 0.006 0.064 0.006 0.008 0.071 0.059 0.064 0.010 0.084 0.060 0.042 0.071     (0.000,0.423) (0.000,0.035) (0.000,0.553) (0.000,0.572) (0.000,0.039) (0.000,0.600) (0.000,0.242) (0.000,0.887) (0.000,0.032) (0.000,0.543) (0.000,0.033) (0.000,0.044) (0.000,0.594) (0.000,0.483) (0.000,0.524) (0.000,0.054) (0.000,0.685) (0.000,0.500) (0.000,0.309) (0.000,0.606) 
260      676    (0)   14 :  0.050 0.008 0.067 0.047 0.009 0.034 0.041 0.079 0.007 0.066 0.007 0.009 0.047 0.076 0.048 0.009 0.201 0.059 0.088 0.047     (0.000,0.394) (0.000,0.047) (0.000,0.575) (0.000,0.358) (0.000,0.048) (0.000,0.225) (0.000,0.290) (0.000,0.662) (0.000,0.036) (0.000,0.563) (0.000,0.036) (0.000,0.048) (0.000,0.356) (0.000,0.649) (0.000,0.367) (0.000,0.052) (0.000,0.935) (0.000,0.493) (0.000,0.720) (0.000,0.361) 
261      681    (0)   18 :  0.069 0.031 0.035 0.060 0.009 0.045 0.049 0.044 0.022 0.034 0.010 0.012 0.061 0.156 0.030 0.009 0.056 0.137 0.079 0.052     (0.000,0.575) (0.000,0.231) (0.000,0.242) (0.000,0.469) (0.000,0.049) (0.000,0.343) (0.000,0.382) (0.000,0.337) (0.000,0.157) (0.000,0.239) (0.000,0.056) (0.000,0.068) (0.000,0.492) (0.000,0.887) (0.000,0.203) (0.000,0.047) (0.000,0.451) (0.000,0.854) (0.000,0.625) (0.000,0.416) 
262      682    (0)   14 :  0.059 0.015 0.044 0.037 0.011 0.125 0.045 0.065 0.012 0.047 0.011 0.012 0.084 0.067 0.078 0.007 0.076 0.063 0.039 0.102     (0.000,0.472) (0.000,0.101) (0.000,0.333) (0.000,0.270) (0.000,0.060) (0.000,0.786) (0.000,0.344) (0.000,0.522) (0.000,0.076) (0.000,0.360) (0.000,0.067) (0.000,0.069) (0.000,0.639) (0.000,0.548) (0.000,0.599) (0.000,0.037) (0.000,0.612) (0.000,0.515) (0.000,0.282) (0.000,0.762) 
263      686    (0)   14 :  0.037 0.009 0.051 0.068 0.007 0.036 0.022 0.085 0.008 0.046 0.008 0.011 0.053 0.098 0.029 0.022 0.172 0.079 0.091 0.068     (0.000,0.260) (0.000,0.053) (0.000,0.403) (0.000,0.562) (0.000,0.037) (0.000,0.249) (0.000,0.125) (0.000,0.684) (0.000,0.046) (0.000,0.355) (0.000,0.047) (0.000,0.062) (0.000,0.431) (0.000,0.767) (0.000,0.182) (0.000,0.143) (0.000,0.909) (0.000,0.668) (0.000,0.727) (0.000,0.580) 
264      687    (0)   13 :  0.076 0.017 0.046 0.029 0.007 0.054 0.039 0.104 0.013 0.049 0.010 0.011 0.043 0.106 0.047 0.016 0.061 0.088 0.082 0.102     (0.000,0.643) (0.000,0.115) (0.000,0.351) (0.000,0.180) (0.000,0.037) (0.000,0.435) (0.000,0.278) (0.000,0.773) (0.000,0.082) (0.000,0.377) (0.000,0.061) (0.000,0.060) (0.000,0.315) (0.000,0.791) (0.000,0.366) (0.000,0.093) (0.000,0.506) (0.000,0.715) (0.000,0.677) (0.000,0.780) 
265      692   (12)   17 :  0.060 0.017 0.082 0.090 0.020 0.077 0.044 0.045 0.031 0.083 0.022 0.022 0.042 0.050 0.067 0.008 0.074 0.053 0.052 0.063     (0.000,0.494) (0.000,0.111) (0.000,0.633) (0.000,0.689) (0.000,0.131) (0.000,0.610) (0.000,0.335) (0.000,0.350) (0.000,0.227) (0.000,0.667) (0.000,0.156) (0.000,0.144) (0.000,0.313) (0.000,0.393) (0.000,0.539) (0.000,0.043) (0.000,0.587) (0.000,0.426) (0.000,0.409) (0.000,0.514) 
266      693    (0)    3 :  0.048 0.008 0.506 0.034 0.008 0.012 0.113 0.025 0.006 0.024 0.007 0.025 0.027 0.018 0.022 0.015 0.024 0.030 0.026 0.023     (0.000,0.367) (0.000,0.042) (0.000,0.983) (0.000,0.242) (0.000,0.040) (0.000,0.067) (0.000,0.784) (0.000,0.163) (0.000,0.031) (0.000,0.143) (0.000,0.036) (0.000,0.165) (0.000,0.182) (0.000,0.109) (0.000,0.139) (0.000,0.101) (0.000,0.148) (0.000,0.185) (0.000,0.167) (0.000,0.142) 
267      694    (0)   19 :  0.056 0.012 0.022 0.040 0.007 0.189 0.022 0.037 0.010 0.025 0.006 0.008 0.165 0.110 0.041 0.010 0.041 0.116 0.041 0.040     (0.000,0.454) (0.000,0.071) (0.000,0.129) (0.000,0.298) (0.000,0.039) (0.000,0.910) (0.000,0.128) (0.000,0.267) (0.000,0.058) (0.000,0.157) (0.000,0.034) (0.000,0.045) (0.000,0.887) (0.000,0.798) (0.000,0.304) (0.000,0.057) (0.000,0.305) (0.000,0.819) (0.000,0.305) (0.000,0.290) 
268      697    (0)   14 :  0.048 0.007 0.049 0.082 0.008 0.052 0.022 0.072 0.006 0.058 0.006 0.010 0.058 0.052 0.034 0.021 0.179 0.076 0.098 0.063     (0.000,0.373) (0.000,0.036) (0.000,0.384) (0.000,0.667) (0.000,0.040) (0.000,0.414) (0.000,0.123) (0.000,0.605) (0.000,0.034) (0.000,0.473) (0.000,0.033) (0.000,0.056) (0.000,0.471) (0.000,0.420) (0.000,0.229) (0.000,0.137) (0.000,0.916) (0.000,0.646) (0.000,0.759) (0.000,0.530) 
269      703    (0)    1 :  0.085 0.022 0.035 0.028 0.011 0.049 0.061 0.065 0.022 0.050 0.015 0.019 0.091 0.065 0.058 0.013 0.127 0.065 0.066 0.055     (0.000,0.683) (0.000,0.158) (0.000,0.244) (0.000,0.183) (0.000,0.060) (0.000,0.385) (0.000,0.504) (0.000,0.534) (0.000,0.158) (0.000,0.397) (0.000,0.096) (0.000,0.127) (0.000,0.679) (0.000,0.544) (0.000,0.465) (0.000,0.079) (0.000,0.826) (0.000,0.539) (0.000,0.543) (0.000,0.447) 
270      704    (0)    1 :  0.118 0.009 0.045 0.055 0.008 0.079 0.064 0.062 0.008 0.055 0.007 0.011 0.040 0.067 0.076 0.023 0.029 0.069 0.067 0.106     (0.000,0.834) (0.000,0.052) (0.000,0.335) (0.000,0.445) (0.000,0.042) (0.000,0.637) (0.000,0.525) (0.000,0.515) (0.000,0.044) (0.000,0.450) (0.000,0.038) (0.000,0.062) (0.000,0.289) (0.000,0.556) (0.000,0.621) (0.000,0.154) (0.000,0.190) (0.000,0.591) (0.000,0.553) (0.000,0.789) 
271      705    (0)   13 :  0.091 0.035 0.057 0.037 0.009 0.065 0.059 0.053 0.037 0.054 0.031 0.023 0.088 0.050 0.077 0.016 0.064 0.055 0.041 0.059     (0.000,0.697) (0.000,0.261) (0.000,0.451) (0.000,0.276) (0.000,0.048) (0.000,0.522) (0.000,0.482) (0.000,0.424) (0.000,0.272) (0.000,0.431) (0.000,0.225) (0.000,0.157) (0.000,0.649) (0.000,0.394) (0.000,0.590) (0.000,0.098) (0.000,0.508) (0.000,0.442) (0.000,0.307) (0.000,0.481) 
272      708    (0)    1 :  0.147 0.008 0.044 0.116 0.010 0.027 0.036 0.029 0.006 0.193 0.007 0.007 0.018 0.043 0.031 0.006 0.142 0.035 0.033 0.062     (0.000,0.889) (0.000,0.043) (0.000,0.327) (0.000,0.824) (0.000,0.053) (0.000,0.171) (0.000,0.253) (0.000,0.186) (0.000,0.035) (0.000,0.927) (0.000,0.038) (0.000,0.036) (0.000,0.101) (0.000,0.322) (0.000,0.212) (0.000,0.033) (0.000,0.873) (0.000,0.235) (0.000,0.224) (0.000,0.508) 
273      709    (0)   10 :  0.084 0.015 0.042 0.116 0.010 0.038 0.057 0.038 0.013 0.044 0.012 0.036 0.038 0.056 0.029 0.082 0.022 0.053 0.093 0.122     (0.000,0.680) (0.000,0.090) (0.000,0.313) (0.000,0.807) (0.000,0.052) (0.000,0.275) (0.000,0.462) (0.000,0.274) (0.000,0.078) (0.000,0.328) (0.000,0.070) (0.000,0.267) (0.000,0.276) (0.000,0.455) (0.000,0.187) (0.000,0.574) (0.000,0.138) (0.000,0.422) (0.000,0.727) (0.000,0.831) 
274      710    (0)   13 :  0.063 0.011 0.046 0.055 0.007 0.030 0.038 0.066 0.012 0.042 0.009 0.011 0.031 0.051 0.058 0.023 0.195 0.099 0.085 0.072     (0.000,0.518) (0.000,0.065) (0.000,0.348) (0.000,0.437) (0.000,0.035) (0.000,0.190) (0.000,0.265) (0.000,0.551) (0.000,0.072) (0.000,0.302) (0.000,0.052) (0.000,0.060) (0.000,0.198) (0.000,0.404) (0.000,0.460) (0.000,0.154) (0.000,0.921) (0.000,0.770) (0.000,0.685) (0.000,0.606) 
275      712    (0)   18 :  0.078 0.017 0.038 0.090 0.010 0.031 0.044 0.029 0.012 0.041 0.012 0.036 0.034 0.067 0.023 0.159 0.026 0.049 0.119 0.084     (0.000,0.642) (0.000,0.108) (0.000,0.268) (0.000,0.711) (0.000,0.053) (0.000,0.204) (0.000,0.327) (0.000,0.191) (0.000,0.075) (0.000,0.299) (0.000,0.074) (0.000,0.265) (0.000,0.234) (0.000,0.558) (0.000,0.136) (0.000,0.831) (0.000,0.176) (0.000,0.386) (0.000,0.824) (0.000,0.687) 
276      713    (0)   18 :  0.051 0.010 0.040 0.086 0.007 0.053 0.019 0.052 0.009 0.045 0.009 0.011 0.051 0.090 0.027 0.033 0.151 0.088 0.100 0.068     (0.000,0.399) (0.000,0.057) (0.000,0.285) (0.000,0.696) (0.000,0.036) (0.000,0.417) (0.000,0.103) (0.000,0.416) (0.000,0.054) (0.000,0.340) (0.000,0.052) (0.000,0.061) (0.000,0.409) (0.000,0.729) (0.000,0.161) (0.000,0.239) (0.000,0.886) (0.000,0.716) (0.000,0.770) (0.000,0.579) 
277      716    (0)    7 :  0.085 0.009 0.089 0.067 0.006 0.065 0.062 0.077 0.011 0.056 0.011 0.009 0.035 0.024 0.197 0.010 0.043 0.053 0.025 0.067     (0.000,0.708) (0.000,0.055) (0.000,0.720) (0.000,0.558) (0.000,0.029) (0.000,0.535) (0.000,0.514) (0.000,0.632) (0.000,0.064) (0.000,0.457) (0.000,0.064) (0.000,0.046) (0.000,0.236) (0.000,0.137) (0.000,0.928) (0.000,0.059) (0.000,0.319) (0.000,0.427) (0.000,0.142) (0.000,0.568) 
278      717    (0)   14 :  0.090 0.012 0.041 0.054 0.006 0.116 0.030 0.085 0.013 0.047 0.011 0.011 0.055 0.063 0.044 0.018 0.043 0.083 0.054 0.124     (0.000,0.731) (0.000,0.076) (0.000,0.295) (0.000,0.428) (0.000,0.032) (0.000,0.811) (0.000,0.193) (0.000,0.685) (0.000,0.084) (0.000,0.359) (0.000,0.065) (0.000,0.059) (0.000,0.447) (0.000,0.530) (0.000,0.330) (0.000,0.105) (0.000,0.314) (0.000,0.691) (0.000,0.438) (0.000,0.844) 
279      718    (0)   18 :  0.075 0.035 0.059 0.064 0.008 0.031 0.042 0.027 0.024 0.042 0.020 0.023 0.024 0.079 0.039 0.068 0.041 0.070 0.148 0.082     (0.000,0.618) (0.000,0.263) (0.000,0.479) (0.000,0.521) (0.000,0.041) (0.000,0.202) (0.000,0.307) (0.000,0.170) (0.000,0.174) (0.000,0.317) (0.000,0.138) (0.000,0.152) (0.000,0.143) (0.000,0.642) (0.000,0.283) (0.000,0.483) (0.000,0.310) (0.000,0.577) (0.000,0.862) (0.000,0.664) 
280      724   (12)   13 :  0.030 0.006 0.075 0.042 0.010 0.037 0.031 0.144 0.005 0.050 0.006 0.010 0.105 0.089 0.030 0.011 0.131 0.060 0.066 0.062     (0.000,0.189) (0.000,0.033) (0.000,0.642) (0.000,0.307) (0.000,0.053) (0.000,0.255) (0.000,0.192) (0.000,0.886) (0.000,0.026) (0.000,0.395) (0.000,0.030) (0.000,0.051) (0.000,0.801) (0.000,0.736) (0.000,0.190) (0.000,0.063) (0.000,0.866) (0.000,0.502) (0.000,0.564) (0.000,0.521) 
281      726    (0)    8 :  0.063 0.004 0.036 0.035 0.006 0.118 0.029 0.077 0.004 0.040 0.004 0.005 0.111 0.091 0.040 0.011 0.094 0.093 0.036 0.101     (0.000,0.526) (0.000,0.022) (0.000,0.246) (0.000,0.235) (0.000,0.030) (0.000,0.826) (0.000,0.184) (0.000,0.648) (0.000,0.022) (0.000,0.287) (0.000,0.023) (0.000,0.028) (0.000,0.812) (0.000,0.737) (0.000,0.293) (0.000,0.063) (0.000,0.739) (0.000,0.756) (0.000,0.246) (0.000,0.785) 
282      727    (0)   20 :  0.081 0.019 0.047 0.066 0.008 0.066 0.049 0.030 0.021 0.035 0.012 0.013 0.131 0.087 0.019 0.007 0.047 0.129 0.056 0.076     (0.000,0.659) (0.000,0.135) (0.000,0.365) (0.000,0.522) (0.000,0.041) (0.000,0.538) (0.000,0.383) (0.000,0.201) (0.000,0.147) (0.000,0.242) (0.000,0.073) (0.000,0.073) (0.000,0.818) (0.000,0.692) (0.000,0.114) (0.000,0.037) (0.000,0.373) (0.000,0.840) (0.000,0.456) (0.000,0.606) 
283      729    (0)   14 :  0.053 0.015 0.026 0.028 0.029 0.087 0.033 0.026 0.027 0.033 0.016 0.090 0.088 0.048 0.031 0.167 0.054 0.045 0.054 0.052     (0.000,0.415) (0.000,0.098) (0.000,0.179) (0.000,0.202) (0.000,0.207) (0.000,0.601) (0.000,0.239) (0.000,0.175) (0.000,0.193) (0.000,0.235) (0.000,0.110) (0.000,0.530) (0.000,0.632) (0.000,0.377) (0.000,0.226) (0.000,0.650) (0.000,0.413) (0.000,0.349) (0.000,0.423) (0.000,0.407) 
284      730    (0)   14 :  0.020 0.023 0.033 0.018 0.010 0.023 0.016 0.033 0.027 0.017 0.027 0.057 0.403 0.022 0.016 0.112 0.059 0.030 0.026 0.028     (0.000,0.115) (0.000,0.164) (0.000,0.246) (0.000,0.114) (0.000,0.055) (0.000,0.145) (0.000,0.092) (0.000,0.241) (0.000,0.204) (0.000,0.095) (0.000,0.198) (0.000,0.418) (0.000,0.968) (0.000,0.134) (0.000,0.092) (0.000,0.595) (0.000,0.478) (0.000,0.209) (0.000,0.171) (0.000,0.190) 
285      731    (0)   14 :  0.038 0.005 0.034 0.033 0.007 0.084 0.021 0.079 0.004 0.023 0.004 0.023 0.033 0.106 0.020 0.102 0.108 0.123 0.072 0.079     (0.000,0.267) (0.000,0.026) (0.000,0.229) (0.000,0.222) (0.000,0.038) (0.000,0.626) (0.000,0.125) (0.000,0.625) (0.000,0.022) (0.000,0.141) (0.000,0.022) (0.000,0.161) (0.000,0.229) (0.000,0.773) (0.000,0.120) (0.000,0.603) (0.000,0.704) (0.000,0.835) (0.000,0.576) (0.000,0.642) 
286      733    (0)   14 :  0.037 0.006 0.034 0.045 0.007 0.069 0.022 0.057 0.006 0.021 0.005 0.029 0.032 0.132 0.018 0.069 0.118 0.129 0.075 0.090     (0.000,0.256) (0.000,0.034) (0.000,0.232) (0.000,0.336) (0.000,0.038) (0.000,0.539) (0.000,0.130) (0.000,0.453) (0.000,0.032) (0.000,0.123) (0.000,0.029) (0.000,0.211) (0.000,0.213) (0.000,0.846) (0.000,0.103) (0.000,0.476) (0.000,0.735) (0.000,0.847) (0.000,0.603) (0.000,0.701) 
287      734    (0)   14 :  0.052 0.006 0.050 0.081 0.010 0.068 0.060 0.051 0.006 0.023 0.006 0.045 0.032 0.106 0.027 0.029 0.057 0.098 0.065 0.128     (0.000,0.411) (0.000,0.034) (0.000,0.393) (0.000,0.633) (0.000,0.051) (0.000,0.531) (0.000,0.478) (0.000,0.396) (0.000,0.035) (0.000,0.137) (0.000,0.031) (0.000,0.333) (0.000,0.216) (0.000,0.774) (0.000,0.182) (0.000,0.211) (0.000,0.431) (0.000,0.744) (0.000,0.519) (0.000,0.832) 
288      736   (12)   14 :  0.037 0.006 0.037 0.049 0.011 0.048 0.033 0.042 0.005 0.021 0.005 0.045 0.026 0.133 0.020 0.121 0.081 0.104 0.097 0.078     (0.000,0.265) (0.000,0.032) (0.000,0.257) (0.000,0.377) (0.000,0.058) (0.000,0.362) (0.000,0.232) (0.000,0.313) (0.000,0.028) (0.000,0.122) (0.000,0.027) (0.000,0.332) (0.000,0.167) (0.000,0.848) (0.000,0.118) (0.000,0.647) (0.000,0.555) (0.000,0.766) (0.000,0.719) (0.000,0.628) 
289      737    (0)   13 :  0.043 0.005 0.055 0.039 0.008 0.056 0.023 0.128 0.004 0.061 0.005 0.010 0.115 0.069 0.026 0.021 0.112 0.066 0.086 0.070     (0.000,0.317) (0.000,0.029) (0.000,0.446) (0.000,0.274) (0.000,0.040) (0.000,0.450) (0.000,0.134) (0.000,0.854) (0.000,0.023) (0.000,0.505) (0.000,0.027) (0.000,0.054) (0.000,0.831) (0.000,0.581) (0.000,0.152) (0.000,0.134) (0.000,0.817) (0.000,0.561) (0.000,0.712) (0.000,0.596) 
290      738    (0)   16 :  0.054 0.006 0.060 0.027 0.008 0.026 0.056 0.099 0.005 0.051 0.005 0.008 0.047 0.058 0.064 0.013 0.222 0.069 0.074 0.048     (0.000,0.428) (0.000,0.032) (0.000,0.497) (0.000,0.161) (0.000,0.039) (0.000,0.160) (0.000,0.456) (0.000,0.765) (0.000,0.027) (0.000,0.402) (0.000,0.027) (0.000,0.043) (0.000,0.354) (0.000,0.475) (0.000,0.524) (0.000,0.078) (0.000,0.948) (0.000,0.597) (0.000,0.629) (0.000,0.376) 
291      740    (0)    1 :  0.058 0.013 0.039 0.042 0.010 0.019 0.020 0.088 0.011 0.093 0.011 0.025 0.084 0.074 0.013 0.016 0.177 0.046 0.051 0.109     (0.000,0.469) (0.000,0.082) (0.000,0.287) (0.000,0.313) (0.000,0.057) (0.000,0.108) (0.000,0.116) (0.000,0.684) (0.000,0.073) (0.000,0.686) (0.000,0.073) (0.000,0.176) (0.000,0.616) (0.000,0.618) (0.000,0.073) (0.000,0.103) (0.000,0.905) (0.000,0.348) (0.000,0.400) (0.000,0.758) 
292      743    (0)    4 :  0.040 0.012 0.036 0.033 0.009 0.042 0.032 0.067 0.012 0.036 0.013 0.018 0.232 0.097 0.025 0.016 0.127 0.055 0.045 0.053     (0.000,0.290) (0.000,0.076) (0.000,0.252) (0.000,0.221) (0.000,0.046) (0.000,0.308) (0.000,0.205) (0.000,0.559) (0.000,0.076) (0.000,0.240) (0.000,0.081) (0.000,0.121) (0.000,0.941) (0.000,0.758) (0.000,0.161) (0.000,0.101) (0.000,0.844) (0.000,0.454) (0.000,0.337) (0.000,0.430) 
293      753    (0)   18 :  0.080 0.005 0.056 0.041 0.007 0.044 0.075 0.063 0.006 0.046 0.005 0.007 0.045 0.049 0.120 0.009 0.159 0.077 0.051 0.056     (0.000,0.676) (0.000,0.029) (0.000,0.453) (0.000,0.292) (0.000,0.037) (0.000,0.328) (0.000,0.629) (0.000,0.525) (0.000,0.030) (0.000,0.349) (0.000,0.029) (0.000,0.035) (0.000,0.338) (0.000,0.378) (0.000,0.814) (0.000,0.049) (0.000,0.899) (0.000,0.652) (0.000,0.396) (0.000,0.455) 
294      754    (0)    7 :  0.076 0.008 0.038 0.040 0.006 0.120 0.029 0.076 0.009 0.041 0.008 0.010 0.080 0.067 0.032 0.018 0.044 0.088 0.068 0.142     (0.000,0.653) (0.000,0.047) (0.000,0.262) (0.000,0.291) (0.000,0.031) (0.000,0.828) (0.000,0.176) (0.000,0.630) (0.000,0.049) (0.000,0.293) (0.000,0.044) (0.000,0.057) (0.000,0.666) (0.000,0.572) (0.000,0.206) (0.000,0.105) (0.000,0.327) (0.000,0.726) (0.000,0.577) (0.000,0.884) 
295      755    (0)   17 :  0.053 0.011 0.032 0.048 0.008 0.090 0.037 0.065 0.016 0.032 0.014 0.018 0.241 0.050 0.034 0.012 0.061 0.059 0.031 0.090     (0.000,0.435) (0.000,0.066) (0.000,0.218) (0.000,0.371) (0.000,0.040) (0.000,0.695) (0.000,0.255) (0.000,0.541) (0.000,0.108) (0.000,0.205) (0.000,0.094) (0.000,0.122) (0.000,0.944) (0.000,0.397) (0.000,0.236) (0.000,0.070) (0.000,0.501) (0.000,0.493) (0.000,0.196) (0.000,0.709) 
296      756    (0)   18 :  0.118 0.038 0.033 0.102 0.020 0.025 0.139 0.013 0.016 0.053 0.021 0.067 0.022 0.044 0.017 0.035 0.027 0.035 0.087 0.087     (0.000,0.809) (0.000,0.293) (0.000,0.221) (0.000,0.755) (0.000,0.124) (0.000,0.158) (0.000,0.852) (0.000,0.070) (0.000,0.105) (0.000,0.426) (0.000,0.150) (0.000,0.508) (0.000,0.136) (0.000,0.339) (0.000,0.091) (0.000,0.266) (0.000,0.186) (0.000,0.244) (0.000,0.667) (0.000,0.689) 
297      758   (12)    3 :  0.060 0.007 0.041 0.074 0.009 0.064 0.034 0.049 0.006 0.039 0.006 0.013 0.064 0.081 0.036 0.068 0.042 0.086 0.103 0.118     (0.000,0.495) (0.000,0.035) (0.000,0.291) (0.000,0.615) (0.000,0.046) (0.000,0.522) (0.000,0.234) (0.000,0.384) (0.000,0.034) (0.000,0.275) (0.000,0.033) (0.000,0.073) (0.000,0.529) (0.000,0.672) (0.000,0.252) (0.000,0.504) (0.000,0.319) (0.000,0.705) (0.000,0.773) (0.000,0.829) 
298      760    (0)    3 :  0.081 0.008 0.049 0.023 0.007 0.047 0.092 0.066 0.007 0.037 0.009 0.011 0.020 0.048 0.170 0.017 0.142 0.108 0.029 0.030     (0.000,0.665) (0.000,0.044) (0.000,0.375) (0.000,0.138) (0.000,0.035) (0.000,0.355) (0.000,0.712) (0.000,0.538) (0.000,0.037) (0.000,0.262) (0.000,0.054) (0.000,0.069) (0.000,0.115) (0.000,0.362) (0.000,0.847) (0.000,0.113) (0.000,0.830) (0.000,0.793) (0.000,0.186) (0.000,0.195) 
299      761    (0)    1 :  0.058 0.010 0.086 0.145 0.011 0.035 0.071 0.041 0.008 0.061 0.014 0.021 0.087 0.025 0.052 0.046 0.012 0.049 0.054 0.112     (0.000,0.477) (0.000,0.057) (0.000,0.660) (0.000,0.840) (0.000,0.059) (0.000,0.247) (0.000,0.574) (0.000,0.304) (0.000,0.043) (0.000,0.497) (0.000,0.087) (0.000,0.139) (0.000,0.646) (0.000,0.154) (0.000,0.413) (0.000,0.328) (0.000,0.068) (0.000,0.387) (0.000,0.425) (0.000,0.792) 
300      764    (0)    4 :  0.099 0.022 0.038 0.043 0.008 0.060 0.093 0.037 0.019 0.051 0.017 0.016 0.031 0.044 0.070 0.025 0.013 0.072 0.082 0.162     (0.000,0.761) (0.000,0.151) (0.000,0.263) (0.000,0.319) (0.000,0.044) (0.000,0.484) (0.000,0.721) (0.000,0.261) (0.000,0.127) (0.000,0.409) (0.000,0.116) (0.000,0.099) (0.000,0.196) (0.000,0.327) (0.000,0.566) (0.000,0.175) (0.000,0.071) (0.000,0.603) (0.000,0.660) (0.000,0.895) 
301      765    (0)   18 :  0.070 0.008 0.044 0.051 0.008 0.078 0.044 0.046 0.007 0.071 0.009 0.008 0.044 0.065 0.111 0.022 0.044 0.100 0.096 0.077     (0.000,0.581) (0.000,0.046) (0.000,0.332) (0.000,0.399) (0.000,0.040) (0.000,0.633) (0.000,0.327) (0.000,0.345) (0.000,0.040) (0.000,0.591) (0.000,0.050) (0.000,0.040) (0.000,0.331) (0.000,0.544) (0.000,0.782) (0.000,0.152) (0.000,0.329) (0.000,0.773) (0.000,0.739) (0.000,0.640) 
302      767    (0)   18 :  0.045 0.032 0.086 0.039 0.013 0.040 0.040 0.100 0.032 0.047 0.046 0.022 0.051 0.033 0.047 0.106 0.066 0.054 0.043 0.058     (0.000,0.345) (0.000,0.233) (0.000,0.652) (0.000,0.300) (0.000,0.072) (0.000,0.297) (0.000,0.307) (0.000,0.667) (0.000,0.231) (0.000,0.365) (0.000,0.319) (0.000,0.156) (0.000,0.400) (0.000,0.231) (0.000,0.367) (0.000,0.529) (0.000,0.507) (0.000,0.437) (0.000,0.332) (0.000,0.465) 
303      768    (0)   13 :  0.058 0.044 0.054 0.039 0.014 0.094 0.039 0.060 0.030 0.052 0.045 0.020 0.040 0.044 0.039 0.117 0.035 0.055 0.038 0.083     (0.000,0.462) (0.000,0.314) (0.000,0.423) (0.000,0.299) (0.000,0.084) (0.000,0.656) (0.000,0.289) (0.000,0.465) (0.000,0.221) (0.000,0.413) (0.000,0.313) (0.000,0.136) (0.000,0.304) (0.000,0.344) (0.000,0.298) (0.000,0.548) (0.000,0.257) (0.000,0.439) (0.000,0.276) (0.000,0.620) 
304      770    (0)   18 :  0.053 0.018 0.031 0.021 0.009 0.092 0.033 0.096 0.018 0.029 0.019 0.023 0.054 0.103 0.040 0.041 0.140 0.103 0.035 0.043     (0.000,0.418) (0.000,0.123) (0.000,0.214) (0.000,0.126) (0.000,0.051) (0.000,0.663) (0.000,0.231) (0.000,0.712) (0.000,0.125) (0.000,0.195) (0.000,0.134) (0.000,0.166) (0.000,0.414) (0.000,0.749) (0.000,0.301) (0.000,0.302) (0.000,0.809) (0.000,0.752) (0.000,0.241) (0.000,0.321) 
305      771    (0)    7 :  0.063 0.016 0.084 0.039 0.008 0.029 0.178 0.037 0.014 0.064 0.024 0.007 0.016 0.017 0.294 0.008 0.025 0.028 0.014 0.034     (0.000,0.534) (0.000,0.106) (0.000,0.695) (0.000,0.281) (0.000,0.042) (0.000,0.183) (0.000,0.917) (0.000,0.265) (0.000,0.090) (0.000,0.541) (0.000,0.175) (0.000,0.035) (0.000,0.087) (0.000,0.091) (0.000,0.960) (0.000,0.044) (0.000,0.148) (0.000,0.168) (0.000,0.076) (0.000,0.229) 
306      774    (0)    7 :  0.147 0.013 0.045 0.055 0.009 0.117 0.069 0.035 0.010 0.096 0.017 0.006 0.034 0.057 0.100 0.017 0.039 0.054 0.033 0.049     (0.000,0.882) (0.000,0.082) (0.000,0.337) (0.000,0.446) (0.000,0.050) (0.000,0.805) (0.000,0.564) (0.000,0.243) (0.000,0.057) (0.000,0.746) (0.000,0.112) (0.000,0.034) (0.000,0.228) (0.000,0.465) (0.000,0.747) (0.000,0.112) (0.000,0.274) (0.000,0.430) (0.000,0.218) (0.000,0.383) 
307      775    (0)    7 :  0.112 0.020 0.059 0.083 0.011 0.036 0.111 0.037 0.019 0.085 0.031 0.009 0.027 0.032 0.088 0.015 0.079 0.058 0.038 0.050     (0.000,0.800) (0.000,0.144) (0.000,0.485) (0.000,0.653) (0.000,0.058) (0.000,0.252) (0.000,0.778) (0.000,0.264) (0.000,0.134) (0.000,0.677) (0.000,0.229) (0.000,0.051) (0.000,0.169) (0.000,0.209) (0.000,0.660) (0.000,0.093) (0.000,0.620) (0.000,0.472) (0.000,0.267) (0.000,0.397) 
308      776    (0)   16 :  0.010 0.007 0.009 0.009 0.006 0.013 0.008 0.011 0.006 0.010 0.007 0.008 0.013 0.011 0.008 0.823 0.009 0.011 0.011 0.011     (0.000,0.057) (0.000,0.035) (0.000,0.052) (0.000,0.047) (0.000,0.031) (0.000,0.079) (0.000,0.044) (0.000,0.067) (0.000,0.033) (0.000,0.054) (0.000,0.037) (0.000,0.044) (0.000,0.076) (0.000,0.062) (0.000,0.045) (0.498,0.994) (0.000,0.051) (0.000,0.061) (0.000,0.063) (0.000,0.065) 
309      777   (12)   13 :  0.023 0.023 0.030 0.015 0.019 0.022 0.062 0.048 0.028 0.023 0.032 0.207 0.218 0.029 0.028 0.020 0.041 0.038 0.025 0.069     (0.000,0.148) (0.000,0.164) (0.000,0.224) (0.000,0.090) (0.000,0.116) (0.000,0.140) (0.000,0.476) (0.000,0.374) (0.000,0.211) (0.000,0.152) (0.000,0.234) (0.000,0.713) (0.000,0.917) (0.000,0.195) (0.000,0.197) (0.000,0.141) (0.000,0.305) (0.000,0.279) (0.000,0.165) (0.000,0.521) 
310      778    (0)   10 :  0.055 0.012 0.057 0.024 0.013 0.022 0.060 0.058 0.008 0.057 0.011 0.014 0.073 0.108 0.017 0.033 0.051 0.073 0.151 0.102     (0.000,0.447) (0.000,0.073) (0.000,0.465) (0.000,0.152) (0.000,0.069) (0.000,0.126) (0.000,0.491) (0.000,0.468) (0.000,0.049) (0.000,0.463) (0.000,0.069) (0.000,0.082) (0.000,0.596) (0.000,0.789) (0.000,0.093) (0.000,0.244) (0.000,0.406) (0.000,0.614) (0.000,0.883) (0.000,0.768) 
311      787    (0)   14 :  0.043 0.007 0.044 0.037 0.006 0.155 0.024 0.077 0.008 0.026 0.010 0.011 0.042 0.122 0.028 0.024 0.099 0.132 0.037 0.068     (0.000,0.315) (0.000,0.041) (0.000,0.327) (0.000,0.261) (0.000,0.034) (0.000,0.867) (0.000,0.150) (0.000,0.630) (0.000,0.045) (0.000,0.159) (0.000,0.063) (0.000,0.066) (0.000,0.307) (0.000,0.832) (0.000,0.181) (0.000,0.174) (0.000,0.716) (0.000,0.859) (0.000,0.259) (0.000,0.569) 
312      790    (0)   13 :  0.047 0.023 0.042 0.025 0.010 0.048 0.053 0.117 0.026 0.040 0.030 0.021 0.165 0.052 0.036 0.024 0.038 0.062 0.043 0.098     (0.000,0.358) (0.000,0.166) (0.000,0.324) (0.000,0.159) (0.000,0.054) (0.000,0.377) (0.000,0.427) (0.000,0.783) (0.000,0.192) (0.000,0.289) (0.000,0.219) (0.000,0.147) (0.000,0.881) (0.000,0.414) (0.000,0.265) (0.000,0.169) (0.000,0.271) (0.000,0.511) (0.000,0.322) (0.000,0.722) 
313      793    (0)    7 :  0.059 0.020 0.139 0.055 0.009 0.019 0.119 0.037 0.018 0.029 0.024 0.020 0.039 0.056 0.037 0.015 0.073 0.071 0.103 0.059     (0.000,0.475) (0.000,0.137) (0.000,0.842) (0.000,0.435) (0.000,0.048) (0.000,0.109) (0.000,0.781) (0.000,0.260) (0.000,0.125) (0.000,0.187) (0.000,0.177) (0.000,0.126) (0.000,0.279) (0.000,0.451) (0.000,0.265) (0.000,0.095) (0.000,0.583) (0.000,0.596) (0.000,0.760) (0.000,0.485) 
314      802   (12)    7 :  0.140 0.019 0.135 0.011 0.010 0.031 0.103 0.039 0.017 0.062 0.015 0.047 0.106 0.033 0.016 0.012 0.057 0.061 0.030 0.056     (0.000,0.841) (0.000,0.134) (0.000,0.733) (0.000,0.063) (0.000,0.055) (0.000,0.214) (0.000,0.726) (0.000,0.289) (0.000,0.116) (0.000,0.498) (0.000,0.103) (0.000,0.331) (0.000,0.661) (0.000,0.227) (0.000,0.096) (0.000,0.070) (0.000,0.451) (0.000,0.504) (0.000,0.200) (0.000,0.449) 
315      803   (12)   18 :  0.056 0.006 0.043 0.052 0.007 0.092 0.017 0.115 0.007 0.039 0.007 0.024 0.017 0.088 0.016 0.006 0.234 0.076 0.019 0.081     (0.000,0.445) (0.000,0.034) (0.000,0.314) (0.000,0.404) (0.000,0.038) (0.000,0.664) (0.000,0.092) (0.000,0.807) (0.000,0.038) (0.000,0.284) (0.000,0.036) (0.000,0.174) (0.000,0.099) (0.000,0.707) (0.000,0.091) (0.000,0.034) (0.000,0.937) (0.000,0.635) (0.000,0.108) (0.000,0.621) 
316      804   (12)   20 :  0.070 0.008 0.038 0.044 0.015 0.134 0.038 0.067 0.014 0.069 0.010 0.013 0.083 0.074 0.038 0.007 0.058 0.073 0.033 0.113     (0.000,0.586) (0.000,0.045) (0.000,0.271) (0.000,0.327) (0.000,0.093) (0.000,0.829) (0.000,0.270) (0.000,0.543) (0.000,0.092) (0.000,0.573) (0.000,0.061) (0.000,0.078) (0.000,0.664) (0.000,0.613) (0.000,0.280) (0.000,0.038) (0.000,0.472) (0.000,0.616) (0.000,0.219) (0.000,0.804) 
317      805   (12)    7 :  0.029 0.006 0.098 0.068 0.012 0.038 0.050 0.188 0.005 0.066 0.006 0.010 0.071 0.040 0.071 0.006 0.083 0.047 0.042 0.066     (0.000,0.179) (0.000,0.030) (0.000,0.773) (0.000,0.569) (0.000,0.059) (0.000,0.270) (0.000,0.388) (0.000,0.930) (0.000,0.028) (0.000,0.558) (0.000,0.030) (0.000,0.054) (0.000,0.602) (0.000,0.284) (0.000,0.587) (0.000,0.034) (0.000,0.678) (0.000,0.354) (0.000,0.303) (0.000,0.559) 
318      806    (0)    7 :  0.061 0.011 0.102 0.025 0.010 0.015 0.299 0.057 0.007 0.028 0.006 0.015 0.020 0.047 0.102 0.012 0.034 0.042 0.062 0.047     (0.000,0.505) (0.000,0.062) (0.000,0.769) (0.000,0.147) (0.000,0.049) (0.000,0.083) (0.000,0.964) (0.000,0.457) (0.000,0.037) (0.000,0.178) (0.000,0.033) (0.000,0.091) (0.000,0.112) (0.000,0.360) (0.000,0.757) (0.000,0.076) (0.000,0.235) (0.000,0.301) (0.000,0.508) (0.000,0.360) 
319      807   (12)   18 :  0.033 0.007 0.062 0.032 0.010 0.029 0.039 0.119 0.005 0.055 0.005 0.008 0.041 0.105 0.073 0.013 0.144 0.073 0.089 0.055     (0.000,0.220) (0.000,0.039) (0.000,0.522) (0.000,0.204) (0.000,0.051) (0.000,0.188) (0.000,0.272) (0.000,0.830) (0.000,0.028) (0.000,0.446) (0.000,0.029) (0.000,0.045) (0.000,0.288) (0.000,0.797) (0.000,0.606) (0.000,0.080) (0.000,0.882) (0.000,0.627) (0.000,0.722) (0.000,0.454) 
320      810   (12)   14 :  0.029 0.008 0.058 0.089 0.010 0.025 0.027 0.042 0.008 0.043 0.008 0.011 0.041 0.089 0.034 0.011 0.257 0.065 0.102 0.044     (0.000,0.178) (0.000,0.048) (0.000,0.480) (0.000,0.727) (0.000,0.050) (0.000,0.145) (0.000,0.164) (0.000,0.301) (0.000,0.043) (0.000,0.316) (0.000,0.047) (0.000,0.060) (0.000,0.296) (0.000,0.740) (0.000,0.224) (0.000,0.064) (0.000,0.957) (0.000,0.560) (0.000,0.787) (0.000,0.330) 
321      811   (12)    1 :  0.172 0.011 0.068 0.066 0.007 0.052 0.039 0.045 0.011 0.128 0.010 0.007 0.018 0.043 0.087 0.007 0.029 0.046 0.027 0.128     (0.000,0.913) (0.000,0.062) (0.000,0.566) (0.000,0.546) (0.000,0.036) (0.000,0.413) (0.000,0.281) (0.000,0.334) (0.000,0.065) (0.000,0.838) (0.000,0.060) (0.000,0.036) (0.000,0.101) (0.000,0.321) (0.000,0.651) (0.000,0.036) (0.000,0.184) (0.000,0.351) (0.000,0.170) (0.000,0.840) 
322      812   (25)    9 :  0.055 0.105 0.037 0.035 0.008 0.041 0.057 0.028 0.193 0.030 0.068 0.020 0.025 0.041 0.079 0.009 0.033 0.045 0.039 0.051     (0.000,0.432) (0.000,0.577) (0.000,0.282) (0.000,0.260) (0.000,0.043) (0.000,0.312) (0.000,0.441) (0.000,0.192) (0.000,0.707) (0.000,0.211) (0.000,0.464) (0.000,0.127) (0.000,0.166) (0.000,0.309) (0.000,0.543) (0.000,0.050) (0.000,0.242) (0.000,0.351) (0.000,0.297) (0.000,0.397) 
323      813   (25)   18 :  0.098 0.014 0.037 0.034 0.009 0.118 0.043 0.064 0.014 0.049 0.010 0.010 0.045 0.065 0.089 0.015 0.032 0.087 0.065 0.102     (0.000,0.770) (0.000,0.081) (0.000,0.254) (0.000,0.228) (0.000,0.046) (0.000,0.822) (0.000,0.319) (0.000,0.538) (0.000,0.081) (0.000,0.380) (0.000,0.058) (0.000,0.053) (0.000,0.334) (0.000,0.542) (0.000,0.725) (0.000,0.084) (0.000,0.202) (0.000,0.721) (0.000,0.548) (0.000,0.785) 
324      814   (25)   13 :  0.047 0.027 0.038 0.028 0.053 0.039 0.080 0.043 0.024 0.048 0.037 0.226 0.046 0.029 0.050 0.021 0.022 0.045 0.046 0.052     (0.000,0.371) (0.000,0.194) (0.000,0.295) (0.000,0.199) (0.000,0.375) (0.000,0.299) (0.000,0.573) (0.000,0.336) (0.000,0.167) (0.000,0.376) (0.000,0.272) (0.000,0.650) (0.000,0.355) (0.000,0.200) (0.000,0.389) (0.000,0.150) (0.000,0.139) (0.000,0.345) (0.000,0.350) (0.000,0.409) 
325      815   (25)   19 :  0.025 0.006 0.028 0.029 0.009 0.214 0.014 0.041 0.005 0.027 0.006 0.009 0.260 0.055 0.061 0.013 0.073 0.047 0.036 0.042     (0.000,0.155) (0.000,0.031) (0.000,0.174) (0.000,0.196) (0.000,0.050) (0.000,0.935) (0.000,0.073) (0.000,0.296) (0.000,0.029) (0.000,0.177) (0.000,0.033) (0.000,0.051) (0.000,0.955) (0.000,0.445) (0.000,0.494) (0.000,0.079) (0.000,0.600) (0.000,0.353) (0.000,0.252) (0.000,0.303) 
326      816   (25)   20 :  0.046 0.023 0.125 0.069 0.019 0.019 0.134 0.020 0.033 0.223 0.028 0.033 0.016 0.017 0.025 0.007 0.102 0.022 0.020 0.019     (0.000,0.353) (0.000,0.161) (0.000,0.775) (0.000,0.568) (0.000,0.125) (0.000,0.118) (0.000,0.829) (0.000,0.120) (0.000,0.248) (0.000,0.935) (0.000,0.205) (0.000,0.241) (0.000,0.087) (0.000,0.096) (0.000,0.166) (0.000,0.035) (0.000,0.710) (0.000,0.125) (0.000,0.112) (0.000,0.104) 
327      818    (0)   17 :  0.061 0.006 0.101 0.030 0.006 0.012 0.054 0.061 0.006 0.224 0.006 0.008 0.025 0.041 0.012 0.006 0.228 0.036 0.024 0.054     (0.000,0.492) (0.000,0.033) (0.000,0.758) (0.000,0.200) (0.000,0.031) (0.000,0.068) (0.000,0.434) (0.000,0.484) (0.000,0.032) (0.000,0.940) (0.000,0.031) (0.000,0.046) (0.000,0.158) (0.000,0.295) (0.000,0.069) (0.000,0.034) (0.000,0.944) (0.000,0.240) (0.000,0.142) (0.000,0.422) 
328      822   (25)    7 :  0.027 0.012 0.107 0.023 0.014 0.009 0.393 0.025 0.008 0.169 0.014 0.011 0.013 0.012 0.021 0.010 0.088 0.017 0.014 0.014     (0.000,0.161) (0.000,0.074) (0.000,0.797) (0.000,0.124) (0.000,0.077) (0.000,0.048) (0.000,0.981) (0.000,0.155) (0.000,0.041) (0.000,0.919) (0.000,0.087) (0.000,0.058) (0.000,0.070) (0.000,0.062) (0.000,0.127) (0.000,0.059) (0.000,0.706) (0.000,0.089) (0.000,0.074) (0.000,0.070) 
329      824   (12)   17 :  0.065 0.006 0.095 0.029 0.007 0.013 0.065 0.058 0.005 0.336 0.005 0.007 0.019 0.032 0.020 0.006 0.149 0.029 0.018 0.037     (0.000,0.536) (0.000,0.030) (0.000,0.740) (0.000,0.185) (0.000,0.034) (0.000,0.073) (0.000,0.531) (0.000,0.458) (0.000,0.026) (0.000,0.973) (0.000,0.027) (0.000,0.036) (0.000,0.110) (0.000,0.209) (0.000,0.127) (0.000,0.032) (0.000,0.885) (0.000,0.181) (0.000,0.099) (0.000,0.264) 
330      825    (0)    7 :  0.056 0.031 0.114 0.100 0.015 0.025 0.164 0.037 0.022 0.053 0.011 0.018 0.058 0.081 0.036 0.006 0.043 0.058 0.050 0.024     (0.000,0.447) (0.000,0.233) (0.000,0.728) (0.000,0.697) (0.000,0.091) (0.000,0.164) (0.000,0.877) (0.000,0.269) (0.000,0.156) (0.000,0.414) (0.000,0.063) (0.000,0.111) (0.000,0.452) (0.000,0.628) (0.000,0.262) (0.000,0.031) (0.000,0.327) (0.000,0.458) (0.000,0.388) (0.000,0.146) 
331      826    (0)    7 :  0.040 0.026 0.210 0.070 0.014 0.017 0.136 0.043 0.022 0.060 0.018 0.021 0.033 0.060 0.036 0.006 0.068 0.033 0.057 0.031     (0.000,0.289) (0.000,0.193) (0.000,0.921) (0.000,0.557) (0.000,0.083) (0.000,0.097) (0.000,0.843) (0.000,0.319) (0.000,0.161) (0.000,0.480) (0.000,0.125) (0.000,0.132) (0.000,0.228) (0.000,0.484) (0.000,0.259) (0.000,0.033) (0.000,0.540) (0.000,0.220) (0.000,0.458) (0.000,0.206) 
332      834   (12)    5 :  0.079 0.012 0.053 0.068 0.011 0.021 0.135 0.033 0.007 0.254 0.011 0.027 0.031 0.025 0.023 0.007 0.104 0.034 0.026 0.038     (0.000,0.646) (0.000,0.076) (0.000,0.424) (0.000,0.536) (0.000,0.060) (0.000,0.127) (0.000,0.849) (0.000,0.236) (0.000,0.039) (0.000,0.954) (0.000,0.070) (0.000,0.191) (0.000,0.208) (0.000,0.157) (0.000,0.145) (0.000,0.040) (0.000,0.710) (0.000,0.224) (0.000,0.161) (0.000,0.274) 
333      842    (0)    2 :  0.007 0.385 0.009 0.007 0.008 0.057 0.007 0.005 0.261 0.007 0.169 0.016 0.005 0.010 0.006 0.011 0.005 0.009 0.006 0.007     (0.000,0.039) (0.000,0.974) (0.000,0.059) (0.000,0.040) (0.000,0.049) (0.000,0.272) (0.000,0.041) (0.000,0.029) (0.000,0.915) (0.000,0.038) (0.000,0.879) (0.000,0.087) (0.000,0.029) (0.000,0.063) (0.000,0.034) (0.000,0.076) (0.000,0.025) (0.000,0.056) (0.000,0.033) (0.000,0.038) 
334      846    (0)    2 :  0.009 0.557 0.005 0.009 0.005 0.007 0.007 0.006 0.272 0.007 0.038 0.025 0.008 0.008 0.006 0.006 0.006 0.008 0.007 0.006     (0.000,0.046) (0.000,0.992) (0.000,0.028) (0.000,0.049) (0.000,0.025) (0.000,0.036) (0.000,0.038) (0.000,0.029) (0.000,0.974) (0.000,0.035) (0.000,0.274) (0.000,0.142) (0.000,0.040) (0.000,0.041) (0.000,0.032) (0.000,0.030) (0.000,0.032) (0.000,0.040) (0.000,0.037) (0.000,0.033) 
335      849    (0)    9 :  0.007 0.279 0.006 0.009 0.004 0.006 0.006 0.005 0.296 0.007 0.315 0.012 0.005 0.006 0.006 0.005 0.006 0.006 0.006 0.007     (0.000,0.039) (0.000,0.978) (0.000,0.033) (0.000,0.049) (0.000,0.021) (0.000,0.034) (0.000,0.032) (0.000,0.028) (0.000,0.979) (0.000,0.036) (0.000,0.983) (0.000,0.067) (0.000,0.028) (0.000,0.033) (0.000,0.033) (0.000,0.025) (0.000,0.029) (0.000,0.032) (0.000,0.033) (0.000,0.036) 
336      855    (0)    9 :  0.007 0.338 0.005 0.007 0.019 0.006 0.007 0.006 0.210 0.006 0.325 0.012 0.007 0.007 0.006 0.006 0.005 0.007 0.007 0.006     (0.000,0.038) (0.000,0.982) (0.000,0.028) (0.000,0.037) (0.000,0.134) (0.000,0.031) (0.000,0.035) (0.000,0.030) (0.000,0.956) (0.000,0.033) (0.000,0.980) (0.000,0.071) (0.000,0.036) (0.000,0.040) (0.000,0.033) (0.000,0.033) (0.000,0.028) (0.000,0.035) (0.000,0.038) (0.000,0.033) 
337      860    (0)    3 :  0.042 0.009 0.246 0.086 0.007 0.024 0.036 0.028 0.010 0.178 0.008 0.012 0.034 0.040 0.028 0.006 0.043 0.067 0.046 0.049     (0.000,0.308) (0.000,0.050) (0.000,0.933) (0.000,0.673) (0.000,0.037) (0.000,0.158) (0.000,0.256) (0.000,0.190) (0.000,0.061) (0.000,0.902) (0.000,0.043) (0.000,0.071) (0.000,0.233) (0.000,0.296) (0.000,0.197) (0.000,0.035) (0.000,0.329) (0.000,0.548) (0.000,0.351) (0.000,0.376) 
338      864    (0)   18 :  0.037 0.009 0.077 0.135 0.007 0.023 0.062 0.053 0.008 0.133 0.008 0.029 0.041 0.033 0.050 0.010 0.105 0.067 0.061 0.052     (0.000,0.254) (0.000,0.050) (0.000,0.624) (0.000,0.846) (0.000,0.034) (0.000,0.146) (0.000,0.499) (0.000,0.419) (0.000,0.044) (0.000,0.842) (0.000,0.046) (0.000,0.205) (0.000,0.296) (0.000,0.226) (0.000,0.388) (0.000,0.057) (0.000,0.733) (0.000,0.554) (0.000,0.490) (0.000,0.415) 
339      866    (0)    3 :  0.084 0.031 0.078 0.057 0.009 0.047 0.055 0.042 0.031 0.086 0.029 0.025 0.037 0.059 0.034 0.010 0.038 0.110 0.068 0.071     (0.000,0.565) (0.000,0.228) (0.000,0.534) (0.000,0.417) (0.000,0.046) (0.000,0.338) (0.000,0.395) (0.000,0.302) (0.000,0.233) (0.000,0.574) (0.000,0.212) (0.000,0.168) (0.000,0.262) (0.000,0.406) (0.000,0.237) (0.000,0.057) (0.000,0.269) (0.000,0.635) (0.000,0.463) (0.000,0.487) 
340      868    (0)   12 :  0.016 0.008 0.036 0.020 0.008 0.011 0.017 0.013 0.007 0.021 0.007 0.684 0.011 0.019 0.009 0.013 0.043 0.020 0.026 0.012     (0.000,0.097) (0.000,0.045) (0.000,0.270) (0.000,0.134) (0.000,0.041) (0.000,0.063) (0.000,0.104) (0.000,0.074) (0.000,0.039) (0.000,0.135) (0.000,0.037) (0.192,0.985) (0.000,0.059) (0.000,0.122) (0.000,0.048) (0.000,0.083) (0.000,0.325) (0.000,0.124) (0.000,0.175) (0.000,0.070) 
341      869    (0)    3 :  0.069 0.010 0.251 0.056 0.009 0.036 0.052 0.042 0.014 0.096 0.008 0.034 0.033 0.048 0.014 0.006 0.058 0.072 0.028 0.064     (0.000,0.561) (0.000,0.056) (0.000,0.925) (0.000,0.439) (0.000,0.050) (0.000,0.263) (0.000,0.402) (0.000,0.314) (0.000,0.088) (0.000,0.672) (0.000,0.047) (0.000,0.253) (0.000,0.233) (0.000,0.366) (0.000,0.084) (0.000,0.033) (0.000,0.427) (0.000,0.575) (0.000,0.182) (0.000,0.503) 
342      872    (0)    3 :  0.047 0.019 0.365 0.054 0.021 0.012 0.076 0.026 0.021 0.049 0.013 0.015 0.020 0.045 0.031 0.006 0.034 0.059 0.058 0.028     (0.000,0.360) (0.000,0.136) (0.000,0.949) (0.000,0.428) (0.000,0.142) (0.000,0.067) (0.000,0.557) (0.000,0.171) (0.000,0.153) (0.000,0.375) (0.000,0.078) (0.000,0.090) (0.000,0.117) (0.000,0.338) (0.000,0.224) (0.000,0.034) (0.000,0.250) (0.000,0.467) (0.000,0.448) (0.000,0.183) 
343      873    (0)    3 :  0.036 0.017 0.438 0.082 0.007 0.012 0.050 0.021 0.026 0.050 0.015 0.025 0.018 0.024 0.019 0.007 0.046 0.042 0.036 0.030     (0.000,0.249) (0.000,0.117) (0.000,0.973) (0.000,0.647) (0.000,0.036) (0.000,0.064) (0.000,0.391) (0.000,0.133) (0.000,0.191) (0.000,0.392) (0.000,0.095) (0.000,0.164) (0.000,0.104) (0.000,0.152) (0.000,0.115) (0.000,0.037) (0.000,0.349) (0.000,0.313) (0.000,0.253) (0.000,0.195) 
344      878    (0)   18 :  0.048 0.018 0.053 0.084 0.009 0.037 0.048 0.072 0.024 0.089 0.018 0.030 0.088 0.041 0.035 0.012 0.178 0.047 0.034 0.035     (0.000,0.371) (0.000,0.126) (0.000,0.423) (0.000,0.630) (0.000,0.051) (0.000,0.267) (0.000,0.369) (0.000,0.584) (0.000,0.178) (0.000,0.677) (0.000,0.124) (0.000,0.217) (0.000,0.660) (0.000,0.297) (0.000,0.258) (0.000,0.073) (0.000,0.890) (0.000,0.358) (0.000,0.231) (0.000,0.246) 
345      880    (0)    1 :  0.101 0.009 0.115 0.083 0.007 0.078 0.037 0.036 0.012 0.115 0.006 0.011 0.111 0.039 0.019 0.007 0.018 0.116 0.030 0.051     (0.000,0.755) (0.000,0.055) (0.000,0.689) (0.000,0.620) (0.000,0.034) (0.000,0.568) (0.000,0.268) (0.000,0.260) (0.000,0.072) (0.000,0.750) (0.000,0.032) (0.000,0.065) (0.000,0.768) (0.000,0.282) (0.000,0.111) (0.000,0.037) (0.000,0.105) (0.000,0.801) (0.000,0.197) (0.000,0.403) 
346      887    (0)   14 :  0.040 0.006 0.048 0.045 0.007 0.133 0.023 0.047 0.005 0.085 0.006 0.016 0.220 0.054 0.031 0.010 0.073 0.058 0.047 0.048     (0.000,0.286) (0.000,0.032) (0.000,0.361) (0.000,0.338) (0.000,0.035) (0.000,0.794) (0.000,0.142) (0.000,0.361) (0.000,0.027) (0.000,0.638) (0.000,0.030) (0.000,0.093) (0.000,0.938) (0.000,0.428) (0.000,0.215) (0.000,0.053) (0.000,0.576) (0.000,0.473) (0.000,0.362) (0.000,0.371) 
347      888    (0)    3 :  0.067 0.015 0.081 0.042 0.008 0.091 0.058 0.031 0.009 0.086 0.010 0.042 0.095 0.062 0.055 0.014 0.032 0.058 0.076 0.068     (0.000,0.547) (0.000,0.095) (0.000,0.605) (0.000,0.315) (0.000,0.043) (0.000,0.627) (0.000,0.456) (0.000,0.208) (0.000,0.055) (0.000,0.642) (0.000,0.060) (0.000,0.314) (0.000,0.664) (0.000,0.489) (0.000,0.416) (0.000,0.092) (0.000,0.226) (0.000,0.472) (0.000,0.597) (0.000,0.549) 
348      891    (0)    7 :  0.076 0.023 0.097 0.074 0.006 0.052 0.055 0.030 0.018 0.130 0.020 0.036 0.049 0.051 0.028 0.010 0.045 0.059 0.078 0.061     (0.000,0.631) (0.000,0.165) (0.000,0.716) (0.000,0.589) (0.000,0.032) (0.000,0.408) (0.000,0.441) (0.000,0.199) (0.000,0.122) (0.000,0.830) (0.000,0.139) (0.000,0.258) (0.000,0.383) (0.000,0.401) (0.000,0.190) (0.000,0.057) (0.000,0.337) (0.000,0.486) (0.000,0.641) (0.000,0.501) 
349      895   (12)   13 :  0.032 0.009 0.058 0.022 0.011 0.015 0.178 0.083 0.009 0.052 0.008 0.076 0.035 0.022 0.046 0.010 0.193 0.056 0.025 0.062     (0.000,0.221) (0.000,0.052) (0.000,0.457) (0.000,0.138) (0.000,0.059) (0.000,0.084) (0.000,0.901) (0.000,0.618) (0.000,0.049) (0.000,0.410) (0.000,0.044) (0.000,0.427) (0.000,0.245) (0.000,0.132) (0.000,0.353) (0.000,0.056) (0.000,0.903) (0.000,0.451) (0.000,0.156) (0.000,0.490) 
350      896    (0)   17 :  0.016 0.007 0.087 0.021 0.009 0.016 0.027 0.041 0.006 0.272 0.006 0.009 0.052 0.036 0.018 0.013 0.134 0.113 0.092 0.024     (0.000,0.088) (0.000,0.039) (0.000,0.674) (0.000,0.131) (0.000,0.044) (0.000,0.092) (0.000,0.175) (0.000,0.312) (0.000,0.034) (0.000,0.953) (0.000,0.031) (0.000,0.046) (0.000,0.411) (0.000,0.256) (0.000,0.109) (0.000,0.084) (0.000,0.841) (0.000,0.801) (0.000,0.711) (0.000,0.147) 
351      901    (0)    1 :  0.087 0.030 0.087 0.042 0.015 0.138 0.066 0.026 0.077 0.089 0.039 0.031 0.032 0.035 0.046 0.013 0.046 0.037 0.028 0.036     (0.000,0.657) (0.000,0.224) (0.000,0.612) (0.000,0.321) (0.000,0.095) (0.000,0.785) (0.000,0.506) (0.000,0.175) (0.000,0.428) (0.000,0.629) (0.000,0.282) (0.000,0.228) (0.000,0.223) (0.000,0.256) (0.000,0.355) (0.000,0.084) (0.000,0.355) (0.000,0.267) (0.000,0.186) (0.000,0.263) 
352      904    (0)    3 :  0.038 0.011 0.212 0.137 0.006 0.037 0.029 0.055 0.011 0.088 0.014 0.014 0.083 0.030 0.028 0.013 0.067 0.050 0.034 0.044     (0.000,0.270) (0.000,0.066) (0.000,0.925) (0.000,0.851) (0.000,0.031) (0.000,0.267) (0.000,0.183) (0.000,0.439) (0.000,0.064) (0.000,0.696) (0.000,0.088) (0.000,0.076) (0.000,0.646) (0.000,0.198) (0.000,0.188) (0.000,0.076) (0.000,0.537) (0.000,0.388) (0.000,0.230) (0.000,0.327) 
353      905    (0)    1 :  0.076 0.009 0.067 0.084 0.012 0.096 0.109 0.029 0.008 0.093 0.008 0.014 0.074 0.056 0.066 0.007 0.066 0.043 0.035 0.049     (0.000,0.605) (0.000,0.055) (0.000,0.525) (0.000,0.616) (0.000,0.073) (0.000,0.642) (0.000,0.721) (0.000,0.192) (0.000,0.043) (0.000,0.668) (0.000,0.045) (0.000,0.088) (0.000,0.549) (0.000,0.433) (0.000,0.492) (0.000,0.038) (0.000,0.506) (0.000,0.318) (0.000,0.243) (0.000,0.379) 
354      910    (0)   12 :  0.030 0.116 0.057 0.083 0.007 0.016 0.032 0.017 0.134 0.040 0.081 0.114 0.022 0.047 0.013 0.024 0.045 0.033 0.058 0.032     (0.000,0.211) (0.000,0.587) (0.000,0.419) (0.000,0.561) (0.000,0.038) (0.000,0.092) (0.000,0.237) (0.000,0.102) (0.000,0.579) (0.000,0.309) (0.000,0.490) (0.000,0.734) (0.000,0.142) (0.000,0.358) (0.000,0.075) (0.000,0.179) (0.000,0.336) (0.000,0.247) (0.000,0.436) (0.000,0.229) 
355      912    (0)   17 :  0.047 0.015 0.033 0.019 0.008 0.028 0.034 0.045 0.014 0.060 0.013 0.033 0.267 0.065 0.010 0.014 0.149 0.051 0.050 0.046     (0.000,0.367) (0.000,0.096) (0.000,0.227) (0.000,0.112) (0.000,0.042) (0.000,0.179) (0.000,0.226) (0.000,0.340) (0.000,0.093) (0.000,0.489) (0.000,0.087) (0.000,0.244) (0.000,0.951) (0.000,0.549) (0.000,0.054) (0.000,0.086) (0.000,0.874) (0.000,0.402) (0.000,0.394) (0.000,0.347) 
356      913    (0)   13 :  0.029 0.009 0.028 0.019 0.007 0.015 0.033 0.032 0.010 0.038 0.010 0.017 0.118 0.046 0.013 0.016 0.459 0.043 0.031 0.025     (0.000,0.182) (0.000,0.057) (0.000,0.178) (0.000,0.112) (0.000,0.036) (0.000,0.079) (0.000,0.221) (0.000,0.208) (0.000,0.064) (0.000,0.269) (0.000,0.064) (0.000,0.111) (0.000,0.809) (0.000,0.358) (0.000,0.069) (0.000,0.098) (0.000,0.983) (0.000,0.320) (0.000,0.200) (0.000,0.150) 
357      917    (0)    8 :  0.037 0.005 0.077 0.038 0.006 0.025 0.059 0.071 0.004 0.072 0.005 0.007 0.046 0.061 0.044 0.012 0.296 0.061 0.041 0.031     (0.000,0.251) (0.000,0.027) (0.000,0.630) (0.000,0.266) (0.000,0.033) (0.000,0.161) (0.000,0.482) (0.000,0.590) (0.000,0.024) (0.000,0.600) (0.000,0.026) (0.000,0.040) (0.000,0.348) (0.000,0.508) (0.000,0.330) (0.000,0.069) (0.000,0.966) (0.000,0.508) (0.000,0.299) (0.000,0.201) 
358      925    (0)   14 :  0.094 0.018 0.071 0.081 0.011 0.026 0.048 0.057 0.013 0.121 0.017 0.096 0.016 0.063 0.012 0.035 0.037 0.048 0.040 0.096     (0.000,0.694) (0.000,0.118) (0.000,0.547) (0.000,0.600) (0.000,0.061) (0.000,0.176) (0.000,0.366) (0.000,0.438) (0.000,0.086) (0.000,0.725) (0.000,0.119) (0.000,0.568) (0.000,0.094) (0.000,0.498) (0.000,0.063) (0.000,0.256) (0.000,0.276) (0.000,0.364) (0.000,0.296) (0.000,0.679) 
359      930    (0)   14 :  0.081 0.009 0.079 0.056 0.009 0.042 0.073 0.042 0.007 0.133 0.010 0.015 0.067 0.068 0.023 0.053 0.039 0.055 0.090 0.048     (0.000,0.658) (0.000,0.051) (0.000,0.622) (0.000,0.452) (0.000,0.049) (0.000,0.316) (0.000,0.587) (0.000,0.309) (0.000,0.037) (0.000,0.844) (0.000,0.062) (0.000,0.091) (0.000,0.547) (0.000,0.560) (0.000,0.142) (0.000,0.385) (0.000,0.289) (0.000,0.447) (0.000,0.708) (0.000,0.377) 
360      934   (12)    3 :  0.028 0.006 0.100 0.086 0.010 0.030 0.039 0.104 0.006 0.115 0.006 0.023 0.063 0.035 0.025 0.010 0.145 0.052 0.068 0.048     (0.000,0.171) (0.000,0.034) (0.000,0.756) (0.000,0.690) (0.000,0.050) (0.000,0.200) (0.000,0.282) (0.000,0.770) (0.000,0.032) (0.000,0.818) (0.000,0.033) (0.000,0.137) (0.000,0.527) (0.000,0.239) (0.000,0.153) (0.000,0.058) (0.000,0.868) (0.000,0.409) (0.000,0.564) (0.000,0.374) 
361      935   (12)   15 :  0.061 0.017 0.060 0.057 0.020 0.019 0.134 0.027 0.007 0.148 0.010 0.160 0.026 0.034 0.017 0.035 0.025 0.028 0.076 0.041     (0.000,0.505) (0.000,0.103) (0.000,0.476) (0.000,0.461) (0.000,0.119) (0.000,0.108) (0.000,0.848) (0.000,0.172) (0.000,0.037) (0.000,0.872) (0.000,0.053) (0.000,0.884) (0.000,0.162) (0.000,0.232) (0.000,0.096) (0.000,0.264) (0.000,0.168) (0.000,0.169) (0.000,0.617) (0.000,0.294) 
362      936   (12)   14 :  0.076 0.008 0.065 0.072 0.007 0.084 0.040 0.062 0.007 0.147 0.008 0.013 0.079 0.059 0.031 0.015 0.068 0.060 0.051 0.046     (0.000,0.637) (0.000,0.042) (0.000,0.526) (0.000,0.594) (0.000,0.038) (0.000,0.653) (0.000,0.288) (0.000,0.511) (0.000,0.036) (0.000,0.883) (0.000,0.044) (0.000,0.073) (0.000,0.660) (0.000,0.480) (0.000,0.210) (0.000,0.089) (0.000,0.552) (0.000,0.502) (0.000,0.400) (0.000,0.348) 
363      937   (25)   18 :  0.040 0.012 0.063 0.058 0.015 0.043 0.080 0.065 0.016 0.088 0.016 0.034 0.173 0.037 0.034 0.007 0.119 0.038 0.026 0.035     (0.000,0.293) (0.000,0.072) (0.000,0.502) (0.000,0.470) (0.000,0.087) (0.000,0.322) (0.000,0.638) (0.000,0.532) (0.000,0.106) (0.000,0.683) (0.000,0.105) (0.000,0.250) (0.000,0.897) (0.000,0.257) (0.000,0.248) (0.000,0.039) (0.000,0.801) (0.000,0.266) (0.000,0.157) (0.000,0.244) 
364      938    (0)   10 :  0.049 0.009 0.052 0.062 0.011 0.037 0.066 0.174 0.007 0.062 0.007 0.012 0.067 0.044 0.178 0.012 0.035 0.045 0.032 0.040     (0.000,0.384) (0.000,0.047) (0.000,0.410) (0.000,0.507) (0.000,0.063) (0.000,0.269) (0.000,0.542) (0.000,0.905) (0.000,0.038) (0.000,0.511) (0.000,0.041) (0.000,0.069) (0.000,0.550) (0.000,0.324) (0.000,0.908) (0.000,0.068) (0.000,0.234) (0.000,0.336) (0.000,0.204) (0.000,0.293) 
365      939    (0)   13 :  0.040 0.042 0.081 0.181 0.012 0.037 0.057 0.047 0.046 0.041 0.050 0.024 0.053 0.067 0.074 0.006 0.022 0.037 0.033 0.049     (0.000,0.290) (0.000,0.320) (0.000,0.632) (0.000,0.898) (0.000,0.072) (0.000,0.267) (0.000,0.452) (0.000,0.367) (0.000,0.336) (0.000,0.303) (0.000,0.371) (0.000,0.160) (0.000,0.419) (0.000,0.531) (0.000,0.561) (0.000,0.034) (0.000,0.135) (0.000,0.266) (0.000,0.222) (0.000,0.378) 
366      941    (0)   19 :  0.029 0.014 0.026 0.042 0.020 0.025 0.038 0.030 0.018 0.026 0.019 0.023 0.120 0.061 0.026 0.008 0.047 0.158 0.244 0.025     (0.000,0.193) (0.000,0.090) (0.000,0.175) (0.000,0.324) (0.000,0.137) (0.000,0.168) (0.000,0.283) (0.000,0.205) (0.000,0.130) (0.000,0.166) (0.000,0.130) (0.000,0.160) (0.000,0.716) (0.000,0.474) (0.000,0.176) (0.000,0.046) (0.000,0.368) (0.000,0.815) (0.000,0.890) (0.000,0.162) 
367      943    (0)    7 :  0.114 0.007 0.064 0.089 0.088 0.016 0.127 0.030 0.005 0.137 0.007 0.011 0.024 0.028 0.097 0.004 0.048 0.025 0.034 0.045     (0.000,0.752) (0.000,0.041) (0.000,0.491) (0.000,0.628) (0.000,0.440) (0.000,0.097) (0.000,0.709) (0.000,0.211) (0.000,0.028) (0.000,0.745) (0.000,0.037) (0.000,0.065) (0.000,0.158) (0.000,0.187) (0.000,0.641) (0.000,0.022) (0.000,0.366) (0.000,0.154) (0.000,0.243) (0.000,0.338) 
368      946    (0)    1 :  0.049 0.021 0.104 0.047 0.016 0.022 0.088 0.056 0.018 0.046 0.018 0.012 0.074 0.148 0.039 0.006 0.094 0.044 0.055 0.042     (0.000,0.384) (0.000,0.148) (0.000,0.761) (0.000,0.365) (0.000,0.099) (0.000,0.137) (0.000,0.692) (0.000,0.453) (0.000,0.127) (0.000,0.356) (0.000,0.124) (0.000,0.067) (0.000,0.588) (0.000,0.870) (0.000,0.288) (0.000,0.030) (0.000,0.708) (0.000,0.328) (0.000,0.446) (0.000,0.307) 
369      947    (0)   20 :  0.048 0.032 0.065 0.036 0.023 0.080 0.043 0.112 0.033 0.031 0.026 0.030 0.107 0.085 0.044 0.033 0.029 0.044 0.042 0.057     (0.000,0.371) (0.000,0.235) (0.000,0.517) (0.000,0.266) (0.000,0.156) (0.000,0.584) (0.000,0.332) (0.000,0.718) (0.000,0.236) (0.000,0.209) (0.000,0.192) (0.000,0.221) (0.000,0.740) (0.000,0.626) (0.000,0.335) (0.000,0.234) (0.000,0.195) (0.000,0.334) (0.000,0.312) (0.000,0.462) 
370      948    (0)   14 :  0.040 0.007 0.080 0.067 0.012 0.029 0.043 0.084 0.007 0.037 0.007 0.007 0.197 0.082 0.043 0.007 0.109 0.059 0.039 0.044     (0.000,0.286) (0.000,0.038) (0.000,0.636) (0.000,0.527) (0.000,0.074) (0.000,0.191) (0.000,0.319) (0.000,0.673) (0.000,0.039) (0.000,0.260) (0.000,0.040) (0.000,0.036) (0.000,0.916) (0.000,0.643) (0.000,0.320) (0.000,0.038) (0.000,0.782) (0.000,0.487) (0.000,0.277) (0.000,0.332) 
371      950    (0)   13 :  0.041 0.010 0.069 0.119 0.015 0.039 0.057 0.100 0.010 0.042 0.010 0.011 0.093 0.116 0.059 0.007 0.070 0.046 0.043 0.044     (0.000,0.298) (0.000,0.057) (0.000,0.585) (0.000,0.817) (0.000,0.086) (0.000,0.284) (0.000,0.455) (0.000,0.755) (0.000,0.061) (0.000,0.308) (0.000,0.061) (0.000,0.060) (0.000,0.731) (0.000,0.816) (0.000,0.474) (0.000,0.035) (0.000,0.575) (0.000,0.346) (0.000,0.318) (0.000,0.335) 
372      955    (0)   14 :  0.030 0.007 0.078 0.047 0.012 0.023 0.092 0.197 0.006 0.034 0.007 0.010 0.092 0.084 0.078 0.007 0.076 0.045 0.031 0.043     (0.000,0.189) (0.000,0.037) (0.000,0.652) (0.000,0.354) (0.000,0.070) (0.000,0.143) (0.000,0.723) (0.000,0.927) (0.000,0.036) (0.000,0.231) (0.000,0.039) (0.000,0.053) (0.000,0.726) (0.000,0.679) (0.000,0.617) (0.000,0.040) (0.000,0.632) (0.000,0.340) (0.000,0.201) (0.000,0.317) 
373      956   (25)    4 :  0.034 0.014 0.051 0.026 0.057 0.015 0.222 0.055 0.008 0.028 0.007 0.030 0.039 0.137 0.042 0.015 0.020 0.033 0.118 0.048     (0.000,0.226) (0.000,0.083) (0.000,0.409) (0.000,0.160) (0.000,0.436) (0.000,0.079) (0.000,0.944) (0.000,0.436) (0.000,0.046) (0.000,0.169) (0.000,0.039) (0.000,0.210) (0.000,0.280) (0.000,0.868) (0.000,0.314) (0.000,0.098) (0.000,0.122) (0.000,0.212) (0.000,0.824) (0.000,0.373) 
374      958    (0)    1 :  0.055 0.006 0.038 0.025 0.014 0.039 0.036 0.083 0.005 0.044 0.005 0.010 0.208 0.125 0.020 0.012 0.087 0.055 0.087 0.047     (0.000,0.452) (0.000,0.032) (0.000,0.265) (0.000,0.149) (0.000,0.083) (0.000,0.283) (0.000,0.244) (0.000,0.684) (0.000,0.028) (0.000,0.328) (0.000,0.029) (0.000,0.052) (0.000,0.939) (0.000,0.853) (0.000,0.118) (0.000,0.069) (0.000,0.710) (0.000,0.447) (0.000,0.711) (0.000,0.360) 
375      961    (0)   13 :  0.039 0.005 0.040 0.041 0.012 0.053 0.032 0.124 0.005 0.037 0.004 0.009 0.241 0.077 0.025 0.011 0.070 0.058 0.052 0.066     (0.000,0.270) (0.000,0.024) (0.000,0.285) (0.000,0.300) (0.000,0.069) (0.000,0.416) (0.000,0.208) (0.000,0.844) (0.000,0.024) (0.000,0.252) (0.000,0.024) (0.000,0.048) (0.000,0.953) (0.000,0.636) (0.000,0.155) (0.000,0.064) (0.000,0.582) (0.000,0.489) (0.000,0.410) (0.000,0.554) 
376      962   (12)   18 :  0.049 0.035 0.059 0.033 0.027 0.046 0.047 0.038 0.033 0.026 0.032 0.064 0.120 0.083 0.027 0.075 0.049 0.040 0.079 0.038     (0.000,0.384) (0.000,0.263) (0.000,0.466) (0.000,0.233) (0.000,0.189) (0.000,0.354) (0.000,0.362) (0.000,0.282) (0.000,0.243) (0.000,0.165) (0.000,0.237) (0.000,0.471) (0.000,0.778) (0.000,0.611) (0.000,0.185) (0.000,0.482) (0.000,0.388) (0.000,0.295) (0.000,0.617) (0.000,0.280) 
377      967    (0)   14 :  0.062 0.006 0.061 0.115 0.018 0.040 0.108 0.044 0.005 0.042 0.006 0.011 0.094 0.112 0.063 0.010 0.044 0.044 0.071 0.045     (0.000,0.513) (0.000,0.032) (0.000,0.500) (0.000,0.810) (0.000,0.113) (0.000,0.299) (0.000,0.782) (0.000,0.328) (0.000,0.030) (0.000,0.312) (0.000,0.032) (0.000,0.066) (0.000,0.729) (0.000,0.808) (0.000,0.501) (0.000,0.058) (0.000,0.330) (0.000,0.325) (0.000,0.579) (0.000,0.340) 
378      969    (0)   14 :  0.035 0.006 0.066 0.068 0.010 0.041 0.023 0.075 0.005 0.034 0.007 0.009 0.362 0.059 0.027 0.014 0.042 0.043 0.038 0.035     (0.000,0.231) (0.000,0.031) (0.000,0.543) (0.000,0.564) (0.000,0.058) (0.000,0.313) (0.000,0.137) (0.000,0.635) (0.000,0.028) (0.000,0.228) (0.000,0.037) (0.000,0.046) (0.000,0.976) (0.000,0.481) (0.000,0.168) (0.000,0.078) (0.000,0.307) (0.000,0.313) (0.000,0.265) (0.000,0.238) 
379      971    (0)   13 :  0.030 0.018 0.031 0.027 0.020 0.075 0.029 0.069 0.015 0.021 0.027 0.158 0.083 0.148 0.021 0.020 0.099 0.061 0.027 0.022     (0.000,0.199) (0.000,0.124) (0.000,0.218) (0.000,0.184) (0.000,0.136) (0.000,0.554) (0.000,0.202) (0.000,0.542) (0.000,0.102) (0.000,0.134) (0.000,0.199) (0.000,0.678) (0.000,0.589) (0.000,0.838) (0.000,0.137) (0.000,0.137) (0.000,0.687) (0.000,0.491) (0.000,0.176) (0.000,0.139) 
380      973    (0)    1 :  0.078 0.040 0.065 0.075 0.015 0.024 0.179 0.019 0.026 0.061 0.070 0.012 0.028 0.038 0.137 0.011 0.028 0.034 0.034 0.025     (0.000,0.635) (0.000,0.304) (0.000,0.528) (0.000,0.587) (0.000,0.096) (0.000,0.149) (0.000,0.894) (0.000,0.115) (0.000,0.192) (0.000,0.493) (0.000,0.458) (0.000,0.074) (0.000,0.179) (0.000,0.275) (0.000,0.780) (0.000,0.067) (0.000,0.188) (0.000,0.229) (0.000,0.229) (0.000,0.150) 
381      975   (12)   13 :  0.026 0.009 0.086 0.040 0.028 0.025 0.055 0.131 0.007 0.047 0.012 0.010 0.135 0.138 0.040 0.014 0.055 0.043 0.065 0.031     (0.000,0.159) (0.000,0.052) (0.000,0.699) (0.000,0.294) (0.000,0.189) (0.000,0.156) (0.000,0.441) (0.000,0.844) (0.000,0.038) (0.000,0.369) (0.000,0.071) (0.000,0.054) (0.000,0.864) (0.000,0.871) (0.000,0.289) (0.000,0.086) (0.000,0.447) (0.000,0.322) (0.000,0.551) (0.000,0.205) 
382      980    (0)   13 :  0.031 0.024 0.041 0.040 0.029 0.017 0.078 0.038 0.017 0.029 0.027 0.030 0.123 0.188 0.032 0.053 0.049 0.042 0.082 0.030     (0.000,0.210) (0.000,0.169) (0.000,0.314) (0.000,0.303) (0.000,0.206) (0.000,0.095) (0.000,0.589) (0.000,0.282) (0.000,0.120) (0.000,0.187) (0.000,0.196) (0.000,0.217) (0.000,0.785) (0.000,0.902) (0.000,0.233) (0.000,0.375) (0.000,0.383) (0.000,0.312) (0.000,0.640) (0.000,0.201) 
383      981    (0)    7 :  0.085 0.009 0.065 0.030 0.014 0.034 0.289 0.035 0.009 0.033 0.008 0.010 0.052 0.079 0.071 0.006 0.021 0.041 0.044 0.065     (0.000,0.696) (0.000,0.055) (0.000,0.536) (0.000,0.193) (0.000,0.081) (0.000,0.232) (0.000,0.964) (0.000,0.245) (0.000,0.056) (0.000,0.220) (0.000,0.044) (0.000,0.054) (0.000,0.413) (0.000,0.644) (0.000,0.555) (0.000,0.032) (0.000,0.128) (0.000,0.295) (0.000,0.324) (0.000,0.537) 
384      982    (0)   12 :  0.009 0.031 0.009 0.007 0.007 0.009 0.009 0.008 0.042 0.007 0.024 0.742 0.007 0.008 0.007 0.039 0.007 0.008 0.010 0.010     (0.000,0.047) (0.000,0.228) (0.000,0.049) (0.000,0.036) (0.000,0.035) (0.000,0.047) (0.000,0.052) (0.000,0.044) (0.000,0.316) (0.000,0.038) (0.000,0.176) (0.257,0.991) (0.000,0.040) (0.000,0.045) (0.000,0.039) (0.000,0.279) (0.000,0.037) (0.000,0.046) (0.000,0.059) (0.000,0.056) 
385      987    (0)   16 :  0.013 0.019 0.009 0.009 0.007 0.011 0.011 0.012 0.013 0.012 0.013 0.018 0.010 0.012 0.010 0.775 0.009 0.010 0.015 0.012     (0.000,0.075) (0.000,0.128) (0.000,0.052) (0.000,0.047) (0.000,0.036) (0.000,0.062) (0.000,0.065) (0.000,0.068) (0.000,0.086) (0.000,0.068) (0.000,0.084) (0.000,0.101) (0.000,0.057) (0.000,0.067) (0.000,0.058) (0.392,0.991) (0.000,0.050) (0.000,0.060) (0.000,0.088) (0.000,0.066) 
386      988    (0)   16 :  0.021 0.074 0.022 0.020 0.007 0.021 0.020 0.020 0.089 0.020 0.149 0.035 0.021 0.025 0.023 0.354 0.022 0.020 0.019 0.017     (0.000,0.146) (0.000,0.486) (0.000,0.157) (0.000,0.139) (0.000,0.040) (0.000,0.148) (0.000,0.140) (0.000,0.132) (0.000,0.517) (0.000,0.135) (0.000,0.661) (0.000,0.263) (0.000,0.138) (0.000,0.177) (0.000,0.164) (0.000,0.752) (0.000,0.157) (0.000,0.133) (0.000,0.123) (0.000,0.109) 
387      990    (0)   16 :  0.020 0.085 0.011 0.012 0.012 0.014 0.017 0.014 0.040 0.021 0.072 0.066 0.023 0.014 0.011 0.508 0.019 0.013 0.015 0.012     (0.000,0.132) (0.000,0.501) (0.000,0.060) (0.000,0.073) (0.000,0.073) (0.000,0.083) (0.000,0.111) (0.000,0.079) (0.000,0.302) (0.000,0.144) (0.000,0.456) (0.000,0.478) (0.000,0.151) (0.000,0.079) (0.000,0.067) (0.003,0.895) (0.000,0.117) (0.000,0.076) (0.000,0.087) (0.000,0.072) 
388      992   (12)   12 :  0.012 0.075 0.010 0.010 0.009 0.011 0.015 0.011 0.091 0.010 0.038 0.320 0.009 0.012 0.009 0.305 0.008 0.012 0.016 0.017     (0.000,0.071) (0.000,0.539) (0.000,0.055) (0.000,0.052) (0.000,0.047) (0.000,0.060) (0.000,0.088) (0.000,0.060) (0.000,0.558) (0.000,0.052) (0.000,0.291) (0.000,0.972) (0.000,0.051) (0.000,0.070) (0.000,0.052) (0.000,0.851) (0.000,0.042) (0.000,0.065) (0.000,0.095) (0.000,0.101) 
389      994    (0)   12 :  0.008 0.031 0.006 0.008 0.005 0.010 0.007 0.006 0.036 0.006 0.015 0.806 0.009 0.008 0.006 0.005 0.006 0.009 0.006 0.007     (0.000,0.041) (0.000,0.232) (0.000,0.034) (0.000,0.047) (0.000,0.028) (0.000,0.058) (0.000,0.039) (0.000,0.033) (0.000,0.267) (0.000,0.032) (0.000,0.093) (0.439,0.994) (0.000,0.050) (0.000,0.044) (0.000,0.032) (0.000,0.027) (0.000,0.030) (0.000,0.050) (0.000,0.035) (0.000,0.036) 
390      996   (12)   12 :  0.009 0.008 0.007 0.009 0.006 0.011 0.010 0.009 0.007 0.008 0.007 0.842 0.008 0.009 0.008 0.007 0.008 0.009 0.009 0.010     (0.000,0.048) (0.000,0.044) (0.000,0.039) (0.000,0.049) (0.000,0.034) (0.000,0.060) (0.000,0.052) (0.000,0.047) (0.000,0.036) (0.000,0.044) (0.000,0.035) (0.526,0.995) (0.000,0.041) (0.000,0.050) (0.000,0.046) (0.000,0.037) (0.000,0.040) (0.000,0.049) (0.000,0.050) (0.000,0.054) 
391      998    (0)   12 :  0.007 0.009 0.006 0.007 0.005 0.009 0.007 0.008 0.008 0.007 0.007 0.862 0.007 0.008 0.007 0.006 0.007 0.008 0.007 0.008     (0.000,0.039) (0.000,0.047) (0.000,0.033) (0.000,0.038) (0.000,0.027) (0.000,0.048) (0.000,0.039) (0.000,0.042) (0.000,0.041) (0.000,0.038) (0.000,0.040) (0.582,0.996) (0.000,0.040) (0.000,0.040) (0.000,0.037) (0.000,0.029) (0.000,0.039) (0.000,0.042) (0.000,0.040) (0.000,0.043) 
392     1000    (0)   10 :  0.090 0.021 0.086 0.062 0.009 0.049 0.053 0.027 0.018 0.094 0.014 0.031 0.050 0.050 0.102 0.008 0.020 0.081 0.038 0.097     (0.000,0.666) (0.000,0.144) (0.000,0.576) (0.000,0.470) (0.000,0.048) (0.000,0.362) (0.000,0.413) (0.000,0.183) (0.000,0.124) (0.000,0.652) (0.000,0.092) (0.000,0.230) (0.000,0.368) (0.000,0.389) (0.000,0.638) (0.000,0.048) (0.000,0.124) (0.000,0.629) (0.000,0.273) (0.000,0.711) 
393     1001    (0)   18 :  0.111 0.018 0.164 0.119 0.007 0.033 0.086 0.023 0.020 0.078 0.016 0.034 0.026 0.023 0.067 0.005 0.014 0.055 0.026 0.075     (0.000,0.776) (0.000,0.118) (0.000,0.813) (0.000,0.773) (0.000,0.035) (0.000,0.240) (0.000,0.617) (0.000,0.146) (0.000,0.140) (0.000,0.577) (0.000,0.107) (0.000,0.252) (0.000,0.167) (0.000,0.146) (0.000,0.510) (0.000,0.026) (0.000,0.077) (0.000,0.438) (0.000,0.164) (0.000,0.595) 
394     1002    (0)   11 :  0.013 0.095 0.009 0.017 0.007 0.011 0.014 0.007 0.039 0.013 0.597 0.086 0.009 0.011 0.012 0.011 0.005 0.011 0.015 0.016     (0.000,0.084) (0.000,0.646) (0.000,0.050) (0.000,0.115) (0.000,0.044) (0.000,0.065) (0.000,0.094) (0.000,0.039) (0.000,0.296) (0.000,0.078) (0.067,0.961) (0.000,0.543) (0.000,0.049) (0.000,0.068) (0.000,0.074) (0.000,0.073) (0.000,0.029) (0.000,0.065) (0.000,0.097) (0.000,0.104) 
395     1003    (0)   11 :  0.011 0.225 0.012 0.016 0.007 0.010 0.017 0.015 0.045 0.017 0.071 0.438 0.023 0.016 0.016 0.005 0.012 0.013 0.014 0.016     (0.000,0.060) (0.000,0.946) (0.000,0.070) (0.000,0.095) (0.000,0.037) (0.000,0.055) (0.000,0.102) (0.000,0.088) (0.000,0.356) (0.000,0.099) (0.000,0.592) (0.000,0.982) (0.000,0.142) (0.000,0.094) (0.000,0.102) (0.000,0.027) (0.000,0.068) (0.000,0.074) (0.000,0.081) (0.000,0.095) 
396     1006    (0)   12 :  0.007 0.014 0.006 0.007 0.007 0.008 0.006 0.007 0.017 0.007 0.014 0.845 0.007 0.007 0.006 0.010 0.007 0.007 0.007 0.007     (0.000,0.039) (0.000,0.085) (0.000,0.031) (0.000,0.037) (0.000,0.038) (0.000,0.043) (0.000,0.032) (0.000,0.036) (0.000,0.108) (0.000,0.036) (0.000,0.084) (0.532,0.995) (0.000,0.036) (0.000,0.038) (0.000,0.030) (0.000,0.060) (0.000,0.038) (0.000,0.035) (0.000,0.036) (0.000,0.035) 
397     1008    (0)   11 :  0.007 0.164 0.006 0.008 0.005 0.008 0.006 0.006 0.533 0.006 0.174 0.029 0.007 0.006 0.007 0.005 0.005 0.006 0.006 0.007     (0.000,0.036) (0.000,0.943) (0.000,0.032) (0.000,0.042) (0.000,0.024) (0.000,0.044) (0.000,0.035) (0.000,0.032) (0.000,0.991) (0.000,0.035) (0.000,0.950) (0.000,0.180) (0.000,0.037) (0.000,0.030) (0.000,0.040) (0.000,0.028) (0.000,0.027) (0.000,0.033) (0.000,0.030) (0.000,0.041) 
398     1009    (0)    2 :  0.013 0.456 0.009 0.010 0.042 0.011 0.011 0.012 0.068 0.022 0.130 0.108 0.019 0.011 0.018 0.009 0.014 0.011 0.017 0.011     (0.000,0.082) (0.000,0.974) (0.000,0.050) (0.000,0.055) (0.000,0.248) (0.000,0.063) (0.000,0.062) (0.000,0.077) (0.000,0.526) (0.000,0.154) (0.000,0.796) (0.000,0.728) (0.000,0.124) (0.000,0.062) (0.000,0.120) (0.000,0.051) (0.000,0.086) (0.000,0.060) (0.000,0.110) (0.000,0.065) 
399     1012   (25)    2 :  0.011 0.339 0.010 0.013 0.010 0.012 0.013 0.011 0.101 0.014 0.171 0.211 0.016 0.010 0.012 0.007 0.009 0.010 0.009 0.011     (0.000,0.062) (0.000,0.975) (0.000,0.054) (0.000,0.075) (0.000,0.057) (0.000,0.066) (0.000,0.077) (0.000,0.064) (0.000,0.761) (0.000,0.081) (0.000,0.913) (0.000,0.943) (0.000,0.091) (0.000,0.054) (0.000,0.073) (0.000,0.040) (0.000,0.052) (0.000,0.052) (0.000,0.049) (0.000,0.063) 
400     1013    (0)    2 :  0.006 0.527 0.005 0.006 0.007 0.006 0.006 0.004 0.250 0.006 0.126 0.009 0.005 0.006 0.007 0.004 0.004 0.005 0.006 0.006     (0.000,0.033) (0.000,0.993) (0.000,0.026) (0.000,0.032) (0.000,0.040) (0.000,0.031) (0.000,0.034) (0.000,0.023) (0.000,0.973) (0.000,0.031) (0.000,0.915) (0.000,0.047) (0.000,0.025) (0.000,0.030) (0.000,0.037) (0.000,0.020) (0.000,0.022) (0.000,0.028) (0.000,0.030) (0.000,0.030) 
401     1024   (25)   11 :  0.020 0.360 0.015 0.026 0.010 0.018 0.024 0.014 0.087 0.028 0.196 0.089 0.017 0.013 0.022 0.006 0.012 0.013 0.012 0.017     (0.000,0.115) (0.000,0.973) (0.000,0.091) (0.000,0.170) (0.000,0.052) (0.000,0.102) (0.000,0.149) (0.000,0.084) (0.000,0.676) (0.000,0.181) (0.000,0.917) (0.000,0.695) (0.000,0.105) (0.000,0.074) (0.000,0.142) (0.000,0.031) (0.000,0.064) (0.000,0.074) (0.000,0.070) (0.000,0.101) 
402     1025    (0)    1 :  0.197 0.019 0.019 0.104 0.007 0.041 0.037 0.031 0.012 0.167 0.011 0.023 0.014 0.032 0.039 0.009 0.012 0.033 0.027 0.168     (0.000,0.929) (0.000,0.122) (0.000,0.104) (0.000,0.758) (0.000,0.037) (0.000,0.306) (0.000,0.263) (0.000,0.210) (0.000,0.070) (0.000,0.898) (0.000,0.066) (0.000,0.157) (0.000,0.075) (0.000,0.207) (0.000,0.288) (0.000,0.051) (0.000,0.064) (0.000,0.211) (0.000,0.173) (0.000,0.901) 
403     1026    (0)    2 :  0.007 0.442 0.005 0.008 0.004 0.007 0.007 0.005 0.428 0.006 0.024 0.011 0.006 0.006 0.007 0.004 0.005 0.007 0.006 0.006     (0.000,0.037) (0.000,0.990) (0.000,0.027) (0.000,0.042) (0.000,0.022) (0.000,0.036) (0.000,0.036) (0.000,0.025) (0.000,0.989) (0.000,0.033) (0.000,0.140) (0.000,0.060) (0.000,0.034) (0.000,0.032) (0.000,0.038) (0.000,0.019) (0.000,0.025) (0.000,0.036) (0.000,0.032) (0.000,0.033) 
404     1033    (0)   12 :  0.020 0.034 0.014 0.029 0.008 0.029 0.016 0.022 0.032 0.014 0.023 0.607 0.010 0.032 0.011 0.007 0.032 0.026 0.015 0.023     (0.000,0.114) (0.000,0.260) (0.000,0.079) (0.000,0.190) (0.000,0.041) (0.000,0.184) (0.000,0.087) (0.000,0.136) (0.000,0.240) (0.000,0.077) (0.000,0.158) (0.000,0.985) (0.000,0.056) (0.000,0.205) (0.000,0.059) (0.000,0.036) (0.000,0.235) (0.000,0.151) (0.000,0.088) (0.000,0.132) 
405     1034    (0)    9 :  0.011 0.067 0.008 0.009 0.012 0.010 0.008 0.010 0.041 0.010 0.726 0.016 0.009 0.009 0.009 0.008 0.009 0.009 0.010 0.009     (0.000,0.062) (0.000,0.524) (0.000,0.048) (0.000,0.050) (0.000,0.078) (0.000,0.058) (0.000,0.046) (0.000,0.060) (0.000,0.314) (0.000,0.061) (0.173,0.990) (0.000,0.098) (0.000,0.054) (0.000,0.050) (0.000,0.050) (0.000,0.050) (0.000,0.049) (0.000,0.053) (0.000,0.056) (0.000,0.055) 
406     1037    (0)    9 :  0.007 0.106 0.007 0.010 0.004 0.008 0.007 0.007 0.470 0.007 0.303 0.013 0.007 0.006 0.007 0.005 0.006 0.007 0.006 0.008     (0.000,0.038) (0.000,0.866) (0.000,0.039) (0.000,0.053) (0.000,0.023) (0.000,0.045) (0.000,0.035) (0.000,0.037) (0.000,0.990) (0.000,0.038) (0.000,0.980) (0.000,0.073) (0.000,0.038) (0.000,0.032) (0.000,0.039) (0.000,0.028) (0.000,0.030) (0.000,0.035) (0.000,0.031) (0.000,0.041) 
407     1038    (0)    2 :  0.008 0.287 0.006 0.008 0.005 0.007 0.008 0.006 0.363 0.007 0.226 0.018 0.006 0.006 0.007 0.005 0.006 0.006 0.006 0.007     (0.000,0.044) (0.000,0.977) (0.000,0.034) (0.000,0.042) (0.000,0.028) (0.000,0.039) (0.000,0.043) (0.000,0.032) (0.000,0.985) (0.000,0.039) (0.000,0.968) (0.000,0.095) (0.000,0.033) (0.000,0.032) (0.000,0.036) (0.000,0.028) (0.000,0.031) (0.000,0.033) (0.000,0.033) (0.000,0.039) 
408     1040    (0)   11 :  0.008 0.369 0.007 0.007 0.004 0.007 0.007 0.006 0.338 0.007 0.176 0.011 0.006 0.007 0.007 0.006 0.006 0.007 0.007 0.007     (0.000,0.041) (0.000,0.986) (0.000,0.036) (0.000,0.038) (0.000,0.023) (0.000,0.036) (0.000,0.037) (0.000,0.031) (0.000,0.983) (0.000,0.037) (0.000,0.951) (0.000,0.060) (0.000,0.030) (0.000,0.037) (0.000,0.037) (0.000,0.033) (0.000,0.033) (0.000,0.036) (0.000,0.038) (0.000,0.036) 
409     1047    (0)    9 :  0.011 0.285 0.006 0.009 0.015 0.008 0.009 0.006 0.300 0.009 0.265 0.017 0.007 0.009 0.008 0.005 0.007 0.008 0.009 0.007     (0.000,0.059) (0.000,0.971) (0.000,0.034) (0.000,0.049) (0.000,0.105) (0.000,0.046) (0.000,0.047) (0.000,0.031) (0.000,0.972) (0.000,0.049) (0.000,0.970) (0.000,0.096) (0.000,0.036) (0.000,0.050) (0.000,0.044) (0.000,0.028) (0.000,0.037) (0.000,0.041) (0.000,0.048) (0.000,0.039) 
410     1052    (0)    9 :  0.005 0.085 0.005 0.006 0.004 0.005 0.005 0.004 0.742 0.005 0.089 0.007 0.004 0.005 0.005 0.004 0.004 0.005 0.005 0.005     (0.000,0.029) (0.000,0.821) (0.000,0.025) (0.000,0.030) (0.000,0.022) (0.000,0.028) (0.000,0.026) (0.000,0.023) (0.000,0.996) (0.000,0.027) (0.000,0.856) (0.000,0.039) (0.000,0.022) (0.000,0.025) (0.000,0.027) (0.000,0.019) (0.000,0.023) (0.000,0.026) (0.000,0.026) (0.000,0.027) 
411     1053    (0)    2 :  0.006 0.331 0.005 0.006 0.004 0.005 0.006 0.004 0.432 0.006 0.149 0.008 0.004 0.005 0.005 0.004 0.005 0.005 0.005 0.005     (0.000,0.032) (0.000,0.986) (0.000,0.027) (0.000,0.033) (0.000,0.022) (0.000,0.028) (0.000,0.030) (0.000,0.023) (0.000,0.991) (0.000,0.030) (0.000,0.948) (0.000,0.040) (0.000,0.024) (0.000,0.025) (0.000,0.028) (0.000,0.019) (0.000,0.024) (0.000,0.026) (0.000,0.026) (0.000,0.029) 
412     1054    (0)    9 :  0.007 0.314 0.006 0.007 0.004 0.006 0.006 0.005 0.463 0.006 0.118 0.010 0.006 0.006 0.006 0.005 0.006 0.006 0.007 0.006     (0.000,0.038) (0.000,0.983) (0.000,0.031) (0.000,0.035) (0.000,0.022) (0.000,0.032) (0.000,0.033) (0.000,0.029) (0.000,0.990) (0.000,0.033) (0.000,0.907) (0.000,0.055) (0.000,0.030) (0.000,0.033) (0.000,0.032) (0.000,0.025) (0.000,0.031) (0.000,0.033) (0.000,0.035) (0.000,0.033) 
413     1060    (0)    9 :  0.009 0.180 0.006 0.010 0.007 0.008 0.008 0.006 0.368 0.009 0.312 0.023 0.006 0.007 0.007 0.005 0.007 0.007 0.007 0.007     (0.000,0.050) (0.000,0.945) (0.000,0.034) (0.000,0.051) (0.000,0.038) (0.000,0.044) (0.000,0.040) (0.000,0.030) (0.000,0.983) (0.000,0.049) (0.000,0.980) (0.000,0.131) (0.000,0.035) (0.000,0.038) (0.000,0.036) (0.000,0.028) (0.000,0.038) (0.000,0.037) (0.000,0.038) (0.000,0.038) 
414     1065   (12)   13 :  0.101 0.012 0.118 0.064 0.009 0.058 0.034 0.047 0.016 0.092 0.012 0.056 0.030 0.039 0.027 0.008 0.064 0.116 0.032 0.065     (0.000,0.734) (0.000,0.075) (0.000,0.717) (0.000,0.485) (0.000,0.047) (0.000,0.444) (0.000,0.243) (0.000,0.367) (0.000,0.102) (0.000,0.644) (0.000,0.072) (0.000,0.393) (0.000,0.202) (0.000,0.286) (0.000,0.185) (0.000,0.043) (0.000,0.467) (0.000,0.788) (0.000,0.224) (0.000,0.519) 
415     1066    (0)   12 :  0.017 0.018 0.007 0.014 0.010 0.029 0.015 0.009 0.015 0.010 0.007 0.754 0.012 0.015 0.008 0.011 0.007 0.016 0.012 0.013     (0.000,0.094) (0.000,0.111) (0.000,0.040) (0.000,0.084) (0.000,0.054) (0.000,0.187) (0.000,0.085) (0.000,0.048) (0.000,0.094) (0.000,0.054) (0.000,0.038) (0.180,0.992) (0.000,0.073) (0.000,0.086) (0.000,0.046) (0.000,0.068) (0.000,0.040) (0.000,0.099) (0.000,0.069) (0.000,0.071) 
416     1071    (0)    2 :  0.062 0.100 0.028 0.073 0.011 0.061 0.060 0.014 0.049 0.042 0.083 0.210 0.022 0.022 0.032 0.015 0.013 0.023 0.026 0.053     (0.000,0.479) (0.000,0.596) (0.000,0.194) (0.000,0.542) (0.000,0.065) (0.000,0.462) (0.000,0.452) (0.000,0.087) (0.000,0.362) (0.000,0.320) (0.000,0.519) (0.000,0.837) (0.000,0.147) (0.000,0.149) (0.000,0.236) (0.000,0.099) (0.000,0.081) (0.000,0.156) (0.000,0.178) (0.000,0.413) 
417     1074    (0)   12 :  0.028 0.020 0.019 0.016 0.007 0.045 0.018 0.025 0.012 0.018 0.013 0.615 0.012 0.031 0.012 0.013 0.026 0.028 0.019 0.023     (0.000,0.170) (0.000,0.141) (0.000,0.112) (0.000,0.092) (0.000,0.035) (0.000,0.344) (0.000,0.099) (0.000,0.153) (0.000,0.072) (0.000,0.107) (0.000,0.083) (0.000,0.987) (0.000,0.067) (0.000,0.203) (0.000,0.069) (0.000,0.079) (0.000,0.174) (0.000,0.162) (0.000,0.109) (0.000,0.130) 
418     1084    (0)   12 :  0.107 0.021 0.031 0.069 0.009 0.029 0.232 0.018 0.015 0.029 0.016 0.196 0.019 0.018 0.029 0.009 0.013 0.030 0.032 0.080     (0.000,0.791) (0.000,0.146) (0.000,0.208) (0.000,0.560) (0.000,0.047) (0.000,0.194) (0.000,0.935) (0.000,0.105) (0.000,0.096) (0.000,0.192) (0.000,0.101) (0.000,0.904) (0.000,0.111) (0.000,0.101) (0.000,0.189) (0.000,0.050) (0.000,0.077) (0.000,0.191) (0.000,0.215) (0.000,0.650) 
419     1091    (0)    9 :  0.009 0.220 0.007 0.010 0.006 0.009 0.009 0.006 0.098 0.010 0.525 0.030 0.008 0.007 0.008 0.008 0.006 0.008 0.008 0.008     (0.000,0.050) (0.000,0.962) (0.000,0.040) (0.000,0.058) (0.000,0.030) (0.000,0.048) (0.000,0.046) (0.000,0.032) (0.000,0.810) (0.000,0.053) (0.000,0.990) (0.000,0.201) (0.000,0.046) (0.000,0.040) (0.000,0.042) (0.000,0.045) (0.000,0.034) (0.000,0.042) (0.000,0.043) (0.000,0.044) 
420     1098    (0)    9 :  0.010 0.334 0.009 0.007 0.006 0.011 0.010 0.010 0.204 0.010 0.280 0.030 0.009 0.008 0.009 0.017 0.007 0.009 0.009 0.010     (0.000,0.061) (0.000,0.977) (0.000,0.051) (0.000,0.041) (0.000,0.033) (0.000,0.062) (0.000,0.057) (0.000,0.058) (0.000,0.893) (0.000,0.056) (0.000,0.962) (0.000,0.207) (0.000,0.054) (0.000,0.045) (0.000,0.050) (0.000,0.118) (0.000,0.040) (0.000,0.051) (0.000,0.054) (0.000,0.061) 
421     1102    (0)    9 :  0.010 0.045 0.008 0.008 0.012 0.009 0.008 0.009 0.027 0.010 0.771 0.013 0.009 0.008 0.008 0.009 0.008 0.009 0.009 0.009     (0.000,0.058) (0.000,0.346) (0.000,0.045) (0.000,0.045) (0.000,0.078) (0.000,0.052) (0.000,0.045) (0.000,0.053) (0.000,0.185) (0.000,0.056) (0.317,0.991) (0.000,0.084) (0.000,0.054) (0.000,0.047) (0.000,0.044) (0.000,0.056) (0.000,0.044) (0.000,0.050) (0.000,0.055) (0.000,0.052) 
422     1105    (0)    9 :  0.008 0.133 0.007 0.009 0.005 0.008 0.008 0.006 0.176 0.008 0.562 0.016 0.007 0.006 0.007 0.007 0.006 0.007 0.006 0.008     (0.000,0.044) (0.000,0.912) (0.000,0.037) (0.000,0.048) (0.000,0.028) (0.000,0.042) (0.000,0.041) (0.000,0.034) (0.000,0.945) (0.000,0.041) (0.000,0.992) (0.000,0.091) (0.000,0.040) (0.000,0.033) (0.000,0.036) (0.000,0.037) (0.000,0.032) (0.000,0.036) (0.000,0.034) (0.000,0.040) 
423     1108    (0)    2 :  0.011 0.177 0.012 0.014 0.006 0.009 0.011 0.012 0.091 0.013 0.530 0.025 0.013 0.012 0.010 0.008 0.011 0.011 0.011 0.012     (0.000,0.059) (0.000,0.928) (0.000,0.071) (0.000,0.078) (0.000,0.032) (0.000,0.051) (0.000,0.062) (0.000,0.073) (0.000,0.740) (0.000,0.072) (0.000,0.987) (0.000,0.159) (0.000,0.078) (0.000,0.071) (0.000,0.056) (0.000,0.044) (0.000,0.060) (0.000,0.060) (0.000,0.063) (0.000,0.064) 
424     1112    (0)    7 :  0.055 0.039 0.031 0.134 0.010 0.038 0.024 0.030 0.025 0.076 0.053 0.037 0.034 0.064 0.022 0.029 0.067 0.065 0.110 0.056     (0.000,0.442) (0.000,0.297) (0.000,0.206) (0.000,0.803) (0.000,0.055) (0.000,0.271) (0.000,0.146) (0.000,0.205) (0.000,0.186) (0.000,0.606) (0.000,0.372) (0.000,0.269) (0.000,0.237) (0.000,0.520) (0.000,0.137) (0.000,0.215) (0.000,0.508) (0.000,0.528) (0.000,0.743) (0.000,0.454) 
425     1115    (0)    4 :  0.076 0.088 0.032 0.030 0.073 0.027 0.052 0.021 0.019 0.182 0.074 0.031 0.027 0.030 0.041 0.010 0.038 0.031 0.083 0.036     (0.000,0.604) (0.000,0.551) (0.000,0.226) (0.000,0.215) (0.000,0.422) (0.000,0.174) (0.000,0.412) (0.000,0.137) (0.000,0.127) (0.000,0.891) (0.000,0.469) (0.000,0.223) (0.000,0.183) (0.000,0.208) (0.000,0.309) (0.000,0.061) (0.000,0.288) (0.000,0.211) (0.000,0.602) (0.000,0.261) 
426     1119   (25)    2 :  0.010 0.396 0.011 0.009 0.014 0.008 0.020 0.014 0.055 0.014 0.335 0.026 0.015 0.012 0.012 0.008 0.010 0.010 0.010 0.011     (0.000,0.054) (0.000,0.983) (0.000,0.066) (0.000,0.046) (0.000,0.076) (0.000,0.043) (0.000,0.122) (0.000,0.088) (0.000,0.469) (0.000,0.079) (0.000,0.968) (0.000,0.179) (0.000,0.084) (0.000,0.066) (0.000,0.068) (0.000,0.042) (0.000,0.055) (0.000,0.054) (0.000,0.058) (0.000,0.061) 
427     1120    (0)   11 :  0.017 0.262 0.011 0.013 0.010 0.012 0.015 0.011 0.062 0.015 0.247 0.075 0.015 0.015 0.009 0.154 0.008 0.013 0.020 0.016     (0.000,0.106) (0.000,0.948) (0.000,0.060) (0.000,0.075) (0.000,0.054) (0.000,0.070) (0.000,0.094) (0.000,0.062) (0.000,0.478) (0.000,0.090) (0.000,0.860) (0.000,0.504) (0.000,0.087) (0.000,0.088) (0.000,0.052) (0.000,0.684) (0.000,0.046) (0.000,0.077) (0.000,0.134) (0.000,0.099) 
428     1121   (12)   12 :  0.019 0.020 0.016 0.028 0.009 0.035 0.013 0.021 0.017 0.017 0.019 0.531 0.014 0.046 0.009 0.006 0.097 0.036 0.025 0.022     (0.000,0.104) (0.000,0.134) (0.000,0.089) (0.000,0.185) (0.000,0.051) (0.000,0.238) (0.000,0.069) (0.000,0.124) (0.000,0.109) (0.000,0.099) (0.000,0.126) (0.000,0.982) (0.000,0.080) (0.000,0.345) (0.000,0.048) (0.000,0.031) (0.000,0.661) (0.000,0.246) (0.000,0.167) (0.000,0.128) 
429     1122    (0)    7 :  0.037 0.160 0.030 0.031 0.008 0.028 0.036 0.041 0.085 0.036 0.108 0.169 0.042 0.029 0.026 0.010 0.025 0.028 0.028 0.045     (0.000,0.267) (0.000,0.761) (0.000,0.214) (0.000,0.222) (0.000,0.042) (0.000,0.196) (0.000,0.258) (0.000,0.307) (0.000,0.547) (0.000,0.262) (0.000,0.638) (0.000,0.862) (0.000,0.319) (0.000,0.206) (0.000,0.181) (0.000,0.057) (0.000,0.171) (0.000,0.188) (0.000,0.191) (0.000,0.342) 
430     1123   (12)   11 :  0.009 0.190 0.007 0.008 0.005 0.008 0.008 0.007 0.527 0.007 0.149 0.018 0.007 0.007 0.008 0.005 0.006 0.008 0.008 0.009     (0.000,0.046) (0.000,0.952) (0.000,0.037) (0.000,0.044) (0.000,0.026) (0.000,0.042) (0.000,0.044) (0.000,0.036) (0.000,0.991) (0.000,0.040) (0.000,0.930) (0.000,0.094) (0.000,0.039) (0.000,0.037) (0.000,0.043) (0.000,0.024) (0.000,0.032) (0.000,0.041) (0.000,0.040) (0.000,0.047) 
431     1124   (12)   11 :  0.009 0.134 0.008 0.010 0.005 0.010 0.009 0.008 0.464 0.008 0.244 0.026 0.009 0.008 0.009 0.005 0.007 0.008 0.008 0.010     (0.000,0.051) (0.000,0.899) (0.000,0.044) (0.000,0.056) (0.000,0.027) (0.000,0.053) (0.000,0.046) (0.000,0.043) (0.000,0.988) (0.000,0.045) (0.000,0.967) (0.000,0.149) (0.000,0.052) (0.000,0.042) (0.000,0.046) (0.000,0.028) (0.000,0.037) (0.000,0.046) (0.000,0.044) (0.000,0.056) 
432     1125   (12)   11 :  0.012 0.241 0.007 0.012 0.008 0.010 0.012 0.007 0.177 0.011 0.336 0.099 0.011 0.008 0.008 0.006 0.008 0.008 0.008 0.010     (0.000,0.066) (0.000,0.962) (0.000,0.040) (0.000,0.069) (0.000,0.042) (0.000,0.053) (0.000,0.070) (0.000,0.038) (0.000,0.935) (0.000,0.063) (0.000,0.979) (0.000,0.813) (0.000,0.058) (0.000,0.041) (0.000,0.045) (0.000,0.030) (0.000,0.044) (0.000,0.045) (0.000,0.044) (0.000,0.053) 
433     1131    (0)   12 :  0.012 0.026 0.010 0.011 0.007 0.035 0.010 0.011 0.045 0.012 0.031 0.703 0.014 0.011 0.011 0.007 0.011 0.012 0.009 0.012     (0.000,0.062) (0.000,0.173) (0.000,0.057) (0.000,0.061) (0.000,0.038) (0.000,0.250) (0.000,0.052) (0.000,0.059) (0.000,0.353) (0.000,0.068) (0.000,0.227) (0.000,0.992) (0.000,0.073) (0.000,0.056) (0.000,0.064) (0.000,0.037) (0.000,0.057) (0.000,0.065) (0.000,0.050) (0.000,0.067) 
434     1132    (0)   14 :  0.041 0.014 0.048 0.056 0.007 0.063 0.033 0.058 0.011 0.076 0.012 0.022 0.068 0.075 0.053 0.010 0.042 0.099 0.067 0.147     (0.000,0.301) (0.000,0.089) (0.000,0.363) (0.000,0.446) (0.000,0.033) (0.000,0.505) (0.000,0.224) (0.000,0.466) (0.000,0.070) (0.000,0.618) (0.000,0.072) (0.000,0.144) (0.000,0.554) (0.000,0.607) (0.000,0.418) (0.000,0.061) (0.000,0.311) (0.000,0.753) (0.000,0.554) (0.000,0.875) 
435     1133    (0)    7 :  0.096 0.008 0.024 0.021 0.006 0.073 0.162 0.033 0.007 0.053 0.007 0.010 0.047 0.067 0.042 0.006 0.016 0.158 0.031 0.133     (0.000,0.757) (0.000,0.043) (0.000,0.141) (0.000,0.126) (0.000,0.033) (0.000,0.571) (0.000,0.872) (0.000,0.227) (0.000,0.036) (0.000,0.417) (0.000,0.035) (0.000,0.059) (0.000,0.360) (0.000,0.548) (0.000,0.319) (0.000,0.031) (0.000,0.091) (0.000,0.891) (0.000,0.200) (0.000,0.860) 
436     1134   (12)   13 :  0.040 0.072 0.015 0.017 0.011 0.033 0.030 0.025 0.048 0.042 0.041 0.099 0.317 0.039 0.022 0.010 0.035 0.036 0.032 0.036     (0.000,0.295) (0.000,0.532) (0.000,0.085) (0.000,0.101) (0.000,0.060) (0.000,0.231) (0.000,0.204) (0.000,0.161) (0.000,0.367) (0.000,0.317) (0.000,0.313) (0.000,0.652) (0.000,0.962) (0.000,0.287) (0.000,0.140) (0.000,0.052) (0.000,0.244) (0.000,0.260) (0.000,0.226) (0.000,0.266) 
437     1137    (0)    2 :  0.034 0.193 0.028 0.027 0.008 0.030 0.037 0.028 0.050 0.052 0.065 0.165 0.059 0.035 0.042 0.009 0.022 0.033 0.042 0.039     (0.000,0.238) (0.000,0.885) (0.000,0.190) (0.000,0.183) (0.000,0.043) (0.000,0.206) (0.000,0.260) (0.000,0.187) (0.000,0.373) (0.000,0.412) (0.000,0.486) (0.000,0.875) (0.000,0.466) (0.000,0.241) (0.000,0.323) (0.000,0.049) (0.000,0.135) (0.000,0.231) (0.000,0.311) (0.000,0.285) 
438     1138    (0)    1 :  0.053 0.012 0.031 0.058 0.007 0.133 0.057 0.071 0.012 0.064 0.011 0.015 0.054 0.043 0.139 0.005 0.016 0.061 0.031 0.124     (0.000,0.428) (0.000,0.074) (0.000,0.200) (0.000,0.472) (0.000,0.034) (0.000,0.844) (0.000,0.469) (0.000,0.584) (0.000,0.076) (0.000,0.540) (0.000,0.063) (0.000,0.091) (0.000,0.441) (0.000,0.314) (0.000,0.852) (0.000,0.026) (0.000,0.088) (0.000,0.515) (0.000,0.198) (0.000,0.850) 
439     1139    (0)   18 :  0.051 0.011 0.034 0.086 0.007 0.134 0.041 0.069 0.010 0.078 0.011 0.016 0.076 0.055 0.096 0.006 0.021 0.063 0.035 0.101     (0.000,0.406) (0.000,0.064) (0.000,0.227) (0.000,0.694) (0.000,0.033) (0.000,0.848) (0.000,0.296) (0.000,0.570) (0.000,0.059) (0.000,0.658) (0.000,0.063) (0.000,0.100) (0.000,0.637) (0.000,0.443) (0.000,0.728) (0.000,0.032) (0.000,0.121) (0.000,0.524) (0.000,0.231) (0.000,0.780) 
440     1143    (0)   19 :  0.078 0.021 0.041 0.039 0.006 0.047 0.048 0.038 0.012 0.097 0.013 0.025 0.030 0.038 0.181 0.020 0.038 0.082 0.089 0.057     (0.000,0.652) (0.000,0.141) (0.000,0.293) (0.000,0.283) (0.000,0.032) (0.000,0.365) (0.000,0.378) (0.000,0.269) (0.000,0.070) (0.000,0.749) (0.000,0.077) (0.000,0.159) (0.000,0.193) (0.000,0.262) (0.000,0.905) (0.000,0.139) (0.000,0.277) (0.000,0.667) (0.000,0.711) (0.000,0.470) 
441     1146    (0)   19 :  0.080 0.020 0.033 0.062 0.008 0.046 0.054 0.044 0.014 0.097 0.014 0.030 0.047 0.046 0.084 0.011 0.057 0.084 0.101 0.067     (0.000,0.664) (0.000,0.131) (0.000,0.212) (0.000,0.501) (0.000,0.040) (0.000,0.348) (0.000,0.431) (0.000,0.327) (0.000,0.091) (0.000,0.745) (0.000,0.087) (0.000,0.211) (0.000,0.360) (0.000,0.345) (0.000,0.639) (0.000,0.064) (0.000,0.457) (0.000,0.685) (0.000,0.766) (0.000,0.564) 
442     1147    (0)    1 :  0.078 0.041 0.044 0.129 0.008 0.059 0.063 0.019 0.023 0.079 0.030 0.051 0.036 0.050 0.074 0.011 0.017 0.049 0.070 0.070     (0.000,0.635) (0.000,0.308) (0.000,0.330) (0.000,0.835) (0.000,0.043) (0.000,0.480) (0.000,0.511) (0.000,0.109) (0.000,0.159) (0.000,0.646) (0.000,0.221) (0.000,0.396) (0.000,0.256) (0.000,0.394) (0.000,0.575) (0.000,0.062) (0.000,0.097) (0.000,0.379) (0.000,0.572) (0.000,0.576) 
443     1156    (0)    8 :  0.058 0.027 0.036 0.067 0.009 0.047 0.052 0.072 0.022 0.062 0.020 0.039 0.078 0.078 0.024 0.009 0.024 0.061 0.049 0.167     (0.000,0.466) (0.000,0.193) (0.000,0.248) (0.000,0.540) (0.000,0.049) (0.000,0.366) (0.000,0.408) (0.000,0.571) (0.000,0.155) (0.000,0.503) (0.000,0.137) (0.000,0.295) (0.000,0.613) (0.000,0.632) (0.000,0.151) (0.000,0.054) (0.000,0.150) (0.000,0.507) (0.000,0.388) (0.000,0.895) 
444     1157    (0)   18 :  0.073 0.011 0.034 0.017 0.007 0.024 0.071 0.212 0.008 0.091 0.008 0.012 0.047 0.035 0.081 0.014 0.091 0.072 0.038 0.054     (0.000,0.613) (0.000,0.066) (0.000,0.224) (0.000,0.091) (0.000,0.036) (0.000,0.145) (0.000,0.598) (0.000,0.936) (0.000,0.043) (0.000,0.730) (0.000,0.041) (0.000,0.068) (0.000,0.360) (0.000,0.240) (0.000,0.618) (0.000,0.083) (0.000,0.715) (0.000,0.612) (0.000,0.271) (0.000,0.433) 
445     1162   (12)   13 :  0.039 0.027 0.038 0.036 0.011 0.254 0.025 0.100 0.032 0.042 0.026 0.033 0.081 0.029 0.054 0.019 0.015 0.038 0.022 0.079     (0.000,0.280) (0.000,0.194) (0.000,0.268) (0.000,0.262) (0.000,0.059) (0.000,0.943) (0.000,0.157) (0.000,0.699) (0.000,0.231) (0.000,0.321) (0.000,0.188) (0.000,0.240) (0.000,0.661) (0.000,0.187) (0.000,0.441) (0.000,0.129) (0.000,0.083) (0.000,0.276) (0.000,0.121) (0.000,0.638) 
446     1167   (12)   14 :  0.087 0.017 0.029 0.038 0.010 0.082 0.035 0.064 0.014 0.095 0.012 0.014 0.092 0.085 0.035 0.008 0.060 0.077 0.069 0.080     (0.000,0.710) (0.000,0.110) (0.000,0.182) (0.000,0.269) (0.000,0.050) (0.000,0.664) (0.000,0.234) (0.000,0.530) (0.000,0.083) (0.000,0.747) (0.000,0.073) (0.000,0.079) (0.000,0.716) (0.000,0.695) (0.000,0.238) (0.000,0.045) (0.000,0.483) (0.000,0.640) (0.000,0.575) (0.000,0.660) 
447     1173    (0)    9 :  0.012 0.193 0.011 0.012 0.006 0.015 0.011 0.010 0.415 0.011 0.179 0.037 0.013 0.010 0.013 0.007 0.009 0.012 0.011 0.013     (0.000,0.070) (0.000,0.936) (0.000,0.059) (0.000,0.073) (0.000,0.029) (0.000,0.086) (0.000,0.063) (0.000,0.058) (0.000,0.980) (0.000,0.066) (0.000,0.926) (0.000,0.251) (0.000,0.077) (0.000,0.058) (0.000,0.078) (0.000,0.037) (0.000,0.048) (0.000,0.066) (0.000,0.062) (0.000,0.075) 
448     1176    (0)    3 :  0.056 0.018 0.058 0.047 0.007 0.126 0.039 0.060 0.015 0.049 0.013 0.036 0.024 0.078 0.073 0.007 0.104 0.094 0.047 0.050     (0.000,0.454) (0.000,0.118) (0.000,0.461) (0.000,0.357) (0.000,0.039) (0.000,0.817) (0.000,0.281) (0.000,0.481) (0.000,0.096) (0.000,0.380) (0.000,0.078) (0.000,0.262) (0.000,0.148) (0.000,0.625) (0.000,0.555) (0.000,0.041) (0.000,0.699) (0.000,0.721) (0.000,0.360) (0.000,0.394) 
449     1182    (0)    6 :  0.037 0.016 0.031 0.026 0.029 0.108 0.019 0.048 0.011 0.069 0.013 0.011 0.086 0.046 0.258 0.008 0.040 0.051 0.044 0.050     (0.000,0.260) (0.000,0.102) (0.000,0.207) (0.000,0.170) (0.000,0.187) (0.000,0.704) (0.000,0.114) (0.000,0.375) (0.000,0.065) (0.000,0.533) (0.000,0.085) (0.000,0.061) (0.000,0.638) (0.000,0.354) (0.000,0.943) (0.000,0.043) (0.000,0.291) (0.000,0.399) (0.000,0.330) (0.000,0.393) 
450     1185    (0)   18 :  0.045 0.014 0.034 0.069 0.007 0.093 0.027 0.120 0.012 0.065 0.011 0.018 0.060 0.074 0.059 0.013 0.038 0.083 0.052 0.107     (0.000,0.341) (0.000,0.088) (0.000,0.230) (0.000,0.566) (0.000,0.035) (0.000,0.706) (0.000,0.164) (0.000,0.814) (0.000,0.076) (0.000,0.538) (0.000,0.068) (0.000,0.109) (0.000,0.497) (0.000,0.612) (0.000,0.483) (0.000,0.075) (0.000,0.269) (0.000,0.686) (0.000,0.407) (0.000,0.794) 
451     1200    (0)    7 :  0.081 0.037 0.032 0.083 0.010 0.050 0.056 0.041 0.024 0.072 0.018 0.066 0.038 0.055 0.042 0.013 0.025 0.059 0.104 0.095     (0.000,0.661) (0.000,0.272) (0.000,0.206) (0.000,0.647) (0.000,0.055) (0.000,0.393) (0.000,0.453) (0.000,0.301) (0.000,0.174) (0.000,0.592) (0.000,0.116) (0.000,0.521) (0.000,0.273) (0.000,0.440) (0.000,0.310) (0.000,0.075) (0.000,0.159) (0.000,0.483) (0.000,0.759) (0.000,0.739) 
452     1205    (0)    9 :  0.019 0.349 0.014 0.016 0.013 0.018 0.021 0.010 0.284 0.019 0.127 0.008 0.010 0.013 0.028 0.004 0.011 0.013 0.012 0.013     (0.000,0.131) (0.000,0.950) (0.000,0.089) (0.000,0.108) (0.000,0.083) (0.000,0.120) (0.000,0.148) (0.000,0.059) (0.000,0.908) (0.000,0.126) (0.000,0.832) (0.000,0.043) (0.000,0.062) (0.000,0.080) (0.000,0.197) (0.000,0.020) (0.000,0.066) (0.000,0.081) (0.000,0.072) (0.000,0.085) 
453     1207    (0)    9 :  0.010 0.333 0.007 0.008 0.005 0.009 0.009 0.007 0.433 0.009 0.090 0.014 0.008 0.009 0.010 0.005 0.007 0.009 0.009 0.009     (0.000,0.053) (0.000,0.982) (0.000,0.040) (0.000,0.045) (0.000,0.025) (0.000,0.048) (0.000,0.048) (0.000,0.036) (0.000,0.985) (0.000,0.048) (0.000,0.802) (0.000,0.075) (0.000,0.044) (0.000,0.047) (0.000,0.056) (0.000,0.025) (0.000,0.038) (0.000,0.048) (0.000,0.051) (0.000,0.049) 
454     1208    (0)    2 :  0.010 0.408 0.007 0.009 0.005 0.009 0.010 0.006 0.308 0.010 0.140 0.016 0.008 0.008 0.009 0.005 0.007 0.008 0.009 0.008     (0.000,0.055) (0.000,0.986) (0.000,0.039) (0.000,0.051) (0.000,0.028) (0.000,0.047) (0.000,0.053) (0.000,0.034) (0.000,0.975) (0.000,0.053) (0.000,0.913) (0.000,0.085) (0.000,0.042) (0.000,0.043) (0.000,0.052) (0.000,0.024) (0.000,0.038) (0.000,0.043) (0.000,0.047) (0.000,0.046) 
455     1212   (12)    7 :  0.089 0.017 0.062 0.081 0.008 0.030 0.329 0.019 0.018 0.025 0.017 0.044 0.019 0.012 0.136 0.005 0.014 0.025 0.016 0.031     (0.000,0.733) (0.000,0.109) (0.000,0.519) (0.000,0.674) (0.000,0.042) (0.000,0.205) (0.000,0.967) (0.000,0.112) (0.000,0.110) (0.000,0.161) (0.000,0.102) (0.000,0.330) (0.000,0.107) (0.000,0.067) (0.000,0.862) (0.000,0.028) (0.000,0.077) (0.000,0.147) (0.000,0.089) (0.000,0.196) 
456     1214    (0)    7 :  0.092 0.024 0.031 0.053 0.011 0.051 0.047 0.046 0.011 0.100 0.011 0.050 0.043 0.061 0.044 0.023 0.030 0.059 0.144 0.069     (0.000,0.726) (0.000,0.157) (0.000,0.201) (0.000,0.419) (0.000,0.058) (0.000,0.402) (0.000,0.360) (0.000,0.352) (0.000,0.067) (0.000,0.758) (0.000,0.062) (0.000,0.390) (0.000,0.317) (0.000,0.507) (0.000,0.335) (0.000,0.158) (0.000,0.203) (0.000,0.487) (0.000,0.871) (0.000,0.578) 
457     1218   (25)   10 :  0.097 0.012 0.025 0.109 0.010 0.022 0.015 0.049 0.012 0.333 0.010 0.011 0.016 0.033 0.019 0.006 0.038 0.029 0.028 0.126     (0.000,0.772) (0.000,0.073) (0.000,0.141) (0.000,0.807) (0.000,0.052) (0.000,0.133) (0.000,0.085) (0.000,0.387) (0.000,0.070) (0.000,0.971) (0.000,0.055) (0.000,0.060) (0.000,0.089) (0.000,0.214) (0.000,0.109) (0.000,0.031) (0.000,0.268) (0.000,0.180) (0.000,0.176) (0.000,0.848) 
458     1222    (0)    9 :  0.005 0.142 0.004 0.004 0.011 0.005 0.005 0.004 0.686 0.005 0.086 0.008 0.004 0.005 0.005 0.004 0.004 0.004 0.005 0.004     (0.000,0.026) (0.000,0.938) (0.000,0.022) (0.000,0.022) (0.000,0.070) (0.000,0.026) (0.000,0.026) (0.000,0.022) (0.000,0.995) (0.000,0.025) (0.000,0.832) (0.000,0.040) (0.000,0.023) (0.000,0.027) (0.000,0.025) (0.000,0.022) (0.000,0.022) (0.000,0.023) (0.000,0.025) (0.000,0.023) 
459     1224    (0)    2 :  0.027 0.222 0.014 0.014 0.007 0.013 0.026 0.033 0.374 0.017 0.033 0.012 0.014 0.014 0.039 0.051 0.032 0.031 0.013 0.014     (0.000,0.201) (0.000,0.811) (0.000,0.092) (0.000,0.086) (0.000,0.035) (0.000,0.077) (0.000,0.193) (0.000,0.241) (0.000,0.854) (0.000,0.120) (0.000,0.245) (0.000,0.063) (0.000,0.086) (0.000,0.087) (0.000,0.268) (0.000,0.334) (0.000,0.231) (0.000,0.231) (0.000,0.079) (0.000,0.086) 
460     1226    (0)    9 :  0.005 0.072 0.004 0.004 0.005 0.005 0.004 0.004 0.767 0.005 0.083 0.008 0.004 0.004 0.004 0.004 0.004 0.004 0.004 0.004     (0.000,0.024) (0.000,0.724) (0.000,0.022) (0.000,0.023) (0.000,0.027) (0.000,0.025) (0.000,0.024) (0.000,0.021) (0.000,0.997) (0.000,0.024) (0.000,0.845) (0.000,0.042) (0.000,0.023) (0.000,0.022) (0.000,0.022) (0.000,0.022) (0.000,0.022) (0.000,0.022) (0.000,0.021) (0.000,0.023) 
461     1233    (0)    9 :  0.005 0.123 0.005 0.005 0.004 0.006 0.005 0.005 0.727 0.005 0.060 0.008 0.005 0.005 0.005 0.005 0.005 0.005 0.005 0.006     (0.000,0.028) (0.000,0.925) (0.000,0.027) (0.000,0.025) (0.000,0.023) (0.000,0.030) (0.000,0.028) (0.000,0.028) (0.000,0.996) (0.000,0.026) (0.000,0.567) (0.000,0.043) (0.000,0.028) (0.000,0.027) (0.000,0.029) (0.000,0.026) (0.000,0.025) (0.000,0.027) (0.000,0.027) (0.000,0.029) 
462     1236    (0)    9 :  0.009 0.586 0.007 0.006 0.006 0.009 0.008 0.008 0.246 0.008 0.023 0.016 0.009 0.008 0.007 0.012 0.007 0.009 0.008 0.007     (0.000,0.051) (0.000,0.992) (0.000,0.038) (0.000,0.033) (0.000,0.030) (0.000,0.054) (0.000,0.042) (0.000,0.047) (0.000,0.919) (0.000,0.044) (0.000,0.129) (0.000,0.093) (0.000,0.053) (0.000,0.047) (0.000,0.040) (0.000,0.076) (0.000,0.038) (0.000,0.050) (0.000,0.047) (0.000,0.042) 
463     1237    (0)   12 :  0.016 0.025 0.015 0.009 0.010 0.013 0.013 0.010 0.027 0.011 0.015 0.748 0.007 0.012 0.008 0.018 0.011 0.011 0.011 0.010     (0.000,0.088) (0.000,0.175) (0.000,0.084) (0.000,0.051) (0.000,0.055) (0.000,0.072) (0.000,0.072) (0.000,0.054) (0.000,0.198) (0.000,0.060) (0.000,0.096) (0.232,0.992) (0.000,0.039) (0.000,0.067) (0.000,0.041) (0.000,0.122) (0.000,0.061) (0.000,0.061) (0.000,0.059) (0.000,0.053) 
464     1239    (0)   18 :  0.038 0.015 0.035 0.020 0.008 0.052 0.031 0.403 0.010 0.059 0.009 0.012 0.040 0.047 0.057 0.009 0.028 0.042 0.028 0.058     (0.000,0.261) (0.000,0.092) (0.000,0.228) (0.000,0.108) (0.000,0.037) (0.000,0.415) (0.000,0.196) (0.000,0.981) (0.000,0.058) (0.000,0.502) (0.000,0.049) (0.000,0.064) (0.000,0.287) (0.000,0.362) (0.000,0.474) (0.000,0.048) (0.000,0.170) (0.000,0.305) (0.000,0.168) (0.000,0.489) 
465     1240    (0)    9 :  0.015 0.434 0.015 0.013 0.028 0.011 0.025 0.030 0.115 0.016 0.133 0.033 0.028 0.023 0.018 0.005 0.016 0.014 0.014 0.015     (0.000,0.084) (0.000,0.977) (0.000,0.091) (0.000,0.073) (0.000,0.193) (0.000,0.061) (0.000,0.169) (0.000,0.213) (0.000,0.735) (0.000,0.097) (0.000,0.829) (0.000,0.233) (0.000,0.182) (0.000,0.150) (0.000,0.119) (0.000,0.028) (0.000,0.094) (0.000,0.079) (0.000,0.079) (0.000,0.086) 
466     1241   (25)    2 :  0.013 0.471 0.015 0.009 0.013 0.010 0.022 0.037 0.157 0.015 0.063 0.035 0.028 0.021 0.019 0.006 0.022 0.014 0.015 0.015     (0.000,0.068) (0.000,0.985) (0.000,0.089) (0.000,0.050) (0.000,0.066) (0.000,0.053) (0.000,0.134) (0.000,0.263) (0.000,0.847) (0.000,0.086) (0.000,0.534) (0.000,0.234) (0.000,0.173) (0.000,0.126) (0.000,0.120) (0.000,0.032) (0.000,0.125) (0.000,0.079) (0.000,0.082) (0.000,0.082) 
467     1248    (0)   16 :  0.064 0.036 0.030 0.021 0.009 0.080 0.027 0.106 0.034 0.042 0.022 0.023 0.033 0.033 0.066 0.173 0.047 0.060 0.040 0.053     (0.000,0.520) (0.000,0.268) (0.000,0.200) (0.000,0.131) (0.000,0.046) (0.000,0.607) (0.000,0.176) (0.000,0.695) (0.000,0.250) (0.000,0.321) (0.000,0.158) (0.000,0.158) (0.000,0.225) (0.000,0.235) (0.000,0.512) (0.000,0.743) (0.000,0.368) (0.000,0.488) (0.000,0.298) (0.000,0.418) 
468     1250    (0)   11 :  0.015 0.486 0.011 0.008 0.007 0.012 0.011 0.013 0.196 0.012 0.106 0.025 0.012 0.012 0.011 0.014 0.012 0.012 0.014 0.012     (0.000,0.086) (0.000,0.987) (0.000,0.061) (0.000,0.047) (0.000,0.034) (0.000,0.071) (0.000,0.062) (0.000,0.075) (0.000,0.868) (0.000,0.072) (0.000,0.806) (0.000,0.152) (0.000,0.070) (0.000,0.071) (0.000,0.064) (0.000,0.091) (0.000,0.067) (0.000,0.068) (0.000,0.084) (0.000,0.066) 
469     1259    (0)    9 :  0.010 0.165 0.010 0.010 0.005 0.011 0.009 0.009 0.487 0.009 0.195 0.012 0.009 0.009 0.010 0.006 0.008 0.009 0.009 0.010     (0.000,0.054) (0.000,0.931) (0.000,0.055) (0.000,0.052) (0.000,0.026) (0.000,0.058) (0.000,0.048) (0.000,0.051) (0.000,0.988) (0.000,0.049) (0.000,0.951) (0.000,0.061) (0.000,0.047) (0.000,0.047) (0.000,0.055) (0.000,0.034) (0.000,0.043) (0.000,0.050) (0.000,0.047) (0.000,0.056) 
470     1265    (0)    2 :  0.010 0.451 0.008 0.007 0.006 0.010 0.008 0.011 0.299 0.009 0.077 0.024 0.011 0.010 0.008 0.012 0.010 0.009 0.010 0.009     (0.000,0.060) (0.000,0.988) (0.000,0.044) (0.000,0.038) (0.000,0.032) (0.000,0.057) (0.000,0.048) (0.000,0.064) (0.000,0.929) (0.000,0.055) (0.000,0.715) (0.000,0.147) (0.000,0.065) (0.000,0.055) (0.000,0.048) (0.000,0.079) (0.000,0.055) (0.000,0.053) (0.000,0.060) (0.000,0.053) 
471     1276    (0)   11 :  0.009 0.226 0.011 0.010 0.006 0.009 0.011 0.014 0.469 0.010 0.132 0.015 0.011 0.010 0.012 0.004 0.009 0.010 0.009 0.011     (0.000,0.052) (0.000,0.956) (0.000,0.065) (0.000,0.058) (0.000,0.030) (0.000,0.053) (0.000,0.067) (0.000,0.090) (0.000,0.982) (0.000,0.058) (0.000,0.893) (0.000,0.080) (0.000,0.065) (0.000,0.059) (0.000,0.071) (0.000,0.024) (0.000,0.053) (0.000,0.056) (0.000,0.051) (0.000,0.066) 
472     1283    (0)   18 :  0.061 0.013 0.035 0.067 0.008 0.093 0.021 0.127 0.011 0.076 0.010 0.014 0.053 0.061 0.047 0.022 0.077 0.074 0.063 0.066     (0.000,0.509) (0.000,0.076) (0.000,0.231) (0.000,0.555) (0.000,0.039) (0.000,0.726) (0.000,0.122) (0.000,0.844) (0.000,0.068) (0.000,0.637) (0.000,0.058) (0.000,0.077) (0.000,0.427) (0.000,0.505) (0.000,0.362) (0.000,0.146) (0.000,0.628) (0.000,0.626) (0.000,0.518) (0.000,0.549) 
473     1291    (0)    1 :  0.051 0.054 0.023 0.046 0.008 0.062 0.022 0.082 0.067 0.043 0.046 0.040 0.091 0.064 0.033 0.036 0.071 0.062 0.043 0.057     (0.000,0.400) (0.000,0.390) (0.000,0.146) (0.000,0.354) (0.000,0.044) (0.000,0.484) (0.000,0.128) (0.000,0.623) (0.000,0.445) (0.000,0.322) (0.000,0.343) (0.000,0.298) (0.000,0.668) (0.000,0.514) (0.000,0.231) (0.000,0.265) (0.000,0.561) (0.000,0.494) (0.000,0.323) (0.000,0.450) 
474     1301    (0)    9 :  0.013 0.208 0.011 0.010 0.005 0.010 0.011 0.009 0.501 0.010 0.125 0.009 0.008 0.010 0.012 0.005 0.008 0.010 0.010 0.012     (0.000,0.067) (0.000,0.954) (0.000,0.057) (0.000,0.055) (0.000,0.025) (0.000,0.056) (0.000,0.059) (0.000,0.050) (0.000,0.989) (0.000,0.055) (0.000,0.888) (0.000,0.049) (0.000,0.043) (0.000,0.052) (0.000,0.067) (0.000,0.026) (0.000,0.043) (0.000,0.055) (0.000,0.055) (0.000,0.063) 
475     1302    (0)    2 :  0.017 0.122 0.019 0.026 0.005 0.018 0.013 0.014 0.340 0.015 0.290 0.015 0.013 0.013 0.016 0.006 0.011 0.014 0.013 0.018     (0.000,0.097) (0.000,0.842) (0.000,0.106) (0.000,0.158) (0.000,0.028) (0.000,0.105) (0.000,0.070) (0.000,0.081) (0.000,0.972) (0.000,0.084) (0.000,0.967) (0.000,0.082) (0.000,0.078) (0.000,0.072) (0.000,0.088) (0.000,0.034) (0.000,0.062) (0.000,0.079) (0.000,0.070) (0.000,0.099) 
476     1306    (0)    9 :  0.008 0.163 0.007 0.007 0.004 0.008 0.008 0.007 0.634 0.007 0.086 0.007 0.006 0.007 0.008 0.004 0.006 0.007 0.007 0.008     (0.000,0.043) (0.000,0.944) (0.000,0.039) (0.000,0.039) (0.000,0.023) (0.000,0.041) (0.000,0.041) (0.000,0.037) (0.000,0.994) (0.000,0.038) (0.000,0.808) (0.000,0.037) (0.000,0.033) (0.000,0.036) (0.000,0.044) (0.000,0.021) (0.000,0.032) (0.000,0.038) (0.000,0.038) (0.000,0.043) 
477     1307   (12)   13 :  0.091 0.090 0.031 0.060 0.016 0.037 0.078 0.040 0.046 0.050 0.026 0.057 0.026 0.058 0.048 0.037 0.017 0.043 0.076 0.073     (0.000,0.718) (0.000,0.671) (0.000,0.199) (0.000,0.488) (0.000,0.090) (0.000,0.263) (0.000,0.632) (0.000,0.296) (0.000,0.355) (0.000,0.396) (0.000,0.170) (0.000,0.446) (0.000,0.159) (0.000,0.472) (0.000,0.372) (0.000,0.268) (0.000,0.096) (0.000,0.322) (0.000,0.606) (0.000,0.597) 
478     1308   (12)    2 :  0.019 0.378 0.012 0.010 0.007 0.013 0.014 0.013 0.288 0.015 0.106 0.015 0.014 0.016 0.016 0.008 0.014 0.014 0.016 0.012     (0.000,0.103) (0.000,0.980) (0.000,0.063) (0.000,0.056) (0.000,0.035) (0.000,0.071) (0.000,0.076) (0.000,0.067) (0.000,0.966) (0.000,0.081) (0.000,0.822) (0.000,0.079) (0.000,0.072) (0.000,0.086) (0.000,0.087) (0.000,0.045) (0.000,0.077) (0.000,0.077) (0.000,0.090) (0.000,0.065) 
479     1309    (0)    2 :  0.011 0.392 0.008 0.009 0.006 0.009 0.010 0.007 0.282 0.010 0.177 0.013 0.008 0.009 0.008 0.006 0.009 0.009 0.009 0.008     (0.000,0.060) (0.000,0.985) (0.000,0.043) (0.000,0.047) (0.000,0.030) (0.000,0.046) (0.000,0.052) (0.000,0.039) (0.000,0.972) (0.000,0.053) (0.000,0.941) (0.000,0.067) (0.000,0.044) (0.000,0.049) (0.000,0.045) (0.000,0.032) (0.000,0.049) (0.000,0.047) (0.000,0.051) (0.000,0.044) 
480     1310   (12)    2 :  0.024 0.313 0.014 0.017 0.008 0.018 0.017 0.013 0.170 0.022 0.242 0.023 0.018 0.015 0.016 0.009 0.018 0.014 0.014 0.014     (0.000,0.143) (0.000,0.968) (0.000,0.080) (0.000,0.099) (0.000,0.045) (0.000,0.099) (0.000,0.094) (0.000,0.071) (0.000,0.906) (0.000,0.132) (0.000,0.953) (0.000,0.138) (0.000,0.105) (0.000,0.086) (0.000,0.088) (0.000,0.051) (0.000,0.100) (0.000,0.078) (0.000,0.080) (0.000,0.076) 
481     1313    (0)   12 :  0.016 0.015 0.012 0.014 0.008 0.019 0.012 0.018 0.018 0.015 0.018 0.673 0.049 0.016 0.011 0.011 0.018 0.018 0.020 0.018     (0.000,0.098) (0.000,0.088) (0.000,0.071) (0.000,0.084) (0.000,0.043) (0.000,0.122) (0.000,0.070) (0.000,0.113) (0.000,0.116) (0.000,0.090) (0.000,0.109) (0.127,0.986) (0.000,0.385) (0.000,0.095) (0.000,0.065) (0.000,0.063) (0.000,0.106) (0.000,0.109) (0.000,0.123) (0.000,0.112) 
482     1317    (0)    7 :  0.091 0.009 0.134 0.077 0.008 0.027 0.045 0.035 0.012 0.096 0.009 0.015 0.042 0.047 0.039 0.023 0.037 0.106 0.065 0.084     (0.000,0.704) (0.000,0.050) (0.000,0.802) (0.000,0.612) (0.000,0.044) (0.000,0.177) (0.000,0.340) (0.000,0.248) (0.000,0.074) (0.000,0.701) (0.000,0.049) (0.000,0.090) (0.000,0.315) (0.000,0.365) (0.000,0.291) (0.000,0.164) (0.000,0.274) (0.000,0.772) (0.000,0.521) (0.000,0.664) 
483     1318    (0)    7 :  0.100 0.018 0.191 0.050 0.007 0.060 0.034 0.029 0.032 0.104 0.019 0.012 0.047 0.042 0.036 0.007 0.021 0.072 0.040 0.078     (0.000,0.750) (0.000,0.118) (0.000,0.894) (0.000,0.386) (0.000,0.035) (0.000,0.479) (0.000,0.237) (0.000,0.198) (0.000,0.243) (0.000,0.749) (0.000,0.127) (0.000,0.069) (0.000,0.365) (0.000,0.316) (0.000,0.263) (0.000,0.036) (0.000,0.129) (0.000,0.590) (0.000,0.297) (0.000,0.637) 
484     1320   (25)    3 :  0.058 0.009 0.181 0.051 0.015 0.045 0.031 0.055 0.015 0.121 0.009 0.017 0.081 0.037 0.026 0.006 0.040 0.075 0.051 0.078     (0.000,0.475) (0.000,0.051) (0.000,0.893) (0.000,0.398) (0.000,0.081) (0.000,0.342) (0.000,0.204) (0.000,0.438) (0.000,0.089) (0.000,0.816) (0.000,0.049) (0.000,0.094) (0.000,0.657) (0.000,0.255) (0.000,0.162) (0.000,0.034) (0.000,0.300) (0.000,0.630) (0.000,0.398) (0.000,0.638) 
485     1322    (0)   13 :  0.042 0.009 0.031 0.048 0.008 0.051 0.031 0.056 0.012 0.053 0.011 0.019 0.227 0.050 0.013 0.005 0.069 0.064 0.043 0.159     (0.000,0.308) (0.000,0.053) (0.000,0.192) (0.000,0.363) (0.000,0.042) (0.000,0.399) (0.000,0.194) (0.000,0.457) (0.000,0.076) (0.000,0.427) (0.000,0.065) (0.000,0.121) (0.000,0.943) (0.000,0.391) (0.000,0.070) (0.000,0.025) (0.000,0.567) (0.000,0.553) (0.000,0.320) (0.000,0.907) 
486     1323    (0)   14 :  0.103 0.010 0.021 0.018 0.009 0.062 0.028 0.094 0.009 0.076 0.008 0.025 0.063 0.129 0.019 0.006 0.143 0.067 0.023 0.084     (0.000,0.745) (0.000,0.065) (0.000,0.124) (0.000,0.108) (0.000,0.048) (0.000,0.489) (0.000,0.184) (0.000,0.716) (0.000,0.056) (0.000,0.568) (0.000,0.050) (0.000,0.182) (0.000,0.476) (0.000,0.838) (0.000,0.123) (0.000,0.035) (0.000,0.837) (0.000,0.554) (0.000,0.136) (0.000,0.640) 
487     1325    (0)   13 :  0.042 0.007 0.042 0.026 0.010 0.053 0.044 0.156 0.006 0.088 0.006 0.016 0.143 0.041 0.029 0.006 0.057 0.059 0.058 0.113     (0.000,0.301) (0.000,0.036) (0.000,0.297) (0.000,0.163) (0.000,0.048) (0.000,0.423) (0.000,0.327) (0.000,0.898) (0.000,0.031) (0.000,0.719) (0.000,0.030) (0.000,0.091) (0.000,0.883) (0.000,0.297) (0.000,0.186) (0.000,0.031) (0.000,0.459) (0.000,0.491) (0.000,0.472) (0.000,0.827) 
488     1326    (0)   13 :  0.046 0.007 0.033 0.021 0.008 0.078 0.039 0.186 0.006 0.076 0.005 0.013 0.136 0.040 0.031 0.006 0.034 0.061 0.042 0.134     (0.000,0.344) (0.000,0.035) (0.000,0.212) (0.000,0.122) (0.000,0.039) (0.000,0.643) (0.000,0.268) (0.000,0.927) (0.000,0.031) (0.000,0.640) (0.000,0.029) (0.000,0.074) (0.000,0.875) (0.000,0.282) (0.000,0.206) (0.000,0.032) (0.000,0.225) (0.000,0.515) (0.000,0.307) (0.000,0.874) 
489     1328    (0)   10 :  0.046 0.015 0.031 0.046 0.010 0.060 0.049 0.082 0.008 0.056 0.006 0.020 0.148 0.122 0.033 0.007 0.036 0.112 0.067 0.046     (0.000,0.347) (0.000,0.097) (0.000,0.206) (0.000,0.343) (0.000,0.053) (0.000,0.474) (0.000,0.381) (0.000,0.625) (0.000,0.047) (0.000,0.454) (0.000,0.033) (0.000,0.122) (0.000,0.879) (0.000,0.830) (0.000,0.226) (0.000,0.038) (0.000,0.255) (0.000,0.798) (0.000,0.547) (0.000,0.349) 
490     1337   (25)   13 :  0.092 0.011 0.029 0.024 0.008 0.071 0.053 0.093 0.010 0.073 0.009 0.011 0.100 0.057 0.053 0.010 0.055 0.093 0.049 0.100     (0.000,0.739) (0.000,0.060) (0.000,0.179) (0.000,0.142) (0.000,0.044) (0.000,0.585) (0.000,0.426) (0.000,0.730) (0.000,0.056) (0.000,0.610) (0.000,0.048) (0.000,0.064) (0.000,0.754) (0.000,0.466) (0.000,0.413) (0.000,0.056) (0.000,0.442) (0.000,0.739) (0.000,0.384) (0.000,0.772) 
491     1338    (0)   12 :  0.052 0.059 0.022 0.021 0.018 0.070 0.036 0.028 0.032 0.052 0.031 0.273 0.090 0.024 0.023 0.024 0.032 0.031 0.042 0.041     (0.000,0.415) (0.000,0.419) (0.000,0.134) (0.000,0.132) (0.000,0.110) (0.000,0.553) (0.000,0.268) (0.000,0.197) (0.000,0.240) (0.000,0.410) (0.000,0.231) (0.000,0.935) (0.000,0.668) (0.000,0.152) (0.000,0.145) (0.000,0.171) (0.000,0.233) (0.000,0.217) (0.000,0.319) (0.000,0.312) 
492     1343    (0)   13 :  0.060 0.008 0.040 0.039 0.006 0.067 0.059 0.114 0.009 0.037 0.009 0.026 0.035 0.045 0.074 0.009 0.175 0.110 0.026 0.051     (0.000,0.497) (0.000,0.046) (0.000,0.284) (0.000,0.284) (0.000,0.032) (0.000,0.525) (0.000,0.483) (0.000,0.794) (0.000,0.052) (0.000,0.264) (0.000,0.054) (0.000,0.191) (0.000,0.238) (0.000,0.337) (0.000,0.557) (0.000,0.050) (0.000,0.889) (0.000,0.800) (0.000,0.164) (0.000,0.397) 
493     1344    (0)    3 :  0.056 0.018 0.061 0.051 0.008 0.138 0.048 0.046 0.020 0.041 0.018 0.055 0.036 0.080 0.042 0.005 0.083 0.086 0.046 0.064     (0.000,0.453) (0.000,0.124) (0.000,0.492) (0.000,0.393) (0.000,0.040) (0.000,0.836) (0.000,0.369) (0.000,0.353) (0.000,0.137) (0.000,0.306) (0.000,0.122) (0.000,0.407) (0.000,0.255) (0.000,0.634) (0.000,0.312) (0.000,0.028) (0.000,0.613) (0.000,0.686) (0.000,0.355) (0.000,0.519) 
494     1351    (0)    1 :  0.051 0.020 0.082 0.068 0.008 0.063 0.087 0.058 0.022 0.068 0.019 0.022 0.051 0.045 0.094 0.005 0.034 0.057 0.049 0.098     (0.000,0.403) (0.000,0.135) (0.000,0.659) (0.000,0.558) (0.000,0.042) (0.000,0.513) (0.000,0.695) (0.000,0.464) (0.000,0.157) (0.000,0.566) (0.000,0.125) (0.000,0.139) (0.000,0.407) (0.000,0.342) (0.000,0.697) (0.000,0.025) (0.000,0.238) (0.000,0.464) (0.000,0.383) (0.000,0.756) 
495     1356    (0)    3 :  0.086 0.039 0.034 0.073 0.009 0.091 0.045 0.027 0.021 0.057 0.014 0.031 0.091 0.076 0.035 0.008 0.029 0.109 0.081 0.042     (0.000,0.690) (0.000,0.292) (0.000,0.240) (0.000,0.579) (0.000,0.046) (0.000,0.698) (0.000,0.339) (0.000,0.173) (0.000,0.150) (0.000,0.462) (0.000,0.084) (0.000,0.209) (0.000,0.685) (0.000,0.618) (0.000,0.250) (0.000,0.046) (0.000,0.200) (0.000,0.782) (0.000,0.640) (0.000,0.319) 
496     1365    (0)    1 :  0.090 0.034 0.051 0.070 0.008 0.061 0.096 0.025 0.027 0.059 0.024 0.037 0.036 0.055 0.067 0.009 0.019 0.055 0.076 0.100     (0.000,0.709) (0.000,0.251) (0.000,0.405) (0.000,0.568) (0.000,0.044) (0.000,0.496) (0.000,0.722) (0.000,0.156) (0.000,0.195) (0.000,0.483) (0.000,0.174) (0.000,0.272) (0.000,0.255) (0.000,0.447) (0.000,0.533) (0.000,0.054) (0.000,0.111) (0.000,0.443) (0.000,0.610) (0.000,0.753) 
497     1366    (0)   10 :  0.061 0.103 0.038 0.057 0.009 0.034 0.049 0.019 0.057 0.043 0.051 0.099 0.032 0.060 0.027 0.015 0.019 0.048 0.105 0.077     (0.000,0.496) (0.000,0.664) (0.000,0.264) (0.000,0.454) (0.000,0.045) (0.000,0.238) (0.000,0.375) (0.000,0.110) (0.000,0.417) (0.000,0.321) (0.000,0.384) (0.000,0.714) (0.000,0.216) (0.000,0.485) (0.000,0.174) (0.000,0.093) (0.000,0.117) (0.000,0.367) (0.000,0.746) (0.000,0.621) 
498     1368   (12)   13 :  0.075 0.029 0.019 0.010 0.012 0.023 0.055 0.087 0.026 0.043 0.017 0.017 0.165 0.069 0.021 0.013 0.167 0.063 0.038 0.052     (0.000,0.619) (0.000,0.219) (0.000,0.106) (0.000,0.053) (0.000,0.061) (0.000,0.135) (0.000,0.446) (0.000,0.689) (0.000,0.193) (0.000,0.326) (0.000,0.116) (0.000,0.109) (0.000,0.870) (0.000,0.578) (0.000,0.128) (0.000,0.077) (0.000,0.895) (0.000,0.519) (0.000,0.266) (0.000,0.415) 
499     1370    (0)   13 :  0.048 0.008 0.032 0.019 0.006 0.048 0.039 0.287 0.010 0.028 0.009 0.020 0.039 0.030 0.026 0.009 0.181 0.084 0.017 0.060     (0.000,0.368) (0.000,0.046) (0.000,0.201) (0.000,0.109) (0.000,0.030) (0.000,0.371) (0.000,0.278) (0.000,0.963) (0.000,0.060) (0.000,0.178) (0.000,0.051) (0.000,0.135) (0.000,0.283) (0.000,0.188) (0.000,0.174) (0.000,0.049) (0.000,0.909) (0.000,0.702) (0.000,0.092) (0.000,0.488) 
500     1372    (0)   18 :  0.069 0.015 0.022 0.025 0.008 0.085 0.033 0.094 0.010 0.043 0.007 0.011 0.173 0.138 0.019 0.009 0.032 0.113 0.039 0.054     (0.000,0.578) (0.000,0.100) (0.000,0.129) (0.000,0.154) (0.000,0.041) (0.000,0.669) (0.000,0.217) (0.000,0.697) (0.000,0.062) (0.000,0.321) (0.000,0.038) (0.000,0.059) (0.000,0.905) (0.000,0.871) (0.000,0.114) (0.000,0.049) (0.000,0.219) (0.000,0.813) (0.000,0.282) (0.000,0.435) 
501     1374    (0)   20 :  0.035 0.007 0.033 0.024 0.008 0.050 0.021 0.227 0.006 0.061 0.006 0.011 0.111 0.068 0.021 0.012 0.102 0.067 0.050 0.080     (0.000,0.234) (0.000,0.036) (0.000,0.213) (0.000,0.143) (0.000,0.039) (0.000,0.394) (0.000,0.121) (0.000,0.950) (0.000,0.031) (0.000,0.509) (0.000,0.031) (0.000,0.058) (0.000,0.812) (0.000,0.581) (0.000,0.119) (0.000,0.071) (0.000,0.776) (0.000,0.577) (0.000,0.391) (0.000,0.677) 
502     1377    (0)    7 :  0.072 0.011 0.085 0.010 0.007 0.015 0.406 0.038 0.010 0.029 0.008 0.017 0.020 0.035 0.017 0.007 0.033 0.113 0.021 0.046     (0.000,0.602) (0.000,0.066) (0.000,0.640) (0.000,0.056) (0.000,0.034) (0.000,0.083) (0.000,0.975) (0.000,0.288) (0.000,0.061) (0.000,0.185) (0.000,0.048) (0.000,0.108) (0.000,0.125) (0.000,0.247) (0.000,0.100) (0.000,0.037) (0.000,0.231) (0.000,0.803) (0.000,0.123) (0.000,0.353) 
503     1380    (0)   19 :  0.064 0.017 0.071 0.038 0.007 0.028 0.092 0.085 0.019 0.027 0.014 0.023 0.055 0.073 0.033 0.008 0.082 0.094 0.057 0.111     (0.000,0.518) (0.000,0.113) (0.000,0.564) (0.000,0.270) (0.000,0.038) (0.000,0.186) (0.000,0.665) (0.000,0.652) (0.000,0.135) (0.000,0.174) (0.000,0.088) (0.000,0.161) (0.000,0.434) (0.000,0.585) (0.000,0.236) (0.000,0.046) (0.000,0.643) (0.000,0.723) (0.000,0.464) (0.000,0.783) 
504     1381   (12)    4 :  0.077 0.015 0.045 0.026 0.014 0.035 0.150 0.120 0.013 0.088 0.011 0.012 0.050 0.033 0.048 0.006 0.095 0.052 0.029 0.082     (0.000,0.633) (0.000,0.094) (0.000,0.338) (0.000,0.159) (0.000,0.080) (0.000,0.243) (0.000,0.879) (0.000,0.795) (0.000,0.076) (0.000,0.700) (0.000,0.064) (0.000,0.071) (0.000,0.390) (0.000,0.216) (0.000,0.374) (0.000,0.030) (0.000,0.722) (0.000,0.411) (0.000,0.183) (0.000,0.669) 
505     1387    (0)   13 :  0.044 0.021 0.041 0.019 0.008 0.047 0.047 0.257 0.015 0.047 0.011 0.015 0.046 0.083 0.044 0.008 0.037 0.061 0.049 0.099     (0.000,0.327) (0.000,0.140) (0.000,0.301) (0.000,0.107) (0.000,0.041) (0.000,0.362) (0.000,0.364) (0.000,0.953) (0.000,0.098) (0.000,0.359) (0.000,0.068) (0.000,0.087) (0.000,0.354) (0.000,0.685) (0.000,0.331) (0.000,0.042) (0.000,0.253) (0.000,0.515) (0.000,0.380) (0.000,0.770) 
506     1388    (0)   20 :  0.021 0.109 0.046 0.031 0.009 0.018 0.028 0.061 0.073 0.031 0.079 0.086 0.065 0.082 0.023 0.014 0.093 0.042 0.048 0.039     (0.000,0.126) (0.000,0.617) (0.000,0.359) (0.000,0.216) (0.000,0.050) (0.000,0.106) (0.000,0.186) (0.000,0.467) (0.000,0.466) (0.000,0.212) (0.000,0.507) (0.000,0.637) (0.000,0.502) (0.000,0.609) (0.000,0.152) (0.000,0.093) (0.000,0.642) (0.000,0.321) (0.000,0.368) (0.000,0.294) 
507     1389   (12)   17 :  0.026 0.009 0.055 0.035 0.010 0.021 0.041 0.235 0.008 0.049 0.008 0.012 0.044 0.052 0.062 0.011 0.176 0.059 0.045 0.044     (0.000,0.149) (0.000,0.051) (0.000,0.450) (0.000,0.231) (0.000,0.050) (0.000,0.118) (0.000,0.291) (0.000,0.951) (0.000,0.043) (0.000,0.383) (0.000,0.043) (0.000,0.065) (0.000,0.325) (0.000,0.416) (0.000,0.509) (0.000,0.063) (0.000,0.915) (0.000,0.499) (0.000,0.343) (0.000,0.327) 
508     1391    (0)   13 :  0.043 0.011 0.025 0.029 0.010 0.068 0.047 0.052 0.013 0.032 0.010 0.058 0.059 0.072 0.038 0.010 0.074 0.101 0.045 0.203     (0.000,0.328) (0.000,0.068) (0.000,0.150) (0.000,0.197) (0.000,0.053) (0.000,0.535) (0.000,0.352) (0.000,0.421) (0.000,0.079) (0.000,0.216) (0.000,0.055) (0.000,0.346) (0.000,0.477) (0.000,0.582) (0.000,0.286) (0.000,0.058) (0.000,0.587) (0.000,0.748) (0.000,0.344) (0.000,0.921) 
509     1396    (0)   13 :  0.058 0.008 0.036 0.036 0.009 0.053 0.027 0.077 0.007 0.077 0.007 0.010 0.121 0.077 0.020 0.008 0.192 0.059 0.065 0.052     (0.000,0.476) (0.000,0.043) (0.000,0.245) (0.000,0.251) (0.000,0.046) (0.000,0.426) (0.000,0.163) (0.000,0.650) (0.000,0.038) (0.000,0.656) (0.000,0.040) (0.000,0.056) (0.000,0.838) (0.000,0.658) (0.000,0.114) (0.000,0.046) (0.000,0.932) (0.000,0.495) (0.000,0.553) (0.000,0.412) 
510     1400    (0)   17 :  0.063 0.011 0.029 0.028 0.006 0.041 0.025 0.107 0.010 0.052 0.010 0.011 0.074 0.078 0.025 0.030 0.168 0.103 0.056 0.074     (0.000,0.523) (0.000,0.063) (0.000,0.176) (0.000,0.175) (0.000,0.033) (0.000,0.302) (0.000,0.148) (0.000,0.783) (0.000,0.060) (0.000,0.410) (0.000,0.058) (0.000,0.062) (0.000,0.602) (0.000,0.651) (0.000,0.156) (0.000,0.212) (0.000,0.904) (0.000,0.782) (0.000,0.458) (0.000,0.625) 
511     1402    (0)    1 :  0.095 0.014 0.054 0.069 0.007 0.031 0.025 0.058 0.016 0.124 0.014 0.010 0.030 0.072 0.021 0.007 0.091 0.059 0.038 0.165     (0.000,0.727) (0.000,0.090) (0.000,0.426) (0.000,0.556) (0.000,0.036) (0.000,0.213) (0.000,0.153) (0.000,0.473) (0.000,0.111) (0.000,0.813) (0.000,0.091) (0.000,0.056) (0.000,0.203) (0.000,0.597) (0.000,0.134) (0.000,0.036) (0.000,0.682) (0.000,0.480) (0.000,0.272) (0.000,0.892) 
512     1403    (0)   13 :  0.049 0.021 0.020 0.021 0.008 0.060 0.022 0.088 0.026 0.040 0.023 0.029 0.306 0.055 0.015 0.013 0.057 0.049 0.030 0.068     (0.000,0.390) (0.000,0.148) (0.000,0.114) (0.000,0.130) (0.000,0.041) (0.000,0.490) (0.000,0.130) (0.000,0.693) (0.000,0.189) (0.000,0.290) (0.000,0.166) (0.000,0.213) (0.000,0.959) (0.000,0.451) (0.000,0.081) (0.000,0.075) (0.000,0.464) (0.000,0.392) (0.000,0.191) (0.000,0.560) 
513     1408    (0)   12 :  0.037 0.092 0.019 0.025 0.015 0.040 0.037 0.025 0.079 0.028 0.059 0.333 0.043 0.019 0.017 0.032 0.016 0.021 0.022 0.042     (0.000,0.276) (0.000,0.596) (0.000,0.122) (0.000,0.170) (0.000,0.083) (0.000,0.299) (0.000,0.275) (0.000,0.178) (0.000,0.517) (0.000,0.192) (0.000,0.441) (0.000,0.958) (0.000,0.325) (0.000,0.116) (0.000,0.102) (0.000,0.236) (0.000,0.095) (0.000,0.132) (0.000,0.144) (0.000,0.321) 
514     1409    (0)    2 :  0.018 0.227 0.014 0.011 0.008 0.020 0.014 0.021 0.251 0.016 0.107 0.118 0.037 0.020 0.012 0.027 0.022 0.018 0.020 0.019     (0.000,0.124) (0.000,0.882) (0.000,0.087) (0.000,0.068) (0.000,0.044) (0.000,0.137) (0.000,0.085) (0.000,0.147) (0.000,0.818) (0.000,0.105) (0.000,0.714) (0.000,0.804) (0.000,0.272) (0.000,0.138) (0.000,0.069) (0.000,0.200) (0.000,0.155) (0.000,0.121) (0.000,0.143) (0.000,0.127) 
515     1410    (0)    1 :  0.066 0.107 0.030 0.019 0.009 0.044 0.035 0.051 0.131 0.031 0.059 0.029 0.032 0.049 0.034 0.054 0.054 0.060 0.053 0.055     (0.000,0.507) (0.000,0.594) (0.000,0.202) (0.000,0.120) (0.000,0.048) (0.000,0.329) (0.000,0.255) (0.000,0.384) (0.000,0.609) (0.000,0.218) (0.000,0.421) (0.000,0.210) (0.000,0.223) (0.000,0.378) (0.000,0.256) (0.000,0.380) (0.000,0.410) (0.000,0.457) (0.000,0.416) (0.000,0.426) 
516     1411    (0)   14 :  0.068 0.086 0.024 0.015 0.013 0.089 0.034 0.052 0.066 0.037 0.041 0.045 0.093 0.062 0.037 0.055 0.046 0.047 0.048 0.043     (0.000,0.532) (0.000,0.513) (0.000,0.157) (0.000,0.088) (0.000,0.071) (0.000,0.629) (0.000,0.248) (0.000,0.407) (0.000,0.413) (0.000,0.280) (0.000,0.300) (0.000,0.334) (0.000,0.670) (0.000,0.486) (0.000,0.277) (0.000,0.385) (0.000,0.362) (0.000,0.368) (0.000,0.382) (0.000,0.330) 
517     1412    (0)   18 :  0.047 0.015 0.020 0.035 0.008 0.113 0.020 0.053 0.011 0.025 0.007 0.025 0.050 0.182 0.017 0.013 0.101 0.182 0.050 0.030     (0.000,0.355) (0.000,0.096) (0.000,0.111) (0.000,0.238) (0.000,0.041) (0.000,0.777) (0.000,0.118) (0.000,0.419) (0.000,0.065) (0.000,0.153) (0.000,0.035) (0.000,0.164) (0.000,0.384) (0.000,0.917) (0.000,0.095) (0.000,0.074) (0.000,0.689) (0.000,0.916) (0.000,0.393) (0.000,0.191) 
518     1414    (0)   18 :  0.051 0.014 0.034 0.031 0.008 0.134 0.024 0.123 0.014 0.033 0.012 0.040 0.041 0.090 0.020 0.009 0.127 0.090 0.043 0.062     (0.000,0.399) (0.000,0.085) (0.000,0.225) (0.000,0.207) (0.000,0.040) (0.000,0.838) (0.000,0.146) (0.000,0.825) (0.000,0.094) (0.000,0.228) (0.000,0.070) (0.000,0.294) (0.000,0.303) (0.000,0.713) (0.000,0.114) (0.000,0.047) (0.000,0.819) (0.000,0.723) (0.000,0.328) (0.000,0.512) 
519     1416    (0)   13 :  0.058 0.051 0.017 0.046 0.040 0.093 0.041 0.118 0.021 0.027 0.007 0.011 0.087 0.095 0.024 0.039 0.016 0.141 0.032 0.035     (0.000,0.461) (0.000,0.362) (0.000,0.099) (0.000,0.352) (0.000,0.249) (0.000,0.646) (0.000,0.312) (0.000,0.680) (0.000,0.149) (0.000,0.181) (0.000,0.039) (0.000,0.062) (0.000,0.631) (0.000,0.683) (0.000,0.159) (0.000,0.235) (0.000,0.091) (0.000,0.812) (0.000,0.223) (0.000,0.250) 
520     1417    (0)   18 :  0.071 0.020 0.035 0.051 0.009 0.048 0.072 0.108 0.015 0.050 0.008 0.016 0.087 0.071 0.050 0.009 0.058 0.129 0.050 0.043     (0.000,0.582) (0.000,0.133) (0.000,0.243) (0.000,0.390) (0.000,0.049) (0.000,0.365) (0.000,0.587) (0.000,0.737) (0.000,0.095) (0.000,0.400) (0.000,0.045) (0.000,0.091) (0.000,0.669) (0.000,0.579) (0.000,0.385) (0.000,0.051) (0.000,0.468) (0.000,0.837) (0.000,0.387) (0.000,0.324) 
521     1422    (0)   19 :  0.055 0.014 0.036 0.031 0.025 0.020 0.077 0.076 0.009 0.038 0.009 0.011 0.030 0.165 0.097 0.025 0.049 0.079 0.112 0.042     (0.000,0.446) (0.000,0.088) (0.000,0.252) (0.000,0.206) (0.000,0.173) (0.000,0.121) (0.000,0.613) (0.000,0.603) (0.000,0.049) (0.000,0.272) (0.000,0.048) (0.000,0.064) (0.000,0.196) (0.000,0.890) (0.000,0.709) (0.000,0.175) (0.000,0.385) (0.000,0.649) (0.000,0.782) (0.000,0.312) 
522     1424    (0)   14 :  0.076 0.012 0.042 0.035 0.010 0.061 0.078 0.125 0.009 0.067 0.008 0.016 0.050 0.081 0.066 0.014 0.027 0.059 0.066 0.096     (0.000,0.630) (0.000,0.072) (0.000,0.310) (0.000,0.240) (0.000,0.052) (0.000,0.494) (0.000,0.637) (0.000,0.832) (0.000,0.050) (0.000,0.560) (0.000,0.044) (0.000,0.099) (0.000,0.394) (0.000,0.672) (0.000,0.544) (0.000,0.085) (0.000,0.174) (0.000,0.490) (0.000,0.542) (0.000,0.747) 
523     1426    (0)   17 :  0.065 0.010 0.041 0.019 0.007 0.022 0.078 0.172 0.008 0.057 0.008 0.009 0.030 0.039 0.145 0.015 0.141 0.061 0.037 0.034     (0.000,0.554) (0.000,0.060) (0.000,0.290) (0.000,0.102) (0.000,0.036) (0.000,0.126) (0.000,0.658) (0.000,0.914) (0.000,0.046) (0.000,0.477) (0.000,0.045) (0.000,0.052) (0.000,0.194) (0.000,0.278) (0.000,0.874) (0.000,0.088) (0.000,0.879) (0.000,0.512) (0.000,0.259) (0.000,0.226) 
524     1433    (0)   20 :  0.051 0.017 0.046 0.041 0.009 0.057 0.037 0.146 0.015 0.063 0.013 0.019 0.069 0.077 0.034 0.009 0.067 0.069 0.069 0.093     (0.000,0.403) (0.000,0.112) (0.000,0.348) (0.000,0.297) (0.000,0.045) (0.000,0.456) (0.000,0.259) (0.000,0.871) (0.000,0.099) (0.000,0.526) (0.000,0.078) (0.000,0.114) (0.000,0.575) (0.000,0.644) (0.000,0.229) (0.000,0.047) (0.000,0.556) (0.000,0.580) (0.000,0.570) (0.000,0.741) 
525     1435    (0)   14 :  0.039 0.016 0.039 0.029 0.008 0.020 0.036 0.097 0.012 0.047 0.011 0.015 0.033 0.073 0.040 0.018 0.239 0.080 0.099 0.049     (0.000,0.277) (0.000,0.105) (0.000,0.278) (0.000,0.181) (0.000,0.041) (0.000,0.116) (0.000,0.244) (0.000,0.745) (0.000,0.077) (0.000,0.361) (0.000,0.065) (0.000,0.090) (0.000,0.216) (0.000,0.616) (0.000,0.287) (0.000,0.115) (0.000,0.946) (0.000,0.671) (0.000,0.759) (0.000,0.381) 
526     1438    (0)   20 :  0.041 0.181 0.036 0.027 0.012 0.029 0.041 0.037 0.058 0.054 0.104 0.100 0.058 0.038 0.023 0.013 0.049 0.030 0.034 0.035     (0.000,0.308) (0.000,0.794) (0.000,0.262) (0.000,0.183) (0.000,0.066) (0.000,0.195) (0.000,0.308) (0.000,0.278) (0.000,0.424) (0.000,0.420) (0.000,0.621) (0.000,0.706) (0.000,0.438) (0.000,0.278) (0.000,0.146) (0.000,0.078) (0.000,0.376) (0.000,0.206) (0.000,0.244) (0.000,0.252) 
527     1439    (0)    1 :  0.060 0.013 0.076 0.039 0.007 0.020 0.172 0.072 0.013 0.026 0.010 0.015 0.024 0.039 0.147 0.010 0.096 0.073 0.042 0.047     (0.000,0.491) (0.000,0.082) (0.000,0.617) (0.000,0.276) (0.000,0.034) (0.000,0.117) (0.000,0.886) (0.000,0.584) (0.000,0.086) (0.000,0.165) (0.000,0.062) (0.000,0.088) (0.000,0.142) (0.000,0.285) (0.000,0.850) (0.000,0.056) (0.000,0.722) (0.000,0.605) (0.000,0.310) (0.000,0.360) 
528     1447   (12)   14 :  0.043 0.011 0.039 0.024 0.007 0.023 0.072 0.206 0.011 0.038 0.009 0.010 0.026 0.031 0.182 0.013 0.097 0.073 0.032 0.053     (0.000,0.312) (0.000,0.061) (0.000,0.274) (0.000,0.138) (0.000,0.037) (0.000,0.138) (0.000,0.605) (0.000,0.938) (0.000,0.068) (0.000,0.264) (0.000,0.047) (0.000,0.055) (0.000,0.161) (0.000,0.195) (0.000,0.917) (0.000,0.075) (0.000,0.750) (0.000,0.626) (0.000,0.208) (0.000,0.424) 
529     1448    (0)   14 :  0.046 0.013 0.053 0.051 0.008 0.033 0.044 0.183 0.012 0.063 0.013 0.018 0.060 0.046 0.043 0.011 0.123 0.065 0.050 0.064     (0.000,0.345) (0.000,0.078) (0.000,0.433) (0.000,0.400) (0.000,0.042) (0.000,0.218) (0.000,0.323) (0.000,0.915) (0.000,0.077) (0.000,0.530) (0.000,0.076) (0.000,0.109) (0.000,0.495) (0.000,0.349) (0.000,0.323) (0.000,0.061) (0.000,0.827) (0.000,0.547) (0.000,0.395) (0.000,0.539) 
530     1451   (12)   13 :  0.028 0.124 0.022 0.016 0.014 0.022 0.029 0.054 0.078 0.029 0.062 0.101 0.166 0.053 0.022 0.017 0.071 0.030 0.035 0.026     (0.000,0.185) (0.000,0.723) (0.000,0.141) (0.000,0.096) (0.000,0.076) (0.000,0.141) (0.000,0.198) (0.000,0.421) (0.000,0.536) (0.000,0.197) (0.000,0.478) (0.000,0.705) (0.000,0.883) (0.000,0.416) (0.000,0.144) (0.000,0.100) (0.000,0.562) (0.000,0.209) (0.000,0.251) (0.000,0.169) 
531     1452   (12)   13 :  0.043 0.073 0.029 0.019 0.018 0.026 0.047 0.072 0.044 0.047 0.028 0.045 0.091 0.092 0.030 0.011 0.122 0.049 0.076 0.038     (0.000,0.319) (0.000,0.509) (0.000,0.197) (0.000,0.114) (0.000,0.106) (0.000,0.163) (0.000,0.366) (0.000,0.578) (0.000,0.326) (0.000,0.363) (0.000,0.204) (0.000,0.337) (0.000,0.682) (0.000,0.710) (0.000,0.197) (0.000,0.063) (0.000,0.808) (0.000,0.383) (0.000,0.601) (0.000,0.278) 
532     1453    (0)   14 :  0.033 0.008 0.097 0.027 0.007 0.039 0.028 0.048 0.007 0.037 0.007 0.007 0.033 0.188 0.046 0.009 0.164 0.089 0.094 0.033     (0.000,0.222) (0.000,0.042) (0.000,0.721) (0.000,0.174) (0.000,0.038) (0.000,0.280) (0.000,0.181) (0.000,0.374) (0.000,0.037) (0.000,0.265) (0.000,0.037) (0.000,0.040) (0.000,0.225) (0.000,0.922) (0.000,0.359) (0.000,0.053) (0.000,0.894) (0.000,0.707) (0.000,0.700) (0.000,0.223) 
533     1461    (0)    1 :  0.067 0.025 0.044 0.026 0.009 0.159 0.039 0.055 0.017 0.042 0.015 0.026 0.084 0.062 0.088 0.016 0.021 0.057 0.053 0.094     (0.000,0.548) (0.000,0.178) (0.000,0.327) (0.000,0.172) (0.000,0.047) (0.000,0.858) (0.000,0.285) (0.000,0.434) (0.000,0.116) (0.000,0.313) (0.000,0.095) (0.000,0.180) (0.000,0.620) (0.000,0.495) (0.000,0.667) (0.000,0.104) (0.000,0.127) (0.000,0.463) (0.000,0.420) (0.000,0.719) 
534     1469    (0)    7 :  0.098 0.099 0.035 0.027 0.011 0.061 0.087 0.035 0.063 0.071 0.062 0.037 0.058 0.036 0.055 0.009 0.043 0.037 0.033 0.043     (0.000,0.710) (0.000,0.580) (0.000,0.256) (0.000,0.180) (0.000,0.064) (0.000,0.485) (0.000,0.652) (0.000,0.252) (0.000,0.432) (0.000,0.558) (0.000,0.438) (0.000,0.269) (0.000,0.440) (0.000,0.257) (0.000,0.430) (0.000,0.054) (0.000,0.322) (0.000,0.269) (0.000,0.234) (0.000,0.331) 
535     1470    (0)    1 :  0.107 0.014 0.031 0.017 0.007 0.027 0.090 0.092 0.011 0.055 0.009 0.009 0.024 0.041 0.165 0.018 0.117 0.073 0.054 0.038     (0.000,0.806) (0.000,0.087) (0.000,0.197) (0.000,0.093) (0.000,0.035) (0.000,0.164) (0.000,0.728) (0.000,0.731) (0.000,0.066) (0.000,0.447) (0.000,0.052) (0.000,0.050) (0.000,0.141) (0.000,0.295) (0.000,0.896) (0.000,0.111) (0.000,0.825) (0.000,0.626) (0.000,0.438) (0.000,0.262) 
536     1479    (0)    3 :  0.060 0.019 0.030 0.077 0.010 0.036 0.044 0.039 0.016 0.041 0.013 0.067 0.037 0.075 0.026 0.094 0.026 0.060 0.127 0.103     (0.000,0.490) (0.000,0.125) (0.000,0.192) (0.000,0.621) (0.000,0.054) (0.000,0.258) (0.000,0.335) (0.000,0.289) (0.000,0.101) (0.000,0.299) (0.000,0.080) (0.000,0.526) (0.000,0.264) (0.000,0.615) (0.000,0.161) (0.000,0.611) (0.000,0.173) (0.000,0.489) (0.000,0.834) (0.000,0.769) 
537     1481    (0)   18 :  0.095 0.021 0.034 0.033 0.007 0.053 0.040 0.096 0.019 0.061 0.016 0.016 0.048 0.067 0.050 0.028 0.086 0.090 0.072 0.069     (0.000,0.744) (0.000,0.145) (0.000,0.221) (0.000,0.221) (0.000,0.036) (0.000,0.421) (0.000,0.289) (0.000,0.730) (0.000,0.126) (0.000,0.505) (0.000,0.102) (0.000,0.093) (0.000,0.369) (0.000,0.561) (0.000,0.392) (0.000,0.184) (0.000,0.687) (0.000,0.718) (0.000,0.594) (0.000,0.573) 
538     1483    (0)    1 :  0.043 0.116 0.030 0.025 0.008 0.032 0.025 0.034 0.086 0.036 0.066 0.062 0.058 0.068 0.027 0.038 0.076 0.055 0.073 0.041     (0.000,0.325) (0.000,0.634) (0.000,0.208) (0.000,0.169) (0.000,0.043) (0.000,0.224) (0.000,0.154) (0.000,0.247) (0.000,0.521) (0.000,0.262) (0.000,0.459) (0.000,0.474) (0.000,0.446) (0.000,0.530) (0.000,0.181) (0.000,0.288) (0.000,0.557) (0.000,0.431) (0.000,0.548) (0.000,0.313) 
539     1487    (0)   20 :  0.067 0.019 0.032 0.084 0.011 0.031 0.052 0.029 0.014 0.042 0.012 0.034 0.033 0.129 0.031 0.063 0.034 0.062 0.145 0.075     (0.000,0.555) (0.000,0.125) (0.000,0.213) (0.000,0.682) (0.000,0.058) (0.000,0.209) (0.000,0.412) (0.000,0.186) (0.000,0.087) (0.000,0.305) (0.000,0.074) (0.000,0.247) (0.000,0.221) (0.000,0.845) (0.000,0.211) (0.000,0.451) (0.000,0.248) (0.000,0.512) (0.000,0.866) (0.000,0.622) 
540     1489    (0)   14 :  0.064 0.021 0.037 0.045 0.006 0.027 0.065 0.095 0.038 0.036 0.020 0.016 0.027 0.038 0.092 0.017 0.118 0.105 0.047 0.084     (0.000,0.536) (0.000,0.145) (0.000,0.254) (0.000,0.342) (0.000,0.032) (0.000,0.166) (0.000,0.535) (0.000,0.709) (0.000,0.288) (0.000,0.247) (0.000,0.142) (0.000,0.095) (0.000,0.170) (0.000,0.272) (0.000,0.669) (0.000,0.109) (0.000,0.787) (0.000,0.778) (0.000,0.357) (0.000,0.673) 
541     1491    (0)   14 :  0.064 0.021 0.035 0.055 0.007 0.050 0.046 0.092 0.037 0.038 0.019 0.016 0.037 0.055 0.061 0.014 0.073 0.107 0.053 0.121     (0.000,0.527) (0.000,0.148) (0.000,0.237) (0.000,0.437) (0.000,0.033) (0.000,0.392) (0.000,0.350) (0.000,0.692) (0.000,0.280) (0.000,0.269) (0.000,0.134) (0.000,0.094) (0.000,0.261) (0.000,0.441) (0.000,0.482) (0.000,0.086) (0.000,0.584) (0.000,0.777) (0.000,0.423) (0.000,0.820) 
542     1492    (0)   13 :  0.066 0.026 0.032 0.071 0.007 0.098 0.022 0.062 0.029 0.046 0.029 0.019 0.078 0.099 0.022 0.018 0.052 0.076 0.061 0.088     (0.000,0.556) (0.000,0.181) (0.000,0.204) (0.000,0.589) (0.000,0.035) (0.000,0.726) (0.000,0.124) (0.000,0.510) (0.000,0.218) (0.000,0.356) (0.000,0.214) (0.000,0.119) (0.000,0.628) (0.000,0.754) (0.000,0.131) (0.000,0.098) (0.000,0.411) (0.000,0.629) (0.000,0.501) (0.000,0.698) 
543     1493   (12)   14 :  0.069 0.011 0.034 0.037 0.007 0.067 0.047 0.131 0.014 0.046 0.010 0.010 0.040 0.047 0.120 0.016 0.064 0.097 0.046 0.087     (0.000,0.577) (0.000,0.067) (0.000,0.223) (0.000,0.258) (0.000,0.038) (0.000,0.549) (0.000,0.363) (0.000,0.851) (0.000,0.086) (0.000,0.348) (0.000,0.056) (0.000,0.056) (0.000,0.285) (0.000,0.361) (0.000,0.819) (0.000,0.095) (0.000,0.524) (0.000,0.760) (0.000,0.351) (0.000,0.705) 
544     1495   (12)   14 :  0.109 0.036 0.033 0.080 0.022 0.045 0.117 0.028 0.019 0.072 0.019 0.075 0.032 0.046 0.033 0.029 0.019 0.038 0.068 0.082     (0.000,0.791) (0.000,0.269) (0.000,0.215) (0.000,0.643) (0.000,0.134) (0.000,0.343) (0.000,0.807) (0.000,0.179) (0.000,0.116) (0.000,0.591) (0.000,0.122) (0.000,0.585) (0.000,0.215) (0.000,0.350) (0.000,0.221) (0.000,0.210) (0.000,0.116) (0.000,0.269) (0.000,0.550) (0.000,0.660) 
545     1498   (12)   18 :  0.091 0.017 0.037 0.026 0.008 0.029 0.066 0.099 0.016 0.058 0.014 0.012 0.034 0.042 0.114 0.031 0.134 0.080 0.052 0.040     (0.000,0.736) (0.000,0.110) (0.000,0.252) (0.000,0.158) (0.000,0.040) (0.000,0.187) (0.000,0.556) (0.000,0.752) (0.000,0.099) (0.000,0.475) (0.000,0.081) (0.000,0.065) (0.000,0.226) (0.000,0.308) (0.000,0.798) (0.000,0.209) (0.000,0.855) (0.000,0.672) (0.000,0.411) (0.000,0.289) 
546     1499    (0)   18 :  0.120 0.037 0.031 0.069 0.013 0.065 0.057 0.035 0.018 0.087 0.022 0.043 0.042 0.064 0.025 0.030 0.032 0.051 0.074 0.084     (0.000,0.819) (0.000,0.280) (0.000,0.202) (0.000,0.569) (0.000,0.071) (0.000,0.522) (0.000,0.452) (0.000,0.254) (0.000,0.121) (0.000,0.682) (0.000,0.150) (0.000,0.324) (0.000,0.316) (0.000,0.519) (0.000,0.149) (0.000,0.219) (0.000,0.224) (0.000,0.404) (0.000,0.604) (0.000,0.669) 
547     1502   (25)   14 :  0.021 0.018 0.014 0.015 0.048 0.039 0.016 0.014 0.037 0.018 0.017 0.234 0.022 0.025 0.012 0.352 0.018 0.021 0.034 0.025     (0.000,0.133) (0.000,0.116) (0.000,0.077) (0.000,0.088) (0.000,0.346) (0.000,0.285) (0.000,0.094) (0.000,0.081) (0.000,0.266) (0.000,0.111) (0.000,0.118) (0.000,0.931) (0.000,0.145) (0.000,0.175) (0.000,0.070) (0.000,0.868) (0.000,0.122) (0.000,0.134) (0.000,0.251) (0.000,0.166) 
548     1512   (12)   14 :  0.038 0.016 0.041 0.021 0.013 0.156 0.020 0.090 0.015 0.036 0.016 0.029 0.165 0.064 0.021 0.063 0.036 0.049 0.045 0.064     (0.000,0.268) (0.000,0.111) (0.000,0.303) (0.000,0.120) (0.000,0.072) (0.000,0.872) (0.000,0.117) (0.000,0.671) (0.000,0.098) (0.000,0.260) (0.000,0.111) (0.000,0.206) (0.000,0.893) (0.000,0.533) (0.000,0.121) (0.000,0.416) (0.000,0.263) (0.000,0.385) (0.000,0.349) (0.000,0.531) 
549     1513    (0)    8 :  0.031 0.005 0.041 0.024 0.008 0.097 0.027 0.121 0.005 0.031 0.005 0.013 0.057 0.127 0.024 0.006 0.247 0.065 0.031 0.034     (0.000,0.192) (0.000,0.028) (0.000,0.295) (0.000,0.139) (0.000,0.040) (0.000,0.745) (0.000,0.167) (0.000,0.847) (0.000,0.025) (0.000,0.207) (0.000,0.027) (0.000,0.074) (0.000,0.463) (0.000,0.865) (0.000,0.151) (0.000,0.035) (0.000,0.954) (0.000,0.560) (0.000,0.198) (0.000,0.218) 
550     1514    (0)    1 :  0.036 0.008 0.044 0.017 0.008 0.042 0.098 0.072 0.008 0.022 0.008 0.038 0.033 0.141 0.014 0.007 0.078 0.200 0.040 0.085     (0.000,0.244) (0.000,0.048) (0.000,0.332) (0.000,0.098) (0.000,0.044) (0.000,0.312) (0.000,0.671) (0.000,0.567) (0.000,0.045) (0.000,0.136) (0.000,0.042) (0.000,0.284) (0.000,0.228) (0.000,0.860) (0.000,0.079) (0.000,0.035) (0.000,0.578) (0.000,0.922) (0.000,0.294) (0.000,0.668) 
551     1515    (0)   17 :  0.022 0.006 0.038 0.015 0.008 0.046 0.024 0.218 0.004 0.035 0.005 0.011 0.189 0.057 0.049 0.010 0.130 0.054 0.038 0.043     (0.000,0.123) (0.000,0.029) (0.000,0.264) (0.000,0.080) (0.000,0.042) (0.000,0.340) (0.000,0.143) (0.000,0.941) (0.000,0.023) (0.000,0.235) (0.000,0.026) (0.000,0.057) (0.000,0.923) (0.000,0.466) (0.000,0.377) (0.000,0.057) (0.000,0.858) (0.000,0.430) (0.000,0.265) (0.000,0.311) 
552     1521    (0)   13 :  0.023 0.008 0.045 0.029 0.009 0.028 0.022 0.140 0.006 0.041 0.007 0.016 0.088 0.118 0.018 0.013 0.155 0.069 0.103 0.062     (0.000,0.130) (0.000,0.044) (0.000,0.335) (0.000,0.180) (0.000,0.044) (0.000,0.178) (0.000,0.123) (0.000,0.873) (0.000,0.035) (0.000,0.297) (0.000,0.038) (0.000,0.090) (0.000,0.723) (0.000,0.842) (0.000,0.099) (0.000,0.075) (0.000,0.897) (0.000,0.593) (0.000,0.794) (0.000,0.529) 
553     1525   (12)   13 :  0.019 0.007 0.048 0.032 0.013 0.021 0.024 0.099 0.006 0.044 0.006 0.014 0.079 0.102 0.020 0.010 0.256 0.054 0.107 0.039     (0.000,0.104) (0.000,0.038) (0.000,0.373) (0.000,0.203) (0.000,0.065) (0.000,0.114) (0.000,0.137) (0.000,0.778) (0.000,0.029) (0.000,0.323) (0.000,0.033) (0.000,0.076) (0.000,0.679) (0.000,0.803) (0.000,0.112) (0.000,0.055) (0.000,0.960) (0.000,0.443) (0.000,0.816) (0.000,0.265) 
554     1526    (0)   13 :  0.024 0.016 0.029 0.018 0.010 0.028 0.025 0.144 0.012 0.037 0.014 0.048 0.272 0.080 0.016 0.015 0.082 0.041 0.044 0.047     (0.000,0.134) (0.000,0.106) (0.000,0.184) (0.000,0.100) (0.000,0.052) (0.000,0.177) (0.000,0.148) (0.000,0.860) (0.000,0.078) (0.000,0.256) (0.000,0.093) (0.000,0.358) (0.000,0.958) (0.000,0.665) (0.000,0.087) (0.000,0.086) (0.000,0.681) (0.000,0.299) (0.000,0.329) (0.000,0.363) 
555     1531   (12)   18 :  0.019 0.015 0.015 0.012 0.011 0.024 0.027 0.027 0.023 0.016 0.015 0.477 0.161 0.020 0.015 0.009 0.029 0.025 0.018 0.040     (0.000,0.118) (0.000,0.091) (0.000,0.088) (0.000,0.071) (0.000,0.057) (0.000,0.164) (0.000,0.175) (0.000,0.189) (0.000,0.157) (0.000,0.093) (0.000,0.093) (0.000,0.972) (0.000,0.887) (0.000,0.125) (0.000,0.091) (0.000,0.047) (0.000,0.194) (0.000,0.159) (0.000,0.112) (0.000,0.295) 
556     1534    (0)   20 :  0.085 0.005 0.026 0.019 0.007 0.089 0.021 0.077 0.005 0.073 0.005 0.006 0.095 0.129 0.031 0.005 0.096 0.062 0.031 0.133     (0.000,0.661) (0.000,0.028) (0.000,0.160) (0.000,0.115) (0.000,0.038) (0.000,0.640) (0.000,0.129) (0.000,0.619) (0.000,0.026) (0.000,0.546) (0.000,0.025) (0.000,0.030) (0.000,0.664) (0.000,0.854) (0.000,0.217) (0.000,0.027) (0.000,0.732) (0.000,0.513) (0.000,0.206) (0.000,0.840) 
557     1536    (0)   20 :  0.079 0.017 0.049 0.024 0.007 0.093 0.037 0.070 0.017 0.056 0.016 0.017 0.110 0.066 0.021 0.009 0.041 0.076 0.056 0.140     (0.000,0.665) (0.000,0.109) (0.000,0.383) (0.000,0.141) (0.000,0.033) (0.000,0.723) (0.000,0.258) (0.000,0.581) (0.000,0.115) (0.000,0.459) (0.000,0.106) (0.000,0.099) (0.000,0.777) (0.000,0.555) (0.000,0.124) (0.000,0.047) (0.000,0.303) (0.000,0.641) (0.000,0.458) (0.000,0.870) 
558     1543    (0)   14 :  0.017 0.031 0.025 0.015 0.010 0.023 0.014 0.034 0.035 0.017 0.036 0.108 0.413 0.022 0.014 0.064 0.045 0.027 0.024 0.025     (0.000,0.100) (0.000,0.228) (0.000,0.172) (0.000,0.090) (0.000,0.055) (0.000,0.148) (0.000,0.078) (0.000,0.251) (0.000,0.262) (0.000,0.095) (0.000,0.273) (0.000,0.690) (0.000,0.970) (0.000,0.136) (0.000,0.077) (0.000,0.427) (0.000,0.357) (0.000,0.180) (0.000,0.157) (0.000,0.164) 
559     1546    (0)    6 :  0.104 0.021 0.046 0.056 0.016 0.044 0.025 0.040 0.020 0.089 0.019 0.045 0.041 0.072 0.014 0.050 0.045 0.042 0.068 0.142     (0.000,0.731) (0.000,0.153) (0.000,0.351) (0.000,0.449) (0.000,0.097) (0.000,0.333) (0.000,0.158) (0.000,0.305) (0.000,0.146) (0.000,0.630) (0.000,0.132) (0.000,0.326) (0.000,0.307) (0.000,0.574) (0.000,0.079) (0.000,0.326) (0.000,0.355) (0.000,0.321) (0.000,0.544) (0.000,0.819) 
560     1549    (0)    8 :  0.024 0.012 0.035 0.030 0.008 0.060 0.017 0.090 0.014 0.020 0.019 0.071 0.309 0.047 0.012 0.009 0.113 0.054 0.020 0.038     (0.000,0.140) (0.000,0.071) (0.000,0.247) (0.000,0.201) (0.000,0.040) (0.000,0.457) (0.000,0.093) (0.000,0.693) (0.000,0.094) (0.000,0.113) (0.000,0.131) (0.000,0.480) (0.000,0.949) (0.000,0.360) (0.000,0.068) (0.000,0.050) (0.000,0.778) (0.000,0.432) (0.000,0.119) (0.000,0.273) 
561     1552    (0)    1 :  0.067 0.015 0.054 0.038 0.064 0.052 0.057 0.047 0.010 0.173 0.016 0.020 0.067 0.028 0.064 0.006 0.061 0.037 0.064 0.060     (0.000,0.546) (0.000,0.099) (0.000,0.435) (0.000,0.284) (0.000,0.379) (0.000,0.407) (0.000,0.456) (0.000,0.371) (0.000,0.061) (0.000,0.899) (0.000,0.102) (0.000,0.119) (0.000,0.536) (0.000,0.177) (0.000,0.508) (0.000,0.031) (0.000,0.484) (0.000,0.262) (0.000,0.507) (0.000,0.487) 
562     1560    (0)    1 :  0.087 0.019 0.072 0.049 0.016 0.057 0.162 0.033 0.010 0.154 0.015 0.019 0.038 0.031 0.047 0.006 0.057 0.034 0.037 0.054     (0.000,0.705) (0.000,0.127) (0.000,0.594) (0.000,0.382) (0.000,0.093) (0.000,0.468) (0.000,0.894) (0.000,0.236) (0.000,0.059) (0.000,0.891) (0.000,0.096) (0.000,0.118) (0.000,0.273) (0.000,0.206) (0.000,0.364) (0.000,0.030) (0.000,0.462) (0.000,0.233) (0.000,0.266) (0.000,0.439) 
563     1562    (0)   14 :  0.028 0.005 0.032 0.023 0.008 0.174 0.026 0.091 0.005 0.031 0.005 0.007 0.213 0.076 0.077 0.005 0.063 0.051 0.026 0.054     (0.000,0.176) (0.000,0.026) (0.000,0.212) (0.000,0.144) (0.000,0.039) (0.000,0.906) (0.000,0.163) (0.000,0.727) (0.000,0.026) (0.000,0.200) (0.000,0.028) (0.000,0.037) (0.000,0.943) (0.000,0.641) (0.000,0.616) (0.000,0.027) (0.000,0.519) (0.000,0.396) (0.000,0.161) (0.000,0.431) 
564     1568    (0)   18 :  0.038 0.009 0.045 0.045 0.008 0.063 0.028 0.136 0.008 0.053 0.009 0.018 0.139 0.072 0.021 0.009 0.073 0.066 0.067 0.093     (0.000,0.260) (0.000,0.048) (0.000,0.339) (0.000,0.337) (0.000,0.042) (0.000,0.522) (0.000,0.166) (0.000,0.866) (0.000,0.046) (0.000,0.431) (0.000,0.049) (0.000,0.107) (0.000,0.877) (0.000,0.610) (0.000,0.121) (0.000,0.050) (0.000,0.614) (0.000,0.565) (0.000,0.568) (0.000,0.752) 
565     1569    (0)   18 :  0.058 0.012 0.041 0.023 0.008 0.037 0.045 0.146 0.009 0.052 0.010 0.015 0.069 0.077 0.038 0.018 0.101 0.088 0.080 0.075     (0.000,0.480) (0.000,0.070) (0.000,0.298) (0.000,0.132) (0.000,0.039) (0.000,0.266) (0.000,0.332) (0.000,0.874) (0.000,0.055) (0.000,0.410) (0.000,0.056) (0.000,0.088) (0.000,0.580) (0.000,0.642) (0.000,0.268) (0.000,0.106) (0.000,0.769) (0.000,0.718) (0.000,0.667) (0.000,0.629) 
566     1573    (0)    7 :  0.069 0.011 0.073 0.067 0.011 0.024 0.279 0.029 0.008 0.033 0.009 0.036 0.030 0.043 0.047 0.012 0.042 0.050 0.059 0.066     (0.000,0.572) (0.000,0.069) (0.000,0.597) (0.000,0.551) (0.000,0.062) (0.000,0.151) (0.000,0.949) (0.000,0.194) (0.000,0.049) (0.000,0.227) (0.000,0.052) (0.000,0.264) (0.000,0.203) (0.000,0.321) (0.000,0.355) (0.000,0.074) (0.000,0.315) (0.000,0.394) (0.000,0.473) (0.000,0.542) 
567     1575    (0)   18 :  0.060 0.012 0.042 0.066 0.008 0.026 0.019 0.090 0.011 0.099 0.012 0.016 0.043 0.102 0.013 0.008 0.092 0.056 0.061 0.163     (0.000,0.486) (0.000,0.073) (0.000,0.305) (0.000,0.547) (0.000,0.042) (0.000,0.167) (0.000,0.106) (0.000,0.701) (0.000,0.071) (0.000,0.735) (0.000,0.071) (0.000,0.100) (0.000,0.329) (0.000,0.772) (0.000,0.069) (0.000,0.045) (0.000,0.716) (0.000,0.460) (0.000,0.503) (0.000,0.895) 
568     1576   (12)   13 :  0.030 0.008 0.115 0.020 0.008 0.027 0.046 0.079 0.008 0.031 0.007 0.011 0.034 0.084 0.052 0.010 0.148 0.117 0.113 0.052     (0.000,0.200) (0.000,0.043) (0.000,0.781) (0.000,0.116) (0.000,0.042) (0.000,0.176) (0.000,0.354) (0.000,0.599) (0.000,0.045) (0.000,0.205) (0.000,0.038) (0.000,0.057) (0.000,0.243) (0.000,0.649) (0.000,0.405) (0.000,0.057) (0.000,0.856) (0.000,0.813) (0.000,0.772) (0.000,0.418) 
569     1577    (0)    7 :  0.074 0.010 0.293 0.018 0.008 0.031 0.140 0.039 0.008 0.061 0.008 0.023 0.029 0.035 0.033 0.006 0.048 0.053 0.044 0.037     (0.000,0.618) (0.000,0.058) (0.000,0.956) (0.000,0.105) (0.000,0.041) (0.000,0.217) (0.000,0.861) (0.000,0.286) (0.000,0.047) (0.000,0.507) (0.000,0.047) (0.000,0.155) (0.000,0.197) (0.000,0.240) (0.000,0.230) (0.000,0.033) (0.000,0.375) (0.000,0.418) (0.000,0.335) (0.000,0.260) 
570     1579    (0)   14 :  0.036 0.008 0.034 0.032 0.007 0.062 0.020 0.112 0.007 0.045 0.008 0.014 0.098 0.125 0.021 0.023 0.083 0.089 0.091 0.085     (0.000,0.243) (0.000,0.047) (0.000,0.219) (0.000,0.202) (0.000,0.035) (0.000,0.509) (0.000,0.114) (0.000,0.806) (0.000,0.040) (0.000,0.335) (0.000,0.042) (0.000,0.079) (0.000,0.769) (0.000,0.851) (0.000,0.120) (0.000,0.154) (0.000,0.678) (0.000,0.730) (0.000,0.735) (0.000,0.708) 
571     1581   (25)    7 :  0.066 0.017 0.291 0.020 0.012 0.028 0.110 0.034 0.014 0.056 0.013 0.042 0.031 0.040 0.025 0.007 0.052 0.052 0.055 0.036     (0.000,0.548) (0.000,0.107) (0.000,0.951) (0.000,0.115) (0.000,0.062) (0.000,0.186) (0.000,0.778) (0.000,0.240) (0.000,0.088) (0.000,0.448) (0.000,0.079) (0.000,0.305) (0.000,0.214) (0.000,0.293) (0.000,0.161) (0.000,0.035) (0.000,0.412) (0.000,0.412) (0.000,0.441) (0.000,0.259) 
572     1585    (0)    8 :  0.070 0.006 0.035 0.029 0.007 0.086 0.033 0.167 0.006 0.062 0.007 0.012 0.102 0.039 0.044 0.029 0.062 0.077 0.051 0.077     (0.000,0.604) (0.000,0.034) (0.000,0.235) (0.000,0.175) (0.000,0.033) (0.000,0.691) (0.000,0.214) (0.000,0.910) (0.000,0.033) (0.000,0.523) (0.000,0.035) (0.000,0.065) (0.000,0.780) (0.000,0.270) (0.000,0.324) (0.000,0.192) (0.000,0.514) (0.000,0.650) (0.000,0.402) (0.000,0.656) 
573     1586    (0)    5 :  0.053 0.006 0.034 0.037 0.007 0.121 0.022 0.113 0.006 0.065 0.006 0.014 0.150 0.051 0.023 0.015 0.058 0.067 0.073 0.079     (0.000,0.431) (0.000,0.034) (0.000,0.216) (0.000,0.253) (0.000,0.037) (0.000,0.843) (0.000,0.125) (0.000,0.822) (0.000,0.032) (0.000,0.557) (0.000,0.034) (0.000,0.078) (0.000,0.898) (0.000,0.406) (0.000,0.131) (0.000,0.084) (0.000,0.474) (0.000,0.575) (0.000,0.621) (0.000,0.670) 
574     1587    (0)   18 :  0.075 0.007 0.033 0.026 0.007 0.071 0.028 0.129 0.006 0.067 0.007 0.012 0.100 0.051 0.036 0.054 0.084 0.079 0.067 0.061     (0.000,0.636) (0.000,0.037) (0.000,0.214) (0.000,0.155) (0.000,0.034) (0.000,0.591) (0.000,0.175) (0.000,0.856) (0.000,0.031) (0.000,0.569) (0.000,0.036) (0.000,0.067) (0.000,0.764) (0.000,0.401) (0.000,0.252) (0.000,0.427) (0.000,0.690) (0.000,0.665) (0.000,0.566) (0.000,0.518) 
575     1588    (0)    1 :  0.066 0.008 0.032 0.025 0.008 0.082 0.025 0.083 0.007 0.067 0.007 0.014 0.101 0.077 0.023 0.019 0.078 0.076 0.133 0.068     (0.000,0.565) (0.000,0.045) (0.000,0.203) (0.000,0.150) (0.000,0.041) (0.000,0.684) (0.000,0.147) (0.000,0.690) (0.000,0.035) (0.000,0.576) (0.000,0.036) (0.000,0.080) (0.000,0.784) (0.000,0.654) (0.000,0.132) (0.000,0.114) (0.000,0.652) (0.000,0.651) (0.000,0.869) (0.000,0.577) 
576     1589    (0)   14 :  0.075 0.008 0.027 0.020 0.007 0.132 0.024 0.097 0.007 0.059 0.007 0.012 0.101 0.079 0.027 0.029 0.045 0.078 0.088 0.078     (0.000,0.639) (0.000,0.046) (0.000,0.158) (0.000,0.112) (0.000,0.036) (0.000,0.861) (0.000,0.136) (0.000,0.765) (0.000,0.036) (0.000,0.496) (0.000,0.038) (0.000,0.067) (0.000,0.787) (0.000,0.671) (0.000,0.160) (0.000,0.187) (0.000,0.332) (0.000,0.672) (0.000,0.726) (0.000,0.667) 
577     1593   (12)    8 :  0.105 0.012 0.044 0.046 0.011 0.109 0.090 0.046 0.009 0.090 0.012 0.020 0.079 0.041 0.049 0.010 0.063 0.052 0.046 0.067     (0.000,0.791) (0.000,0.071) (0.000,0.335) (0.000,0.354) (0.000,0.058) (0.000,0.805) (0.000,0.713) (0.000,0.352) (0.000,0.052) (0.000,0.721) (0.000,0.068) (0.000,0.117) (0.000,0.650) (0.000,0.297) (0.000,0.381) (0.000,0.057) (0.000,0.519) (0.000,0.415) (0.000,0.352) (0.000,0.564) 
578     1596    (0)   14 :  0.045 0.006 0.026 0.020 0.007 0.198 0.026 0.047 0.006 0.032 0.006 0.007 0.152 0.110 0.071 0.007 0.077 0.067 0.043 0.048     (0.000,0.342) (0.000,0.035) (0.000,0.152) (0.000,0.116) (0.000,0.038) (0.000,0.929) (0.000,0.160) (0.000,0.357) (0.000,0.032) (0.000,0.211) (0.000,0.031) (0.000,0.037) (0.000,0.889) (0.000,0.821) (0.000,0.574) (0.000,0.035) (0.000,0.638) (0.000,0.569) (0.000,0.320) (0.000,0.372) 
579     1599    (0)    3 :  0.053 0.011 0.040 0.045 0.009 0.054 0.033 0.062 0.011 0.054 0.010 0.023 0.091 0.069 0.022 0.009 0.111 0.074 0.137 0.082     (0.000,0.429) (0.000,0.064) (0.000,0.278) (0.000,0.344) (0.000,0.048) (0.000,0.440) (0.000,0.211) (0.000,0.511) (0.000,0.069) (0.000,0.436) (0.000,0.060) (0.000,0.139) (0.000,0.730) (0.000,0.586) (0.000,0.124) (0.000,0.049) (0.000,0.800) (0.000,0.626) (0.000,0.868) (0.000,0.679) 
580     1603    (0)   18 :  0.073 0.016 0.021 0.034 0.008 0.031 0.016 0.074 0.015 0.086 0.014 0.029 0.080 0.099 0.013 0.036 0.112 0.065 0.057 0.120     (0.000,0.582) (0.000,0.106) (0.000,0.126) (0.000,0.238) (0.000,0.045) (0.000,0.215) (0.000,0.087) (0.000,0.592) (0.000,0.106) (0.000,0.635) (0.000,0.095) (0.000,0.209) (0.000,0.597) (0.000,0.747) (0.000,0.071) (0.000,0.271) (0.000,0.783) (0.000,0.537) (0.000,0.460) (0.000,0.780) 
581     1607    (0)    7 :  0.072 0.011 0.040 0.036 0.008 0.035 0.053 0.055 0.011 0.051 0.010 0.012 0.056 0.074 0.042 0.011 0.190 0.085 0.094 0.055     (0.000,0.608) (0.000,0.066) (0.000,0.280) (0.000,0.245) (0.000,0.041) (0.000,0.240) (0.000,0.420) (0.000,0.451) (0.000,0.065) (0.000,0.402) (0.000,0.060) (0.000,0.070) (0.000,0.453) (0.000,0.621) (0.000,0.314) (0.000,0.062) (0.000,0.923) (0.000,0.703) (0.000,0.742) (0.000,0.445) 
582     1610   (12)   20 :  0.064 0.008 0.029 0.031 0.007 0.189 0.034 0.104 0.010 0.044 0.008 0.011 0.100 0.051 0.043 0.009 0.026 0.069 0.042 0.119     (0.000,0.550) (0.000,0.047) (0.000,0.174) (0.000,0.193) (0.000,0.038) (0.000,0.929) (0.000,0.224) (0.000,0.799) (0.000,0.057) (0.000,0.332) (0.000,0.045) (0.000,0.058) (0.000,0.785) (0.000,0.398) (0.000,0.317) (0.000,0.048) (0.000,0.157) (0.000,0.600) (0.000,0.301) (0.000,0.847) 
583     1613   (12)   14 :  0.055 0.008 0.032 0.035 0.007 0.053 0.028 0.081 0.007 0.047 0.008 0.011 0.072 0.079 0.044 0.054 0.141 0.102 0.080 0.057     (0.000,0.446) (0.000,0.042) (0.000,0.204) (0.000,0.237) (0.000,0.039) (0.000,0.421) (0.000,0.171) (0.000,0.664) (0.000,0.039) (0.000,0.355) (0.000,0.042) (0.000,0.059) (0.000,0.603) (0.000,0.654) (0.000,0.324) (0.000,0.423) (0.000,0.872) (0.000,0.784) (0.000,0.671) (0.000,0.473) 
584     1615   (12)   12 :  0.014 0.323 0.009 0.010 0.008 0.010 0.012 0.009 0.243 0.012 0.202 0.053 0.016 0.013 0.009 0.008 0.013 0.012 0.013 0.011     (0.000,0.079) (0.000,0.976) (0.000,0.047) (0.000,0.054) (0.000,0.043) (0.000,0.057) (0.000,0.067) (0.000,0.047) (0.000,0.957) (0.000,0.065) (0.000,0.945) (0.000,0.444) (0.000,0.086) (0.000,0.068) (0.000,0.049) (0.000,0.044) (0.000,0.072) (0.000,0.064) (0.000,0.073) (0.000,0.059) 
585     1616   (25)   18 :  0.056 0.095 0.033 0.018 0.013 0.046 0.047 0.036 0.108 0.036 0.053 0.052 0.093 0.059 0.032 0.014 0.047 0.049 0.065 0.049     (0.000,0.447) (0.000,0.599) (0.000,0.232) (0.000,0.109) (0.000,0.070) (0.000,0.351) (0.000,0.363) (0.000,0.257) (0.000,0.625) (0.000,0.259) (0.000,0.398) (0.000,0.399) (0.000,0.660) (0.000,0.467) (0.000,0.224) (0.000,0.078) (0.000,0.362) (0.000,0.380) (0.000,0.507) (0.000,0.382) 
586     1620    (0)   13 :  0.045 0.017 0.020 0.013 0.013 0.034 0.037 0.023 0.011 0.173 0.018 0.013 0.245 0.049 0.017 0.022 0.070 0.096 0.046 0.037     (0.000,0.344) (0.000,0.113) (0.000,0.121) (0.000,0.076) (0.000,0.079) (0.000,0.247) (0.000,0.269) (0.000,0.142) (0.000,0.072) (0.000,0.873) (0.000,0.128) (0.000,0.081) (0.000,0.929) (0.000,0.385) (0.000,0.102) (0.000,0.160) (0.000,0.551) (0.000,0.706) (0.000,0.345) (0.000,0.272) 
587     1623    (0)    4 :  0.097 0.008 0.032 0.036 0.016 0.100 0.092 0.048 0.013 0.117 0.013 0.010 0.065 0.036 0.097 0.007 0.048 0.070 0.031 0.063     (0.000,0.751) (0.000,0.043) (0.000,0.213) (0.000,0.253) (0.000,0.099) (0.000,0.729) (0.000,0.703) (0.000,0.376) (0.000,0.087) (0.000,0.818) (0.000,0.084) (0.000,0.061) (0.000,0.525) (0.000,0.248) (0.000,0.677) (0.000,0.039) (0.000,0.367) (0.000,0.579) (0.000,0.197) (0.000,0.520) 
588     1624    (0)    9 :  0.009 0.373 0.013 0.007 0.009 0.076 0.009 0.007 0.243 0.009 0.138 0.013 0.008 0.017 0.009 0.019 0.006 0.014 0.011 0.009     (0.000,0.049) (0.000,0.969) (0.000,0.080) (0.000,0.038) (0.000,0.053) (0.000,0.359) (0.000,0.052) (0.000,0.037) (0.000,0.877) (0.000,0.051) (0.000,0.801) (0.000,0.071) (0.000,0.046) (0.000,0.111) (0.000,0.052) (0.000,0.137) (0.000,0.034) (0.000,0.092) (0.000,0.063) (0.000,0.050) 
589     1625    (0)    9 :  0.008 0.455 0.006 0.007 0.005 0.008 0.008 0.006 0.377 0.007 0.040 0.011 0.009 0.008 0.008 0.006 0.006 0.009 0.008 0.007     (0.000,0.044) (0.000,0.989) (0.000,0.033) (0.000,0.040) (0.000,0.027) (0.000,0.046) (0.000,0.043) (0.000,0.031) (0.000,0.983) (0.000,0.039) (0.000,0.299) (0.000,0.062) (0.000,0.049) (0.000,0.043) (0.000,0.043) (0.000,0.035) (0.000,0.030) (0.000,0.048) (0.000,0.044) (0.000,0.038) 
590     1626    (0)    9 :  0.006 0.302 0.005 0.006 0.005 0.006 0.007 0.005 0.382 0.007 0.214 0.010 0.006 0.005 0.006 0.005 0.005 0.006 0.006 0.006     (0.000,0.034) (0.000,0.983) (0.000,0.029) (0.000,0.031) (0.000,0.026) (0.000,0.035) (0.000,0.036) (0.000,0.026) (0.000,0.986) (0.000,0.036) (0.000,0.966) (0.000,0.055) (0.000,0.031) (0.000,0.029) (0.000,0.034) (0.000,0.026) (0.000,0.026) (0.000,0.030) (0.000,0.031) (0.000,0.032) 
591     1633   (12)   13 :  0.058 0.026 0.044 0.027 0.013 0.058 0.074 0.079 0.018 0.084 0.020 0.014 0.055 0.069 0.084 0.010 0.027 0.075 0.090 0.077     (0.000,0.470) (0.000,0.181) (0.000,0.328) (0.000,0.171) (0.000,0.069) (0.000,0.463) (0.000,0.618) (0.000,0.635) (0.000,0.115) (0.000,0.682) (0.000,0.133) (0.000,0.076) (0.000,0.446) (0.000,0.572) (0.000,0.664) (0.000,0.055) (0.000,0.172) (0.000,0.629) (0.000,0.715) (0.000,0.632) 
592     1638    (0)    4 :  0.090 0.040 0.029 0.032 0.010 0.068 0.087 0.043 0.030 0.058 0.026 0.027 0.036 0.046 0.056 0.019 0.012 0.067 0.085 0.139     (0.000,0.709) (0.000,0.303) (0.000,0.179) (0.000,0.224) (0.000,0.050) (0.000,0.539) (0.000,0.691) (0.000,0.326) (0.000,0.220) (0.000,0.473) (0.000,0.187) (0.000,0.184) (0.000,0.254) (0.000,0.354) (0.000,0.451) (0.000,0.129) (0.000,0.064) (0.000,0.559) (0.000,0.678) (0.000,0.857) 
593     1659    (0)    9 :  0.006 0.168 0.005 0.005 0.005 0.006 0.007 0.006 0.526 0.006 0.201 0.011 0.007 0.006 0.006 0.006 0.005 0.006 0.006 0.006     (0.000,0.034) (0.000,0.950) (0.000,0.028) (0.000,0.029) (0.000,0.029) (0.000,0.034) (0.000,0.037) (0.000,0.031) (0.000,0.992) (0.000,0.032) (0.000,0.963) (0.000,0.056) (0.000,0.036) (0.000,0.030) (0.000,0.031) (0.000,0.029) (0.000,0.029) (0.000,0.030) (0.000,0.030) (0.000,0.034) 
594     1667    (0)    9 :  0.007 0.212 0.005 0.006 0.005 0.007 0.007 0.006 0.649 0.006 0.031 0.009 0.008 0.007 0.006 0.006 0.005 0.007 0.006 0.006     (0.000,0.036) (0.000,0.965) (0.000,0.028) (0.000,0.031) (0.000,0.027) (0.000,0.038) (0.000,0.036) (0.000,0.032) (0.000,0.994) (0.000,0.030) (0.000,0.192) (0.000,0.048) (0.000,0.044) (0.000,0.036) (0.000,0.032) (0.000,0.031) (0.000,0.027) (0.000,0.038) (0.000,0.032) (0.000,0.033) 
595     1668    (0)    9 :  0.007 0.177 0.007 0.006 0.005 0.007 0.006 0.007 0.425 0.007 0.280 0.010 0.007 0.007 0.006 0.008 0.007 0.007 0.007 0.007     (0.000,0.038) (0.000,0.952) (0.000,0.035) (0.000,0.033) (0.000,0.026) (0.000,0.037) (0.000,0.034) (0.000,0.035) (0.000,0.987) (0.000,0.035) (0.000,0.977) (0.000,0.053) (0.000,0.040) (0.000,0.039) (0.000,0.034) (0.000,0.043) (0.000,0.035) (0.000,0.037) (0.000,0.039) (0.000,0.036) 
596     1669    (0)   11 :  0.009 0.138 0.009 0.008 0.006 0.010 0.009 0.009 0.389 0.009 0.321 0.013 0.010 0.009 0.008 0.009 0.008 0.009 0.009 0.009     (0.000,0.051) (0.000,0.902) (0.000,0.049) (0.000,0.046) (0.000,0.029) (0.000,0.053) (0.000,0.047) (0.000,0.050) (0.000,0.983) (0.000,0.046) (0.000,0.977) (0.000,0.073) (0.000,0.056) (0.000,0.047) (0.000,0.046) (0.000,0.047) (0.000,0.041) (0.000,0.049) (0.000,0.048) (0.000,0.051) 
597     1672    (0)    9 :  0.006 0.123 0.005 0.005 0.005 0.006 0.006 0.006 0.657 0.006 0.117 0.009 0.007 0.006 0.006 0.006 0.005 0.006 0.006 0.006     (0.000,0.032) (0.000,0.915) (0.000,0.028) (0.000,0.027) (0.000,0.026) (0.000,0.033) (0.000,0.034) (0.000,0.033) (0.000,0.995) (0.000,0.029) (0.000,0.904) (0.000,0.049) (0.000,0.036) (0.000,0.031) (0.000,0.032) (0.000,0.031) (0.000,0.029) (0.000,0.032) (0.000,0.031) (0.000,0.033) 
598     1673    (0)   11 :  0.005 0.245 0.005 0.005 0.004 0.005 0.006 0.005 0.448 0.005 0.221 0.006 0.005 0.005 0.005 0.005 0.005 0.005 0.005 0.005     (0.000,0.029) (0.000,0.978) (0.000,0.028) (0.000,0.026) (0.000,0.023) (0.000,0.028) (0.000,0.030) (0.000,0.024) (0.000,0.991) (0.000,0.028) (0.000,0.972) (0.000,0.033) (0.000,0.024) (0.000,0.026) (0.000,0.027) (0.000,0.025) (0.000,0.024) (0.000,0.027) (0.000,0.027) (0.000,0.027) 
599     1675    (0)    6 :  0.050 0.030 0.169 0.049 0.042 0.019 0.067 0.042 0.019 0.063 0.090 0.015 0.066 0.020 0.119 0.008 0.033 0.033 0.038 0.029     (0.000,0.380) (0.000,0.220) (0.000,0.818) (0.000,0.379) (0.000,0.256) (0.000,0.117) (0.000,0.495) (0.000,0.317) (0.000,0.129) (0.000,0.487) (0.000,0.567) (0.000,0.092) (0.000,0.496) (0.000,0.116) (0.000,0.750) (0.000,0.044) (0.000,0.228) (0.000,0.221) (0.000,0.271) (0.000,0.192) 
600     1679    (0)   11 :  0.007 0.780 0.007 0.006 0.012 0.006 0.009 0.007 0.039 0.007 0.055 0.008 0.006 0.008 0.007 0.006 0.005 0.007 0.009 0.008     (0.000,0.038) (0.000,0.995) (0.000,0.039) (0.000,0.033) (0.000,0.075) (0.000,0.031) (0.000,0.050) (0.000,0.038) (0.000,0.281) (0.000,0.039) (0.000,0.481) (0.000,0.042) (0.000,0.031) (0.000,0.043) (0.000,0.039) (0.000,0.036) (0.000,0.028) (0.000,0.038) (0.000,0.049) (0.000,0.041) 
601     1687    (0)    9 :  0.020 0.175 0.016 0.021 0.006 0.024 0.019 0.012 0.493 0.014 0.080 0.011 0.017 0.014 0.017 0.006 0.008 0.020 0.012 0.016     (0.000,0.117) (0.000,0.902) (0.000,0.087) (0.000,0.131) (0.000,0.029) (0.000,0.148) (0.000,0.106) (0.000,0.071) (0.000,0.986) (0.000,0.075) (0.000,0.605) (0.000,0.058) (0.000,0.100) (0.000,0.077) (0.000,0.098) (0.000,0.031) (0.000,0.042) (0.000,0.121) (0.000,0.066) (0.000,0.093) 
602     1688    (0)    9 :  0.008 0.119 0.012 0.010 0.005 0.007 0.007 0.009 0.214 0.008 0.524 0.008 0.016 0.007 0.008 0.005 0.008 0.008 0.007 0.008     (0.000,0.041) (0.000,0.849) (0.000,0.078) (0.000,0.061) (0.000,0.026) (0.000,0.038) (0.000,0.040) (0.000,0.051) (0.000,0.914) (0.000,0.046) (0.000,0.990) (0.000,0.045) (0.000,0.106) (0.000,0.039) (0.000,0.044) (0.000,0.028) (0.000,0.044) (0.000,0.045) (0.000,0.040) (0.000,0.043) 
603     1695    (0)   19 :  0.051 0.031 0.043 0.067 0.009 0.030 0.038 0.060 0.047 0.050 0.056 0.016 0.038 0.058 0.042 0.031 0.103 0.094 0.075 0.061     (0.000,0.400) (0.000,0.235) (0.000,0.326) (0.000,0.532) (0.000,0.045) (0.000,0.197) (0.000,0.275) (0.000,0.475) (0.000,0.349) (0.000,0.388) (0.000,0.398) (0.000,0.094) (0.000,0.277) (0.000,0.467) (0.000,0.319) (0.000,0.225) (0.000,0.696) (0.000,0.708) (0.000,0.595) (0.000,0.493) 
604     1701    (0)    9 :  0.008 0.214 0.007 0.008 0.006 0.008 0.008 0.007 0.288 0.008 0.367 0.013 0.009 0.008 0.007 0.007 0.008 0.007 0.008 0.007     (0.000,0.044) (0.000,0.961) (0.000,0.035) (0.000,0.041) (0.000,0.031) (0.000,0.041) (0.000,0.041) (0.000,0.036) (0.000,0.974) (0.000,0.043) (0.000,0.984) (0.000,0.071) (0.000,0.052) (0.000,0.041) (0.000,0.035) (0.000,0.038) (0.000,0.040) (0.000,0.039) (0.000,0.041) (0.000,0.039) 
605     1704    (0)    9 :  0.011 0.194 0.009 0.008 0.005 0.010 0.011 0.009 0.425 0.009 0.221 0.011 0.010 0.010 0.010 0.007 0.008 0.010 0.011 0.011     (0.000,0.061) (0.000,0.948) (0.000,0.049) (0.000,0.045) (0.000,0.028) (0.000,0.053) (0.000,0.058) (0.000,0.048) (0.000,0.985) (0.000,0.050) (0.000,0.956) (0.000,0.058) (0.000,0.051) (0.000,0.052) (0.000,0.056) (0.000,0.035) (0.000,0.045) (0.000,0.055) (0.000,0.059) (0.000,0.058) 
606     1705    (0)    2 :  0.014 0.469 0.017 0.011 0.019 0.015 0.018 0.015 0.226 0.013 0.049 0.013 0.018 0.020 0.012 0.010 0.013 0.019 0.017 0.014     (0.000,0.089) (0.000,0.963) (0.000,0.115) (0.000,0.063) (0.000,0.127) (0.000,0.093) (0.000,0.120) (0.000,0.101) (0.000,0.867) (0.000,0.079) (0.000,0.401) (0.000,0.077) (0.000,0.126) (0.000,0.139) (0.000,0.072) (0.000,0.061) (0.000,0.081) (0.000,0.125) (0.000,0.117) (0.000,0.092) 
607     1708    (0)   10 :  0.075 0.019 0.040 0.034 0.017 0.042 0.047 0.036 0.013 0.114 0.024 0.017 0.103 0.063 0.013 0.013 0.112 0.061 0.094 0.063     (0.000,0.623) (0.000,0.128) (0.000,0.281) (0.000,0.233) (0.000,0.098) (0.000,0.313) (0.000,0.358) (0.000,0.257) (0.000,0.078) (0.000,0.802) (0.000,0.173) (0.000,0.102) (0.000,0.749) (0.000,0.522) (0.000,0.070) (0.000,0.085) (0.000,0.775) (0.000,0.504) (0.000,0.721) (0.000,0.524) 
608     1710    (0)   14 :  0.080 0.024 0.033 0.020 0.008 0.036 0.048 0.069 0.024 0.051 0.033 0.012 0.080 0.087 0.021 0.025 0.072 0.107 0.074 0.093     (0.000,0.652) (0.000,0.172) (0.000,0.222) (0.000,0.119) (0.000,0.040) (0.000,0.256) (0.000,0.371) (0.000,0.557) (0.000,0.179) (0.000,0.410) (0.000,0.243) (0.000,0.069) (0.000,0.631) (0.000,0.690) (0.000,0.131) (0.000,0.172) (0.000,0.574) (0.000,0.778) (0.000,0.610) (0.000,0.720) 
609     1711    (0)    3 :  0.053 0.017 0.035 0.032 0.009 0.050 0.025 0.052 0.019 0.055 0.030 0.014 0.151 0.107 0.012 0.017 0.068 0.082 0.085 0.088     (0.000,0.428) (0.000,0.114) (0.000,0.234) (0.000,0.217) (0.000,0.046) (0.000,0.396) (0.000,0.149) (0.000,0.416) (0.000,0.131) (0.000,0.444) (0.000,0.226) (0.000,0.086) (0.000,0.868) (0.000,0.788) (0.000,0.065) (0.000,0.105) (0.000,0.556) (0.000,0.674) (0.000,0.685) (0.000,0.703) 
610     1712    (0)   13 :  0.087 0.015 0.033 0.016 0.008 0.043 0.047 0.096 0.013 0.064 0.017 0.010 0.092 0.073 0.025 0.035 0.067 0.103 0.073 0.083     (0.000,0.707) (0.000,0.094) (0.000,0.212) (0.000,0.091) (0.000,0.039) (0.000,0.319) (0.000,0.363) (0.000,0.728) (0.000,0.080) (0.000,0.540) (0.000,0.119) (0.000,0.059) (0.000,0.708) (0.000,0.607) (0.000,0.154) (0.000,0.262) (0.000,0.545) (0.000,0.781) (0.000,0.610) (0.000,0.673) 
611     1716    (0)   13 :  0.059 0.011 0.029 0.025 0.011 0.043 0.021 0.117 0.011 0.069 0.014 0.029 0.050 0.097 0.016 0.020 0.206 0.071 0.034 0.066     (0.000,0.470) (0.000,0.072) (0.000,0.189) (0.000,0.161) (0.000,0.061) (0.000,0.324) (0.000,0.128) (0.000,0.785) (0.000,0.070) (0.000,0.517) (0.000,0.098) (0.000,0.216) (0.000,0.384) (0.000,0.727) (0.000,0.093) (0.000,0.142) (0.000,0.898) (0.000,0.584) (0.000,0.240) (0.000,0.517) 
612     1719    (0)    6 :  0.056 0.009 0.031 0.029 0.107 0.084 0.040 0.057 0.012 0.137 0.015 0.011 0.075 0.043 0.078 0.007 0.051 0.049 0.060 0.048     (0.000,0.452) (0.000,0.049) (0.000,0.209) (0.000,0.194) (0.000,0.516) (0.000,0.614) (0.000,0.302) (0.000,0.455) (0.000,0.077) (0.000,0.841) (0.000,0.102) (0.000,0.063) (0.000,0.594) (0.000,0.322) (0.000,0.595) (0.000,0.041) (0.000,0.395) (0.000,0.384) (0.000,0.478) (0.000,0.382) 
613     1720    (0)    1 :  0.040 0.007 0.051 0.033 0.009 0.062 0.036 0.128 0.006 0.069 0.009 0.009 0.089 0.088 0.047 0.019 0.069 0.083 0.081 0.064     (0.000,0.293) (0.000,0.040) (0.000,0.403) (0.000,0.220) (0.000,0.047) (0.000,0.502) (0.000,0.255) (0.000,0.842) (0.000,0.035) (0.000,0.579) (0.000,0.052) (0.000,0.047) (0.000,0.717) (0.000,0.711) (0.000,0.361) (0.000,0.132) (0.000,0.565) (0.000,0.691) (0.000,0.661) (0.000,0.545) 
614     1722    (0)    7 :  0.054 0.031 0.077 0.029 0.008 0.072 0.062 0.102 0.030 0.061 0.043 0.017 0.061 0.048 0.050 0.011 0.021 0.062 0.049 0.113     (0.000,0.431) (0.000,0.228) (0.000,0.622) (0.000,0.186) (0.000,0.041) (0.000,0.576) (0.000,0.511) (0.000,0.719) (0.000,0.225) (0.000,0.501) (0.000,0.312) (0.000,0.102) (0.000,0.500) (0.000,0.368) (0.000,0.398) (0.000,0.067) (0.000,0.121) (0.000,0.512) (0.000,0.385) (0.000,0.790) 
615     1723    (0)    7 :  0.081 0.014 0.052 0.028 0.009 0.018 0.042 0.153 0.012 0.143 0.015 0.011 0.027 0.047 0.028 0.013 0.063 0.060 0.053 0.128     (0.000,0.658) (0.000,0.092) (0.000,0.409) (0.000,0.181) (0.000,0.048) (0.000,0.108) (0.000,0.318) (0.000,0.872) (0.000,0.077) (0.000,0.853) (0.000,0.101) (0.000,0.064) (0.000,0.171) (0.000,0.364) (0.000,0.186) (0.000,0.083) (0.000,0.512) (0.000,0.496) (0.000,0.420) (0.000,0.827) 
616     1724    (0)   18 :  0.058 0.016 0.047 0.021 0.008 0.041 0.065 0.171 0.014 0.059 0.019 0.013 0.060 0.055 0.053 0.024 0.045 0.086 0.061 0.082     (0.000,0.481) (0.000,0.104) (0.000,0.364) (0.000,0.126) (0.000,0.042) (0.000,0.301) (0.000,0.532) (0.000,0.891) (0.000,0.091) (0.000,0.489) (0.000,0.134) (0.000,0.076) (0.000,0.491) (0.000,0.447) (0.000,0.420) (0.000,0.165) (0.000,0.341) (0.000,0.704) (0.000,0.507) (0.000,0.675) 
617     1725    (0)   13 :  0.035 0.032 0.029 0.020 0.011 0.039 0.027 0.084 0.023 0.046 0.046 0.034 0.236 0.077 0.019 0.043 0.047 0.051 0.055 0.046     (0.000,0.239) (0.000,0.240) (0.000,0.193) (0.000,0.118) (0.000,0.059) (0.000,0.288) (0.000,0.174) (0.000,0.644) (0.000,0.170) (0.000,0.361) (0.000,0.333) (0.000,0.252) (0.000,0.938) (0.000,0.625) (0.000,0.109) (0.000,0.320) (0.000,0.366) (0.000,0.412) (0.000,0.440) (0.000,0.358) 
618     1728   (12)   14 :  0.100 0.012 0.033 0.021 0.010 0.039 0.029 0.051 0.010 0.044 0.017 0.011 0.054 0.256 0.024 0.020 0.026 0.146 0.055 0.040     (0.000,0.718) (0.000,0.071) (0.000,0.232) (0.000,0.127) (0.000,0.053) (0.000,0.288) (0.000,0.193) (0.000,0.401) (0.000,0.055) (0.000,0.334) (0.000,0.107) (0.000,0.062) (0.000,0.432) (0.000,0.943) (0.000,0.152) (0.000,0.130) (0.000,0.171) (0.000,0.854) (0.000,0.437) (0.000,0.295) 
619     1729   (12)   14 :  0.048 0.016 0.049 0.024 0.013 0.048 0.042 0.094 0.011 0.072 0.017 0.012 0.088 0.109 0.035 0.018 0.057 0.074 0.115 0.058     (0.000,0.370) (0.000,0.102) (0.000,0.379) (0.000,0.148) (0.000,0.068) (0.000,0.373) (0.000,0.313) (0.000,0.729) (0.000,0.065) (0.000,0.606) (0.000,0.109) (0.000,0.065) (0.000,0.708) (0.000,0.803) (0.000,0.231) (0.000,0.116) (0.000,0.463) (0.000,0.624) (0.000,0.815) (0.000,0.480) 
620     1730   (12)    3 :  0.077 0.020 0.044 0.032 0.016 0.089 0.060 0.069 0.011 0.112 0.023 0.013 0.082 0.074 0.037 0.020 0.038 0.061 0.054 0.066     (0.000,0.631) (0.000,0.137) (0.000,0.330) (0.000,0.218) (0.000,0.092) (0.000,0.677) (0.000,0.484) (0.000,0.557) (0.000,0.067) (0.000,0.799) (0.000,0.166) (0.000,0.072) (0.000,0.662) (0.000,0.604) (0.000,0.259) (0.000,0.135) (0.000,0.274) (0.000,0.511) (0.000,0.437) (0.000,0.549) 
621     1735    (0)    7 :  0.045 0.013 0.034 0.040 0.008 0.054 0.021 0.052 0.011 0.056 0.017 0.014 0.077 0.102 0.020 0.057 0.077 0.092 0.149 0.062     (0.000,0.339) (0.000,0.078) (0.000,0.225) (0.000,0.290) (0.000,0.045) (0.000,0.430) (0.000,0.122) (0.000,0.417) (0.000,0.067) (0.000,0.451) (0.000,0.113) (0.000,0.078) (0.000,0.637) (0.000,0.772) (0.000,0.113) (0.000,0.419) (0.000,0.616) (0.000,0.732) (0.000,0.884) (0.000,0.515) 
622     1737   (25)    7 :  0.122 0.015 0.042 0.031 0.012 0.025 0.039 0.091 0.015 0.156 0.017 0.009 0.028 0.051 0.033 0.018 0.067 0.067 0.060 0.103     (0.000,0.824) (0.000,0.095) (0.000,0.310) (0.000,0.206) (0.000,0.064) (0.000,0.157) (0.000,0.281) (0.000,0.706) (0.000,0.092) (0.000,0.876) (0.000,0.110) (0.000,0.049) (0.000,0.178) (0.000,0.408) (0.000,0.232) (0.000,0.113) (0.000,0.540) (0.000,0.555) (0.000,0.488) (0.000,0.752) 
623     1738    (0)    9 :  0.006 0.226 0.005 0.005 0.011 0.005 0.006 0.005 0.261 0.006 0.412 0.008 0.005 0.005 0.005 0.008 0.005 0.005 0.005 0.005     (0.000,0.029) (0.000,0.972) (0.000,0.027) (0.000,0.024) (0.000,0.071) (0.000,0.029) (0.000,0.030) (0.000,0.025) (0.000,0.976) (0.000,0.029) (0.000,0.988) (0.000,0.041) (0.000,0.028) (0.000,0.028) (0.000,0.026) (0.000,0.047) (0.000,0.026) (0.000,0.027) (0.000,0.029) (0.000,0.027) 
624     1739    (0)   14 :  0.064 0.012 0.047 0.020 0.013 0.058 0.052 0.106 0.011 0.099 0.020 0.010 0.122 0.046 0.024 0.018 0.037 0.074 0.082 0.084     (0.000,0.546) (0.000,0.073) (0.000,0.358) (0.000,0.114) (0.000,0.068) (0.000,0.474) (0.000,0.407) (0.000,0.782) (0.000,0.067) (0.000,0.763) (0.000,0.142) (0.000,0.054) (0.000,0.826) (0.000,0.352) (0.000,0.150) (0.000,0.125) (0.000,0.268) (0.000,0.630) (0.000,0.667) (0.000,0.682) 
625     1740    (0)    3 :  0.054 0.029 0.036 0.029 0.010 0.045 0.029 0.048 0.028 0.062 0.085 0.012 0.119 0.096 0.013 0.027 0.047 0.078 0.080 0.072     (0.000,0.433) (0.000,0.212) (0.000,0.252) (0.000,0.191) (0.000,0.054) (0.000,0.348) (0.000,0.182) (0.000,0.375) (0.000,0.210) (0.000,0.504) (0.000,0.504) (0.000,0.067) (0.000,0.777) (0.000,0.723) (0.000,0.073) (0.000,0.193) (0.000,0.364) (0.000,0.626) (0.000,0.641) (0.000,0.577) 
626     1745    (0)    1 :  0.069 0.050 0.077 0.024 0.016 0.032 0.162 0.027 0.021 0.113 0.075 0.009 0.027 0.051 0.078 0.010 0.035 0.039 0.053 0.031     (0.000,0.562) (0.000,0.379) (0.000,0.618) (0.000,0.153) (0.000,0.094) (0.000,0.220) (0.000,0.882) (0.000,0.178) (0.000,0.143) (0.000,0.787) (0.000,0.476) (0.000,0.047) (0.000,0.170) (0.000,0.402) (0.000,0.597) (0.000,0.059) (0.000,0.259) (0.000,0.280) (0.000,0.423) (0.000,0.200) 
627     1747    (0)   14 :  0.029 0.087 0.020 0.019 0.010 0.025 0.034 0.027 0.129 0.026 0.228 0.021 0.079 0.046 0.033 0.039 0.039 0.042 0.039 0.028     (0.000,0.204) (0.000,0.592) (0.000,0.136) (0.000,0.129) (0.000,0.052) (0.000,0.177) (0.000,0.243) (0.000,0.184) (0.000,0.683) (0.000,0.174) (0.000,0.791) (0.000,0.140) (0.000,0.599) (0.000,0.342) (0.000,0.249) (0.000,0.286) (0.000,0.288) (0.000,0.310) (0.000,0.289) (0.000,0.194) 
628     1749   (12)   12 :  0.015 0.007 0.012 0.012 0.009 0.019 0.016 0.020 0.006 0.014 0.006 0.727 0.016 0.016 0.011 0.018 0.013 0.017 0.018 0.027     (0.000,0.084) (0.000,0.039) (0.000,0.067) (0.000,0.067) (0.000,0.045) (0.000,0.113) (0.000,0.087) (0.000,0.120) (0.000,0.032) (0.000,0.079) (0.000,0.035) (0.103,0.992) (0.000,0.095) (0.000,0.089) (0.000,0.058) (0.000,0.115) (0.000,0.070) (0.000,0.094) (0.000,0.101) (0.000,0.160) 
629     1750   (12)   18 :  0.032 0.016 0.020 0.033 0.009 0.053 0.018 0.036 0.022 0.028 0.022 0.018 0.039 0.040 0.018 0.010 0.020 0.474 0.038 0.054     (0.000,0.218) (0.000,0.102) (0.000,0.122) (0.000,0.232) (0.000,0.047) (0.000,0.419) (0.000,0.103) (0.000,0.258) (0.000,0.156) (0.000,0.184) (0.000,0.150) (0.000,0.113) (0.000,0.290) (0.000,0.291) (0.000,0.104) (0.000,0.052) (0.000,0.115) (0.000,0.974) (0.000,0.268) (0.000,0.428) 
630     1751   (12)   17 :  0.060 0.014 0.037 0.036 0.011 0.050 0.034 0.070 0.014 0.073 0.013 0.021 0.109 0.067 0.019 0.008 0.099 0.074 0.097 0.094     (0.000,0.500) (0.000,0.086) (0.000,0.250) (0.000,0.248) (0.000,0.059) (0.000,0.391) (0.000,0.227) (0.000,0.587) (0.000,0.088) (0.000,0.613) (0.000,0.076) (0.000,0.133) (0.000,0.789) (0.000,0.566) (0.000,0.108) (0.000,0.042) (0.000,0.755) (0.000,0.633) (0.000,0.748) (0.000,0.738) 
631     1752   (12)    1 :  0.064 0.018 0.049 0.042 0.007 0.090 0.028 0.064 0.020 0.062 0.021 0.019 0.087 0.069 0.027 0.014 0.048 0.088 0.059 0.126     (0.000,0.528) (0.000,0.124) (0.000,0.380) (0.000,0.309) (0.000,0.037) (0.000,0.694) (0.000,0.173) (0.000,0.522) (0.000,0.136) (0.000,0.510) (0.000,0.148) (0.000,0.119) (0.000,0.676) (0.000,0.576) (0.000,0.173) (0.000,0.084) (0.000,0.373) (0.000,0.701) (0.000,0.480) (0.000,0.834) 
632     1753   (25)   12 :  0.069 0.134 0.028 0.023 0.026 0.088 0.051 0.023 0.037 0.064 0.072 0.168 0.032 0.017 0.026 0.033 0.022 0.024 0.026 0.038     (0.000,0.558) (0.000,0.783) (0.000,0.177) (0.000,0.145) (0.000,0.165) (0.000,0.686) (0.000,0.400) (0.000,0.155) (0.000,0.274) (0.000,0.509) (0.000,0.522) (0.000,0.883) (0.000,0.222) (0.000,0.099) (0.000,0.167) (0.000,0.242) (0.000,0.134) (0.000,0.150) (0.000,0.169) (0.000,0.273) 
633     1755   (12)    9 :  0.009 0.099 0.008 0.008 0.006 0.010 0.010 0.010 0.618 0.008 0.096 0.043 0.013 0.008 0.010 0.006 0.008 0.009 0.009 0.011     (0.000,0.051) (0.000,0.818) (0.000,0.042) (0.000,0.042) (0.000,0.033) (0.000,0.057) (0.000,0.054) (0.000,0.054) (0.000,0.992) (0.000,0.043) (0.000,0.819) (0.000,0.299) (0.000,0.068) (0.000,0.045) (0.000,0.053) (0.000,0.033) (0.000,0.041) (0.000,0.051) (0.000,0.047) (0.000,0.060) 
634     1756   (12)    9 :  0.010 0.184 0.009 0.008 0.006 0.011 0.010 0.009 0.496 0.009 0.145 0.026 0.010 0.010 0.010 0.007 0.008 0.010 0.010 0.011     (0.000,0.057) (0.000,0.940) (0.000,0.049) (0.000,0.044) (0.000,0.033) (0.000,0.058) (0.000,0.056) (0.000,0.051) (0.000,0.988) (0.000,0.049) (0.000,0.911) (0.000,0.141) (0.000,0.056) (0.000,0.053) (0.000,0.053) (0.000,0.039) (0.000,0.045) (0.000,0.054) (0.000,0.056) (0.000,0.059) 
635     1757   (25)   14 :  0.015 0.198 0.011 0.009 0.010 0.015 0.014 0.013 0.388 0.012 0.114 0.079 0.027 0.013 0.013 0.014 0.013 0.013 0.014 0.014     (0.000,0.085) (0.000,0.934) (0.000,0.059) (0.000,0.049) (0.000,0.054) (0.000,0.088) (0.000,0.080) (0.000,0.077) (0.000,0.978) (0.000,0.068) (0.000,0.834) (0.000,0.683) (0.000,0.158) (0.000,0.074) (0.000,0.077) (0.000,0.076) (0.000,0.069) (0.000,0.076) (0.000,0.080) (0.000,0.080) 
636     1760   (12)   14 :  0.035 0.010 0.031 0.034 0.010 0.035 0.026 0.075 0.006 0.051 0.007 0.024 0.042 0.105 0.034 0.130 0.047 0.077 0.154 0.067     (0.000,0.244) (0.000,0.054) (0.000,0.202) (0.000,0.225) (0.000,0.056) (0.000,0.244) (0.000,0.167) (0.000,0.598) (0.000,0.033) (0.000,0.404) (0.000,0.036) (0.000,0.150) (0.000,0.309) (0.000,0.778) (0.000,0.226) (0.000,0.706) (0.000,0.363) (0.000,0.636) (0.000,0.894) (0.000,0.560) 
637     1763   (12)    7 :  0.077 0.024 0.047 0.055 0.009 0.018 0.040 0.110 0.027 0.115 0.020 0.019 0.021 0.050 0.029 0.007 0.081 0.059 0.047 0.146     (0.000,0.617) (0.000,0.170) (0.000,0.362) (0.000,0.439) (0.000,0.050) (0.000,0.100) (0.000,0.296) (0.000,0.761) (0.000,0.200) (0.000,0.772) (0.000,0.136) (0.000,0.120) (0.000,0.128) (0.000,0.391) (0.000,0.197) (0.000,0.039) (0.000,0.642) (0.000,0.483) (0.000,0.360) (0.000,0.864) 
638     1764   (12)    8 :  0.072 0.008 0.039 0.032 0.007 0.048 0.058 0.199 0.009 0.067 0.009 0.014 0.049 0.021 0.136 0.023 0.052 0.067 0.031 0.060     (0.000,0.614) (0.000,0.045) (0.000,0.269) (0.000,0.208) (0.000,0.035) (0.000,0.366) (0.000,0.478) (0.000,0.932) (0.000,0.048) (0.000,0.568) (0.000,0.049) (0.000,0.080) (0.000,0.384) (0.000,0.114) (0.000,0.859) (0.000,0.150) (0.000,0.409) (0.000,0.572) (0.000,0.202) (0.000,0.508) 
639     1765   (12)    1 :  0.089 0.025 0.059 0.067 0.012 0.111 0.062 0.044 0.019 0.129 0.025 0.040 0.046 0.024 0.053 0.008 0.029 0.042 0.041 0.074     (0.000,0.714) (0.000,0.170) (0.000,0.484) (0.000,0.555) (0.000,0.065) (0.000,0.800) (0.000,0.507) (0.000,0.333) (0.000,0.122) (0.000,0.846) (0.000,0.178) (0.000,0.295) (0.000,0.357) (0.000,0.143) (0.000,0.431) (0.000,0.044) (0.000,0.192) (0.000,0.312) (0.000,0.304) (0.000,0.613) 
640     1768    (0)   13 :  0.069 0.053 0.029 0.082 0.007 0.090 0.021 0.063 0.062 0.050 0.054 0.018 0.050 0.085 0.028 0.016 0.042 0.063 0.044 0.071     (0.000,0.563) (0.000,0.399) (0.000,0.184) (0.000,0.658) (0.000,0.036) (0.000,0.657) (0.000,0.120) (0.000,0.503) (0.000,0.443) (0.000,0.396) (0.000,0.405) (0.000,0.110) (0.000,0.395) (0.000,0.672) (0.000,0.183) (0.000,0.092) (0.000,0.312) (0.000,0.515) (0.000,0.337) (0.000,0.577) 
641     1769    (0)   10 :  0.160 0.008 0.025 0.110 0.008 0.022 0.027 0.037 0.007 0.284 0.007 0.009 0.013 0.035 0.029 0.006 0.020 0.025 0.023 0.144     (0.000,0.909) (0.000,0.046) (0.000,0.144) (0.000,0.816) (0.000,0.042) (0.000,0.134) (0.000,0.178) (0.000,0.254) (0.000,0.041) (0.000,0.963) (0.000,0.036) (0.000,0.052) (0.000,0.071) (0.000,0.230) (0.000,0.202) (0.000,0.033) (0.000,0.117) (0.000,0.145) (0.000,0.142) (0.000,0.877) 
642     1770   (25)    7 :  0.057 0.019 0.040 0.051 0.016 0.050 0.033 0.046 0.016 0.075 0.016 0.023 0.064 0.077 0.032 0.011 0.108 0.067 0.151 0.048     (0.000,0.469) (0.000,0.118) (0.000,0.281) (0.000,0.405) (0.000,0.088) (0.000,0.396) (0.000,0.212) (0.000,0.349) (0.000,0.094) (0.000,0.631) (0.000,0.095) (0.000,0.133) (0.000,0.544) (0.000,0.646) (0.000,0.209) (0.000,0.061) (0.000,0.791) (0.000,0.568) (0.000,0.891) (0.000,0.371) 
643     1771   (25)   18 :  0.039 0.013 0.032 0.039 0.016 0.065 0.047 0.084 0.017 0.045 0.015 0.027 0.166 0.061 0.063 0.011 0.115 0.059 0.037 0.049     (0.000,0.276) (0.000,0.080) (0.000,0.213) (0.000,0.291) (0.000,0.095) (0.000,0.536) (0.000,0.361) (0.000,0.681) (0.000,0.112) (0.000,0.345) (0.000,0.096) (0.000,0.188) (0.000,0.892) (0.000,0.509) (0.000,0.504) (0.000,0.063) (0.000,0.794) (0.000,0.492) (0.000,0.258) (0.000,0.387) 
644     1778    (0)   11 :  0.006 0.106 0.006 0.006 0.004 0.006 0.006 0.005 0.561 0.005 0.241 0.007 0.005 0.005 0.006 0.004 0.005 0.005 0.005 0.006     (0.000,0.033) (0.000,0.891) (0.000,0.029) (0.000,0.033) (0.000,0.020) (0.000,0.030) (0.000,0.032) (0.000,0.027) (0.000,0.994) (0.000,0.029) (0.000,0.975) (0.000,0.038) (0.000,0.025) (0.000,0.027) (0.000,0.033) (0.000,0.019) (0.000,0.024) (0.000,0.028) (0.000,0.028) (0.000,0.033) 
645     1779    (0)    9 :  0.006 0.124 0.005 0.007 0.004 0.006 0.005 0.005 0.429 0.006 0.346 0.011 0.006 0.006 0.005 0.005 0.006 0.006 0.006 0.006     (0.000,0.032) (0.000,0.917) (0.000,0.027) (0.000,0.036) (0.000,0.023) (0.000,0.030) (0.000,0.029) (0.000,0.028) (0.000,0.989) (0.000,0.031) (0.000,0.986) (0.000,0.061) (0.000,0.033) (0.000,0.031) (0.000,0.029) (0.000,0.028) (0.000,0.030) (0.000,0.030) (0.000,0.031) (0.000,0.031) 
646     1780    (0)    9 :  0.007 0.123 0.006 0.007 0.004 0.006 0.006 0.005 0.346 0.006 0.431 0.008 0.005 0.006 0.006 0.005 0.005 0.006 0.006 0.006     (0.000,0.035) (0.000,0.915) (0.000,0.031) (0.000,0.039) (0.000,0.020) (0.000,0.031) (0.000,0.030) (0.000,0.028) (0.000,0.985) (0.000,0.033) (0.000,0.990) (0.000,0.043) (0.000,0.028) (0.000,0.031) (0.000,0.031) (0.000,0.025) (0.000,0.029) (0.000,0.031) (0.000,0.032) (0.000,0.032) 
647     1786    (0)   11 :  0.055 0.157 0.023 0.030 0.009 0.023 0.069 0.014 0.084 0.033 0.282 0.012 0.013 0.035 0.051 0.012 0.013 0.023 0.032 0.027     (0.000,0.405) (0.000,0.762) (0.000,0.160) (0.000,0.222) (0.000,0.050) (0.000,0.157) (0.000,0.465) (0.000,0.086) (0.000,0.553) (0.000,0.249) (0.000,0.789) (0.000,0.077) (0.000,0.075) (0.000,0.263) (0.000,0.365) (0.000,0.076) (0.000,0.084) (0.000,0.161) (0.000,0.241) (0.000,0.192) 
648     1787    (0)   11 :  0.006 0.029 0.006 0.006 0.004 0.006 0.006 0.005 0.045 0.006 0.831 0.008 0.005 0.005 0.005 0.006 0.005 0.005 0.005 0.006     (0.000,0.031) (0.000,0.144) (0.000,0.030) (0.000,0.034) (0.000,0.023) (0.000,0.031) (0.000,0.032) (0.000,0.026) (0.000,0.305) (0.000,0.032) (0.169,0.997) (0.000,0.043) (0.000,0.027) (0.000,0.026) (0.000,0.028) (0.000,0.031) (0.000,0.024) (0.000,0.027) (0.000,0.027) (0.000,0.030) 
649     1788    (0)   11 :  0.026 0.101 0.018 0.014 0.006 0.018 0.024 0.014 0.044 0.023 0.570 0.010 0.012 0.017 0.025 0.011 0.013 0.017 0.020 0.016     (0.000,0.183) (0.000,0.759) (0.000,0.122) (0.000,0.091) (0.000,0.033) (0.000,0.122) (0.000,0.171) (0.000,0.088) (0.000,0.369) (0.000,0.162) (0.000,0.962) (0.000,0.055) (0.000,0.076) (0.000,0.116) (0.000,0.181) (0.000,0.072) (0.000,0.080) (0.000,0.113) (0.000,0.133) (0.000,0.101) 
650     1789   (25)   11 :  0.005 0.048 0.004 0.005 0.006 0.005 0.005 0.004 0.682 0.005 0.181 0.013 0.005 0.005 0.004 0.004 0.005 0.005 0.005 0.005     (0.000,0.026) (0.000,0.353) (0.000,0.023) (0.000,0.026) (0.000,0.030) (0.000,0.026) (0.000,0.025) (0.000,0.024) (0.000,0.996) (0.000,0.025) (0.000,0.963) (0.000,0.075) (0.000,0.027) (0.000,0.025) (0.000,0.024) (0.000,0.023) (0.000,0.024) (0.000,0.025) (0.000,0.025) (0.000,0.026) 
651     1791    (0)    9 :  0.008 0.265 0.006 0.008 0.024 0.007 0.008 0.006 0.241 0.008 0.355 0.010 0.007 0.008 0.008 0.005 0.006 0.007 0.007 0.007     (0.000,0.043) (0.000,0.971) (0.000,0.034) (0.000,0.042) (0.000,0.170) (0.000,0.041) (0.000,0.043) (0.000,0.033) (0.000,0.959) (0.000,0.041) (0.000,0.979) (0.000,0.057) (0.000,0.040) (0.000,0.041) (0.000,0.044) (0.000,0.028) (0.000,0.030) (0.000,0.037) (0.000,0.041) (0.000,0.036) 
652     1792    (0)   11 :  0.008 0.095 0.007 0.009 0.005 0.008 0.007 0.007 0.329 0.008 0.445 0.015 0.009 0.007 0.008 0.006 0.006 0.007 0.007 0.008     (0.000,0.041) (0.000,0.830) (0.000,0.037) (0.000,0.052) (0.000,0.025) (0.000,0.047) (0.000,0.037) (0.000,0.036) (0.000,0.977) (0.000,0.043) (0.000,0.988) (0.000,0.086) (0.000,0.049) (0.000,0.039) (0.000,0.043) (0.000,0.034) (0.000,0.035) (0.000,0.039) (0.000,0.039) (0.000,0.041) 
653     1796    (0)    9 :  0.005 0.042 0.005 0.005 0.009 0.005 0.005 0.005 0.611 0.005 0.256 0.007 0.005 0.005 0.005 0.006 0.005 0.005 0.005 0.005     (0.000,0.027) (0.000,0.275) (0.000,0.027) (0.000,0.027) (0.000,0.053) (0.000,0.029) (0.000,0.024) (0.000,0.026) (0.000,0.994) (0.000,0.027) (0.000,0.978) (0.000,0.040) (0.000,0.026) (0.000,0.026) (0.000,0.025) (0.000,0.031) (0.000,0.026) (0.000,0.025) (0.000,0.026) (0.000,0.026) 
654     1797   (12)    2 :  0.005 0.048 0.005 0.004 0.005 0.005 0.005 0.004 0.759 0.005 0.115 0.006 0.004 0.004 0.005 0.005 0.004 0.004 0.004 0.004     (0.000,0.024) (0.000,0.336) (0.000,0.024) (0.000,0.022) (0.000,0.025) (0.000,0.026) (0.000,0.024) (0.000,0.023) (0.000,0.997) (0.000,0.024) (0.000,0.922) (0.000,0.033) (0.000,0.022) (0.000,0.023) (0.000,0.025) (0.000,0.025) (0.000,0.022) (0.000,0.023) (0.000,0.023) (0.000,0.023) 
655     1799    (0)    2 :  0.005 0.099 0.005 0.005 0.012 0.005 0.005 0.005 0.625 0.005 0.185 0.006 0.005 0.005 0.005 0.004 0.005 0.005 0.005 0.005     (0.000,0.027) (0.000,0.879) (0.000,0.027) (0.000,0.027) (0.000,0.080) (0.000,0.028) (0.000,0.025) (0.000,0.026) (0.000,0.995) (0.000,0.026) (0.000,0.960) (0.000,0.030) (0.000,0.025) (0.000,0.025) (0.000,0.026) (0.000,0.023) (0.000,0.024) (0.000,0.026) (0.000,0.026) (0.000,0.026) 
656     1801    (0)    9 :  0.008 0.405 0.009 0.008 0.057 0.008 0.009 0.026 0.179 0.010 0.171 0.010 0.009 0.009 0.009 0.039 0.008 0.009 0.009 0.009     (0.000,0.047) (0.000,0.973) (0.000,0.052) (0.000,0.045) (0.000,0.306) (0.000,0.045) (0.000,0.048) (0.000,0.191) (0.000,0.784) (0.000,0.056) (0.000,0.811) (0.000,0.059) (0.000,0.055) (0.000,0.050) (0.000,0.050) (0.000,0.224) (0.000,0.046) (0.000,0.051) (0.000,0.052) (0.000,0.050) 
657     1817    (0)    9 :  0.005 0.139 0.004 0.005 0.007 0.005 0.005 0.004 0.711 0.004 0.066 0.006 0.006 0.005 0.004 0.006 0.004 0.005 0.004 0.004     (0.000,0.025) (0.000,0.938) (0.000,0.023) (0.000,0.026) (0.000,0.040) (0.000,0.028) (0.000,0.024) (0.000,0.024) (0.000,0.996) (0.000,0.023) (0.000,0.542) (0.000,0.033) (0.000,0.030) (0.000,0.027) (0.000,0.022) (0.000,0.033) (0.000,0.021) (0.000,0.028) (0.000,0.024) (0.000,0.023) 
658     1820   (25)    9 :  0.009 0.148 0.012 0.008 0.016 0.009 0.015 0.019 0.263 0.013 0.374 0.020 0.016 0.014 0.013 0.006 0.012 0.011 0.011 0.011     (0.000,0.051) (0.000,0.898) (0.000,0.075) (0.000,0.046) (0.000,0.100) (0.000,0.049) (0.000,0.097) (0.000,0.127) (0.000,0.934) (0.000,0.080) (0.000,0.971) (0.000,0.129) (0.000,0.094) (0.000,0.082) (0.000,0.083) (0.000,0.032) (0.000,0.073) (0.000,0.061) (0.000,0.065) (0.000,0.062) 
659     1821    (0)   11 :  0.005 0.024 0.005 0.005 0.004 0.005 0.005 0.005 0.032 0.005 0.858 0.006 0.005 0.005 0.005 0.004 0.005 0.005 0.005 0.005     (0.000,0.029) (0.000,0.157) (0.000,0.026) (0.000,0.026) (0.000,0.023) (0.000,0.026) (0.000,0.029) (0.000,0.024) (0.000,0.227) (0.000,0.028) (0.502,0.997) (0.000,0.034) (0.000,0.026) (0.000,0.027) (0.000,0.026) (0.000,0.024) (0.000,0.026) (0.000,0.026) (0.000,0.028) (0.000,0.027) 
660     1829    (0)    9 :  0.006 0.048 0.005 0.005 0.005 0.006 0.006 0.005 0.529 0.006 0.327 0.007 0.006 0.006 0.005 0.005 0.005 0.006 0.006 0.006     (0.000,0.032) (0.000,0.346) (0.000,0.027) (0.000,0.029) (0.000,0.027) (0.000,0.031) (0.000,0.030) (0.000,0.026) (0.000,0.993) (0.000,0.031) (0.000,0.984) (0.000,0.038) (0.000,0.029) (0.000,0.032) (0.000,0.028) (0.000,0.028) (0.000,0.029) (0.000,0.030) (0.000,0.032) (0.000,0.029) 
661     1832    (0)    2 :  0.008 0.214 0.009 0.007 0.007 0.008 0.010 0.011 0.019 0.011 0.609 0.013 0.013 0.009 0.008 0.011 0.009 0.008 0.009 0.008     (0.000,0.048) (0.000,0.953) (0.000,0.051) (0.000,0.039) (0.000,0.039) (0.000,0.045) (0.000,0.058) (0.000,0.068) (0.000,0.109) (0.000,0.065) (0.000,0.987) (0.000,0.079) (0.000,0.077) (0.000,0.051) (0.000,0.045) (0.000,0.065) (0.000,0.051) (0.000,0.048) (0.000,0.053) (0.000,0.048) 
662     1836   (12)   11 :  0.007 0.049 0.007 0.007 0.005 0.007 0.007 0.006 0.153 0.007 0.680 0.008 0.008 0.007 0.007 0.007 0.006 0.007 0.008 0.007     (0.000,0.039) (0.000,0.369) (0.000,0.036) (0.000,0.035) (0.000,0.027) (0.000,0.037) (0.000,0.037) (0.000,0.034) (0.000,0.938) (0.000,0.036) (0.000,0.994) (0.000,0.042) (0.000,0.041) (0.000,0.039) (0.000,0.036) (0.000,0.038) (0.000,0.033) (0.000,0.039) (0.000,0.041) (0.000,0.039) 
663     1837   (25)   11 :  0.007 0.033 0.006 0.006 0.005 0.006 0.007 0.006 0.042 0.007 0.822 0.007 0.006 0.006 0.006 0.004 0.005 0.006 0.006 0.006     (0.000,0.036) (0.000,0.230) (0.000,0.033) (0.000,0.030) (0.000,0.028) (0.000,0.034) (0.000,0.037) (0.000,0.030) (0.000,0.326) (0.000,0.036) (0.373,0.996) (0.000,0.039) (0.000,0.030) (0.000,0.031) (0.000,0.034) (0.000,0.023) (0.000,0.029) (0.000,0.032) (0.000,0.034) (0.000,0.032) 
664     1841   (25)   17 :  0.042 0.010 0.032 0.051 0.008 0.049 0.025 0.041 0.008 0.057 0.009 0.033 0.057 0.067 0.042 0.122 0.082 0.081 0.133 0.053     (0.000,0.303) (0.000,0.058) (0.000,0.204) (0.000,0.396) (0.000,0.041) (0.000,0.381) (0.000,0.153) (0.000,0.291) (0.000,0.041) (0.000,0.459) (0.000,0.048) (0.000,0.223) (0.000,0.462) (0.000,0.563) (0.000,0.310) (0.000,0.723) (0.000,0.661) (0.000,0.670) (0.000,0.865) (0.000,0.417) 
665     1842   (12)   18 :  0.061 0.017 0.114 0.211 0.007 0.029 0.072 0.016 0.012 0.111 0.008 0.026 0.050 0.044 0.018 0.008 0.052 0.067 0.054 0.022     (0.000,0.496) (0.000,0.112) (0.000,0.740) (0.000,0.925) (0.000,0.039) (0.000,0.200) (0.000,0.589) (0.000,0.091) (0.000,0.072) (0.000,0.759) (0.000,0.047) (0.000,0.162) (0.000,0.386) (0.000,0.324) (0.000,0.106) (0.000,0.042) (0.000,0.412) (0.000,0.530) (0.000,0.431) (0.000,0.135) 
666     1843   (25)   16 :  0.017 0.051 0.012 0.010 0.021 0.209 0.012 0.013 0.005 0.014 0.005 0.016 0.012 0.020 0.009 0.484 0.009 0.035 0.024 0.020     (0.000,0.118) (0.000,0.311) (0.000,0.078) (0.000,0.064) (0.000,0.153) (0.000,0.594) (0.000,0.079) (0.000,0.086) (0.000,0.028) (0.000,0.091) (0.000,0.029) (0.000,0.093) (0.000,0.081) (0.000,0.133) (0.000,0.058) (0.027,0.801) (0.000,0.055) (0.000,0.218) (0.000,0.157) (0.000,0.134) 
667     1844    (0)    7 :  0.072 0.007 0.074 0.116 0.006 0.042 0.118 0.063 0.006 0.124 0.008 0.016 0.043 0.037 0.056 0.007 0.070 0.052 0.025 0.058     (0.000,0.586) (0.000,0.040) (0.000,0.594) (0.000,0.783) (0.000,0.033) (0.000,0.314) (0.000,0.808) (0.000,0.505) (0.000,0.033) (0.000,0.835) (0.000,0.045) (0.000,0.103) (0.000,0.316) (0.000,0.262) (0.000,0.440) (0.000,0.040) (0.000,0.547) (0.000,0.410) (0.000,0.148) (0.000,0.464) 
668     1847   (12)   14 :  0.026 0.006 0.212 0.174 0.012 0.015 0.118 0.047 0.005 0.073 0.006 0.024 0.067 0.033 0.031 0.011 0.023 0.030 0.038 0.050     (0.000,0.155) (0.000,0.032) (0.000,0.929) (0.000,0.912) (0.000,0.067) (0.000,0.081) (0.000,0.803) (0.000,0.364) (0.000,0.024) (0.000,0.603) (0.000,0.030) (0.000,0.162) (0.000,0.536) (0.000,0.222) (0.000,0.215) (0.000,0.068) (0.000,0.145) (0.000,0.191) (0.000,0.271) (0.000,0.391) 
669     1848    (0)   13 :  0.072 0.006 0.080 0.029 0.006 0.019 0.069 0.064 0.005 0.077 0.005 0.009 0.033 0.027 0.039 0.049 0.259 0.063 0.055 0.034     (0.000,0.612) (0.000,0.031) (0.000,0.644) (0.000,0.183) (0.000,0.030) (0.000,0.108) (0.000,0.579) (0.000,0.534) (0.000,0.027) (0.000,0.637) (0.000,0.028) (0.000,0.052) (0.000,0.219) (0.000,0.163) (0.000,0.281) (0.000,0.384) (0.000,0.957) (0.000,0.534) (0.000,0.441) (0.000,0.224) 
670     1850   (25)    4 :  0.037 0.008 0.153 0.254 0.012 0.025 0.045 0.033 0.007 0.121 0.010 0.016 0.072 0.016 0.021 0.006 0.074 0.030 0.026 0.035     (0.000,0.252) (0.000,0.043) (0.000,0.885) (0.000,0.956) (0.000,0.069) (0.000,0.156) (0.000,0.338) (0.000,0.218) (0.000,0.038) (0.000,0.836) (0.000,0.056) (0.000,0.085) (0.000,0.583) (0.000,0.088) (0.000,0.126) (0.000,0.033) (0.000,0.606) (0.000,0.186) (0.000,0.165) (0.000,0.235) 
671     1854   (25)   16 :  0.025 0.055 0.015 0.017 0.019 0.018 0.026 0.018 0.038 0.024 0.083 0.090 0.048 0.019 0.013 0.415 0.024 0.018 0.018 0.017     (0.000,0.176) (0.000,0.396) (0.000,0.091) (0.000,0.107) (0.000,0.125) (0.000,0.112) (0.000,0.181) (0.000,0.105) (0.000,0.284) (0.000,0.162) (0.000,0.525) (0.000,0.583) (0.000,0.374) (0.000,0.117) (0.000,0.078) (0.000,0.875) (0.000,0.165) (0.000,0.108) (0.000,0.115) (0.000,0.106) 
672     1857   (12)    1 :  0.074 0.012 0.058 0.061 0.024 0.023 0.123 0.045 0.008 0.029 0.008 0.030 0.031 0.076 0.077 0.009 0.038 0.089 0.113 0.070     (0.000,0.592) (0.000,0.078) (0.000,0.457) (0.000,0.469) (0.000,0.164) (0.000,0.147) (0.000,0.778) (0.000,0.348) (0.000,0.045) (0.000,0.191) (0.000,0.049) (0.000,0.217) (0.000,0.207) (0.000,0.578) (0.000,0.589) (0.000,0.054) (0.000,0.284) (0.000,0.698) (0.000,0.764) (0.000,0.567) 
673     1858    (0)    7 :  0.140 0.013 0.030 0.140 0.009 0.106 0.077 0.030 0.008 0.049 0.007 0.014 0.047 0.047 0.036 0.010 0.023 0.094 0.031 0.089     (0.000,0.865) (0.000,0.085) (0.000,0.203) (0.000,0.836) (0.000,0.045) (0.000,0.752) (0.000,0.612) (0.000,0.208) (0.000,0.043) (0.000,0.379) (0.000,0.038) (0.000,0.087) (0.000,0.360) (0.000,0.364) (0.000,0.261) (0.000,0.058) (0.000,0.143) (0.000,0.717) (0.000,0.207) (0.000,0.686) 
674     1859   (12)    7 :  0.102 0.012 0.031 0.055 0.010 0.123 0.071 0.068 0.007 0.088 0.009 0.024 0.040 0.031 0.046 0.008 0.021 0.052 0.030 0.171     (0.000,0.776) (0.000,0.072) (0.000,0.201) (0.000,0.436) (0.000,0.053) (0.000,0.816) (0.000,0.578) (0.000,0.536) (0.000,0.042) (0.000,0.706) (0.000,0.054) (0.000,0.163) (0.000,0.293) (0.000,0.201) (0.000,0.350) (0.000,0.046) (0.000,0.120) (0.000,0.411) (0.000,0.197) (0.000,0.912) 
675     1862    (0)   14 :  0.039 0.026 0.031 0.049 0.008 0.037 0.030 0.071 0.030 0.039 0.024 0.029 0.158 0.084 0.026 0.013 0.089 0.074 0.037 0.106     (0.000,0.288) (0.000,0.192) (0.000,0.211) (0.000,0.381) (0.000,0.043) (0.000,0.263) (0.000,0.200) (0.000,0.568) (0.000,0.222) (0.000,0.284) (0.000,0.171) (0.000,0.210) (0.000,0.855) (0.000,0.664) (0.000,0.178) (0.000,0.080) (0.000,0.675) (0.000,0.598) (0.000,0.266) (0.000,0.746) 
676     1863   (12)    3 :  0.183 0.008 0.115 0.027 0.008 0.023 0.230 0.026 0.006 0.068 0.006 0.015 0.023 0.036 0.051 0.011 0.037 0.063 0.029 0.034     (0.000,0.925) (0.000,0.041) (0.000,0.771) (0.000,0.180) (0.000,0.043) (0.000,0.138) (0.000,0.939) (0.000,0.164) (0.000,0.033) (0.000,0.566) (0.000,0.034) (0.000,0.093) (0.000,0.147) (0.000,0.258) (0.000,0.396) (0.000,0.063) (0.000,0.272) (0.000,0.529) (0.000,0.190) (0.000,0.238) 
677     1865    (0)    9 :  0.012 0.326 0.008 0.012 0.005 0.012 0.011 0.008 0.489 0.009 0.027 0.010 0.009 0.009 0.013 0.004 0.006 0.012 0.009 0.010     (0.000,0.066) (0.000,0.977) (0.000,0.046) (0.000,0.067) (0.000,0.024) (0.000,0.071) (0.000,0.063) (0.000,0.041) (0.000,0.988) (0.000,0.052) (0.000,0.166) (0.000,0.057) (0.000,0.049) (0.000,0.050) (0.000,0.077) (0.000,0.020) (0.000,0.032) (0.000,0.064) (0.000,0.048) (0.000,0.056) 
678     1866    (0)   13 :  0.092 0.008 0.035 0.080 0.006 0.161 0.027 0.058 0.007 0.077 0.007 0.008 0.056 0.055 0.098 0.015 0.037 0.065 0.041 0.066     (0.000,0.747) (0.000,0.046) (0.000,0.236) (0.000,0.661) (0.000,0.031) (0.000,0.903) (0.000,0.161) (0.000,0.473) (0.000,0.038) (0.000,0.655) (0.000,0.040) (0.000,0.046) (0.000,0.457) (0.000,0.450) (0.000,0.758) (0.000,0.091) (0.000,0.250) (0.000,0.559) (0.000,0.295) (0.000,0.560) 
679     1867   (12)    9 :  0.013 0.397 0.014 0.012 0.020 0.012 0.016 0.015 0.181 0.012 0.191 0.018 0.013 0.015 0.016 0.007 0.011 0.012 0.012 0.013     (0.000,0.073) (0.000,0.977) (0.000,0.085) (0.000,0.071) (0.000,0.138) (0.000,0.066) (0.000,0.100) (0.000,0.098) (0.000,0.891) (0.000,0.073) (0.000,0.921) (0.000,0.104) (0.000,0.079) (0.000,0.090) (0.000,0.099) (0.000,0.038) (0.000,0.061) (0.000,0.067) (0.000,0.066) (0.000,0.073) 
680     1879   (12)   13 :  0.057 0.033 0.022 0.022 0.012 0.023 0.034 0.042 0.024 0.033 0.017 0.047 0.103 0.125 0.015 0.068 0.080 0.072 0.098 0.072     (0.000,0.462) (0.000,0.246) (0.000,0.130) (0.000,0.137) (0.000,0.071) (0.000,0.141) (0.000,0.236) (0.000,0.318) (0.000,0.172) (0.000,0.227) (0.000,0.115) (0.000,0.347) (0.000,0.705) (0.000,0.819) (0.000,0.088) (0.000,0.474) (0.000,0.597) (0.000,0.579) (0.000,0.713) (0.000,0.579) 
681     1880    (0)   14 :  0.086 0.061 0.044 0.030 0.009 0.127 0.042 0.045 0.032 0.047 0.036 0.071 0.024 0.072 0.023 0.009 0.085 0.065 0.037 0.052     (0.000,0.673) (0.000,0.430) (0.000,0.334) (0.000,0.194) (0.000,0.050) (0.000,0.782) (0.000,0.316) (0.000,0.351) (0.000,0.244) (0.000,0.359) (0.000,0.270) (0.000,0.512) (0.000,0.155) (0.000,0.564) (0.000,0.145) (0.000,0.052) (0.000,0.616) (0.000,0.521) (0.000,0.272) (0.000,0.408) 
682     1881    (0)   13 :  0.064 0.006 0.074 0.082 0.008 0.058 0.046 0.132 0.005 0.050 0.005 0.010 0.050 0.038 0.062 0.031 0.026 0.057 0.042 0.151     (0.000,0.541) (0.000,0.032) (0.000,0.619) (0.000,0.667) (0.000,0.040) (0.000,0.471) (0.000,0.353) (0.000,0.848) (0.000,0.028) (0.000,0.385) (0.000,0.027) (0.000,0.059) (0.000,0.399) (0.000,0.266) (0.000,0.514) (0.000,0.228) (0.000,0.165) (0.000,0.471) (0.000,0.307) (0.000,0.895) 
683     1883   (25)   13 :  0.055 0.010 0.054 0.082 0.012 0.064 0.055 0.134 0.010 0.051 0.009 0.017 0.064 0.059 0.058 0.015 0.022 0.057 0.043 0.127     (0.000,0.450) (0.000,0.057) (0.000,0.437) (0.000,0.667) (0.000,0.063) (0.000,0.531) (0.000,0.443) (0.000,0.849) (0.000,0.054) (0.000,0.402) (0.000,0.048) (0.000,0.101) (0.000,0.535) (0.000,0.483) (0.000,0.480) (0.000,0.091) (0.000,0.134) (0.000,0.473) (0.000,0.317) (0.000,0.850) 
684     1888    (0)   13 :  0.044 0.008 0.081 0.067 0.007 0.020 0.033 0.056 0.007 0.041 0.008 0.006 0.051 0.040 0.073 0.014 0.285 0.074 0.049 0.037     (0.000,0.326) (0.000,0.043) (0.000,0.660) (0.000,0.544) (0.000,0.035) (0.000,0.112) (0.000,0.222) (0.000,0.449) (0.000,0.038) (0.000,0.290) (0.000,0.042) (0.000,0.034) (0.000,0.390) (0.000,0.290) (0.000,0.591) (0.000,0.085) (0.000,0.963) (0.000,0.628) (0.000,0.386) (0.000,0.254) 
685     1890    (0)   14 :  0.044 0.008 0.089 0.033 0.007 0.065 0.026 0.054 0.008 0.041 0.008 0.009 0.041 0.126 0.041 0.014 0.114 0.113 0.112 0.047     (0.000,0.334) (0.000,0.046) (0.000,0.662) (0.000,0.233) (0.000,0.035) (0.000,0.516) (0.000,0.162) (0.000,0.423) (0.000,0.045) (0.000,0.303) (0.000,0.042) (0.000,0.051) (0.000,0.311) (0.000,0.821) (0.000,0.309) (0.000,0.082) (0.000,0.775) (0.000,0.800) (0.000,0.764) (0.000,0.364) 
686     1897   (25)   14 :  0.080 0.007 0.036 0.017 0.008 0.025 0.058 0.100 0.007 0.045 0.007 0.008 0.064 0.050 0.044 0.022 0.213 0.099 0.052 0.057     (0.000,0.676) (0.000,0.039) (0.000,0.243) (0.000,0.095) (0.000,0.042) (0.000,0.148) (0.000,0.481) (0.000,0.772) (0.000,0.036) (0.000,0.343) (0.000,0.036) (0.000,0.043) (0.000,0.520) (0.000,0.398) (0.000,0.332) (0.000,0.138) (0.000,0.942) (0.000,0.778) (0.000,0.414) (0.000,0.471) 
687     1898    (0)   13 :  0.041 0.016 0.019 0.020 0.011 0.026 0.026 0.039 0.013 0.032 0.013 0.060 0.213 0.102 0.011 0.066 0.074 0.058 0.093 0.068     (0.000,0.303) (0.000,0.104) (0.000,0.107) (0.000,0.118) (0.000,0.059) (0.000,0.163) (0.000,0.159) (0.000,0.279) (0.000,0.082) (0.000,0.210) (0.000,0.083) (0.000,0.438) (0.000,0.916) (0.000,0.763) (0.000,0.060) (0.000,0.469) (0.000,0.572) (0.000,0.473) (0.000,0.703) (0.000,0.549) 
688     1902   (25)   13 :  0.039 0.007 0.052 0.048 0.011 0.053 0.026 0.100 0.006 0.054 0.007 0.011 0.121 0.101 0.027 0.013 0.109 0.070 0.082 0.063     (0.000,0.271) (0.000,0.038) (0.000,0.407) (0.000,0.367) (0.000,0.057) (0.000,0.419) (0.000,0.154) (0.000,0.779) (0.000,0.032) (0.000,0.434) (0.000,0.036) (0.000,0.059) (0.000,0.849) (0.000,0.790) (0.000,0.163) (0.000,0.074) (0.000,0.808) (0.000,0.599) (0.000,0.688) (0.000,0.536) 
689     1903   (12)    4 :  0.034 0.006 0.034 0.044 0.009 0.038 0.017 0.051 0.005 0.047 0.005 0.012 0.076 0.074 0.019 0.027 0.221 0.071 0.166 0.046     (0.000,0.227) (0.000,0.030) (0.000,0.221) (0.000,0.324) (0.000,0.044) (0.000,0.260) (0.000,0.091) (0.000,0.402) (0.000,0.025) (0.000,0.363) (0.000,0.028) (0.000,0.061) (0.000,0.655) (0.000,0.638) (0.000,0.104) (0.000,0.187) (0.000,0.948) (0.000,0.616) (0.000,0.918) (0.000,0.341) 
690     1905    (0)   14 :  0.056 0.005 0.035 0.030 0.006 0.046 0.022 0.081 0.005 0.043 0.005 0.008 0.055 0.050 0.041 0.149 0.137 0.092 0.074 0.059     (0.000,0.453) (0.000,0.028) (0.000,0.236) (0.000,0.192) (0.000,0.031) (0.000,0.346) (0.000,0.127) (0.000,0.663) (0.000,0.025) (0.000,0.312) (0.000,0.027) (0.000,0.043) (0.000,0.442) (0.000,0.393) (0.000,0.294) (0.000,0.854) (0.000,0.872) (0.000,0.749) (0.000,0.625) (0.000,0.488) 
691     1911   (12)   10 :  0.032 0.006 0.065 0.040 0.008 0.041 0.021 0.106 0.006 0.044 0.008 0.007 0.302 0.035 0.021 0.016 0.050 0.075 0.036 0.083     (0.000,0.202) (0.000,0.030) (0.000,0.542) (0.000,0.290) (0.000,0.042) (0.000,0.300) (0.000,0.120) (0.000,0.798) (0.000,0.031) (0.000,0.324) (0.000,0.049) (0.000,0.036) (0.000,0.965) (0.000,0.241) (0.000,0.123) (0.000,0.105) (0.000,0.387) (0.000,0.635) (0.000,0.245) (0.000,0.687) 
692     1913   (25)    7 :  0.082 0.014 0.083 0.033 0.013 0.037 0.295 0.048 0.011 0.037 0.015 0.013 0.032 0.025 0.093 0.009 0.021 0.047 0.030 0.062     (0.000,0.674) (0.000,0.085) (0.000,0.677) (0.000,0.218) (0.000,0.071) (0.000,0.268) (0.000,0.959) (0.000,0.375) (0.000,0.063) (0.000,0.266) (0.000,0.094) (0.000,0.071) (0.000,0.215) (0.000,0.154) (0.000,0.724) (0.000,0.054) (0.000,0.118) (0.000,0.360) (0.000,0.200) (0.000,0.510) 
693     1915   (25)   14 :  0.046 0.039 0.043 0.118 0.023 0.020 0.055 0.024 0.019 0.053 0.022 0.065 0.027 0.085 0.022 0.020 0.064 0.056 0.131 0.068     (0.000,0.346) (0.000,0.296) (0.000,0.318) (0.000,0.810) (0.000,0.148) (0.000,0.119) (0.000,0.434) (0.000,0.153) (0.000,0.125) (0.000,0.422) (0.000,0.151) (0.000,0.512) (0.000,0.172) (0.000,0.663) (0.000,0.132) (0.000,0.138) (0.000,0.503) (0.000,0.451) (0.000,0.824) (0.000,0.562) 
1781     4468    (0)   16 :  0.026 0.016 0.015 0.019 0.012 0.016 0.024 0.010 0.010 0.022 0.016 0.019 0.018 0.012 0.013 0.687 0.017 0.014 0.016 0.017     (0.000,0.181) (0.000,0.113) (0.000,0.096) (0.000,0.128) (0.000,0.082) (0.000,0.101) (0.000,0.163) (0.000,0.057) (0.000,0.060) (0.000,0.154) (0.000,0.111) (0.000,0.132) (0.000,0.116) (0.000,0.072) (0.000,0.081) (0.294,0.954) (0.000,0.112) (0.000,0.082) (0.000,0.100) (0.000,0.104) 
1782     4470   (12)   10 :  0.085 0.009 0.057 0.150 0.011 0.036 0.061 0.032 0.008 0.040 0.008 0.016 0.032 0.050 0.046 0.105 0.024 0.050 0.075 0.106     (0.000,0.698) (0.000,0.050) (0.000,0.463) (0.000,0.887) (0.000,0.057) (0.000,0.254) (0.000,0.506) (0.000,0.218) (0.000,0.044) (0.000,0.286) (0.000,0.041) (0.000,0.093) (0.000,0.216) (0.000,0.389) (0.000,0.347) (0.000,0.688) (0.000,0.157) (0.000,0.392) (0.000,0.623) (0.000,0.788) 
1783     4474    (0)   14 :  0.037 0.019 0.059 0.071 0.069 0.016 0.092 0.033 0.016 0.041 0.017 0.031 0.026 0.132 0.044 0.078 0.030 0.040 0.108 0.041     (0.000,0.264) (0.000,0.126) (0.000,0.465) (0.000,0.548) (0.000,0.442) (0.000,0.095) (0.000,0.664) (0.000,0.238) (0.000,0.113) (0.000,0.301) (0.000,0.114) (0.000,0.233) (0.000,0.168) (0.000,0.817) (0.000,0.337) (0.000,0.465) (0.000,0.218) (0.000,0.298) (0.000,0.751) (0.000,0.304) 
1784     4483    (0)   14 :  0.070 0.045 0.048 0.126 0.008 0.044 0.049 0.023 0.030 0.060 0.031 0.034 0.027 0.079 0.067 0.019 0.029 0.061 0.086 0.066     (0.000,0.577) (0.000,0.341) (0.000,0.369) (0.000,0.819) (0.000,0.043) (0.000,0.337) (0.000,0.379) (0.000,0.139) (0.000,0.223) (0.000,0.491) (0.000,0.226) (0.000,0.244) (0.000,0.172) (0.000,0.629) (0.000,0.530) (0.000,0.126) (0.000,0.196) (0.000,0.496) (0.000,0.662) (0.000,0.546) 
