  4     1452   (25)   15 :  0.066 0.188 0.042 0.053 0.034 0.025 0.038 0.172 0.094 0.039 0.039 0.034 0.036 0.033 0.035 0.030 0.041     (0.000,0.326) (0.000,0.709) (0.000,0.224) (0.000,0.278) (0.000,0.180) (0.000,0.131) (0.000,0.199) (0.000,0.664) (0.000,0.443) (0.000,0.204) (0.000,0.209) (0.000,0.182) (0.000,0.189) (0.000,0.177) (0.000,0.188) (0.000,0.159) (0.000,0.217) 
 15     1778    (0)   12 :  0.039 0.030 0.053 0.062 0.086 0.056 0.071 0.039 0.040 0.044 0.071 0.074 0.079 0.065 0.072 0.060 0.059     (0.000,0.204) (0.000,0.159) (0.000,0.280) (0.000,0.325) (0.000,0.431) (0.000,0.296) (0.000,0.374) (0.000,0.207) (0.000,0.209) (0.000,0.232) (0.000,0.367) (0.000,0.382) (0.000,0.406) (0.000,0.338) (0.000,0.377) (0.000,0.314) (0.000,0.308) 
 18      694    (0)    7 :  0.042 0.053 0.076 0.044 0.058 0.075 0.107 0.044 0.028 0.092 0.062 0.053 0.049 0.039 0.091 0.041 0.046     (0.000,0.217) (0.000,0.270) (0.000,0.390) (0.000,0.233) (0.000,0.308) (0.000,0.387) (0.000,0.515) (0.000,0.232) (0.000,0.148) (0.000,0.459) (0.000,0.323) (0.000,0.279) (0.000,0.262) (0.000,0.208) (0.000,0.460) (0.000,0.215) (0.000,0.241) 
 21       25    (0)    9 :  0.033 0.081 0.061 0.032 0.047 0.049 0.046 0.079 0.225 0.050 0.045 0.044 0.041 0.041 0.051 0.036 0.037     (0.000,0.176) (0.000,0.406) (0.000,0.323) (0.000,0.171) (0.000,0.247) (0.000,0.256) (0.000,0.241) (0.000,0.401) (0.000,0.727) (0.000,0.263) (0.000,0.240) (0.000,0.233) (0.000,0.219) (0.000,0.217) (0.000,0.268) (0.000,0.188) (0.000,0.196) 
 26     3372    (0)    3 :  0.033 0.023 0.054 0.047 0.059 0.035 0.062 0.043 0.164 0.056 0.051 0.062 0.053 0.068 0.094 0.048 0.048     (0.000,0.176) (0.000,0.123) (0.000,0.282) (0.000,0.248) (0.000,0.309) (0.000,0.183) (0.000,0.324) (0.000,0.216) (0.000,0.542) (0.000,0.290) (0.000,0.268) (0.000,0.320) (0.000,0.276) (0.000,0.340) (0.000,0.452) (0.000,0.253) (0.000,0.250) 
 33     1086    (0)    8 :  0.033 0.064 0.051 0.074 0.055 0.060 0.045 0.089 0.050 0.050 0.059 0.050 0.050 0.070 0.054 0.069 0.075     (0.000,0.173) (0.000,0.324) (0.000,0.270) (0.000,0.378) (0.000,0.290) (0.000,0.313) (0.000,0.240) (0.000,0.435) (0.000,0.258) (0.000,0.263) (0.000,0.312) (0.000,0.265) (0.000,0.266) (0.000,0.365) (0.000,0.287) (0.000,0.360) (0.000,0.383) 
 35     3218    (0)   15 :  0.056 0.046 0.052 0.070 0.069 0.050 0.067 0.040 0.046 0.063 0.065 0.064 0.069 0.090 0.057 0.040 0.058     (0.000,0.289) (0.000,0.242) (0.000,0.273) (0.000,0.364) (0.000,0.358) (0.000,0.264) (0.000,0.350) (0.000,0.210) (0.000,0.241) (0.000,0.329) (0.000,0.339) (0.000,0.340) (0.000,0.358) (0.000,0.452) (0.000,0.301) (0.000,0.210) (0.000,0.301) 
 36     3159    (0)   14 :  0.109 0.043 0.036 0.039 0.061 0.060 0.056 0.054 0.049 0.056 0.096 0.058 0.078 0.078 0.051 0.042 0.034     (0.000,0.485) (0.000,0.225) (0.000,0.188) (0.000,0.207) (0.000,0.321) (0.000,0.315) (0.000,0.296) (0.000,0.282) (0.000,0.260) (0.000,0.293) (0.000,0.478) (0.000,0.304) (0.000,0.399) (0.000,0.406) (0.000,0.270) (0.000,0.221) (0.000,0.181) 
 39      667    (0)   15 :  0.030 0.037 0.071 0.062 0.065 0.051 0.077 0.046 0.051 0.063 0.053 0.052 0.053 0.067 0.106 0.058 0.060     (0.000,0.158) (0.000,0.195) (0.000,0.367) (0.000,0.324) (0.000,0.339) (0.000,0.269) (0.000,0.398) (0.000,0.242) (0.000,0.268) (0.000,0.330) (0.000,0.277) (0.000,0.273) (0.000,0.280) (0.000,0.344) (0.000,0.518) (0.000,0.303) (0.000,0.318) 
 40     1496    (0)    2 :  0.032 0.046 0.054 0.054 0.055 0.070 0.067 0.077 0.065 0.070 0.079 0.068 0.059 0.043 0.073 0.044 0.044     (0.000,0.171) (0.000,0.244) (0.000,0.283) (0.000,0.286) (0.000,0.291) (0.000,0.360) (0.000,0.350) (0.000,0.383) (0.000,0.325) (0.000,0.359) (0.000,0.409) (0.000,0.356) (0.000,0.312) (0.000,0.224) (0.000,0.380) (0.000,0.231) (0.000,0.234) 
 41      648    (0)    7 :  0.039 0.043 0.065 0.075 0.057 0.071 0.064 0.045 0.033 0.074 0.075 0.049 0.052 0.048 0.093 0.058 0.059     (0.000,0.206) (0.000,0.228) (0.000,0.340) (0.000,0.390) (0.000,0.301) (0.000,0.369) (0.000,0.336) (0.000,0.238) (0.000,0.174) (0.000,0.386) (0.000,0.392) (0.000,0.260) (0.000,0.278) (0.000,0.252) (0.000,0.469) (0.000,0.304) (0.000,0.310) 
 51     3270   (12)   15 :  0.042 0.063 0.062 0.062 0.055 0.053 0.050 0.071 0.126 0.051 0.052 0.045 0.047 0.037 0.063 0.060 0.063     (0.000,0.217) (0.000,0.325) (0.000,0.325) (0.000,0.321) (0.000,0.286) (0.000,0.276) (0.000,0.262) (0.000,0.362) (0.000,0.528) (0.000,0.266) (0.000,0.274) (0.000,0.237) (0.000,0.247) (0.000,0.193) (0.000,0.331) (0.000,0.317) (0.000,0.330) 
 57      123    (0)   15 :  0.057 0.094 0.072 0.076 0.051 0.047 0.055 0.051 0.039 0.065 0.048 0.033 0.055 0.054 0.068 0.075 0.060     (0.000,0.284) (0.000,0.437) (0.000,0.374) (0.000,0.382) (0.000,0.269) (0.000,0.248) (0.000,0.292) (0.000,0.263) (0.000,0.200) (0.000,0.336) (0.000,0.253) (0.000,0.175) (0.000,0.291) (0.000,0.281) (0.000,0.352) (0.000,0.389) (0.000,0.314) 
 59      588   (25)   10 :  0.041 0.037 0.079 0.072 0.057 0.048 0.061 0.038 0.027 0.077 0.055 0.051 0.052 0.074 0.055 0.083 0.092     (0.000,0.213) (0.000,0.196) (0.000,0.410) (0.000,0.375) (0.000,0.303) (0.000,0.252) (0.000,0.323) (0.000,0.198) (0.000,0.144) (0.000,0.397) (0.000,0.289) (0.000,0.268) (0.000,0.276) (0.000,0.381) (0.000,0.291) (0.000,0.424) (0.000,0.460) 
 66     2548    (0)    7 :  0.100 0.067 0.056 0.045 0.050 0.054 0.064 0.052 0.049 0.053 0.071 0.039 0.053 0.057 0.081 0.065 0.044     (0.000,0.436) (0.000,0.343) (0.000,0.298) (0.000,0.235) (0.000,0.266) (0.000,0.284) (0.000,0.334) (0.000,0.267) (0.000,0.253) (0.000,0.281) (0.000,0.366) (0.000,0.207) (0.000,0.283) (0.000,0.296) (0.000,0.408) (0.000,0.340) (0.000,0.234) 
 67     1786    (0)   12 :  0.120 0.068 0.041 0.059 0.059 0.056 0.064 0.034 0.027 0.063 0.058 0.062 0.057 0.067 0.052 0.059 0.054     (0.000,0.503) (0.000,0.351) (0.000,0.215) (0.000,0.310) (0.000,0.309) (0.000,0.297) (0.000,0.336) (0.000,0.178) (0.000,0.144) (0.000,0.330) (0.000,0.305) (0.000,0.323) (0.000,0.303) (0.000,0.348) (0.000,0.276) (0.000,0.309) (0.000,0.283) 
 69     1569   (12)   15 :  0.039 0.032 0.062 0.039 0.062 0.103 0.053 0.036 0.078 0.040 0.084 0.073 0.074 0.085 0.061 0.042 0.038     (0.000,0.206) (0.000,0.167) (0.000,0.324) (0.000,0.208) (0.000,0.325) (0.000,0.507) (0.000,0.278) (0.000,0.190) (0.000,0.391) (0.000,0.213) (0.000,0.432) (0.000,0.379) (0.000,0.385) (0.000,0.434) (0.000,0.321) (0.000,0.223) (0.000,0.200) 
 77      632    (0)    7 :  0.056 0.060 0.046 0.071 0.057 0.065 0.083 0.031 0.037 0.083 0.061 0.060 0.058 0.041 0.076 0.046 0.069     (0.000,0.287) (0.000,0.310) (0.000,0.243) (0.000,0.365) (0.000,0.304) (0.000,0.338) (0.000,0.427) (0.000,0.161) (0.000,0.196) (0.000,0.422) (0.000,0.319) (0.000,0.315) (0.000,0.304) (0.000,0.219) (0.000,0.393) (0.000,0.245) (0.000,0.359) 
 79     3543    (0)   11 :  0.045 0.072 0.066 0.050 0.052 0.058 0.048 0.076 0.088 0.043 0.049 0.040 0.056 0.047 0.073 0.084 0.053     (0.000,0.234) (0.000,0.359) (0.000,0.343) (0.000,0.259) (0.000,0.275) (0.000,0.304) (0.000,0.253) (0.000,0.373) (0.000,0.404) (0.000,0.227) (0.000,0.258) (0.000,0.212) (0.000,0.294) (0.000,0.247) (0.000,0.374) (0.000,0.426) (0.000,0.276) 
 81      125    (0)   15 :  0.037 0.029 0.045 0.081 0.052 0.061 0.052 0.053 0.080 0.031 0.053 0.052 0.053 0.079 0.101 0.066 0.077     (0.000,0.191) (0.000,0.152) (0.000,0.236) (0.000,0.412) (0.000,0.273) (0.000,0.320) (0.000,0.276) (0.000,0.280) (0.000,0.382) (0.000,0.165) (0.000,0.279) (0.000,0.273) (0.000,0.280) (0.000,0.393) (0.000,0.490) (0.000,0.340) (0.000,0.395) 
 82     1916    (0)   15 :  0.021 0.030 0.046 0.040 0.039 0.047 0.043 0.287 0.126 0.036 0.051 0.038 0.043 0.035 0.045 0.037 0.037     (0.000,0.110) (0.000,0.161) (0.000,0.238) (0.000,0.209) (0.000,0.205) (0.000,0.245) (0.000,0.228) (0.000,0.753) (0.000,0.527) (0.000,0.188) (0.000,0.268) (0.000,0.202) (0.000,0.226) (0.000,0.186) (0.000,0.239) (0.000,0.193) (0.000,0.198) 
 84     1389    (0)   16 :  0.036 0.031 0.051 0.089 0.074 0.070 0.096 0.047 0.041 0.044 0.065 0.048 0.083 0.051 0.067 0.044 0.062     (0.000,0.187) (0.000,0.165) (0.000,0.267) (0.000,0.446) (0.000,0.383) (0.000,0.365) (0.000,0.483) (0.000,0.245) (0.000,0.217) (0.000,0.234) (0.000,0.343) (0.000,0.254) (0.000,0.424) (0.000,0.267) (0.000,0.346) (0.000,0.235) (0.000,0.323) 
 88     1866    (0)   11 :  0.026 0.026 0.052 0.081 0.065 0.089 0.056 0.036 0.029 0.071 0.086 0.056 0.077 0.055 0.062 0.068 0.066     (0.000,0.137) (0.000,0.136) (0.000,0.273) (0.000,0.416) (0.000,0.341) (0.000,0.454) (0.000,0.297) (0.000,0.190) (0.000,0.152) (0.000,0.367) (0.000,0.437) (0.000,0.297) (0.000,0.397) (0.000,0.289) (0.000,0.325) (0.000,0.352) (0.000,0.342) 
 92     1722    (0)    9 :  0.043 0.033 0.045 0.039 0.059 0.046 0.063 0.193 0.128 0.050 0.040 0.067 0.031 0.034 0.041 0.055 0.033     (0.000,0.224) (0.000,0.173) (0.000,0.235) (0.000,0.204) (0.000,0.302) (0.000,0.243) (0.000,0.318) (0.000,0.562) (0.000,0.512) (0.000,0.261) (0.000,0.213) (0.000,0.331) (0.000,0.163) (0.000,0.181) (0.000,0.214) (0.000,0.285) (0.000,0.176) 
104       42    (0)    9 :  0.022 0.044 0.033 0.036 0.033 0.028 0.036 0.145 0.366 0.031 0.034 0.030 0.030 0.030 0.036 0.029 0.037     (0.000,0.115) (0.000,0.231) (0.000,0.175) (0.000,0.191) (0.000,0.175) (0.000,0.149) (0.000,0.188) (0.000,0.613) (0.000,0.805) (0.000,0.161) (0.000,0.177) (0.000,0.159) (0.000,0.158) (0.000,0.159) (0.000,0.187) (0.000,0.152) (0.000,0.197) 
106      106    (0)   15 :  0.034 0.038 0.063 0.071 0.060 0.049 0.070 0.052 0.053 0.073 0.071 0.056 0.057 0.044 0.097 0.048 0.063     (0.000,0.182) (0.000,0.202) (0.000,0.327) (0.000,0.369) (0.000,0.318) (0.000,0.258) (0.000,0.368) (0.000,0.271) (0.000,0.270) (0.000,0.372) (0.000,0.367) (0.000,0.295) (0.000,0.302) (0.000,0.234) (0.000,0.479) (0.000,0.255) (0.000,0.330) 
118     3588    (0)   10 :  0.029 0.045 0.069 0.048 0.058 0.038 0.049 0.044 0.078 0.178 0.051 0.045 0.067 0.034 0.059 0.049 0.057     (0.000,0.154) (0.000,0.230) (0.000,0.357) (0.000,0.253) (0.000,0.308) (0.000,0.201) (0.000,0.259) (0.000,0.230) (0.000,0.369) (0.000,0.640) (0.000,0.268) (0.000,0.239) (0.000,0.345) (0.000,0.181) (0.000,0.307) (0.000,0.257) (0.000,0.301) 
121     1831    (0)    8 :  0.073 0.047 0.030 0.036 0.046 0.032 0.044 0.176 0.191 0.041 0.054 0.041 0.039 0.052 0.036 0.033 0.031     (0.000,0.336) (0.000,0.243) (0.000,0.159) (0.000,0.188) (0.000,0.240) (0.000,0.171) (0.000,0.230) (0.000,0.570) (0.000,0.622) (0.000,0.217) (0.000,0.281) (0.000,0.213) (0.000,0.206) (0.000,0.271) (0.000,0.189) (0.000,0.172) (0.000,0.164) 
122      931    (0)   13 :  0.036 0.036 0.047 0.075 0.066 0.075 0.059 0.030 0.028 0.058 0.072 0.064 0.061 0.092 0.052 0.067 0.082     (0.000,0.189) (0.000,0.189) (0.000,0.248) (0.000,0.390) (0.000,0.345) (0.000,0.388) (0.000,0.310) (0.000,0.158) (0.000,0.148) (0.000,0.305) (0.000,0.375) (0.000,0.336) (0.000,0.321) (0.000,0.464) (0.000,0.277) (0.000,0.353) (0.000,0.418) 
123     2324    (0)   10 :  0.032 0.036 0.054 0.050 0.074 0.052 0.054 0.031 0.039 0.071 0.053 0.063 0.049 0.054 0.047 0.047 0.196     (0.000,0.168) (0.000,0.192) (0.000,0.280) (0.000,0.263) (0.000,0.386) (0.000,0.271) (0.000,0.279) (0.000,0.164) (0.000,0.205) (0.000,0.360) (0.000,0.275) (0.000,0.324) (0.000,0.257) (0.000,0.281) (0.000,0.247) (0.000,0.245) (0.000,0.642) 
131     2416    (0)   12 :  0.084 0.061 0.077 0.049 0.074 0.051 0.078 0.052 0.049 0.036 0.047 0.069 0.055 0.063 0.055 0.054 0.045     (0.000,0.386) (0.000,0.303) (0.000,0.385) (0.000,0.258) (0.000,0.376) (0.000,0.265) (0.000,0.399) (0.000,0.239) (0.000,0.243) (0.000,0.188) (0.000,0.246) (0.000,0.353) (0.000,0.289) (0.000,0.324) (0.000,0.284) (0.000,0.284) (0.000,0.238) 
140     3551    (0)   15 :  0.034 0.032 0.052 0.055 0.063 0.094 0.060 0.057 0.080 0.038 0.063 0.060 0.062 0.053 0.072 0.073 0.052     (0.000,0.178) (0.000,0.168) (0.000,0.272) (0.000,0.287) (0.000,0.332) (0.000,0.468) (0.000,0.316) (0.000,0.299) (0.000,0.400) (0.000,0.202) (0.000,0.331) (0.000,0.317) (0.000,0.329) (0.000,0.281) (0.000,0.371) (0.000,0.375) (0.000,0.275) 
141     3818    (0)    5 :  0.090 0.036 0.047 0.036 0.063 0.061 0.079 0.031 0.032 0.063 0.080 0.057 0.071 0.080 0.088 0.050 0.037     (0.000,0.429) (0.000,0.192) (0.000,0.248) (0.000,0.189) (0.000,0.330) (0.000,0.317) (0.000,0.410) (0.000,0.165) (0.000,0.170) (0.000,0.324) (0.000,0.415) (0.000,0.300) (0.000,0.369) (0.000,0.411) (0.000,0.448) (0.000,0.264) (0.000,0.193) 
144     1077    (0)    8 :  0.049 0.070 0.052 0.085 0.054 0.052 0.051 0.042 0.037 0.041 0.056 0.057 0.071 0.115 0.055 0.048 0.065     (0.000,0.255) (0.000,0.348) (0.000,0.277) (0.000,0.425) (0.000,0.284) (0.000,0.275) (0.000,0.268) (0.000,0.223) (0.000,0.196) (0.000,0.214) (0.000,0.294) (0.000,0.299) (0.000,0.366) (0.000,0.528) (0.000,0.292) (0.000,0.252) (0.000,0.336) 
153     2492   (12)   16 :  0.052 0.084 0.068 0.056 0.054 0.069 0.044 0.092 0.052 0.032 0.048 0.047 0.061 0.058 0.046 0.080 0.056     (0.000,0.267) (0.000,0.408) (0.000,0.351) (0.000,0.294) (0.000,0.286) (0.000,0.358) (0.000,0.231) (0.000,0.447) (0.000,0.267) (0.000,0.170) (0.000,0.252) (0.000,0.250) (0.000,0.321) (0.000,0.303) (0.000,0.241) (0.000,0.414) (0.000,0.295) 
158     1835    (0)    3 :  0.055 0.041 0.093 0.036 0.065 0.067 0.074 0.033 0.047 0.087 0.056 0.065 0.056 0.054 0.079 0.047 0.044     (0.000,0.283) (0.000,0.218) (0.000,0.469) (0.000,0.191) (0.000,0.343) (0.000,0.348) (0.000,0.388) (0.000,0.176) (0.000,0.246) (0.000,0.438) (0.000,0.295) (0.000,0.337) (0.000,0.293) (0.000,0.287) (0.000,0.404) (0.000,0.246) (0.000,0.234) 
161      379   (12)   12 :  0.020 0.023 0.041 0.038 0.051 0.031 0.042 0.031 0.040 0.039 0.039 0.245 0.043 0.033 0.038 0.066 0.180     (0.000,0.107) (0.000,0.123) (0.000,0.218) (0.000,0.203) (0.000,0.264) (0.000,0.165) (0.000,0.220) (0.000,0.165) (0.000,0.209) (0.000,0.206) (0.000,0.206) (0.000,0.748) (0.000,0.226) (0.000,0.173) (0.000,0.199) (0.000,0.352) (0.000,0.682) 
165      394    (0)   13 :  0.051 0.036 0.045 0.069 0.054 0.078 0.064 0.031 0.023 0.047 0.069 0.079 0.059 0.125 0.053 0.056 0.060     (0.000,0.265) (0.000,0.191) (0.000,0.236) (0.000,0.358) (0.000,0.288) (0.000,0.404) (0.000,0.338) (0.000,0.163) (0.000,0.122) (0.000,0.250) (0.000,0.362) (0.000,0.408) (0.000,0.315) (0.000,0.568) (0.000,0.280) (0.000,0.294) (0.000,0.315) 
167     2471    (0)   11 :  0.038 0.039 0.059 0.074 0.065 0.098 0.064 0.040 0.041 0.031 0.062 0.073 0.070 0.076 0.043 0.065 0.062     (0.000,0.196) (0.000,0.204) (0.000,0.309) (0.000,0.385) (0.000,0.342) (0.000,0.484) (0.000,0.337) (0.000,0.211) (0.000,0.214) (0.000,0.164) (0.000,0.325) (0.000,0.383) (0.000,0.365) (0.000,0.393) (0.000,0.228) (0.000,0.343) (0.000,0.325) 
178       97    (0)   15 :  0.040 0.068 0.055 0.084 0.053 0.046 0.053 0.079 0.069 0.055 0.072 0.059 0.056 0.051 0.067 0.040 0.054     (0.000,0.211) (0.000,0.349) (0.000,0.287) (0.000,0.423) (0.000,0.278) (0.000,0.244) (0.000,0.278) (0.000,0.387) (0.000,0.341) (0.000,0.289) (0.000,0.369) (0.000,0.307) (0.000,0.293) (0.000,0.263) (0.000,0.351) (0.000,0.213) (0.000,0.281) 
179     3529   (25)   15 :  0.051 0.047 0.073 0.051 0.066 0.074 0.064 0.054 0.037 0.047 0.059 0.084 0.056 0.054 0.076 0.068 0.038     (0.000,0.265) (0.000,0.249) (0.000,0.379) (0.000,0.270) (0.000,0.347) (0.000,0.383) (0.000,0.337) (0.000,0.284) (0.000,0.195) (0.000,0.246) (0.000,0.310) (0.000,0.430) (0.000,0.297) (0.000,0.284) (0.000,0.390) (0.000,0.357) (0.000,0.200) 
183     1500    (0)    2 :  0.059 0.194 0.055 0.040 0.040 0.050 0.037 0.094 0.111 0.035 0.043 0.033 0.045 0.039 0.042 0.042 0.042     (0.000,0.304) (0.000,0.692) (0.000,0.288) (0.000,0.213) (0.000,0.212) (0.000,0.263) (0.000,0.198) (0.000,0.449) (0.000,0.499) (0.000,0.187) (0.000,0.224) (0.000,0.174) (0.000,0.237) (0.000,0.206) (0.000,0.220) (0.000,0.219) (0.000,0.223) 
188      403    (0)    3 :  0.027 0.054 0.073 0.045 0.055 0.038 0.062 0.058 0.064 0.049 0.042 0.042 0.039 0.038 0.204 0.055 0.055     (0.000,0.144) (0.000,0.278) (0.000,0.377) (0.000,0.237) (0.000,0.288) (0.000,0.201) (0.000,0.323) (0.000,0.295) (0.000,0.313) (0.000,0.257) (0.000,0.224) (0.000,0.221) (0.000,0.203) (0.000,0.200) (0.000,0.694) (0.000,0.286) (0.000,0.290) 
195     2323    (0)   10 :  0.034 0.069 0.051 0.093 0.063 0.052 0.066 0.042 0.036 0.057 0.055 0.044 0.051 0.075 0.061 0.056 0.095     (0.000,0.180) (0.000,0.352) (0.000,0.271) (0.000,0.464) (0.000,0.330) (0.000,0.271) (0.000,0.349) (0.000,0.219) (0.000,0.188) (0.000,0.298) (0.000,0.291) (0.000,0.232) (0.000,0.270) (0.000,0.389) (0.000,0.319) (0.000,0.295) (0.000,0.469) 
199      100    (0)   15 :  0.035 0.040 0.053 0.061 0.052 0.054 0.059 0.117 0.093 0.055 0.060 0.044 0.048 0.065 0.059 0.048 0.058     (0.000,0.185) (0.000,0.207) (0.000,0.276) (0.000,0.319) (0.000,0.274) (0.000,0.282) (0.000,0.309) (0.000,0.460) (0.000,0.421) (0.000,0.287) (0.000,0.313) (0.000,0.232) (0.000,0.253) (0.000,0.339) (0.000,0.307) (0.000,0.253) (0.000,0.301) 
200     3514    (0)   15 :  0.032 0.023 0.048 0.064 0.062 0.061 0.066 0.037 0.027 0.129 0.056 0.066 0.067 0.068 0.069 0.063 0.066     (0.000,0.167) (0.000,0.121) (0.000,0.255) (0.000,0.333) (0.000,0.328) (0.000,0.320) (0.000,0.345) (0.000,0.194) (0.000,0.140) (0.000,0.583) (0.000,0.294) (0.000,0.345) (0.000,0.351) (0.000,0.349) (0.000,0.359) (0.000,0.329) (0.000,0.342) 
203     3505   (12)   15 :  0.033 0.032 0.061 0.049 0.056 0.046 0.072 0.030 0.097 0.071 0.047 0.061 0.046 0.043 0.143 0.056 0.058     (0.000,0.175) (0.000,0.168) (0.000,0.319) (0.000,0.257) (0.000,0.295) (0.000,0.240) (0.000,0.377) (0.000,0.159) (0.000,0.427) (0.000,0.363) (0.000,0.250) (0.000,0.320) (0.000,0.246) (0.000,0.229) (0.000,0.616) (0.000,0.293) (0.000,0.304) 
208      128    (0)   15 :  0.082 0.044 0.057 0.043 0.061 0.078 0.056 0.046 0.043 0.050 0.086 0.056 0.069 0.070 0.078 0.050 0.032     (0.000,0.399) (0.000,0.230) (0.000,0.299) (0.000,0.225) (0.000,0.321) (0.000,0.399) (0.000,0.297) (0.000,0.241) (0.000,0.228) (0.000,0.261) (0.000,0.441) (0.000,0.296) (0.000,0.362) (0.000,0.361) (0.000,0.402) (0.000,0.263) (0.000,0.167) 
214     1614    (0)   15 :  0.041 0.025 0.048 0.043 0.061 0.090 0.061 0.035 0.034 0.091 0.080 0.046 0.104 0.045 0.098 0.063 0.035     (0.000,0.215) (0.000,0.135) (0.000,0.253) (0.000,0.230) (0.000,0.320) (0.000,0.448) (0.000,0.318) (0.000,0.182) (0.000,0.182) (0.000,0.425) (0.000,0.407) (0.000,0.243) (0.000,0.502) (0.000,0.236) (0.000,0.452) (0.000,0.329) (0.000,0.182) 
215     2387    (0)    7 :  0.035 0.059 0.089 0.066 0.067 0.053 0.089 0.038 0.029 0.043 0.060 0.065 0.049 0.047 0.094 0.051 0.066     (0.000,0.182) (0.000,0.298) (0.000,0.442) (0.000,0.342) (0.000,0.349) (0.000,0.280) (0.000,0.448) (0.000,0.202) (0.000,0.153) (0.000,0.225) (0.000,0.311) (0.000,0.340) (0.000,0.258) (0.000,0.248) (0.000,0.461) (0.000,0.266) (0.000,0.342) 
216     1564    (0)    2 :  0.035 0.037 0.075 0.056 0.253 0.039 0.079 0.033 0.026 0.048 0.050 0.056 0.050 0.036 0.051 0.036 0.040     (0.000,0.181) (0.000,0.194) (0.000,0.321) (0.000,0.282) (0.000,0.780) (0.000,0.203) (0.000,0.369) (0.000,0.173) (0.000,0.137) (0.000,0.246) (0.000,0.254) (0.000,0.280) (0.000,0.253) (0.000,0.189) (0.000,0.262) (0.000,0.185) (0.000,0.208) 
218     2617    (0)    4 :  0.042 0.026 0.064 0.045 0.069 0.060 0.066 0.042 0.057 0.050 0.092 0.054 0.082 0.053 0.070 0.065 0.065     (0.000,0.218) (0.000,0.139) (0.000,0.334) (0.000,0.237) (0.000,0.358) (0.000,0.313) (0.000,0.344) (0.000,0.219) (0.000,0.294) (0.000,0.260) (0.000,0.457) (0.000,0.281) (0.000,0.418) (0.000,0.277) (0.000,0.362) (0.000,0.338) (0.000,0.333) 
223     1775    (0)    4 :  0.056 0.065 0.060 0.085 0.055 0.048 0.076 0.036 0.034 0.081 0.042 0.056 0.052 0.046 0.056 0.072 0.080     (0.000,0.285) (0.000,0.327) (0.000,0.311) (0.000,0.429) (0.000,0.293) (0.000,0.253) (0.000,0.385) (0.000,0.190) (0.000,0.176) (0.000,0.410) (0.000,0.223) (0.000,0.296) (0.000,0.275) (0.000,0.239) (0.000,0.293) (0.000,0.375) (0.000,0.402) 
232       18    (0)    9 :  0.040 0.051 0.034 0.030 0.029 0.025 0.032 0.098 0.415 0.033 0.030 0.029 0.029 0.025 0.036 0.031 0.034     (0.000,0.206) (0.000,0.267) (0.000,0.181) (0.000,0.158) (0.000,0.154) (0.000,0.130) (0.000,0.168) (0.000,0.460) (0.000,0.837) (0.000,0.172) (0.000,0.156) (0.000,0.151) (0.000,0.155) (0.000,0.133) (0.000,0.188) (0.000,0.166) (0.000,0.180) 
233     3266   (12)   15 :  0.059 0.040 0.050 0.064 0.057 0.043 0.062 0.053 0.056 0.075 0.046 0.042 0.055 0.035 0.153 0.048 0.061     (0.000,0.297) (0.000,0.208) (0.000,0.265) (0.000,0.327) (0.000,0.303) (0.000,0.229) (0.000,0.325) (0.000,0.276) (0.000,0.283) (0.000,0.377) (0.000,0.243) (0.000,0.220) (0.000,0.291) (0.000,0.186) (0.000,0.602) (0.000,0.253) (0.000,0.316) 
234     2130    (0)   15 :  0.030 0.028 0.086 0.057 0.065 0.063 0.075 0.038 0.039 0.068 0.069 0.053 0.075 0.050 0.102 0.062 0.042     (0.000,0.156) (0.000,0.146) (0.000,0.438) (0.000,0.304) (0.000,0.341) (0.000,0.327) (0.000,0.390) (0.000,0.199) (0.000,0.205) (0.000,0.355) (0.000,0.362) (0.000,0.282) (0.000,0.388) (0.000,0.264) (0.000,0.503) (0.000,0.326) (0.000,0.221) 
241      590    (0)   10 :  0.037 0.055 0.042 0.089 0.062 0.061 0.061 0.040 0.027 0.113 0.044 0.062 0.062 0.059 0.055 0.058 0.073     (0.000,0.194) (0.000,0.287) (0.000,0.222) (0.000,0.443) (0.000,0.327) (0.000,0.318) (0.000,0.324) (0.000,0.210) (0.000,0.144) (0.000,0.528) (0.000,0.234) (0.000,0.325) (0.000,0.326) (0.000,0.308) (0.000,0.289) (0.000,0.305) (0.000,0.378) 
244      755    (0)    4 :  0.023 0.147 0.043 0.083 0.057 0.065 0.047 0.029 0.036 0.042 0.061 0.044 0.054 0.049 0.050 0.068 0.102     (0.000,0.124) (0.000,0.591) (0.000,0.224) (0.000,0.418) (0.000,0.303) (0.000,0.338) (0.000,0.246) (0.000,0.155) (0.000,0.190) (0.000,0.219) (0.000,0.323) (0.000,0.232) (0.000,0.287) (0.000,0.259) (0.000,0.261) (0.000,0.350) (0.000,0.493) 
246     1557    (0)   15 :  0.027 0.033 0.071 0.062 0.060 0.083 0.076 0.069 0.076 0.064 0.061 0.052 0.051 0.043 0.062 0.050 0.059     (0.000,0.143) (0.000,0.176) (0.000,0.366) (0.000,0.324) (0.000,0.316) (0.000,0.423) (0.000,0.390) (0.000,0.308) (0.000,0.347) (0.000,0.332) (0.000,0.319) (0.000,0.275) (0.000,0.268) (0.000,0.229) (0.000,0.326) (0.000,0.263) (0.000,0.309) 
255     3815   (25)    6 :  0.030 0.025 0.078 0.059 0.153 0.090 0.061 0.030 0.028 0.038 0.052 0.066 0.071 0.055 0.039 0.068 0.057     (0.000,0.161) (0.000,0.132) (0.000,0.384) (0.000,0.304) (0.000,0.596) (0.000,0.437) (0.000,0.307) (0.000,0.159) (0.000,0.149) (0.000,0.196) (0.000,0.270) (0.000,0.332) (0.000,0.355) (0.000,0.285) (0.000,0.205) (0.000,0.345) (0.000,0.290) 
258     3916    (0)    2 :  0.094 0.213 0.046 0.057 0.047 0.057 0.047 0.043 0.038 0.041 0.050 0.045 0.044 0.037 0.035 0.045 0.061     (0.000,0.428) (0.000,0.704) (0.000,0.241) (0.000,0.300) (0.000,0.251) (0.000,0.297) (0.000,0.246) (0.000,0.225) (0.000,0.200) (0.000,0.214) (0.000,0.263) (0.000,0.236) (0.000,0.233) (0.000,0.196) (0.000,0.182) (0.000,0.239) (0.000,0.322) 
260     2360    (0)   10 :  0.043 0.041 0.048 0.038 0.051 0.042 0.061 0.035 0.035 0.215 0.048 0.038 0.072 0.052 0.112 0.038 0.033     (0.000,0.223) (0.000,0.213) (0.000,0.252) (0.000,0.199) (0.000,0.270) (0.000,0.221) (0.000,0.321) (0.000,0.187) (0.000,0.184) (0.000,0.721) (0.000,0.253) (0.000,0.201) (0.000,0.370) (0.000,0.272) (0.000,0.511) (0.000,0.201) (0.000,0.173) 
268     3860    (0)    3 :  0.052 0.039 0.060 0.046 0.097 0.046 0.074 0.028 0.035 0.073 0.045 0.043 0.048 0.038 0.045 0.087 0.145     (0.000,0.260) (0.000,0.203) (0.000,0.309) (0.000,0.242) (0.000,0.493) (0.000,0.237) (0.000,0.366) (0.000,0.146) (0.000,0.181) (0.000,0.367) (0.000,0.233) (0.000,0.227) (0.000,0.251) (0.000,0.200) (0.000,0.235) (0.000,0.402) (0.000,0.528) 
271     3561   (12)   15 :  0.057 0.062 0.046 0.064 0.055 0.036 0.068 0.034 0.052 0.115 0.055 0.041 0.049 0.038 0.116 0.041 0.071     (0.000,0.291) (0.000,0.314) (0.000,0.242) (0.000,0.330) (0.000,0.291) (0.000,0.189) (0.000,0.354) (0.000,0.180) (0.000,0.268) (0.000,0.521) (0.000,0.287) (0.000,0.218) (0.000,0.258) (0.000,0.202) (0.000,0.514) (0.000,0.217) (0.000,0.367) 
275     1821    (0)    8 :  0.031 0.038 0.052 0.073 0.059 0.047 0.067 0.157 0.041 0.060 0.058 0.057 0.044 0.052 0.057 0.059 0.047     (0.000,0.164) (0.000,0.202) (0.000,0.273) (0.000,0.375) (0.000,0.312) (0.000,0.247) (0.000,0.346) (0.000,0.597) (0.000,0.214) (0.000,0.311) (0.000,0.303) (0.000,0.300) (0.000,0.234) (0.000,0.275) (0.000,0.298) (0.000,0.305) (0.000,0.246) 
278     3196   (12)    2 :  0.034 0.050 0.222 0.031 0.048 0.045 0.037 0.079 0.068 0.027 0.034 0.040 0.053 0.048 0.032 0.045 0.109     (0.000,0.176) (0.000,0.259) (0.000,0.692) (0.000,0.165) (0.000,0.252) (0.000,0.234) (0.000,0.198) (0.000,0.384) (0.000,0.335) (0.000,0.140) (0.000,0.180) (0.000,0.212) (0.000,0.277) (0.000,0.253) (0.000,0.166) (0.000,0.238) (0.000,0.498) 
279     1806    (0)    8 :  0.061 0.081 0.053 0.035 0.048 0.045 0.053 0.074 0.169 0.061 0.047 0.039 0.040 0.046 0.055 0.048 0.043     (0.000,0.305) (0.000,0.410) (0.000,0.281) (0.000,0.187) (0.000,0.254) (0.000,0.235) (0.000,0.283) (0.000,0.377) (0.000,0.660) (0.000,0.321) (0.000,0.248) (0.000,0.206) (0.000,0.213) (0.000,0.242) (0.000,0.290) (0.000,0.252) (0.000,0.228) 
282     1098    (0)    8 :  0.043 0.036 0.046 0.032 0.052 0.048 0.050 0.090 0.237 0.037 0.046 0.043 0.044 0.044 0.078 0.043 0.033     (0.000,0.225) (0.000,0.189) (0.000,0.241) (0.000,0.168) (0.000,0.273) (0.000,0.250) (0.000,0.262) (0.000,0.403) (0.000,0.721) (0.000,0.194) (0.000,0.242) (0.000,0.227) (0.000,0.232) (0.000,0.231) (0.000,0.394) (0.000,0.224) (0.000,0.174) 
283     3521    (0)   15 :  0.053 0.031 0.065 0.049 0.063 0.079 0.071 0.042 0.046 0.063 0.056 0.065 0.069 0.058 0.067 0.062 0.062     (0.000,0.267) (0.000,0.161) (0.000,0.337) (0.000,0.259) (0.000,0.329) (0.000,0.399) (0.000,0.371) (0.000,0.220) (0.000,0.234) (0.000,0.327) (0.000,0.294) (0.000,0.340) (0.000,0.362) (0.000,0.305) (0.000,0.344) (0.000,0.325) (0.000,0.325) 
291     1069    (0)    8 :  0.047 0.062 0.044 0.038 0.041 0.053 0.038 0.181 0.197 0.033 0.041 0.034 0.039 0.037 0.040 0.040 0.036     (0.000,0.246) (0.000,0.320) (0.000,0.231) (0.000,0.200) (0.000,0.216) (0.000,0.278) (0.000,0.200) (0.000,0.641) (0.000,0.677) (0.000,0.173) (0.000,0.216) (0.000,0.177) (0.000,0.205) (0.000,0.194) (0.000,0.210) (0.000,0.212) (0.000,0.190) 
292     3510    (0)   15 :  0.035 0.034 0.045 0.072 0.062 0.081 0.061 0.051 0.069 0.043 0.056 0.061 0.052 0.042 0.096 0.088 0.051     (0.000,0.185) (0.000,0.177) (0.000,0.236) (0.000,0.374) (0.000,0.327) (0.000,0.411) (0.000,0.323) (0.000,0.266) (0.000,0.340) (0.000,0.227) (0.000,0.297) (0.000,0.321) (0.000,0.276) (0.000,0.221) (0.000,0.469) (0.000,0.443) (0.000,0.271) 
294     1146   (12)    8 :  0.041 0.094 0.062 0.066 0.053 0.052 0.049 0.065 0.044 0.089 0.057 0.052 0.063 0.060 0.059 0.048 0.047     (0.000,0.217) (0.000,0.448) (0.000,0.324) (0.000,0.346) (0.000,0.278) (0.000,0.275) (0.000,0.257) (0.000,0.337) (0.000,0.232) (0.000,0.445) (0.000,0.300) (0.000,0.276) (0.000,0.326) (0.000,0.312) (0.000,0.311) (0.000,0.256) (0.000,0.247) 
295      138    (0)   15 :  0.040 0.029 0.046 0.069 0.067 0.083 0.048 0.036 0.042 0.068 0.090 0.047 0.120 0.057 0.040 0.068 0.051     (0.000,0.208) (0.000,0.153) (0.000,0.242) (0.000,0.357) (0.000,0.353) (0.000,0.424) (0.000,0.254) (0.000,0.190) (0.000,0.224) (0.000,0.356) (0.000,0.447) (0.000,0.246) (0.000,0.554) (0.000,0.299) (0.000,0.211) (0.000,0.357) (0.000,0.267) 
302      641    (0)    4 :  0.031 0.090 0.069 0.041 0.062 0.049 0.049 0.055 0.061 0.078 0.064 0.081 0.074 0.048 0.066 0.043 0.038     (0.000,0.166) (0.000,0.397) (0.000,0.354) (0.000,0.216) (0.000,0.328) (0.000,0.257) (0.000,0.255) (0.000,0.283) (0.000,0.302) (0.000,0.389) (0.000,0.331) (0.000,0.396) (0.000,0.373) (0.000,0.250) (0.000,0.345) (0.000,0.225) (0.000,0.203) 
304     1812    (0)    8 :  0.019 0.037 0.033 0.044 0.031 0.026 0.037 0.432 0.083 0.034 0.032 0.027 0.030 0.027 0.041 0.026 0.040     (0.000,0.102) (0.000,0.196) (0.000,0.175) (0.000,0.230) (0.000,0.165) (0.000,0.138) (0.000,0.193) (0.001,0.843) (0.000,0.418) (0.000,0.182) (0.000,0.167) (0.000,0.142) (0.000,0.160) (0.000,0.144) (0.000,0.215) (0.000,0.140) (0.000,0.208) 
306     2134   (12)   15 :  0.035 0.046 0.095 0.075 0.055 0.066 0.092 0.038 0.059 0.063 0.056 0.041 0.051 0.031 0.077 0.049 0.070     (0.000,0.184) (0.000,0.241) (0.000,0.473) (0.000,0.386) (0.000,0.294) (0.000,0.344) (0.000,0.452) (0.000,0.197) (0.000,0.297) (0.000,0.328) (0.000,0.294) (0.000,0.218) (0.000,0.271) (0.000,0.165) (0.000,0.398) (0.000,0.259) (0.000,0.366) 
313      906    (0)    6 :  0.067 0.049 0.042 0.072 0.062 0.065 0.054 0.043 0.043 0.061 0.066 0.069 0.062 0.069 0.054 0.071 0.050     (0.000,0.329) (0.000,0.258) (0.000,0.224) (0.000,0.369) (0.000,0.328) (0.000,0.337) (0.000,0.286) (0.000,0.228) (0.000,0.227) (0.000,0.319) (0.000,0.344) (0.000,0.361) (0.000,0.324) (0.000,0.358) (0.000,0.283) (0.000,0.368) (0.000,0.261) 
315     3283    (0)   15 :  0.046 0.085 0.078 0.061 0.062 0.046 0.054 0.038 0.088 0.041 0.039 0.052 0.069 0.063 0.056 0.049 0.073     (0.000,0.238) (0.000,0.428) (0.000,0.398) (0.000,0.319) (0.000,0.326) (0.000,0.245) (0.000,0.284) (0.000,0.201) (0.000,0.429) (0.000,0.218) (0.000,0.204) (0.000,0.276) (0.000,0.359) (0.000,0.325) (0.000,0.294) (0.000,0.259) (0.000,0.374) 
321     2388    (0)    7 :  0.057 0.046 0.043 0.067 0.060 0.053 0.074 0.042 0.045 0.092 0.063 0.061 0.073 0.059 0.063 0.048 0.054     (0.000,0.289) (0.000,0.242) (0.000,0.229) (0.000,0.345) (0.000,0.319) (0.000,0.277) (0.000,0.388) (0.000,0.220) (0.000,0.233) (0.000,0.457) (0.000,0.332) (0.000,0.322) (0.000,0.380) (0.000,0.309) (0.000,0.327) (0.000,0.252) (0.000,0.283) 
324     3244    (0)   15 :  0.037 0.035 0.083 0.056 0.062 0.045 0.075 0.031 0.029 0.093 0.053 0.057 0.063 0.061 0.113 0.055 0.053     (0.000,0.193) (0.000,0.185) (0.000,0.425) (0.000,0.295) (0.000,0.327) (0.000,0.236) (0.000,0.391) (0.000,0.163) (0.000,0.154) (0.000,0.460) (0.000,0.279) (0.000,0.302) (0.000,0.330) (0.000,0.315) (0.000,0.541) (0.000,0.291) (0.000,0.278) 
333     2340    (0)   10 :  0.046 0.048 0.052 0.048 0.055 0.094 0.060 0.037 0.031 0.092 0.069 0.082 0.052 0.067 0.048 0.069 0.051     (0.000,0.241) (0.000,0.250) (0.000,0.273) (0.000,0.251) (0.000,0.291) (0.000,0.471) (0.000,0.315) (0.000,0.196) (0.000,0.162) (0.000,0.455) (0.000,0.364) (0.000,0.421) (0.000,0.274) (0.000,0.351) (0.000,0.251) (0.000,0.359) (0.000,0.270) 
338     3165   (12)   14 :  0.078 0.058 0.058 0.055 0.052 0.086 0.052 0.032 0.036 0.038 0.063 0.073 0.060 0.100 0.051 0.054 0.053     (0.000,0.383) (0.000,0.301) (0.000,0.304) (0.000,0.290) (0.000,0.274) (0.000,0.440) (0.000,0.277) (0.000,0.166) (0.000,0.191) (0.000,0.203) (0.000,0.332) (0.000,0.376) (0.000,0.317) (0.000,0.486) (0.000,0.270) (0.000,0.286) (0.000,0.277) 
340      700    (0)    4 :  0.075 0.056 0.045 0.137 0.061 0.041 0.049 0.036 0.030 0.061 0.049 0.037 0.063 0.052 0.039 0.084 0.084     (0.000,0.356) (0.000,0.293) (0.000,0.235) (0.000,0.594) (0.000,0.319) (0.000,0.214) (0.000,0.256) (0.000,0.191) (0.000,0.161) (0.000,0.318) (0.000,0.256) (0.000,0.196) (0.000,0.331) (0.000,0.271) (0.000,0.208) (0.000,0.425) (0.000,0.417) 
342     1141    (0)    8 :  0.065 0.049 0.074 0.057 0.056 0.054 0.051 0.089 0.126 0.038 0.048 0.044 0.058 0.046 0.039 0.046 0.059     (0.000,0.324) (0.000,0.253) (0.000,0.377) (0.000,0.297) (0.000,0.296) (0.000,0.283) (0.000,0.269) (0.000,0.435) (0.000,0.548) (0.000,0.200) (0.000,0.253) (0.000,0.233) (0.000,0.302) (0.000,0.242) (0.000,0.204) (0.000,0.244) (0.000,0.309) 
346     2418    (0)   12 :  0.031 0.053 0.051 0.049 0.067 0.098 0.058 0.034 0.045 0.055 0.075 0.083 0.058 0.073 0.048 0.055 0.068     (0.000,0.164) (0.000,0.279) (0.000,0.269) (0.000,0.255) (0.000,0.351) (0.000,0.485) (0.000,0.306) (0.000,0.181) (0.000,0.235) (0.000,0.287) (0.000,0.390) (0.000,0.423) (0.000,0.306) (0.000,0.380) (0.000,0.252) (0.000,0.289) (0.000,0.349) 
358      155    (0)   15 :  0.034 0.039 0.067 0.107 0.071 0.042 0.073 0.038 0.032 0.049 0.050 0.067 0.064 0.067 0.091 0.051 0.058     (0.000,0.179) (0.000,0.204) (0.000,0.346) (0.000,0.512) (0.000,0.369) (0.000,0.224) (0.000,0.378) (0.000,0.199) (0.000,0.171) (0.000,0.258) (0.000,0.265) (0.000,0.351) (0.000,0.334) (0.000,0.344) (0.000,0.452) (0.000,0.268) (0.000,0.302) 
359     3247   (12)   15 :  0.041 0.045 0.174 0.060 0.057 0.042 0.044 0.039 0.027 0.036 0.042 0.045 0.069 0.074 0.054 0.048 0.102     (0.000,0.215) (0.000,0.240) (0.000,0.615) (0.000,0.310) (0.000,0.300) (0.000,0.223) (0.000,0.230) (0.000,0.206) (0.000,0.143) (0.000,0.191) (0.000,0.224) (0.000,0.240) (0.000,0.357) (0.000,0.371) (0.000,0.286) (0.000,0.251) (0.000,0.460) 
363      208    (0)   15 :  0.031 0.036 0.056 0.093 0.063 0.088 0.069 0.032 0.031 0.053 0.063 0.066 0.058 0.051 0.070 0.071 0.070     (0.000,0.161) (0.000,0.192) (0.000,0.294) (0.000,0.470) (0.000,0.329) (0.000,0.444) (0.000,0.360) (0.000,0.171) (0.000,0.165) (0.000,0.279) (0.000,0.330) (0.000,0.348) (0.000,0.307) (0.000,0.270) (0.000,0.365) (0.000,0.370) (0.000,0.365) 
369     3465    (0)    6 :  0.057 0.043 0.057 0.049 0.059 0.087 0.056 0.046 0.050 0.070 0.080 0.082 0.054 0.060 0.054 0.057 0.040     (0.000,0.296) (0.000,0.228) (0.000,0.299) (0.000,0.257) (0.000,0.309) (0.000,0.436) (0.000,0.296) (0.000,0.243) (0.000,0.262) (0.000,0.363) (0.000,0.409) (0.000,0.422) (0.000,0.285) (0.000,0.313) (0.000,0.287) (0.000,0.300) (0.000,0.210) 
381      983    (0)   17 :  0.067 0.041 0.050 0.072 0.058 0.056 0.059 0.050 0.036 0.056 0.059 0.067 0.050 0.103 0.057 0.059 0.061     (0.000,0.330) (0.000,0.217) (0.000,0.263) (0.000,0.370) (0.000,0.304) (0.000,0.292) (0.000,0.314) (0.000,0.257) (0.000,0.190) (0.000,0.294) (0.000,0.309) (0.000,0.346) (0.000,0.265) (0.000,0.490) (0.000,0.300) (0.000,0.307) (0.000,0.319) 
382     1561    (0)   15 :  0.032 0.026 0.074 0.055 0.061 0.062 0.059 0.032 0.110 0.043 0.046 0.066 0.055 0.045 0.086 0.085 0.062     (0.000,0.170) (0.000,0.137) (0.000,0.376) (0.000,0.288) (0.000,0.318) (0.000,0.320) (0.000,0.311) (0.000,0.171) (0.000,0.467) (0.000,0.228) (0.000,0.242) (0.000,0.344) (0.000,0.290) (0.000,0.238) (0.000,0.427) (0.000,0.430) (0.000,0.322) 
386     2142    (0)   15 :  0.036 0.041 0.076 0.078 0.067 0.045 0.067 0.049 0.039 0.067 0.048 0.052 0.063 0.046 0.117 0.045 0.064     (0.000,0.189) (0.000,0.217) (0.000,0.392) (0.000,0.403) (0.000,0.352) (0.000,0.236) (0.000,0.351) (0.000,0.256) (0.000,0.203) (0.000,0.348) (0.000,0.254) (0.000,0.276) (0.000,0.333) (0.000,0.242) (0.000,0.553) (0.000,0.238) (0.000,0.337) 
389      719    (0)    7 :  0.036 0.035 0.058 0.056 0.063 0.063 0.087 0.029 0.033 0.058 0.092 0.047 0.086 0.062 0.106 0.041 0.046     (0.000,0.191) (0.000,0.184) (0.000,0.304) (0.000,0.298) (0.000,0.333) (0.000,0.332) (0.000,0.447) (0.000,0.153) (0.000,0.176) (0.000,0.303) (0.000,0.465) (0.000,0.250) (0.000,0.438) (0.000,0.326) (0.000,0.524) (0.000,0.218) (0.000,0.244) 
393     1837    (0)    8 :  0.024 0.045 0.048 0.038 0.034 0.039 0.031 0.265 0.208 0.024 0.031 0.032 0.038 0.030 0.030 0.037 0.044     (0.000,0.125) (0.000,0.239) (0.000,0.251) (0.000,0.200) (0.000,0.180) (0.000,0.206) (0.000,0.163) (0.000,0.764) (0.000,0.697) (0.000,0.126) (0.000,0.165) (0.000,0.172) (0.000,0.200) (0.000,0.158) (0.000,0.159) (0.000,0.198) (0.000,0.233) 
395      990    (0)   17 :  0.020 0.020 0.044 0.045 0.062 0.086 0.069 0.025 0.031 0.068 0.062 0.058 0.074 0.071 0.072 0.117 0.075     (0.000,0.107) (0.000,0.107) (0.000,0.234) (0.000,0.235) (0.000,0.328) (0.000,0.431) (0.000,0.358) (0.000,0.130) (0.000,0.163) (0.000,0.350) (0.000,0.325) (0.000,0.305) (0.000,0.377) (0.000,0.367) (0.000,0.376) (0.000,0.511) (0.000,0.381) 
399     3188   (12)    3 :  0.054 0.076 0.071 0.063 0.061 0.059 0.060 0.030 0.035 0.040 0.056 0.071 0.052 0.088 0.072 0.056 0.056     (0.000,0.279) (0.000,0.379) (0.000,0.368) (0.000,0.326) (0.000,0.321) (0.000,0.306) (0.000,0.314) (0.000,0.156) (0.000,0.187) (0.000,0.213) (0.000,0.296) (0.000,0.362) (0.000,0.275) (0.000,0.436) (0.000,0.371) (0.000,0.296) (0.000,0.291) 
400     1737    (0)    4 :  0.039 0.027 0.109 0.049 0.070 0.055 0.051 0.035 0.061 0.063 0.043 0.054 0.095 0.055 0.071 0.078 0.046     (0.000,0.205) (0.000,0.143) (0.000,0.518) (0.000,0.256) (0.000,0.363) (0.000,0.287) (0.000,0.271) (0.000,0.186) (0.000,0.309) (0.000,0.325) (0.000,0.226) (0.000,0.285) (0.000,0.465) (0.000,0.289) (0.000,0.364) (0.000,0.401) (0.000,0.243) 
403     2753    (0)   10 :  0.074 0.058 0.050 0.046 0.059 0.064 0.064 0.037 0.030 0.092 0.056 0.069 0.055 0.078 0.054 0.062 0.052     (0.000,0.374) (0.000,0.303) (0.000,0.264) (0.000,0.243) (0.000,0.311) (0.000,0.334) (0.000,0.339) (0.000,0.197) (0.000,0.157) (0.000,0.456) (0.000,0.295) (0.000,0.361) (0.000,0.293) (0.000,0.401) (0.000,0.283) (0.000,0.327) (0.000,0.274) 
404     3013   (25)   10 :  0.050 0.070 0.161 0.028 0.046 0.038 0.039 0.099 0.102 0.035 0.036 0.036 0.041 0.046 0.039 0.045 0.090     (0.000,0.258) (0.000,0.356) (0.000,0.582) (0.000,0.147) (0.000,0.240) (0.000,0.198) (0.000,0.208) (0.000,0.455) (0.000,0.465) (0.000,0.185) (0.000,0.188) (0.000,0.190) (0.000,0.216) (0.000,0.240) (0.000,0.206) (0.000,0.236) (0.000,0.418) 
405      789    (0)   14 :  0.087 0.155 0.052 0.055 0.049 0.047 0.048 0.050 0.048 0.047 0.047 0.046 0.042 0.071 0.048 0.057 0.051     (0.000,0.425) (0.000,0.639) (0.000,0.274) (0.000,0.290) (0.000,0.258) (0.000,0.246) (0.000,0.257) (0.000,0.266) (0.000,0.251) (0.000,0.249) (0.000,0.251) (0.000,0.242) (0.000,0.222) (0.000,0.371) (0.000,0.254) (0.000,0.299) (0.000,0.270) 
407     1653    (0)   15 :  0.037 0.063 0.048 0.091 0.055 0.046 0.067 0.059 0.060 0.052 0.051 0.049 0.043 0.082 0.072 0.045 0.080     (0.000,0.196) (0.000,0.325) (0.000,0.253) (0.000,0.454) (0.000,0.291) (0.000,0.242) (0.000,0.350) (0.000,0.306) (0.000,0.307) (0.000,0.273) (0.000,0.268) (0.000,0.259) (0.000,0.228) (0.000,0.410) (0.000,0.372) (0.000,0.238) (0.000,0.410) 
420     2453   (12)   17 :  0.037 0.045 0.056 0.046 0.073 0.042 0.056 0.060 0.069 0.082 0.068 0.063 0.076 0.051 0.062 0.058 0.056     (0.000,0.194) (0.000,0.231) (0.000,0.295) (0.000,0.241) (0.000,0.373) (0.000,0.223) (0.000,0.296) (0.000,0.300) (0.000,0.337) (0.000,0.412) (0.000,0.350) (0.000,0.327) (0.000,0.387) (0.000,0.268) (0.000,0.326) (0.000,0.304) (0.000,0.296) 
421     1755   (25)    4 :  0.028 0.110 0.036 0.086 0.065 0.061 0.045 0.031 0.028 0.042 0.067 0.031 0.060 0.032 0.065 0.142 0.072     (0.000,0.147) (0.000,0.470) (0.000,0.190) (0.000,0.436) (0.000,0.340) (0.000,0.319) (0.000,0.236) (0.000,0.162) (0.000,0.147) (0.000,0.221) (0.000,0.348) (0.000,0.164) (0.000,0.317) (0.000,0.171) (0.000,0.337) (0.000,0.616) (0.000,0.375) 
423     3205   (12)    2 :  0.073 0.064 0.159 0.036 0.053 0.054 0.045 0.052 0.049 0.042 0.041 0.040 0.045 0.054 0.044 0.063 0.086     (0.000,0.355) (0.000,0.331) (0.000,0.580) (0.000,0.188) (0.000,0.281) (0.000,0.284) (0.000,0.237) (0.000,0.269) (0.000,0.256) (0.000,0.221) (0.000,0.215) (0.000,0.212) (0.000,0.236) (0.000,0.282) (0.000,0.235) (0.000,0.328) (0.000,0.403) 
427      866    (0)   13 :  0.045 0.026 0.058 0.048 0.064 0.095 0.052 0.056 0.033 0.038 0.088 0.080 0.079 0.100 0.042 0.052 0.043     (0.000,0.233) (0.000,0.139) (0.000,0.303) (0.000,0.254) (0.000,0.334) (0.000,0.472) (0.000,0.274) (0.000,0.294) (0.000,0.173) (0.000,0.201) (0.000,0.448) (0.000,0.414) (0.000,0.406) (0.000,0.489) (0.000,0.225) (0.000,0.275) (0.000,0.227) 
428      503    (0)   10 :  0.030 0.036 0.051 0.066 0.061 0.058 0.079 0.046 0.047 0.116 0.065 0.054 0.062 0.050 0.062 0.050 0.064     (0.000,0.161) (0.000,0.192) (0.000,0.270) (0.000,0.348) (0.000,0.323) (0.000,0.307) (0.000,0.410) (0.000,0.242) (0.000,0.244) (0.000,0.547) (0.000,0.343) (0.000,0.288) (0.000,0.326) (0.000,0.261) (0.000,0.325) (0.000,0.261) (0.000,0.337) 
429      865    (0)   13 :  0.046 0.062 0.058 0.091 0.057 0.053 0.060 0.038 0.030 0.064 0.058 0.044 0.062 0.070 0.069 0.064 0.075     (0.000,0.237) (0.000,0.315) (0.000,0.306) (0.000,0.450) (0.000,0.301) (0.000,0.280) (0.000,0.313) (0.000,0.199) (0.000,0.160) (0.000,0.332) (0.000,0.306) (0.000,0.233) (0.000,0.327) (0.000,0.360) (0.000,0.357) (0.000,0.337) (0.000,0.383) 
435      559    (0)   10 :  0.030 0.074 0.047 0.048 0.069 0.074 0.063 0.024 0.034 0.055 0.117 0.078 0.070 0.054 0.065 0.055 0.043     (0.000,0.158) (0.000,0.354) (0.000,0.250) (0.000,0.254) (0.000,0.360) (0.000,0.383) (0.000,0.326) (0.000,0.124) (0.000,0.179) (0.000,0.287) (0.000,0.547) (0.000,0.397) (0.000,0.362) (0.000,0.283) (0.000,0.338) (0.000,0.284) (0.000,0.226) 
438     3253   (12)   15 :  0.046 0.041 0.062 0.038 0.054 0.050 0.065 0.098 0.042 0.074 0.062 0.046 0.055 0.043 0.145 0.038 0.039     (0.000,0.238) (0.000,0.216) (0.000,0.325) (0.000,0.200) (0.000,0.289) (0.000,0.262) (0.000,0.341) (0.000,0.456) (0.000,0.221) (0.000,0.371) (0.000,0.328) (0.000,0.244) (0.000,0.288) (0.000,0.229) (0.000,0.587) (0.000,0.202) (0.000,0.206) 
439     2488   (12)    6 :  0.038 0.085 0.142 0.038 0.052 0.050 0.050 0.051 0.055 0.055 0.042 0.044 0.047 0.041 0.054 0.044 0.112     (0.000,0.197) (0.000,0.410) (0.000,0.546) (0.000,0.202) (0.000,0.275) (0.000,0.265) (0.000,0.264) (0.000,0.264) (0.000,0.277) (0.000,0.287) (0.000,0.223) (0.000,0.230) (0.000,0.248) (0.000,0.218) (0.000,0.282) (0.000,0.233) (0.000,0.492) 
442     3305    (0)   17 :  0.030 0.047 0.049 0.127 0.057 0.049 0.055 0.083 0.046 0.039 0.053 0.046 0.073 0.043 0.062 0.064 0.080     (0.000,0.157) (0.000,0.246) (0.000,0.256) (0.000,0.571) (0.000,0.302) (0.000,0.257) (0.000,0.289) (0.000,0.398) (0.000,0.241) (0.000,0.208) (0.000,0.278) (0.000,0.244) (0.000,0.381) (0.000,0.225) (0.000,0.323) (0.000,0.330) (0.000,0.405) 
443     1038    (0)   11 :  0.029 0.036 0.062 0.077 0.067 0.072 0.066 0.028 0.030 0.055 0.083 0.057 0.085 0.075 0.048 0.058 0.074     (0.000,0.155) (0.000,0.188) (0.000,0.326) (0.000,0.397) (0.000,0.353) (0.000,0.371) (0.000,0.345) (0.000,0.147) (0.000,0.157) (0.000,0.286) (0.000,0.427) (0.000,0.300) (0.000,0.431) (0.000,0.388) (0.000,0.257) (0.000,0.303) (0.000,0.383) 
451      743    (0)    4 :  0.051 0.051 0.089 0.086 0.058 0.071 0.068 0.035 0.025 0.050 0.055 0.043 0.072 0.052 0.078 0.059 0.055     (0.000,0.260) (0.000,0.267) (0.000,0.445) (0.000,0.438) (0.000,0.309) (0.000,0.371) (0.000,0.356) (0.000,0.187) (0.000,0.134) (0.000,0.263) (0.000,0.291) (0.000,0.229) (0.000,0.374) (0.000,0.273) (0.000,0.401) (0.000,0.312) (0.000,0.289) 
452     1608   (12)   15 :  0.036 0.022 0.057 0.053 0.081 0.046 0.056 0.029 0.059 0.054 0.058 0.074 0.077 0.036 0.107 0.108 0.047     (0.000,0.187) (0.000,0.118) (0.000,0.299) (0.000,0.282) (0.000,0.407) (0.000,0.240) (0.000,0.295) (0.000,0.151) (0.000,0.289) (0.000,0.286) (0.000,0.305) (0.000,0.379) (0.000,0.396) (0.000,0.189) (0.000,0.514) (0.000,0.525) (0.000,0.250) 
465     1134    (0)    1 :  0.129 0.059 0.085 0.051 0.051 0.041 0.049 0.099 0.044 0.047 0.045 0.037 0.049 0.041 0.037 0.073 0.062     (0.000,0.508) (0.000,0.305) (0.000,0.417) (0.000,0.269) (0.000,0.267) (0.000,0.216) (0.000,0.260) (0.000,0.473) (0.000,0.229) (0.000,0.249) (0.000,0.238) (0.000,0.197) (0.000,0.256) (0.000,0.218) (0.000,0.196) (0.000,0.374) (0.000,0.319) 
471      656   (12)    7 :  0.028 0.030 0.065 0.042 0.079 0.059 0.073 0.030 0.042 0.117 0.124 0.049 0.051 0.039 0.074 0.049 0.049     (0.000,0.149) (0.000,0.157) (0.000,0.333) (0.000,0.220) (0.000,0.410) (0.000,0.306) (0.000,0.371) (0.000,0.158) (0.000,0.219) (0.000,0.516) (0.000,0.533) (0.000,0.257) (0.000,0.269) (0.000,0.207) (0.000,0.377) (0.000,0.259) (0.000,0.256) 
473     2516    (0)   16 :  0.039 0.030 0.068 0.060 0.060 0.056 0.073 0.035 0.044 0.049 0.067 0.058 0.072 0.073 0.085 0.081 0.049     (0.000,0.201) (0.000,0.161) (0.000,0.354) (0.000,0.316) (0.000,0.318) (0.000,0.294) (0.000,0.378) (0.000,0.186) (0.000,0.227) (0.000,0.259) (0.000,0.349) (0.000,0.306) (0.000,0.372) (0.000,0.373) (0.000,0.431) (0.000,0.412) (0.000,0.261) 
475     3816    (0)    6 :  0.044 0.047 0.079 0.069 0.053 0.078 0.054 0.053 0.062 0.051 0.056 0.048 0.057 0.060 0.071 0.060 0.057     (0.000,0.228) (0.000,0.248) (0.000,0.407) (0.000,0.358) (0.000,0.279) (0.000,0.402) (0.000,0.288) (0.000,0.277) (0.000,0.321) (0.000,0.268) (0.000,0.296) (0.000,0.252) (0.000,0.301) (0.000,0.316) (0.000,0.372) (0.000,0.316) (0.000,0.298) 
476     3000    (0)   13 :  0.071 0.040 0.055 0.072 0.052 0.059 0.050 0.066 0.039 0.048 0.067 0.047 0.060 0.111 0.054 0.058 0.051     (0.000,0.346) (0.000,0.211) (0.000,0.288) (0.000,0.373) (0.000,0.274) (0.000,0.310) (0.000,0.262) (0.000,0.344) (0.000,0.204) (0.000,0.253) (0.000,0.351) (0.000,0.250) (0.000,0.315) (0.000,0.529) (0.000,0.285) (0.000,0.307) (0.000,0.270) 
482      238    (0)   15 :  0.031 0.031 0.078 0.038 0.058 0.054 0.052 0.116 0.126 0.047 0.052 0.053 0.058 0.070 0.060 0.040 0.039     (0.000,0.162) (0.000,0.162) (0.000,0.393) (0.000,0.199) (0.000,0.303) (0.000,0.281) (0.000,0.275) (0.000,0.476) (0.000,0.532) (0.000,0.245) (0.000,0.273) (0.000,0.280) (0.000,0.304) (0.000,0.357) (0.000,0.312) (0.000,0.209) (0.000,0.208) 
484     3258   (12)   15 :  0.025 0.036 0.062 0.035 0.047 0.062 0.040 0.209 0.121 0.036 0.046 0.044 0.049 0.055 0.034 0.050 0.048     (0.000,0.133) (0.000,0.189) (0.000,0.320) (0.000,0.184) (0.000,0.248) (0.000,0.323) (0.000,0.211) (0.000,0.672) (0.000,0.509) (0.000,0.189) (0.000,0.245) (0.000,0.231) (0.000,0.258) (0.000,0.290) (0.000,0.179) (0.000,0.261) (0.000,0.254) 
491      298    (0)   16 :  0.051 0.037 0.035 0.058 0.068 0.053 0.058 0.042 0.036 0.043 0.117 0.060 0.060 0.079 0.070 0.084 0.049     (0.000,0.260) (0.000,0.193) (0.000,0.184) (0.000,0.304) (0.000,0.354) (0.000,0.277) (0.000,0.308) (0.000,0.222) (0.000,0.190) (0.000,0.229) (0.000,0.553) (0.000,0.310) (0.000,0.313) (0.000,0.405) (0.000,0.364) (0.000,0.423) (0.000,0.256) 
492      200    (0)   15 :  0.058 0.050 0.058 0.046 0.067 0.053 0.062 0.028 0.036 0.044 0.058 0.061 0.058 0.115 0.063 0.081 0.061     (0.000,0.293) (0.000,0.262) (0.000,0.305) (0.000,0.244) (0.000,0.347) (0.000,0.280) (0.000,0.325) (0.000,0.149) (0.000,0.191) (0.000,0.229) (0.000,0.307) (0.000,0.322) (0.000,0.307) (0.000,0.543) (0.000,0.329) (0.000,0.416) (0.000,0.320) 
493     1731    (0)    4 :  0.052 0.028 0.034 0.034 0.079 0.042 0.050 0.155 0.083 0.045 0.064 0.068 0.072 0.085 0.039 0.038 0.032     (0.000,0.262) (0.000,0.147) (0.000,0.181) (0.000,0.180) (0.000,0.397) (0.000,0.218) (0.000,0.263) (0.000,0.500) (0.000,0.379) (0.000,0.238) (0.000,0.333) (0.000,0.344) (0.000,0.366) (0.000,0.420) (0.000,0.206) (0.000,0.199) (0.000,0.170) 
494     2086    (0)    1 :  0.101 0.196 0.055 0.040 0.040 0.031 0.041 0.085 0.093 0.050 0.033 0.043 0.033 0.031 0.054 0.041 0.033     (0.000,0.443) (0.000,0.669) (0.000,0.289) (0.000,0.210) (0.000,0.209) (0.000,0.164) (0.000,0.218) (0.000,0.417) (0.000,0.427) (0.000,0.266) (0.000,0.173) (0.000,0.224) (0.000,0.176) (0.000,0.163) (0.000,0.280) (0.000,0.215) (0.000,0.175) 
500     3876    (0)    3 :  0.033 0.041 0.048 0.063 0.078 0.051 0.057 0.052 0.041 0.078 0.051 0.047 0.059 0.035 0.052 0.048 0.164     (0.000,0.175) (0.000,0.213) (0.000,0.250) (0.000,0.324) (0.000,0.403) (0.000,0.268) (0.000,0.299) (0.000,0.269) (0.000,0.216) (0.000,0.393) (0.000,0.265) (0.000,0.249) (0.000,0.304) (0.000,0.187) (0.000,0.273) (0.000,0.250) (0.000,0.577) 
503     1793    (0)   12 :  0.044 0.054 0.043 0.066 0.061 0.043 0.064 0.032 0.052 0.068 0.079 0.042 0.063 0.053 0.068 0.077 0.093     (0.000,0.225) (0.000,0.278) (0.000,0.227) (0.000,0.342) (0.000,0.320) (0.000,0.229) (0.000,0.338) (0.000,0.170) (0.000,0.267) (0.000,0.351) (0.000,0.403) (0.000,0.220) (0.000,0.327) (0.000,0.277) (0.000,0.352) (0.000,0.397) (0.000,0.458) 
515     2356    (0)    1 :  0.034 0.035 0.051 0.048 0.068 0.075 0.082 0.063 0.044 0.063 0.067 0.114 0.057 0.052 0.055 0.046 0.043     (0.000,0.181) (0.000,0.186) (0.000,0.269) (0.000,0.252) (0.000,0.358) (0.000,0.385) (0.000,0.420) (0.000,0.303) (0.000,0.231) (0.000,0.326) (0.000,0.348) (0.000,0.536) (0.000,0.303) (0.000,0.276) (0.000,0.288) (0.000,0.243) (0.000,0.229) 
520     3259   (12)   15 :  0.029 0.079 0.056 0.054 0.057 0.080 0.051 0.070 0.053 0.043 0.065 0.046 0.059 0.057 0.073 0.070 0.057     (0.000,0.154) (0.000,0.393) (0.000,0.294) (0.000,0.285) (0.000,0.301) (0.000,0.408) (0.000,0.268) (0.000,0.351) (0.000,0.271) (0.000,0.224) (0.000,0.340) (0.000,0.243) (0.000,0.314) (0.000,0.301) (0.000,0.377) (0.000,0.366) (0.000,0.298) 
521     1925    (0)   15 :  0.080 0.056 0.041 0.066 0.050 0.055 0.050 0.076 0.069 0.036 0.061 0.055 0.048 0.116 0.043 0.050 0.048     (0.000,0.383) (0.000,0.287) (0.000,0.217) (0.000,0.340) (0.000,0.265) (0.000,0.290) (0.000,0.267) (0.000,0.334) (0.000,0.332) (0.000,0.187) (0.000,0.321) (0.000,0.287) (0.000,0.255) (0.000,0.530) (0.000,0.224) (0.000,0.261) (0.000,0.251) 
527      681    (0)    7 :  0.028 0.038 0.071 0.072 0.060 0.090 0.055 0.037 0.031 0.095 0.065 0.052 0.058 0.047 0.068 0.068 0.066     (0.000,0.148) (0.000,0.201) (0.000,0.368) (0.000,0.371) (0.000,0.317) (0.000,0.455) (0.000,0.292) (0.000,0.194) (0.000,0.161) (0.000,0.472) (0.000,0.342) (0.000,0.276) (0.000,0.307) (0.000,0.247) (0.000,0.356) (0.000,0.358) (0.000,0.339) 
529     2607    (0)    4 :  0.026 0.054 0.042 0.090 0.058 0.055 0.067 0.038 0.055 0.081 0.087 0.055 0.068 0.042 0.061 0.043 0.080     (0.000,0.137) (0.000,0.281) (0.000,0.220) (0.000,0.449) (0.000,0.304) (0.000,0.290) (0.000,0.350) (0.000,0.196) (0.000,0.275) (0.000,0.403) (0.000,0.439) (0.000,0.290) (0.000,0.351) (0.000,0.221) (0.000,0.321) (0.000,0.225) (0.000,0.409) 
531      748    (0)    4 :  0.116 0.080 0.040 0.061 0.054 0.041 0.048 0.053 0.044 0.058 0.051 0.047 0.055 0.090 0.045 0.065 0.051     (0.000,0.515) (0.000,0.404) (0.000,0.209) (0.000,0.316) (0.000,0.285) (0.000,0.217) (0.000,0.255) (0.000,0.275) (0.000,0.232) (0.000,0.305) (0.000,0.270) (0.000,0.249) (0.000,0.288) (0.000,0.454) (0.000,0.239) (0.000,0.341) (0.000,0.270) 
539     3170   (25)    3 :  0.042 0.056 0.049 0.072 0.052 0.055 0.062 0.080 0.080 0.048 0.055 0.057 0.049 0.054 0.086 0.039 0.063     (0.000,0.222) (0.000,0.293) (0.000,0.261) (0.000,0.373) (0.000,0.277) (0.000,0.290) (0.000,0.329) (0.000,0.406) (0.000,0.395) (0.000,0.254) (0.000,0.287) (0.000,0.300) (0.000,0.260) (0.000,0.279) (0.000,0.439) (0.000,0.204) (0.000,0.332) 
541      302    (0)   15 :  0.113 0.053 0.049 0.039 0.057 0.053 0.058 0.047 0.034 0.058 0.071 0.053 0.065 0.117 0.057 0.042 0.034     (0.000,0.505) (0.000,0.275) (0.000,0.259) (0.000,0.208) (0.000,0.301) (0.000,0.277) (0.000,0.306) (0.000,0.245) (0.000,0.180) (0.000,0.307) (0.000,0.371) (0.000,0.279) (0.000,0.343) (0.000,0.553) (0.000,0.302) (0.000,0.223) (0.000,0.179) 
544      592    (0)   10 :  0.026 0.034 0.052 0.100 0.056 0.060 0.048 0.035 0.033 0.094 0.076 0.051 0.105 0.046 0.051 0.063 0.069     (0.000,0.138) (0.000,0.180) (0.000,0.272) (0.000,0.492) (0.000,0.299) (0.000,0.315) (0.000,0.255) (0.000,0.186) (0.000,0.173) (0.000,0.469) (0.000,0.391) (0.000,0.270) (0.000,0.505) (0.000,0.244) (0.000,0.270) (0.000,0.331) (0.000,0.357) 
552      775    (0)   14 :  0.045 0.047 0.068 0.041 0.062 0.076 0.070 0.030 0.046 0.056 0.074 0.067 0.060 0.080 0.087 0.049 0.040     (0.000,0.234) (0.000,0.249) (0.000,0.357) (0.000,0.216) (0.000,0.327) (0.000,0.394) (0.000,0.369) (0.000,0.159) (0.000,0.240) (0.000,0.295) (0.000,0.387) (0.000,0.351) (0.000,0.317) (0.000,0.407) (0.000,0.441) (0.000,0.257) (0.000,0.213) 
556     3203   (12)    3 :  0.060 0.040 0.055 0.047 0.060 0.058 0.058 0.049 0.091 0.058 0.060 0.063 0.051 0.052 0.087 0.064 0.047     (0.000,0.306) (0.000,0.209) (0.000,0.288) (0.000,0.250) (0.000,0.316) (0.000,0.302) (0.000,0.308) (0.000,0.257) (0.000,0.436) (0.000,0.304) (0.000,0.314) (0.000,0.330) (0.000,0.268) (0.000,0.275) (0.000,0.439) (0.000,0.335) (0.000,0.251) 
560     1857   (12)    2 :  0.027 0.057 0.038 0.094 0.060 0.033 0.058 0.057 0.074 0.074 0.055 0.058 0.060 0.041 0.052 0.047 0.116     (0.000,0.142) (0.000,0.298) (0.000,0.198) (0.000,0.463) (0.000,0.316) (0.000,0.175) (0.000,0.304) (0.000,0.290) (0.000,0.360) (0.000,0.372) (0.000,0.286) (0.000,0.305) (0.000,0.316) (0.000,0.214) (0.000,0.274) (0.000,0.250) (0.000,0.544) 
562     2338    (0)   10 :  0.033 0.209 0.039 0.054 0.063 0.039 0.048 0.029 0.025 0.057 0.057 0.044 0.048 0.065 0.055 0.035 0.100     (0.000,0.174) (0.000,0.637) (0.000,0.205) (0.000,0.278) (0.000,0.335) (0.000,0.205) (0.000,0.252) (0.000,0.156) (0.000,0.134) (0.000,0.296) (0.000,0.296) (0.000,0.228) (0.000,0.253) (0.000,0.327) (0.000,0.284) (0.000,0.186) (0.000,0.479) 
563     1924    (0)   15 :  0.048 0.079 0.060 0.073 0.054 0.054 0.069 0.051 0.047 0.090 0.054 0.046 0.047 0.048 0.067 0.050 0.063     (0.000,0.249) (0.000,0.400) (0.000,0.313) (0.000,0.379) (0.000,0.287) (0.000,0.283) (0.000,0.362) (0.000,0.268) (0.000,0.245) (0.000,0.451) (0.000,0.287) (0.000,0.243) (0.000,0.247) (0.000,0.254) (0.000,0.349) (0.000,0.264) (0.000,0.333) 
566     3507    (0)   15 :  0.048 0.068 0.074 0.069 0.061 0.053 0.052 0.039 0.058 0.050 0.053 0.049 0.052 0.058 0.100 0.064 0.053     (0.000,0.245) (0.000,0.348) (0.000,0.380) (0.000,0.355) (0.000,0.318) (0.000,0.280) (0.000,0.274) (0.000,0.204) (0.000,0.291) (0.000,0.262) (0.000,0.282) (0.000,0.258) (0.000,0.275) (0.000,0.304) (0.000,0.489) (0.000,0.332) (0.000,0.281) 
570      501    (0)   10 :  0.032 0.060 0.078 0.081 0.057 0.040 0.068 0.041 0.031 0.083 0.046 0.042 0.043 0.056 0.101 0.067 0.073     (0.000,0.170) (0.000,0.309) (0.000,0.400) (0.000,0.416) (0.000,0.300) (0.000,0.213) (0.000,0.358) (0.000,0.215) (0.000,0.165) (0.000,0.425) (0.000,0.242) (0.000,0.223) (0.000,0.228) (0.000,0.296) (0.000,0.498) (0.000,0.348) (0.000,0.384) 
572     2999   (25)   10 :  0.052 0.048 0.059 0.045 0.063 0.059 0.071 0.037 0.039 0.123 0.060 0.056 0.051 0.062 0.077 0.050 0.047     (0.000,0.273) (0.000,0.250) (0.000,0.313) (0.000,0.239) (0.000,0.334) (0.000,0.310) (0.000,0.375) (0.000,0.196) (0.000,0.204) (0.000,0.570) (0.000,0.319) (0.000,0.295) (0.000,0.269) (0.000,0.327) (0.000,0.402) (0.000,0.264) (0.000,0.249) 
577     3833    (0)    6 :  0.046 0.054 0.047 0.082 0.052 0.098 0.052 0.027 0.028 0.037 0.075 0.057 0.066 0.093 0.049 0.081 0.055     (0.000,0.240) (0.000,0.270) (0.000,0.246) (0.000,0.420) (0.000,0.279) (0.000,0.483) (0.000,0.275) (0.000,0.140) (0.000,0.150) (0.000,0.196) (0.000,0.391) (0.000,0.296) (0.000,0.345) (0.000,0.446) (0.000,0.259) (0.000,0.404) (0.000,0.290) 
579     3268    (0)   15 :  0.048 0.055 0.048 0.045 0.068 0.057 0.065 0.050 0.037 0.089 0.062 0.054 0.064 0.064 0.079 0.049 0.066     (0.000,0.245) (0.000,0.286) (0.000,0.252) (0.000,0.233) (0.000,0.351) (0.000,0.299) (0.000,0.341) (0.000,0.261) (0.000,0.195) (0.000,0.430) (0.000,0.321) (0.000,0.284) (0.000,0.333) (0.000,0.331) (0.000,0.382) (0.000,0.255) (0.000,0.341) 
582     2136    (0)   15 :  0.029 0.032 0.063 0.066 0.079 0.048 0.077 0.038 0.030 0.081 0.058 0.059 0.060 0.041 0.136 0.053 0.049     (0.000,0.156) (0.000,0.171) (0.000,0.332) (0.000,0.343) (0.000,0.405) (0.000,0.250) (0.000,0.404) (0.000,0.199) (0.000,0.159) (0.000,0.418) (0.000,0.306) (0.000,0.310) (0.000,0.314) (0.000,0.219) (0.000,0.611) (0.000,0.278) (0.000,0.261) 
583     3803    (0)   14 :  0.055 0.102 0.051 0.052 0.053 0.054 0.051 0.051 0.063 0.040 0.050 0.056 0.050 0.095 0.058 0.053 0.067     (0.000,0.282) (0.000,0.466) (0.000,0.271) (0.000,0.270) (0.000,0.281) (0.000,0.281) (0.000,0.270) (0.000,0.266) (0.000,0.315) (0.000,0.209) (0.000,0.262) (0.000,0.290) (0.000,0.265) (0.000,0.458) (0.000,0.303) (0.000,0.281) (0.000,0.350) 
587      127    (0)   15 :  0.068 0.051 0.042 0.052 0.061 0.062 0.054 0.031 0.128 0.050 0.062 0.046 0.047 0.046 0.061 0.085 0.053     (0.000,0.337) (0.000,0.264) (0.000,0.220) (0.000,0.270) (0.000,0.322) (0.000,0.324) (0.000,0.284) (0.000,0.162) (0.000,0.539) (0.000,0.259) (0.000,0.323) (0.000,0.243) (0.000,0.251) (0.000,0.243) (0.000,0.318) (0.000,0.433) (0.000,0.279) 
588     3315    (0)    8 :  0.041 0.034 0.046 0.051 0.053 0.061 0.051 0.131 0.137 0.046 0.055 0.055 0.049 0.067 0.039 0.047 0.038     (0.000,0.214) (0.000,0.177) (0.000,0.240) (0.000,0.270) (0.000,0.281) (0.000,0.320) (0.000,0.269) (0.000,0.512) (0.000,0.549) (0.000,0.242) (0.000,0.286) (0.000,0.285) (0.000,0.259) (0.000,0.339) (0.000,0.206) (0.000,0.244) (0.000,0.202) 
594     3333    (0)   13 :  0.036 0.021 0.070 0.048 0.068 0.056 0.067 0.034 0.072 0.042 0.050 0.084 0.065 0.053 0.134 0.060 0.041     (0.000,0.190) (0.000,0.109) (0.000,0.362) (0.000,0.254) (0.000,0.355) (0.000,0.294) (0.000,0.349) (0.000,0.181) (0.000,0.341) (0.000,0.219) (0.000,0.260) (0.000,0.421) (0.000,0.337) (0.000,0.272) (0.000,0.577) (0.000,0.313) (0.000,0.214) 
610     1939    (0)   15 :  0.057 0.037 0.050 0.053 0.071 0.052 0.083 0.055 0.043 0.074 0.065 0.069 0.052 0.059 0.096 0.047 0.037     (0.000,0.297) (0.000,0.195) (0.000,0.264) (0.000,0.279) (0.000,0.370) (0.000,0.273) (0.000,0.425) (0.000,0.287) (0.000,0.227) (0.000,0.379) (0.000,0.338) (0.000,0.361) (0.000,0.273) (0.000,0.311) (0.000,0.474) (0.000,0.251) (0.000,0.194) 
612      181    (0)   15 :  0.040 0.052 0.081 0.041 0.053 0.078 0.057 0.045 0.076 0.051 0.071 0.052 0.056 0.065 0.081 0.057 0.045     (0.000,0.207) (0.000,0.271) (0.000,0.414) (0.000,0.217) (0.000,0.280) (0.000,0.400) (0.000,0.301) (0.000,0.235) (0.000,0.387) (0.000,0.268) (0.000,0.369) (0.000,0.276) (0.000,0.297) (0.000,0.340) (0.000,0.413) (0.000,0.298) (0.000,0.237) 
613     3567    (0)    4 :  0.045 0.038 0.056 0.075 0.074 0.080 0.052 0.042 0.050 0.038 0.077 0.053 0.064 0.053 0.064 0.074 0.065     (0.000,0.235) (0.000,0.202) (0.000,0.294) (0.000,0.383) (0.000,0.382) (0.000,0.405) (0.000,0.276) (0.000,0.221) (0.000,0.259) (0.000,0.199) (0.000,0.398) (0.000,0.278) (0.000,0.338) (0.000,0.282) (0.000,0.336) (0.000,0.380) (0.000,0.335) 
614     3611    (0)   10 :  0.036 0.080 0.068 0.035 0.078 0.033 0.060 0.046 0.061 0.065 0.050 0.042 0.048 0.058 0.055 0.035 0.151     (0.000,0.186) (0.000,0.383) (0.000,0.346) (0.000,0.185) (0.000,0.404) (0.000,0.175) (0.000,0.306) (0.000,0.237) (0.000,0.299) (0.000,0.331) (0.000,0.261) (0.000,0.219) (0.000,0.251) (0.000,0.301) (0.000,0.288) (0.000,0.185) (0.000,0.546) 
616     1645    (0)   15 :  0.044 0.045 0.039 0.041 0.074 0.056 0.076 0.036 0.046 0.120 0.058 0.090 0.050 0.061 0.065 0.047 0.052     (0.000,0.229) (0.000,0.237) (0.000,0.208) (0.000,0.217) (0.000,0.388) (0.000,0.293) (0.000,0.399) (0.000,0.192) (0.000,0.240) (0.000,0.555) (0.000,0.304) (0.000,0.461) (0.000,0.263) (0.000,0.322) (0.000,0.338) (0.000,0.250) (0.000,0.273) 
617     2143   (12)   15 :  0.069 0.041 0.058 0.043 0.061 0.075 0.072 0.055 0.034 0.110 0.063 0.051 0.058 0.051 0.078 0.044 0.037     (0.000,0.346) (0.000,0.213) (0.000,0.306) (0.000,0.227) (0.000,0.322) (0.000,0.388) (0.000,0.375) (0.000,0.283) (0.000,0.182) (0.000,0.528) (0.000,0.333) (0.000,0.272) (0.000,0.308) (0.000,0.270) (0.000,0.402) (0.000,0.230) (0.000,0.197) 
619       92    (0)   15 :  0.048 0.051 0.077 0.051 0.055 0.045 0.058 0.044 0.039 0.115 0.047 0.039 0.076 0.047 0.118 0.046 0.041     (0.000,0.249) (0.000,0.265) (0.000,0.393) (0.000,0.267) (0.000,0.293) (0.000,0.236) (0.000,0.305) (0.000,0.234) (0.000,0.207) (0.000,0.507) (0.000,0.250) (0.000,0.208) (0.000,0.388) (0.000,0.250) (0.000,0.518) (0.000,0.243) (0.000,0.218) 
624     1393    (0)   16 :  0.100 0.042 0.058 0.074 0.056 0.041 0.057 0.034 0.046 0.046 0.043 0.047 0.050 0.053 0.124 0.072 0.057     (0.000,0.437) (0.000,0.221) (0.000,0.306) (0.000,0.375) (0.000,0.294) (0.000,0.215) (0.000,0.299) (0.000,0.182) (0.000,0.240) (0.000,0.240) (0.000,0.226) (0.000,0.250) (0.000,0.264) (0.000,0.275) (0.000,0.562) (0.000,0.371) (0.000,0.301) 
626     1888   (25)   11 :  0.043 0.029 0.069 0.078 0.060 0.055 0.056 0.052 0.061 0.042 0.037 0.045 0.057 0.039 0.113 0.102 0.062     (0.000,0.225) (0.000,0.154) (0.000,0.355) (0.000,0.400) (0.000,0.315) (0.000,0.291) (0.000,0.296) (0.000,0.275) (0.000,0.300) (0.000,0.219) (0.000,0.195) (0.000,0.239) (0.000,0.302) (0.000,0.207) (0.000,0.524) (0.000,0.500) (0.000,0.322) 
631     1885   (12)   11 :  0.074 0.047 0.045 0.046 0.060 0.078 0.059 0.058 0.035 0.073 0.063 0.060 0.056 0.089 0.051 0.064 0.043     (0.000,0.372) (0.000,0.247) (0.000,0.236) (0.000,0.242) (0.000,0.314) (0.000,0.404) (0.000,0.312) (0.000,0.301) (0.000,0.186) (0.000,0.379) (0.000,0.332) (0.000,0.317) (0.000,0.295) (0.000,0.453) (0.000,0.268) (0.000,0.336) (0.000,0.228) 
635      197    (0)   15 :  0.027 0.025 0.053 0.067 0.058 0.053 0.078 0.035 0.049 0.106 0.070 0.057 0.063 0.042 0.101 0.055 0.062     (0.000,0.142) (0.000,0.132) (0.000,0.276) (0.000,0.350) (0.000,0.307) (0.000,0.280) (0.000,0.405) (0.000,0.183) (0.000,0.250) (0.000,0.509) (0.000,0.362) (0.000,0.302) (0.000,0.329) (0.000,0.224) (0.000,0.490) (0.000,0.286) (0.000,0.324) 
642      861    (0)    3 :  0.075 0.079 0.097 0.050 0.052 0.066 0.063 0.051 0.029 0.043 0.047 0.066 0.053 0.086 0.061 0.041 0.042     (0.000,0.359) (0.000,0.377) (0.000,0.475) (0.000,0.260) (0.000,0.273) (0.000,0.339) (0.000,0.329) (0.000,0.264) (0.000,0.151) (0.000,0.225) (0.000,0.249) (0.000,0.341) (0.000,0.280) (0.000,0.418) (0.000,0.320) (0.000,0.217) (0.000,0.219) 
643     2174    (0)    5 :  0.039 0.051 0.061 0.061 0.062 0.055 0.064 0.037 0.044 0.121 0.059 0.056 0.072 0.058 0.068 0.041 0.053     (0.000,0.206) (0.000,0.264) (0.000,0.322) (0.000,0.315) (0.000,0.326) (0.000,0.290) (0.000,0.334) (0.000,0.195) (0.000,0.229) (0.000,0.555) (0.000,0.307) (0.000,0.295) (0.000,0.377) (0.000,0.302) (0.000,0.353) (0.000,0.219) (0.000,0.277) 
651     3016   (12)   10 :  0.032 0.038 0.074 0.071 0.054 0.042 0.065 0.039 0.030 0.104 0.053 0.055 0.048 0.058 0.064 0.068 0.105     (0.000,0.169) (0.000,0.200) (0.000,0.382) (0.000,0.367) (0.000,0.287) (0.000,0.221) (0.000,0.343) (0.000,0.202) (0.000,0.156) (0.000,0.508) (0.000,0.283) (0.000,0.290) (0.000,0.252) (0.000,0.301) (0.000,0.337) (0.000,0.356) (0.000,0.510) 
652     3498    (0)   15 :  0.050 0.082 0.072 0.044 0.095 0.042 0.072 0.032 0.030 0.061 0.050 0.051 0.048 0.048 0.058 0.044 0.119     (0.000,0.252) (0.000,0.377) (0.000,0.363) (0.000,0.232) (0.000,0.474) (0.000,0.219) (0.000,0.359) (0.000,0.171) (0.000,0.158) (0.000,0.315) (0.000,0.259) (0.000,0.266) (0.000,0.248) (0.000,0.251) (0.000,0.300) (0.000,0.231) (0.000,0.458) 
663     2382    (0)   14 :  0.039 0.039 0.064 0.047 0.060 0.076 0.052 0.055 0.074 0.034 0.083 0.081 0.065 0.086 0.051 0.048 0.046     (0.000,0.205) (0.000,0.203) (0.000,0.335) (0.000,0.245) (0.000,0.315) (0.000,0.393) (0.000,0.274) (0.000,0.284) (0.000,0.373) (0.000,0.180) (0.000,0.422) (0.000,0.417) (0.000,0.343) (0.000,0.430) (0.000,0.272) (0.000,0.254) (0.000,0.244) 
665      291    (0)   15 :  0.052 0.045 0.054 0.049 0.060 0.063 0.068 0.048 0.036 0.044 0.079 0.061 0.069 0.088 0.072 0.062 0.049     (0.000,0.264) (0.000,0.236) (0.000,0.286) (0.000,0.260) (0.000,0.316) (0.000,0.331) (0.000,0.356) (0.000,0.253) (0.000,0.191) (0.000,0.232) (0.000,0.409) (0.000,0.320) (0.000,0.361) (0.000,0.443) (0.000,0.372) (0.000,0.322) (0.000,0.259) 
674     1461    (0)    2 :  0.069 0.154 0.060 0.045 0.047 0.045 0.050 0.076 0.064 0.077 0.046 0.046 0.045 0.047 0.045 0.040 0.045     (0.000,0.346) (0.000,0.622) (0.000,0.316) (0.000,0.236) (0.000,0.249) (0.000,0.237) (0.000,0.264) (0.000,0.378) (0.000,0.329) (0.000,0.396) (0.000,0.242) (0.000,0.241) (0.000,0.236) (0.000,0.245) (0.000,0.240) (0.000,0.209) (0.000,0.236) 
685     3572    (0)    8 :  0.027 0.032 0.030 0.048 0.059 0.038 0.064 0.072 0.197 0.032 0.099 0.082 0.067 0.034 0.049 0.025 0.045     (0.000,0.145) (0.000,0.168) (0.000,0.160) (0.000,0.254) (0.000,0.301) (0.000,0.200) (0.000,0.333) (0.000,0.361) (0.000,0.644) (0.000,0.171) (0.000,0.492) (0.000,0.410) (0.000,0.346) (0.000,0.177) (0.000,0.256) (0.000,0.134) (0.000,0.239) 
687     2751   (12)   10 :  0.025 0.027 0.067 0.062 0.059 0.055 0.092 0.056 0.038 0.153 0.058 0.046 0.048 0.051 0.071 0.040 0.052     (0.000,0.133) (0.000,0.140) (0.000,0.351) (0.000,0.327) (0.000,0.312) (0.000,0.290) (0.000,0.460) (0.000,0.259) (0.000,0.193) (0.000,0.640) (0.000,0.304) (0.000,0.246) (0.000,0.254) (0.000,0.269) (0.000,0.371) (0.000,0.211) (0.000,0.273) 
691     3256    (0)   15 :  0.050 0.043 0.057 0.069 0.064 0.051 0.068 0.031 0.045 0.114 0.059 0.059 0.066 0.056 0.059 0.048 0.060     (0.000,0.256) (0.000,0.224) (0.000,0.300) (0.000,0.355) (0.000,0.337) (0.000,0.266) (0.000,0.356) (0.000,0.163) (0.000,0.237) (0.000,0.531) (0.000,0.310) (0.000,0.312) (0.000,0.346) (0.000,0.292) (0.000,0.307) (0.000,0.254) (0.000,0.312) 
692     2390    (0)    7 :  0.026 0.038 0.081 0.079 0.056 0.075 0.070 0.024 0.023 0.052 0.060 0.073 0.055 0.072 0.065 0.041 0.110     (0.000,0.139) (0.000,0.198) (0.000,0.406) (0.000,0.396) (0.000,0.298) (0.000,0.386) (0.000,0.366) (0.000,0.125) (0.000,0.120) (0.000,0.271) (0.000,0.316) (0.000,0.378) (0.000,0.289) (0.000,0.366) (0.000,0.343) (0.000,0.215) (0.000,0.523) 
695      245    (0)   15 :  0.057 0.061 0.078 0.032 0.060 0.067 0.059 0.043 0.091 0.038 0.061 0.052 0.078 0.080 0.051 0.050 0.041     (0.000,0.285) (0.000,0.306) (0.000,0.395) (0.000,0.170) (0.000,0.317) (0.000,0.347) (0.000,0.311) (0.000,0.224) (0.000,0.416) (0.000,0.200) (0.000,0.317) (0.000,0.274) (0.000,0.398) (0.000,0.404) (0.000,0.265) (0.000,0.263) (0.000,0.217) 
697     1689    (0)   13 :  0.036 0.060 0.053 0.072 0.056 0.078 0.046 0.037 0.054 0.040 0.070 0.050 0.056 0.052 0.053 0.122 0.064     (0.000,0.190) (0.000,0.295) (0.000,0.279) (0.000,0.373) (0.000,0.299) (0.000,0.395) (0.000,0.242) (0.000,0.196) (0.000,0.280) (0.000,0.212) (0.000,0.362) (0.000,0.263) (0.000,0.294) (0.000,0.273) (0.000,0.277) (0.000,0.551) (0.000,0.331) 
704     2744    (0)   10 :  0.029 0.053 0.056 0.056 0.052 0.061 0.088 0.044 0.039 0.091 0.066 0.054 0.050 0.050 0.089 0.056 0.067     (0.000,0.151) (0.000,0.277) (0.000,0.296) (0.000,0.295) (0.000,0.276) (0.000,0.318) (0.000,0.449) (0.000,0.228) (0.000,0.206) (0.000,0.454) (0.000,0.346) (0.000,0.283) (0.000,0.263) (0.000,0.262) (0.000,0.452) (0.000,0.296) (0.000,0.348) 
705      143    (0)   15 :  0.046 0.040 0.070 0.049 0.056 0.046 0.046 0.050 0.123 0.031 0.065 0.071 0.076 0.051 0.065 0.061 0.052     (0.000,0.239) (0.000,0.210) (0.000,0.361) (0.000,0.259) (0.000,0.293) (0.000,0.243) (0.000,0.241) (0.000,0.259) (0.000,0.496) (0.000,0.164) (0.000,0.341) (0.000,0.359) (0.000,0.387) (0.000,0.266) (0.000,0.337) (0.000,0.318) (0.000,0.271) 
709     3282   (12)   15 :  0.069 0.090 0.153 0.034 0.046 0.032 0.046 0.079 0.068 0.030 0.042 0.033 0.054 0.036 0.041 0.039 0.110     (0.000,0.332) (0.000,0.409) (0.000,0.557) (0.000,0.179) (0.000,0.243) (0.000,0.168) (0.000,0.239) (0.000,0.378) (0.000,0.325) (0.000,0.160) (0.000,0.217) (0.000,0.172) (0.000,0.280) (0.000,0.188) (0.000,0.215) (0.000,0.203) (0.000,0.486) 
711     1677    (0)   17 :  0.046 0.099 0.044 0.088 0.069 0.038 0.067 0.053 0.043 0.039 0.047 0.054 0.064 0.036 0.050 0.045 0.118     (0.000,0.237) (0.000,0.449) (0.000,0.232) (0.000,0.441) (0.000,0.355) (0.000,0.202) (0.000,0.347) (0.000,0.272) (0.000,0.223) (0.000,0.206) (0.000,0.249) (0.000,0.282) (0.000,0.332) (0.000,0.188) (0.000,0.265) (0.000,0.235) (0.000,0.548) 
712     1773    (0)    4 :  0.038 0.048 0.043 0.104 0.059 0.055 0.057 0.024 0.026 0.045 0.070 0.048 0.057 0.070 0.071 0.060 0.124     (0.000,0.197) (0.000,0.252) (0.000,0.228) (0.000,0.501) (0.000,0.309) (0.000,0.290) (0.000,0.303) (0.000,0.129) (0.000,0.139) (0.000,0.240) (0.000,0.364) (0.000,0.254) (0.000,0.302) (0.000,0.357) (0.000,0.367) (0.000,0.314) (0.000,0.562) 
722     1687   (12)   13 :  0.050 0.050 0.051 0.067 0.053 0.061 0.064 0.069 0.039 0.068 0.076 0.049 0.059 0.047 0.082 0.062 0.054     (0.000,0.259) (0.000,0.262) (0.000,0.268) (0.000,0.352) (0.000,0.281) (0.000,0.319) (0.000,0.334) (0.000,0.356) (0.000,0.205) (0.000,0.355) (0.000,0.397) (0.000,0.257) (0.000,0.313) (0.000,0.248) (0.000,0.418) (0.000,0.325) (0.000,0.285) 
727     3880    (0)   11 :  0.045 0.058 0.055 0.038 0.056 0.107 0.051 0.036 0.063 0.038 0.067 0.095 0.057 0.072 0.043 0.066 0.049     (0.000,0.237) (0.000,0.304) (0.000,0.291) (0.000,0.200) (0.000,0.298) (0.000,0.518) (0.000,0.272) (0.000,0.188) (0.000,0.328) (0.000,0.201) (0.000,0.354) (0.000,0.479) (0.000,0.304) (0.000,0.378) (0.000,0.227) (0.000,0.347) (0.000,0.261) 
728      384    (0)   12 :  0.023 0.025 0.099 0.048 0.070 0.097 0.076 0.040 0.053 0.048 0.059 0.067 0.072 0.038 0.077 0.053 0.054     (0.000,0.121) (0.000,0.131) (0.000,0.481) (0.000,0.252) (0.000,0.366) (0.000,0.471) (0.000,0.391) (0.000,0.208) (0.000,0.276) (0.000,0.255) (0.000,0.311) (0.000,0.353) (0.000,0.375) (0.000,0.201) (0.000,0.393) (0.000,0.278) (0.000,0.286) 
730     1805    (0)    8 :  0.098 0.095 0.049 0.038 0.040 0.044 0.041 0.150 0.111 0.043 0.044 0.037 0.043 0.039 0.040 0.048 0.040     (0.000,0.454) (0.000,0.453) (0.000,0.258) (0.000,0.203) (0.000,0.212) (0.000,0.233) (0.000,0.215) (0.000,0.615) (0.000,0.502) (0.000,0.226) (0.000,0.232) (0.000,0.195) (0.000,0.229) (0.000,0.206) (0.000,0.212) (0.000,0.254) (0.000,0.210) 
744      407    (0)    3 :  0.031 0.027 0.079 0.052 0.061 0.074 0.066 0.035 0.040 0.108 0.069 0.064 0.071 0.039 0.085 0.054 0.043     (0.000,0.163) (0.000,0.144) (0.000,0.406) (0.000,0.276) (0.000,0.322) (0.000,0.382) (0.000,0.349) (0.000,0.186) (0.000,0.209) (0.000,0.524) (0.000,0.362) (0.000,0.336) (0.000,0.372) (0.000,0.206) (0.000,0.438) (0.000,0.286) (0.000,0.229) 
749      306    (0)   15 :  0.049 0.054 0.049 0.131 0.056 0.045 0.062 0.037 0.037 0.036 0.051 0.039 0.052 0.054 0.056 0.055 0.137     (0.000,0.248) (0.000,0.278) (0.000,0.261) (0.000,0.588) (0.000,0.298) (0.000,0.238) (0.000,0.325) (0.000,0.196) (0.000,0.193) (0.000,0.189) (0.000,0.268) (0.000,0.206) (0.000,0.276) (0.000,0.281) (0.000,0.294) (0.000,0.285) (0.000,0.596) 
755     1084    (0)    8 :  0.026 0.030 0.033 0.044 0.038 0.035 0.044 0.352 0.127 0.033 0.035 0.035 0.031 0.031 0.036 0.036 0.033     (0.000,0.137) (0.000,0.160) (0.000,0.176) (0.000,0.228) (0.000,0.202) (0.000,0.186) (0.000,0.228) (0.000,0.781) (0.000,0.549) (0.000,0.177) (0.000,0.184) (0.000,0.183) (0.000,0.165) (0.000,0.162) (0.000,0.189) (0.000,0.190) (0.000,0.176) 
756     2147    (0)   15 :  0.031 0.039 0.064 0.085 0.054 0.037 0.074 0.032 0.034 0.074 0.038 0.042 0.048 0.050 0.170 0.043 0.085     (0.000,0.165) (0.000,0.203) (0.000,0.331) (0.000,0.423) (0.000,0.288) (0.000,0.193) (0.000,0.381) (0.000,0.167) (0.000,0.179) (0.000,0.362) (0.000,0.199) (0.000,0.224) (0.000,0.255) (0.000,0.259) (0.000,0.635) (0.000,0.228) (0.000,0.421) 
757     1612    (0)   15 :  0.065 0.055 0.095 0.055 0.055 0.056 0.060 0.046 0.051 0.076 0.049 0.045 0.054 0.057 0.078 0.052 0.051     (0.000,0.329) (0.000,0.285) (0.000,0.476) (0.000,0.291) (0.000,0.293) (0.000,0.293) (0.000,0.319) (0.000,0.242) (0.000,0.266) (0.000,0.392) (0.000,0.257) (0.000,0.237) (0.000,0.287) (0.000,0.296) (0.000,0.400) (0.000,0.275) (0.000,0.271) 
761      779    (0)   14 :  0.060 0.070 0.046 0.079 0.061 0.046 0.057 0.051 0.040 0.076 0.063 0.072 0.049 0.071 0.054 0.049 0.056     (0.000,0.306) (0.000,0.356) (0.000,0.243) (0.000,0.404) (0.000,0.321) (0.000,0.243) (0.000,0.299) (0.000,0.269) (0.000,0.209) (0.000,0.389) (0.000,0.327) (0.000,0.371) (0.000,0.258) (0.000,0.373) (0.000,0.285) (0.000,0.259) (0.000,0.296) 
764      696    (0)    4 :  0.019 0.020 0.042 0.171 0.054 0.052 0.044 0.034 0.021 0.033 0.043 0.051 0.055 0.049 0.026 0.139 0.149     (0.000,0.100) (0.000,0.105) (0.000,0.219) (0.000,0.662) (0.000,0.286) (0.000,0.271) (0.000,0.230) (0.000,0.174) (0.000,0.112) (0.000,0.172) (0.000,0.226) (0.000,0.267) (0.000,0.286) (0.000,0.256) (0.000,0.138) (0.000,0.582) (0.000,0.608) 
765      415    (0)    3 :  0.046 0.049 0.088 0.081 0.069 0.033 0.074 0.044 0.033 0.044 0.035 0.055 0.045 0.036 0.101 0.070 0.096     (0.000,0.234) (0.000,0.250) (0.000,0.437) (0.000,0.413) (0.000,0.353) (0.000,0.173) (0.000,0.382) (0.000,0.231) (0.000,0.175) (0.000,0.234) (0.000,0.186) (0.000,0.288) (0.000,0.236) (0.000,0.190) (0.000,0.491) (0.000,0.360) (0.000,0.471) 
770     2586    (0)    9 :  0.057 0.120 0.104 0.054 0.049 0.051 0.091 0.057 0.034 0.053 0.050 0.052 0.045 0.037 0.072 0.029 0.046     (0.000,0.292) (0.000,0.510) (0.000,0.501) (0.000,0.286) (0.000,0.258) (0.000,0.268) (0.000,0.457) (0.000,0.298) (0.000,0.179) (0.000,0.279) (0.000,0.263) (0.000,0.275) (0.000,0.236) (0.000,0.195) (0.000,0.372) (0.000,0.151) (0.000,0.243) 
772      662    (0)   15 :  0.048 0.070 0.054 0.054 0.056 0.072 0.073 0.040 0.036 0.057 0.070 0.055 0.058 0.065 0.089 0.058 0.046     (0.000,0.248) (0.000,0.361) (0.000,0.287) (0.000,0.285) (0.000,0.298) (0.000,0.375) (0.000,0.384) (0.000,0.209) (0.000,0.188) (0.000,0.299) (0.000,0.366) (0.000,0.292) (0.000,0.305) (0.000,0.341) (0.000,0.447) (0.000,0.304) (0.000,0.245) 
779     3251    (0)   15 :  0.032 0.032 0.062 0.055 0.054 0.045 0.059 0.061 0.128 0.050 0.043 0.046 0.046 0.039 0.138 0.053 0.056     (0.000,0.170) (0.000,0.171) (0.000,0.326) (0.000,0.291) (0.000,0.287) (0.000,0.237) (0.000,0.309) (0.000,0.320) (0.000,0.545) (0.000,0.261) (0.000,0.229) (0.000,0.241) (0.000,0.243) (0.000,0.204) (0.000,0.607) (0.000,0.280) (0.000,0.295) 
781      926    (0)   13 :  0.041 0.070 0.036 0.075 0.059 0.093 0.049 0.024 0.024 0.043 0.088 0.073 0.062 0.073 0.047 0.075 0.068     (0.000,0.216) (0.000,0.334) (0.000,0.189) (0.000,0.386) (0.000,0.310) (0.000,0.461) (0.000,0.258) (0.000,0.129) (0.000,0.128) (0.000,0.227) (0.000,0.447) (0.000,0.375) (0.000,0.326) (0.000,0.368) (0.000,0.250) (0.000,0.379) (0.000,0.355) 
783     3456    (0)    6 :  0.045 0.056 0.077 0.041 0.056 0.075 0.064 0.059 0.049 0.059 0.057 0.064 0.062 0.068 0.066 0.057 0.045     (0.000,0.232) (0.000,0.294) (0.000,0.397) (0.000,0.218) (0.000,0.297) (0.000,0.387) (0.000,0.334) (0.000,0.302) (0.000,0.253) (0.000,0.308) (0.000,0.301) (0.000,0.335) (0.000,0.328) (0.000,0.352) (0.000,0.343) (0.000,0.298) (0.000,0.240) 
786      844    (0)   16 :  0.041 0.045 0.107 0.054 0.056 0.075 0.067 0.033 0.034 0.073 0.067 0.053 0.091 0.049 0.067 0.048 0.042     (0.000,0.211) (0.000,0.233) (0.000,0.514) (0.000,0.285) (0.000,0.299) (0.000,0.386) (0.000,0.351) (0.000,0.175) (0.000,0.179) (0.000,0.374) (0.000,0.350) (0.000,0.279) (0.000,0.455) (0.000,0.258) (0.000,0.348) (0.000,0.251) (0.000,0.223) 
788     1649    (0)   15 :  0.093 0.085 0.055 0.048 0.060 0.036 0.075 0.034 0.034 0.072 0.049 0.052 0.042 0.054 0.087 0.069 0.056     (0.000,0.434) (0.000,0.423) (0.000,0.289) (0.000,0.253) (0.000,0.313) (0.000,0.192) (0.000,0.386) (0.000,0.179) (0.000,0.178) (0.000,0.373) (0.000,0.257) (0.000,0.275) (0.000,0.223) (0.000,0.281) (0.000,0.436) (0.000,0.360) (0.000,0.291) 
792     3420    (0)    9 :  0.054 0.040 0.043 0.027 0.032 0.029 0.031 0.145 0.361 0.023 0.026 0.027 0.034 0.028 0.034 0.036 0.030     (0.000,0.273) (0.000,0.208) (0.000,0.228) (0.000,0.142) (0.000,0.166) (0.000,0.155) (0.000,0.161) (0.000,0.599) (0.000,0.803) (0.000,0.120) (0.000,0.138) (0.000,0.145) (0.000,0.180) (0.000,0.150) (0.000,0.178) (0.000,0.190) (0.000,0.161) 
796       93    (0)   15 :  0.030 0.027 0.064 0.053 0.061 0.039 0.058 0.029 0.032 0.102 0.046 0.048 0.072 0.041 0.194 0.061 0.041     (0.000,0.156) (0.000,0.143) (0.000,0.333) (0.000,0.280) (0.000,0.320) (0.000,0.205) (0.000,0.307) (0.000,0.153) (0.000,0.166) (0.000,0.476) (0.000,0.245) (0.000,0.251) (0.000,0.371) (0.000,0.215) (0.000,0.685) (0.000,0.318) (0.000,0.215) 
798     1850    (0)    3 :  0.071 0.128 0.038 0.051 0.056 0.052 0.072 0.022 0.038 0.063 0.082 0.046 0.058 0.052 0.069 0.057 0.045     (0.000,0.344) (0.000,0.526) (0.000,0.200) (0.000,0.269) (0.000,0.295) (0.000,0.273) (0.000,0.373) (0.000,0.115) (0.000,0.200) (0.000,0.326) (0.000,0.421) (0.000,0.239) (0.000,0.304) (0.000,0.277) (0.000,0.358) (0.000,0.299) (0.000,0.236) 
799     1078    (0)    8 :  0.051 0.068 0.043 0.033 0.047 0.055 0.041 0.163 0.157 0.036 0.055 0.041 0.054 0.043 0.040 0.035 0.039     (0.000,0.263) (0.000,0.341) (0.000,0.227) (0.000,0.176) (0.000,0.247) (0.000,0.288) (0.000,0.215) (0.000,0.620) (0.000,0.609) (0.000,0.187) (0.000,0.286) (0.000,0.215) (0.000,0.281) (0.000,0.226) (0.000,0.213) (0.000,0.184) (0.000,0.205) 
804      572    (0)   10 :  0.034 0.045 0.054 0.111 0.055 0.059 0.060 0.051 0.041 0.053 0.086 0.065 0.066 0.040 0.057 0.051 0.072     (0.000,0.178) (0.000,0.233) (0.000,0.287) (0.000,0.526) (0.000,0.291) (0.000,0.306) (0.000,0.314) (0.000,0.264) (0.000,0.213) (0.000,0.280) (0.000,0.437) (0.000,0.339) (0.000,0.348) (0.000,0.211) (0.000,0.303) (0.000,0.267) (0.000,0.370) 
806     3158    (0)   14 :  0.050 0.041 0.047 0.068 0.054 0.062 0.057 0.089 0.050 0.046 0.069 0.051 0.057 0.090 0.056 0.059 0.056     (0.000,0.258) (0.000,0.214) (0.000,0.249) (0.000,0.355) (0.000,0.287) (0.000,0.327) (0.000,0.300) (0.000,0.440) (0.000,0.260) (0.000,0.241) (0.000,0.360) (0.000,0.271) (0.000,0.300) (0.000,0.449) (0.000,0.294) (0.000,0.310) (0.000,0.295) 
811      153    (0)   15 :  0.053 0.032 0.055 0.052 0.060 0.064 0.087 0.061 0.047 0.083 0.083 0.046 0.072 0.047 0.065 0.045 0.047     (0.000,0.269) (0.000,0.171) (0.000,0.290) (0.000,0.273) (0.000,0.316) (0.000,0.333) (0.000,0.438) (0.000,0.307) (0.000,0.245) (0.000,0.420) (0.000,0.417) (0.000,0.240) (0.000,0.371) (0.000,0.250) (0.000,0.341) (0.000,0.238) (0.000,0.248) 
812     2449    (0)   17 :  0.043 0.046 0.058 0.116 0.065 0.045 0.048 0.042 0.031 0.038 0.045 0.045 0.063 0.064 0.047 0.072 0.134     (0.000,0.222) (0.000,0.239) (0.000,0.302) (0.000,0.552) (0.000,0.340) (0.000,0.237) (0.000,0.251) (0.000,0.224) (0.000,0.162) (0.000,0.199) (0.000,0.238) (0.000,0.239) (0.000,0.330) (0.000,0.334) (0.000,0.247) (0.000,0.376) (0.000,0.597) 
817      702    (0)    4 :  0.043 0.038 0.051 0.083 0.071 0.053 0.053 0.042 0.059 0.047 0.041 0.064 0.077 0.077 0.028 0.056 0.118     (0.000,0.223) (0.000,0.200) (0.000,0.269) (0.000,0.421) (0.000,0.368) (0.000,0.279) (0.000,0.277) (0.000,0.219) (0.000,0.305) (0.000,0.245) (0.000,0.218) (0.000,0.333) (0.000,0.394) (0.000,0.399) (0.000,0.150) (0.000,0.293) (0.000,0.552) 
819      745    (0)    4 :  0.026 0.025 0.049 0.122 0.058 0.065 0.055 0.121 0.034 0.042 0.053 0.059 0.061 0.070 0.052 0.043 0.069     (0.000,0.136) (0.000,0.130) (0.000,0.256) (0.000,0.559) (0.000,0.305) (0.000,0.335) (0.000,0.292) (0.000,0.476) (0.000,0.174) (0.000,0.219) (0.000,0.277) (0.000,0.310) (0.000,0.319) (0.000,0.356) (0.000,0.274) (0.000,0.226) (0.000,0.355) 
820     1107    (0)    8 :  0.039 0.034 0.039 0.051 0.048 0.045 0.046 0.186 0.168 0.043 0.043 0.038 0.041 0.041 0.049 0.043 0.045     (0.000,0.203) (0.000,0.180) (0.000,0.207) (0.000,0.269) (0.000,0.256) (0.000,0.239) (0.000,0.241) (0.000,0.649) (0.000,0.647) (0.000,0.229) (0.000,0.228) (0.000,0.200) (0.000,0.218) (0.000,0.216) (0.000,0.255) (0.000,0.228) (0.000,0.234) 
823     2739    (0)   10 :  0.027 0.043 0.062 0.055 0.065 0.063 0.067 0.030 0.030 0.073 0.067 0.057 0.054 0.079 0.073 0.066 0.086     (0.000,0.143) (0.000,0.228) (0.000,0.326) (0.000,0.291) (0.000,0.342) (0.000,0.333) (0.000,0.353) (0.000,0.158) (0.000,0.158) (0.000,0.379) (0.000,0.352) (0.000,0.302) (0.000,0.283) (0.000,0.404) (0.000,0.377) (0.000,0.345) (0.000,0.428) 
824      714    (0)    4 :  0.071 0.063 0.058 0.075 0.059 0.056 0.073 0.045 0.024 0.107 0.055 0.066 0.050 0.039 0.064 0.039 0.055     (0.000,0.345) (0.000,0.316) (0.000,0.305) (0.000,0.387) (0.000,0.312) (0.000,0.293) (0.000,0.378) (0.000,0.235) (0.000,0.129) (0.000,0.512) (0.000,0.288) (0.000,0.347) (0.000,0.263) (0.000,0.208) (0.000,0.336) (0.000,0.209) (0.000,0.292) 
837      859   (25)    3 :  0.081 0.039 0.051 0.043 0.072 0.039 0.087 0.038 0.045 0.068 0.044 0.044 0.050 0.048 0.070 0.119 0.061     (0.000,0.410) (0.000,0.207) (0.000,0.270) (0.000,0.230) (0.000,0.375) (0.000,0.204) (0.000,0.438) (0.000,0.198) (0.000,0.236) (0.000,0.357) (0.000,0.232) (0.000,0.231) (0.000,0.264) (0.000,0.251) (0.000,0.365) (0.000,0.527) (0.000,0.321) 
838     2129   (25)   15 :  0.026 0.027 0.064 0.042 0.059 0.069 0.085 0.036 0.067 0.077 0.062 0.070 0.052 0.041 0.112 0.059 0.052     (0.000,0.135) (0.000,0.140) (0.000,0.335) (0.000,0.220) (0.000,0.314) (0.000,0.357) (0.000,0.429) (0.000,0.191) (0.000,0.332) (0.000,0.394) (0.000,0.328) (0.000,0.362) (0.000,0.272) (0.000,0.216) (0.000,0.535) (0.000,0.308) (0.000,0.277) 
841     3248   (12)   15 :  0.052 0.044 0.134 0.041 0.065 0.065 0.060 0.052 0.050 0.044 0.053 0.053 0.062 0.057 0.056 0.039 0.074     (0.000,0.269) (0.000,0.232) (0.000,0.516) (0.000,0.215) (0.000,0.340) (0.000,0.339) (0.000,0.312) (0.000,0.267) (0.000,0.260) (0.000,0.231) (0.000,0.277) (0.000,0.280) (0.000,0.321) (0.000,0.298) (0.000,0.292) (0.000,0.204) (0.000,0.352) 
844      221    (0)   15 :  0.028 0.059 0.047 0.049 0.075 0.044 0.086 0.028 0.022 0.083 0.046 0.156 0.041 0.036 0.120 0.042 0.037     (0.000,0.146) (0.000,0.294) (0.000,0.247) (0.000,0.261) (0.000,0.390) (0.000,0.234) (0.000,0.432) (0.000,0.147) (0.000,0.117) (0.000,0.413) (0.000,0.245) (0.000,0.628) (0.000,0.214) (0.000,0.191) (0.000,0.550) (0.000,0.223) (0.000,0.195) 
847     3470    (0)    6 :  0.070 0.051 0.063 0.036 0.062 0.084 0.069 0.035 0.054 0.053 0.072 0.070 0.065 0.068 0.063 0.048 0.037     (0.000,0.347) (0.000,0.266) (0.000,0.332) (0.000,0.189) (0.000,0.324) (0.000,0.422) (0.000,0.363) (0.000,0.183) (0.000,0.281) (0.000,0.280) (0.000,0.378) (0.000,0.362) (0.000,0.343) (0.000,0.358) (0.000,0.330) (0.000,0.253) (0.000,0.196) 
858      119    (0)   15 :  0.065 0.055 0.050 0.054 0.053 0.083 0.054 0.079 0.085 0.034 0.062 0.056 0.051 0.051 0.046 0.068 0.054     (0.000,0.329) (0.000,0.285) (0.000,0.262) (0.000,0.286) (0.000,0.278) (0.000,0.421) (0.000,0.287) (0.000,0.400) (0.000,0.414) (0.000,0.181) (0.000,0.326) (0.000,0.296) (0.000,0.270) (0.000,0.269) (0.000,0.242) (0.000,0.352) (0.000,0.284) 
859      112    (0)   15 :  0.033 0.030 0.048 0.057 0.062 0.051 0.050 0.062 0.101 0.050 0.063 0.051 0.095 0.058 0.081 0.051 0.056     (0.000,0.172) (0.000,0.156) (0.000,0.251) (0.000,0.297) (0.000,0.324) (0.000,0.269) (0.000,0.263) (0.000,0.313) (0.000,0.442) (0.000,0.263) (0.000,0.327) (0.000,0.269) (0.000,0.467) (0.000,0.306) (0.000,0.410) (0.000,0.268) (0.000,0.294) 
861      756    (0)    4 :  0.045 0.037 0.089 0.059 0.057 0.060 0.083 0.035 0.031 0.069 0.054 0.051 0.066 0.056 0.103 0.059 0.045     (0.000,0.231) (0.000,0.193) (0.000,0.446) (0.000,0.309) (0.000,0.302) (0.000,0.314) (0.000,0.422) (0.000,0.185) (0.000,0.162) (0.000,0.356) (0.000,0.285) (0.000,0.269) (0.000,0.344) (0.000,0.292) (0.000,0.495) (0.000,0.311) (0.000,0.240) 
865      873    (0)    6 :  0.037 0.047 0.066 0.036 0.056 0.062 0.049 0.087 0.136 0.043 0.061 0.056 0.055 0.052 0.067 0.049 0.041     (0.000,0.196) (0.000,0.245) (0.000,0.345) (0.000,0.192) (0.000,0.295) (0.000,0.321) (0.000,0.261) (0.000,0.422) (0.000,0.564) (0.000,0.224) (0.000,0.318) (0.000,0.293) (0.000,0.293) (0.000,0.272) (0.000,0.349) (0.000,0.259) (0.000,0.216) 
866     3744   (25)    5 :  0.044 0.072 0.062 0.052 0.063 0.054 0.062 0.036 0.065 0.098 0.044 0.072 0.070 0.061 0.052 0.037 0.055     (0.000,0.229) (0.000,0.373) (0.000,0.326) (0.000,0.273) (0.000,0.332) (0.000,0.285) (0.000,0.325) (0.000,0.192) (0.000,0.333) (0.000,0.481) (0.000,0.231) (0.000,0.373) (0.000,0.367) (0.000,0.322) (0.000,0.276) (0.000,0.196) (0.000,0.289) 
874     3014    (0)   10 :  0.043 0.087 0.042 0.044 0.059 0.048 0.051 0.058 0.031 0.178 0.041 0.085 0.044 0.047 0.053 0.046 0.042     (0.000,0.219) (0.000,0.396) (0.000,0.219) (0.000,0.234) (0.000,0.315) (0.000,0.255) (0.000,0.270) (0.000,0.299) (0.000,0.161) (0.000,0.673) (0.000,0.216) (0.000,0.420) (0.000,0.232) (0.000,0.248) (0.000,0.282) (0.000,0.240) (0.000,0.222) 
881     3854    (0)    7 :  0.062 0.045 0.045 0.075 0.060 0.060 0.067 0.045 0.049 0.044 0.082 0.059 0.077 0.076 0.061 0.048 0.046     (0.000,0.313) (0.000,0.233) (0.000,0.236) (0.000,0.383) (0.000,0.316) (0.000,0.315) (0.000,0.353) (0.000,0.235) (0.000,0.256) (0.000,0.230) (0.000,0.416) (0.000,0.311) (0.000,0.396) (0.000,0.392) (0.000,0.320) (0.000,0.253) (0.000,0.241) 
883     3367    (0)   13 :  0.057 0.051 0.049 0.057 0.092 0.055 0.057 0.039 0.052 0.067 0.067 0.042 0.059 0.049 0.052 0.049 0.105     (0.000,0.285) (0.000,0.264) (0.000,0.253) (0.000,0.295) (0.000,0.454) (0.000,0.281) (0.000,0.293) (0.000,0.205) (0.000,0.271) (0.000,0.339) (0.000,0.341) (0.000,0.222) (0.000,0.305) (0.000,0.257) (0.000,0.274) (0.000,0.258) (0.000,0.413) 
887     2377    (0)   14 :  0.028 0.030 0.062 0.087 0.073 0.046 0.083 0.023 0.029 0.051 0.067 0.061 0.086 0.068 0.060 0.076 0.069     (0.000,0.146) (0.000,0.160) (0.000,0.321) (0.000,0.437) (0.000,0.379) (0.000,0.243) (0.000,0.424) (0.000,0.122) (0.000,0.151) (0.000,0.269) (0.000,0.348) (0.000,0.318) (0.000,0.426) (0.000,0.354) (0.000,0.310) (0.000,0.391) (0.000,0.356) 
888      121   (25)   16 :  0.057 0.070 0.077 0.049 0.057 0.066 0.073 0.034 0.037 0.049 0.061 0.055 0.059 0.050 0.068 0.061 0.076     (0.000,0.281) (0.000,0.346) (0.000,0.392) (0.000,0.259) (0.000,0.302) (0.000,0.342) (0.000,0.383) (0.000,0.177) (0.000,0.193) (0.000,0.260) (0.000,0.323) (0.000,0.290) (0.000,0.313) (0.000,0.265) (0.000,0.357) (0.000,0.317) (0.000,0.386) 
890      217    (0)   15 :  0.021 0.032 0.059 0.046 0.060 0.042 0.073 0.035 0.029 0.165 0.059 0.057 0.046 0.033 0.149 0.041 0.054     (0.000,0.112) (0.000,0.169) (0.000,0.308) (0.000,0.240) (0.000,0.313) (0.000,0.218) (0.000,0.382) (0.000,0.184) (0.000,0.154) (0.000,0.656) (0.000,0.311) (0.000,0.296) (0.000,0.242) (0.000,0.176) (0.000,0.625) (0.000,0.215) (0.000,0.287) 
891     1559   (12)    2 :  0.065 0.046 0.050 0.036 0.172 0.051 0.058 0.053 0.045 0.051 0.081 0.048 0.069 0.058 0.041 0.039 0.036     (0.000,0.328) (0.000,0.239) (0.000,0.258) (0.000,0.189) (0.000,0.645) (0.000,0.262) (0.000,0.288) (0.000,0.271) (0.000,0.231) (0.000,0.253) (0.000,0.369) (0.000,0.246) (0.000,0.336) (0.000,0.296) (0.000,0.212) (0.000,0.201) (0.000,0.188) 
892     2126    (0)   15 :  0.039 0.043 0.053 0.050 0.064 0.057 0.101 0.030 0.024 0.095 0.060 0.072 0.052 0.054 0.119 0.047 0.040     (0.000,0.206) (0.000,0.224) (0.000,0.280) (0.000,0.262) (0.000,0.334) (0.000,0.303) (0.000,0.498) (0.000,0.161) (0.000,0.124) (0.000,0.468) (0.000,0.316) (0.000,0.377) (0.000,0.275) (0.000,0.281) (0.000,0.558) (0.000,0.250) (0.000,0.212) 
893     3245    (0)   15 :  0.044 0.045 0.056 0.076 0.060 0.092 0.052 0.057 0.058 0.047 0.080 0.062 0.058 0.051 0.053 0.059 0.050     (0.000,0.229) (0.000,0.233) (0.000,0.296) (0.000,0.389) (0.000,0.316) (0.000,0.458) (0.000,0.274) (0.000,0.295) (0.000,0.300) (0.000,0.249) (0.000,0.411) (0.000,0.324) (0.000,0.306) (0.000,0.270) (0.000,0.282) (0.000,0.309) (0.000,0.263) 
894     3836    (0)    3 :  0.039 0.040 0.078 0.072 0.062 0.056 0.073 0.034 0.030 0.076 0.061 0.057 0.055 0.048 0.110 0.050 0.059     (0.000,0.203) (0.000,0.214) (0.000,0.405) (0.000,0.372) (0.000,0.327) (0.000,0.294) (0.000,0.382) (0.000,0.178) (0.000,0.159) (0.000,0.392) (0.000,0.320) (0.000,0.301) (0.000,0.293) (0.000,0.252) (0.000,0.532) (0.000,0.262) (0.000,0.309) 
896      232    (0)   15 :  0.037 0.048 0.064 0.063 0.060 0.058 0.050 0.032 0.060 0.051 0.059 0.068 0.054 0.094 0.076 0.060 0.065     (0.000,0.195) (0.000,0.254) (0.000,0.334) (0.000,0.322) (0.000,0.319) (0.000,0.304) (0.000,0.263) (0.000,0.170) (0.000,0.296) (0.000,0.267) (0.000,0.312) (0.000,0.350) (0.000,0.285) (0.000,0.450) (0.000,0.387) (0.000,0.311) (0.000,0.336) 
897     3600   (12)   10 :  0.023 0.027 0.063 0.038 0.057 0.069 0.044 0.023 0.038 0.051 0.056 0.211 0.070 0.051 0.035 0.067 0.077     (0.000,0.122) (0.000,0.143) (0.000,0.329) (0.000,0.198) (0.000,0.305) (0.000,0.348) (0.000,0.232) (0.000,0.119) (0.000,0.200) (0.000,0.264) (0.000,0.288) (0.000,0.678) (0.000,0.352) (0.000,0.267) (0.000,0.184) (0.000,0.347) (0.000,0.367) 
905     1035    (0)   11 :  0.017 0.021 0.067 0.051 0.071 0.064 0.079 0.040 0.047 0.061 0.094 0.068 0.087 0.066 0.054 0.053 0.058     (0.000,0.092) (0.000,0.111) (0.000,0.346) (0.000,0.267) (0.000,0.367) (0.000,0.332) (0.000,0.401) (0.000,0.198) (0.000,0.229) (0.000,0.318) (0.000,0.468) (0.000,0.355) (0.000,0.437) (0.000,0.340) (0.000,0.285) (0.000,0.280) (0.000,0.305) 
909     2476    (0)   11 :  0.097 0.091 0.049 0.058 0.053 0.080 0.051 0.045 0.062 0.039 0.066 0.039 0.056 0.046 0.057 0.063 0.049     (0.000,0.453) (0.000,0.439) (0.000,0.261) (0.000,0.307) (0.000,0.280) (0.000,0.407) (0.000,0.268) (0.000,0.234) (0.000,0.318) (0.000,0.203) (0.000,0.345) (0.000,0.207) (0.000,0.296) (0.000,0.243) (0.000,0.299) (0.000,0.330) (0.000,0.258) 
911     1785    (0)   12 :  0.041 0.034 0.065 0.053 0.081 0.069 0.106 0.048 0.031 0.056 0.057 0.080 0.061 0.053 0.076 0.040 0.047     (0.000,0.215) (0.000,0.180) (0.000,0.338) (0.000,0.278) (0.000,0.413) (0.000,0.360) (0.000,0.515) (0.000,0.249) (0.000,0.161) (0.000,0.295) (0.000,0.304) (0.000,0.414) (0.000,0.322) (0.000,0.279) (0.000,0.390) (0.000,0.213) (0.000,0.250) 
915      898    (0)   13 :  0.050 0.039 0.042 0.048 0.049 0.058 0.056 0.116 0.127 0.049 0.074 0.052 0.071 0.034 0.047 0.043 0.045     (0.000,0.257) (0.000,0.205) (0.000,0.224) (0.000,0.251) (0.000,0.258) (0.000,0.304) (0.000,0.298) (0.000,0.513) (0.000,0.544) (0.000,0.255) (0.000,0.380) (0.000,0.277) (0.000,0.362) (0.000,0.181) (0.000,0.247) (0.000,0.226) (0.000,0.236) 
916     3224   (12)   15 :  0.025 0.050 0.048 0.047 0.216 0.050 0.052 0.038 0.051 0.043 0.056 0.041 0.088 0.047 0.039 0.050 0.060     (0.000,0.134) (0.000,0.253) (0.000,0.247) (0.000,0.241) (0.000,0.713) (0.000,0.255) (0.000,0.261) (0.000,0.196) (0.000,0.254) (0.000,0.223) (0.000,0.283) (0.000,0.214) (0.000,0.409) (0.000,0.246) (0.000,0.203) (0.000,0.259) (0.000,0.298) 
919     3193   (12)    3 :  0.029 0.124 0.061 0.056 0.051 0.074 0.041 0.032 0.050 0.047 0.063 0.060 0.059 0.054 0.042 0.066 0.092     (0.000,0.151) (0.000,0.546) (0.000,0.318) (0.000,0.293) (0.000,0.268) (0.000,0.380) (0.000,0.218) (0.000,0.169) (0.000,0.254) (0.000,0.248) (0.000,0.331) (0.000,0.312) (0.000,0.310) (0.000,0.281) (0.000,0.221) (0.000,0.348) (0.000,0.459) 
921      481    (0)   10 :  0.067 0.270 0.043 0.049 0.041 0.034 0.043 0.042 0.032 0.080 0.040 0.039 0.038 0.039 0.042 0.051 0.050     (0.000,0.335) (0.000,0.765) (0.000,0.226) (0.000,0.259) (0.000,0.217) (0.000,0.179) (0.000,0.226) (0.000,0.218) (0.000,0.170) (0.000,0.411) (0.000,0.211) (0.000,0.204) (0.000,0.201) (0.000,0.206) (0.000,0.225) (0.000,0.269) (0.000,0.264) 
940     3279   (12)   15 :  0.094 0.046 0.059 0.055 0.061 0.041 0.060 0.035 0.063 0.082 0.051 0.051 0.058 0.068 0.078 0.049 0.048     (0.000,0.446) (0.000,0.241) (0.000,0.308) (0.000,0.289) (0.000,0.322) (0.000,0.218) (0.000,0.318) (0.000,0.185) (0.000,0.320) (0.000,0.415) (0.000,0.269) (0.000,0.269) (0.000,0.306) (0.000,0.351) (0.000,0.397) (0.000,0.261) (0.000,0.252) 
947       96    (0)   15 :  0.049 0.105 0.111 0.050 0.056 0.042 0.089 0.032 0.031 0.045 0.040 0.052 0.043 0.040 0.125 0.047 0.044     (0.000,0.249) (0.000,0.478) (0.000,0.529) (0.000,0.262) (0.000,0.293) (0.000,0.222) (0.000,0.450) (0.000,0.171) (0.000,0.164) (0.000,0.239) (0.000,0.212) (0.000,0.271) (0.000,0.227) (0.000,0.211) (0.000,0.565) (0.000,0.246) (0.000,0.231) 
956     1765    (0)    4 :  0.043 0.074 0.059 0.044 0.075 0.061 0.053 0.021 0.028 0.038 0.057 0.110 0.084 0.090 0.063 0.048 0.052     (0.000,0.221) (0.000,0.340) (0.000,0.305) (0.000,0.229) (0.000,0.384) (0.000,0.316) (0.000,0.279) (0.000,0.111) (0.000,0.146) (0.000,0.199) (0.000,0.301) (0.000,0.495) (0.000,0.422) (0.000,0.436) (0.000,0.324) (0.000,0.252) (0.000,0.270) 
962     2759   (12)   10 :  0.031 0.096 0.077 0.035 0.053 0.086 0.043 0.052 0.108 0.045 0.056 0.048 0.057 0.052 0.056 0.056 0.047     (0.000,0.163) (0.000,0.458) (0.000,0.401) (0.000,0.188) (0.000,0.279) (0.000,0.435) (0.000,0.225) (0.000,0.268) (0.000,0.487) (0.000,0.238) (0.000,0.297) (0.000,0.255) (0.000,0.304) (0.000,0.274) (0.000,0.296) (0.000,0.297) (0.000,0.248) 
975     1491    (0)    2 :  0.105 0.151 0.060 0.054 0.048 0.036 0.044 0.062 0.049 0.043 0.040 0.037 0.047 0.043 0.066 0.064 0.052     (0.000,0.456) (0.000,0.614) (0.000,0.314) (0.000,0.283) (0.000,0.251) (0.000,0.191) (0.000,0.234) (0.000,0.320) (0.000,0.249) (0.000,0.224) (0.000,0.213) (0.000,0.193) (0.000,0.246) (0.000,0.226) (0.000,0.342) (0.000,0.336) (0.000,0.273) 
976     3868   (25)    3 :  0.073 0.089 0.076 0.045 0.053 0.043 0.069 0.038 0.047 0.061 0.057 0.047 0.053 0.066 0.075 0.054 0.055     (0.000,0.360) (0.000,0.444) (0.000,0.393) (0.000,0.235) (0.000,0.281) (0.000,0.229) (0.000,0.364) (0.000,0.198) (0.000,0.248) (0.000,0.320) (0.000,0.301) (0.000,0.246) (0.000,0.280) (0.000,0.346) (0.000,0.385) (0.000,0.287) (0.000,0.291) 
977     3576    (0)    8 :  0.036 0.041 0.058 0.052 0.061 0.114 0.059 0.036 0.053 0.042 0.060 0.086 0.066 0.072 0.062 0.048 0.055     (0.000,0.187) (0.000,0.218) (0.000,0.306) (0.000,0.269) (0.000,0.321) (0.000,0.542) (0.000,0.310) (0.000,0.191) (0.000,0.276) (0.000,0.222) (0.000,0.315) (0.000,0.437) (0.000,0.346) (0.000,0.366) (0.000,0.330) (0.000,0.253) (0.000,0.287) 
984     3278    (0)   15 :  0.047 0.095 0.059 0.071 0.057 0.063 0.059 0.042 0.031 0.073 0.066 0.051 0.054 0.056 0.070 0.050 0.055     (0.000,0.244) (0.000,0.468) (0.000,0.309) (0.000,0.367) (0.000,0.301) (0.000,0.332) (0.000,0.311) (0.000,0.224) (0.000,0.162) (0.000,0.380) (0.000,0.350) (0.000,0.273) (0.000,0.284) (0.000,0.293) (0.000,0.364) (0.000,0.266) (0.000,0.292) 
985     2460   (12)   11 :  0.037 0.024 0.139 0.044 0.067 0.051 0.063 0.033 0.037 0.037 0.072 0.058 0.067 0.065 0.090 0.037 0.078     (0.000,0.193) (0.000,0.129) (0.000,0.522) (0.000,0.230) (0.000,0.351) (0.000,0.268) (0.000,0.327) (0.000,0.175) (0.000,0.197) (0.000,0.193) (0.000,0.365) (0.000,0.304) (0.000,0.346) (0.000,0.327) (0.000,0.450) (0.000,0.195) (0.000,0.371) 
995     3213    (0)   15 :  0.019 0.037 0.046 0.036 0.032 0.037 0.035 0.341 0.133 0.033 0.039 0.028 0.037 0.030 0.043 0.037 0.036     (0.000,0.103) (0.000,0.197) (0.000,0.243) (0.000,0.189) (0.000,0.170) (0.000,0.197) (0.000,0.184) (0.000,0.802) (0.000,0.552) (0.000,0.174) (0.000,0.205) (0.000,0.149) (0.000,0.195) (0.000,0.157) (0.000,0.227) (0.000,0.195) (0.000,0.189) 
999     1767    (0)   12 :  0.049 0.046 0.057 0.088 0.060 0.061 0.056 0.029 0.025 0.062 0.084 0.060 0.077 0.077 0.069 0.041 0.058     (0.000,0.252) (0.000,0.241) (0.000,0.299) (0.000,0.436) (0.000,0.319) (0.000,0.323) (0.000,0.298) (0.000,0.154) (0.000,0.134) (0.000,0.324) (0.000,0.429) (0.000,0.317) (0.000,0.396) (0.000,0.389) (0.000,0.363) (0.000,0.214) (0.000,0.307) 
1002     2000    (0)   13 :  0.067 0.068 0.044 0.073 0.056 0.076 0.054 0.037 0.032 0.045 0.071 0.049 0.055 0.072 0.047 0.096 0.058     (0.000,0.325) (0.000,0.344) (0.000,0.234) (0.000,0.379) (0.000,0.296) (0.000,0.392) (0.000,0.283) (0.000,0.197) (0.000,0.170) (0.000,0.239) (0.000,0.371) (0.000,0.258) (0.000,0.289) (0.000,0.371) (0.000,0.248) (0.000,0.472) (0.000,0.305) 
1005      130    (0)   16 :  0.055 0.048 0.047 0.083 0.059 0.058 0.059 0.060 0.066 0.053 0.056 0.045 0.061 0.073 0.060 0.050 0.065     (0.000,0.286) (0.000,0.254) (0.000,0.249) (0.000,0.422) (0.000,0.312) (0.000,0.306) (0.000,0.309) (0.000,0.310) (0.000,0.334) (0.000,0.282) (0.000,0.292) (0.000,0.238) (0.000,0.322) (0.000,0.377) (0.000,0.315) (0.000,0.266) (0.000,0.336) 
1011     3261    (0)   15 :  0.048 0.097 0.050 0.036 0.048 0.048 0.050 0.067 0.159 0.067 0.049 0.044 0.043 0.041 0.053 0.052 0.047     (0.000,0.249) (0.000,0.461) (0.000,0.265) (0.000,0.189) (0.000,0.253) (0.000,0.253) (0.000,0.264) (0.000,0.345) (0.000,0.623) (0.000,0.344) (0.000,0.259) (0.000,0.229) (0.000,0.229) (0.000,0.219) (0.000,0.281) (0.000,0.277) (0.000,0.245) 
1012     2475    (0)    8 :  0.029 0.034 0.027 0.029 0.030 0.031 0.029 0.479 0.077 0.025 0.030 0.026 0.030 0.035 0.029 0.030 0.030     (0.000,0.151) (0.000,0.176) (0.000,0.142) (0.000,0.152) (0.000,0.158) (0.000,0.163) (0.000,0.153) (0.006,0.867) (0.000,0.402) (0.000,0.134) (0.000,0.158) (0.000,0.140) (0.000,0.161) (0.000,0.187) (0.000,0.152) (0.000,0.160) (0.000,0.158) 
1013      530   (25)   10 :  0.039 0.042 0.054 0.091 0.055 0.072 0.046 0.034 0.057 0.084 0.072 0.049 0.068 0.047 0.048 0.091 0.051     (0.000,0.206) (0.000,0.222) (0.000,0.282) (0.000,0.451) (0.000,0.296) (0.000,0.366) (0.000,0.243) (0.000,0.179) (0.000,0.290) (0.000,0.427) (0.000,0.367) (0.000,0.261) (0.000,0.352) (0.000,0.246) (0.000,0.249) (0.000,0.455) (0.000,0.270) 
1021      560    (0)   10 :  0.057 0.139 0.085 0.052 0.045 0.047 0.070 0.059 0.064 0.056 0.043 0.042 0.042 0.033 0.078 0.037 0.049     (0.000,0.290) (0.000,0.576) (0.000,0.428) (0.000,0.276) (0.000,0.240) (0.000,0.246) (0.000,0.365) (0.000,0.308) (0.000,0.324) (0.000,0.295) (0.000,0.228) (0.000,0.220) (0.000,0.221) (0.000,0.176) (0.000,0.402) (0.000,0.198) (0.000,0.259) 
1030      569   (25)   10 :  0.039 0.030 0.064 0.063 0.061 0.091 0.070 0.028 0.026 0.054 0.087 0.058 0.057 0.083 0.062 0.067 0.059     (0.000,0.204) (0.000,0.161) (0.000,0.336) (0.000,0.335) (0.000,0.321) (0.000,0.461) (0.000,0.371) (0.000,0.146) (0.000,0.139) (0.000,0.287) (0.000,0.448) (0.000,0.307) (0.000,0.304) (0.000,0.429) (0.000,0.328) (0.000,0.354) (0.000,0.313) 
1031      272    (0)   15 :  0.022 0.026 0.040 0.100 0.058 0.045 0.068 0.036 0.027 0.094 0.062 0.047 0.068 0.054 0.151 0.038 0.066     (0.000,0.115) (0.000,0.137) (0.000,0.209) (0.000,0.475) (0.000,0.306) (0.000,0.236) (0.000,0.354) (0.000,0.188) (0.000,0.145) (0.000,0.434) (0.000,0.320) (0.000,0.247) (0.000,0.352) (0.000,0.279) (0.000,0.610) (0.000,0.200) (0.000,0.342) 
1056     2371    (0)   10 :  0.042 0.043 0.048 0.037 0.101 0.049 0.091 0.029 0.033 0.092 0.049 0.057 0.048 0.041 0.055 0.060 0.127     (0.000,0.216) (0.000,0.227) (0.000,0.252) (0.000,0.195) (0.000,0.496) (0.000,0.255) (0.000,0.434) (0.000,0.151) (0.000,0.174) (0.000,0.442) (0.000,0.255) (0.000,0.294) (0.000,0.252) (0.000,0.213) (0.000,0.286) (0.000,0.297) (0.000,0.480) 
1057      122    (0)   15 :  0.031 0.059 0.071 0.077 0.058 0.042 0.075 0.040 0.067 0.045 0.045 0.047 0.040 0.041 0.144 0.059 0.059     (0.000,0.165) (0.000,0.304) (0.000,0.368) (0.000,0.394) (0.000,0.304) (0.000,0.220) (0.000,0.387) (0.000,0.208) (0.000,0.326) (0.000,0.238) (0.000,0.240) (0.000,0.247) (0.000,0.213) (0.000,0.216) (0.000,0.618) (0.000,0.313) (0.000,0.311) 
1061     3843    (0)    3 :  0.030 0.051 0.062 0.067 0.096 0.056 0.066 0.038 0.026 0.051 0.057 0.048 0.053 0.050 0.067 0.053 0.129     (0.000,0.157) (0.000,0.267) (0.000,0.321) (0.000,0.345) (0.000,0.468) (0.000,0.291) (0.000,0.335) (0.000,0.197) (0.000,0.137) (0.000,0.266) (0.000,0.297) (0.000,0.252) (0.000,0.279) (0.000,0.259) (0.000,0.340) (0.000,0.273) (0.000,0.485) 
1089     1093    (0)   11 :  0.049 0.040 0.050 0.058 0.058 0.051 0.061 0.045 0.030 0.058 0.061 0.066 0.070 0.118 0.042 0.053 0.090     (0.000,0.252) (0.000,0.212) (0.000,0.260) (0.000,0.304) (0.000,0.305) (0.000,0.268) (0.000,0.320) (0.000,0.235) (0.000,0.159) (0.000,0.302) (0.000,0.319) (0.000,0.345) (0.000,0.359) (0.000,0.546) (0.000,0.223) (0.000,0.278) (0.000,0.452) 
1091      575    (0)   10 :  0.040 0.036 0.055 0.071 0.074 0.056 0.072 0.045 0.030 0.074 0.060 0.070 0.089 0.059 0.068 0.051 0.051     (0.000,0.211) (0.000,0.190) (0.000,0.287) (0.000,0.369) (0.000,0.380) (0.000,0.294) (0.000,0.377) (0.000,0.235) (0.000,0.158) (0.000,0.385) (0.000,0.313) (0.000,0.362) (0.000,0.451) (0.000,0.308) (0.000,0.356) (0.000,0.266) (0.000,0.267) 
1092     3571    (0)    4 :  0.034 0.071 0.046 0.102 0.065 0.094 0.062 0.042 0.047 0.051 0.056 0.043 0.053 0.046 0.049 0.059 0.080     (0.000,0.178) (0.000,0.339) (0.000,0.240) (0.000,0.472) (0.000,0.344) (0.000,0.448) (0.000,0.321) (0.000,0.222) (0.000,0.248) (0.000,0.267) (0.000,0.294) (0.000,0.226) (0.000,0.280) (0.000,0.240) (0.000,0.260) (0.000,0.307) (0.000,0.394) 
1095     3187   (12)    3 :  0.029 0.066 0.071 0.095 0.053 0.058 0.060 0.047 0.040 0.063 0.058 0.040 0.048 0.047 0.081 0.063 0.080     (0.000,0.152) (0.000,0.339) (0.000,0.369) (0.000,0.475) (0.000,0.283) (0.000,0.308) (0.000,0.316) (0.000,0.248) (0.000,0.211) (0.000,0.331) (0.000,0.308) (0.000,0.213) (0.000,0.256) (0.000,0.247) (0.000,0.415) (0.000,0.329) (0.000,0.406) 
1097     3265   (12)   15 :  0.027 0.040 0.099 0.042 0.060 0.043 0.061 0.037 0.068 0.075 0.066 0.046 0.089 0.061 0.083 0.056 0.048     (0.000,0.142) (0.000,0.208) (0.000,0.490) (0.000,0.221) (0.000,0.318) (0.000,0.228) (0.000,0.320) (0.000,0.196) (0.000,0.334) (0.000,0.385) (0.000,0.345) (0.000,0.240) (0.000,0.445) (0.000,0.318) (0.000,0.426) (0.000,0.295) (0.000,0.254) 
1099      908    (0)   13 :  0.033 0.040 0.091 0.049 0.064 0.078 0.063 0.041 0.043 0.062 0.053 0.086 0.065 0.065 0.047 0.066 0.054     (0.000,0.175) (0.000,0.209) (0.000,0.452) (0.000,0.258) (0.000,0.339) (0.000,0.397) (0.000,0.332) (0.000,0.214) (0.000,0.227) (0.000,0.325) (0.000,0.279) (0.000,0.437) (0.000,0.341) (0.000,0.340) (0.000,0.248) (0.000,0.347) (0.000,0.283) 
1103     3302   (25)   17 :  0.042 0.050 0.079 0.062 0.062 0.086 0.063 0.049 0.047 0.047 0.052 0.060 0.068 0.052 0.053 0.058 0.069     (0.000,0.220) (0.000,0.264) (0.000,0.403) (0.000,0.323) (0.000,0.326) (0.000,0.439) (0.000,0.333) (0.000,0.258) (0.000,0.244) (0.000,0.247) (0.000,0.276) (0.000,0.316) (0.000,0.358) (0.000,0.276) (0.000,0.277) (0.000,0.308) (0.000,0.362) 
1105     2272    (0)    7 :  0.023 0.058 0.046 0.085 0.064 0.060 0.057 0.023 0.025 0.098 0.086 0.051 0.067 0.045 0.068 0.066 0.078     (0.000,0.123) (0.000,0.289) (0.000,0.243) (0.000,0.433) (0.000,0.336) (0.000,0.315) (0.000,0.298) (0.000,0.119) (0.000,0.131) (0.000,0.486) (0.000,0.436) (0.000,0.271) (0.000,0.350) (0.000,0.236) (0.000,0.357) (0.000,0.341) (0.000,0.398) 
1111      290    (0)   15 :  0.033 0.032 0.050 0.067 0.054 0.042 0.067 0.043 0.030 0.137 0.049 0.051 0.068 0.051 0.137 0.038 0.051     (0.000,0.172) (0.000,0.169) (0.000,0.264) (0.000,0.341) (0.000,0.286) (0.000,0.224) (0.000,0.349) (0.000,0.224) (0.000,0.158) (0.000,0.567) (0.000,0.259) (0.000,0.268) (0.000,0.350) (0.000,0.266) (0.000,0.580) (0.000,0.203) (0.000,0.267) 
1113     3243    (0)   15 :  0.060 0.054 0.066 0.033 0.053 0.043 0.084 0.035 0.042 0.080 0.068 0.046 0.053 0.048 0.155 0.037 0.043     (0.000,0.291) (0.000,0.279) (0.000,0.342) (0.000,0.175) (0.000,0.281) (0.000,0.228) (0.000,0.428) (0.000,0.182) (0.000,0.219) (0.000,0.397) (0.000,0.354) (0.000,0.244) (0.000,0.278) (0.000,0.251) (0.000,0.614) (0.000,0.197) (0.000,0.225) 
1114     3334    (0)    8 :  0.039 0.040 0.050 0.046 0.093 0.063 0.054 0.034 0.050 0.050 0.060 0.057 0.071 0.060 0.049 0.043 0.142     (0.000,0.202) (0.000,0.208) (0.000,0.262) (0.000,0.240) (0.000,0.465) (0.000,0.322) (0.000,0.281) (0.000,0.180) (0.000,0.257) (0.000,0.259) (0.000,0.310) (0.000,0.293) (0.000,0.359) (0.000,0.308) (0.000,0.256) (0.000,0.224) (0.000,0.516) 
1117     3722    (0)   11 :  0.033 0.023 0.046 0.096 0.056 0.045 0.063 0.048 0.028 0.033 0.064 0.099 0.053 0.040 0.060 0.066 0.148     (0.000,0.174) (0.000,0.120) (0.000,0.240) (0.000,0.460) (0.000,0.296) (0.000,0.238) (0.000,0.331) (0.000,0.248) (0.000,0.147) (0.000,0.177) (0.000,0.334) (0.000,0.452) (0.000,0.277) (0.000,0.209) (0.000,0.312) (0.000,0.335) (0.000,0.589) 
1121     1752    (0)   13 :  0.044 0.037 0.041 0.058 0.059 0.050 0.055 0.066 0.094 0.069 0.120 0.042 0.074 0.060 0.048 0.041 0.042     (0.000,0.225) (0.000,0.197) (0.000,0.218) (0.000,0.299) (0.000,0.309) (0.000,0.262) (0.000,0.288) (0.000,0.311) (0.000,0.408) (0.000,0.351) (0.000,0.546) (0.000,0.222) (0.000,0.377) (0.000,0.312) (0.000,0.254) (0.000,0.219) (0.000,0.222) 
1123     1748    (0)    4 :  0.081 0.041 0.070 0.058 0.061 0.060 0.063 0.041 0.041 0.047 0.073 0.058 0.059 0.072 0.064 0.064 0.048     (0.000,0.400) (0.000,0.214) (0.000,0.365) (0.000,0.308) (0.000,0.322) (0.000,0.313) (0.000,0.333) (0.000,0.218) (0.000,0.217) (0.000,0.246) (0.000,0.378) (0.000,0.303) (0.000,0.311) (0.000,0.370) (0.000,0.334) (0.000,0.333) (0.000,0.251) 
1127     2392    (0)    7 :  0.061 0.047 0.059 0.045 0.062 0.078 0.067 0.029 0.043 0.049 0.086 0.052 0.091 0.072 0.068 0.047 0.044     (0.000,0.305) (0.000,0.247) (0.000,0.312) (0.000,0.236) (0.000,0.327) (0.000,0.402) (0.000,0.353) (0.000,0.153) (0.000,0.229) (0.000,0.255) (0.000,0.434) (0.000,0.272) (0.000,0.456) (0.000,0.375) (0.000,0.354) (0.000,0.251) (0.000,0.234) 
1128     2083    (0)    1 :  0.054 0.180 0.044 0.046 0.056 0.053 0.052 0.025 0.033 0.048 0.059 0.050 0.049 0.068 0.034 0.098 0.052     (0.000,0.276) (0.000,0.597) (0.000,0.233) (0.000,0.243) (0.000,0.295) (0.000,0.280) (0.000,0.274) (0.000,0.130) (0.000,0.174) (0.000,0.252) (0.000,0.307) (0.000,0.259) (0.000,0.261) (0.000,0.341) (0.000,0.179) (0.000,0.467) (0.000,0.270) 
1132     3489    (0)   15 :  0.050 0.054 0.055 0.072 0.059 0.034 0.086 0.037 0.034 0.094 0.040 0.042 0.046 0.040 0.168 0.039 0.048     (0.000,0.259) (0.000,0.278) (0.000,0.290) (0.000,0.369) (0.000,0.311) (0.000,0.180) (0.000,0.436) (0.000,0.195) (0.000,0.177) (0.000,0.442) (0.000,0.210) (0.000,0.220) (0.000,0.243) (0.000,0.210) (0.000,0.637) (0.000,0.207) (0.000,0.253) 
1134     1757    (0)    4 :  0.068 0.039 0.031 0.053 0.077 0.046 0.057 0.078 0.062 0.073 0.078 0.055 0.073 0.078 0.037 0.053 0.040     (0.000,0.324) (0.000,0.207) (0.000,0.164) (0.000,0.277) (0.000,0.385) (0.000,0.243) (0.000,0.301) (0.000,0.338) (0.000,0.304) (0.000,0.374) (0.000,0.398) (0.000,0.286) (0.000,0.372) (0.000,0.397) (0.000,0.196) (0.000,0.277) (0.000,0.212) 
1138      139    (0)   15 :  0.092 0.112 0.065 0.070 0.050 0.061 0.052 0.060 0.038 0.057 0.055 0.044 0.055 0.041 0.052 0.053 0.042     (0.000,0.419) (0.000,0.488) (0.000,0.338) (0.000,0.363) (0.000,0.266) (0.000,0.318) (0.000,0.273) (0.000,0.314) (0.000,0.199) (0.000,0.299) (0.000,0.288) (0.000,0.231) (0.000,0.286) (0.000,0.213) (0.000,0.275) (0.000,0.280) (0.000,0.224) 
1140     1097    (0)    8 :  0.045 0.061 0.101 0.053 0.050 0.044 0.040 0.103 0.100 0.029 0.035 0.041 0.062 0.055 0.029 0.056 0.095     (0.000,0.229) (0.000,0.307) (0.000,0.485) (0.000,0.274) (0.000,0.265) (0.000,0.233) (0.000,0.209) (0.000,0.480) (0.000,0.454) (0.000,0.153) (0.000,0.184) (0.000,0.216) (0.000,0.322) (0.000,0.288) (0.000,0.155) (0.000,0.295) (0.000,0.469) 
1142     3761    (0)    4 :  0.073 0.083 0.043 0.072 0.063 0.037 0.046 0.028 0.067 0.048 0.063 0.044 0.047 0.049 0.089 0.053 0.094     (0.000,0.350) (0.000,0.365) (0.000,0.225) (0.000,0.359) (0.000,0.331) (0.000,0.197) (0.000,0.244) (0.000,0.148) (0.000,0.321) (0.000,0.252) (0.000,0.325) (0.000,0.232) (0.000,0.245) (0.000,0.252) (0.000,0.435) (0.000,0.277) (0.000,0.441) 
1146     2464   (12)    5 :  0.040 0.032 0.050 0.053 0.071 0.116 0.055 0.050 0.033 0.046 0.073 0.073 0.079 0.078 0.042 0.057 0.051     (0.000,0.210) (0.000,0.171) (0.000,0.264) (0.000,0.281) (0.000,0.370) (0.000,0.554) (0.000,0.288) (0.000,0.260) (0.000,0.176) (0.000,0.242) (0.000,0.383) (0.000,0.380) (0.000,0.408) (0.000,0.404) (0.000,0.221) (0.000,0.302) (0.000,0.269) 
1150      254    (0)   15 :  0.050 0.040 0.053 0.040 0.070 0.059 0.062 0.063 0.084 0.052 0.054 0.070 0.063 0.060 0.095 0.045 0.041     (0.000,0.257) (0.000,0.211) (0.000,0.277) (0.000,0.213) (0.000,0.362) (0.000,0.308) (0.000,0.328) (0.000,0.322) (0.000,0.408) (0.000,0.273) (0.000,0.284) (0.000,0.367) (0.000,0.329) (0.000,0.315) (0.000,0.469) (0.000,0.234) (0.000,0.213) 
1155      874    (0)    3 :  0.039 0.041 0.078 0.067 0.056 0.090 0.081 0.041 0.026 0.049 0.066 0.053 0.056 0.059 0.072 0.059 0.068     (0.000,0.201) (0.000,0.210) (0.000,0.400) (0.000,0.349) (0.000,0.298) (0.000,0.453) (0.000,0.416) (0.000,0.216) (0.000,0.137) (0.000,0.257) (0.000,0.347) (0.000,0.281) (0.000,0.293) (0.000,0.307) (0.000,0.374) (0.000,0.309) (0.000,0.355) 
1156     3231    (0)   15 :  0.033 0.023 0.061 0.052 0.061 0.055 0.052 0.033 0.159 0.045 0.046 0.051 0.088 0.052 0.070 0.060 0.058     (0.000,0.175) (0.000,0.123) (0.000,0.316) (0.000,0.273) (0.000,0.318) (0.000,0.285) (0.000,0.274) (0.000,0.173) (0.000,0.590) (0.000,0.234) (0.000,0.243) (0.000,0.272) (0.000,0.436) (0.000,0.274) (0.000,0.359) (0.000,0.316) (0.000,0.301) 
1157     1138    (0)    8 :  0.025 0.042 0.042 0.034 0.033 0.029 0.033 0.347 0.157 0.035 0.032 0.029 0.035 0.031 0.039 0.027 0.030     (0.000,0.133) (0.000,0.221) (0.000,0.218) (0.000,0.179) (0.000,0.176) (0.000,0.156) (0.000,0.175) (0.000,0.795) (0.000,0.610) (0.000,0.182) (0.000,0.170) (0.000,0.153) (0.000,0.182) (0.000,0.161) (0.000,0.207) (0.000,0.141) (0.000,0.159) 
1158     3873    (0)    7 :  0.074 0.048 0.042 0.050 0.073 0.051 0.074 0.033 0.040 0.048 0.069 0.090 0.069 0.079 0.071 0.039 0.050     (0.000,0.358) (0.000,0.249) (0.000,0.222) (0.000,0.262) (0.000,0.373) (0.000,0.269) (0.000,0.384) (0.000,0.175) (0.000,0.208) (0.000,0.254) (0.000,0.361) (0.000,0.446) (0.000,0.361) (0.000,0.398) (0.000,0.371) (0.000,0.207) (0.000,0.261) 
1160     3520    (0)   11 :  0.040 0.031 0.061 0.057 0.078 0.051 0.067 0.050 0.032 0.097 0.064 0.068 0.094 0.045 0.076 0.047 0.041     (0.000,0.212) (0.000,0.163) (0.000,0.322) (0.000,0.300) (0.000,0.398) (0.000,0.268) (0.000,0.355) (0.000,0.258) (0.000,0.170) (0.000,0.480) (0.000,0.333) (0.000,0.353) (0.000,0.470) (0.000,0.235) (0.000,0.397) (0.000,0.246) (0.000,0.219) 
1163     1781    (0)   12 :  0.031 0.022 0.045 0.048 0.070 0.096 0.057 0.043 0.054 0.041 0.087 0.117 0.069 0.079 0.048 0.050 0.044     (0.000,0.166) (0.000,0.115) (0.000,0.237) (0.000,0.254) (0.000,0.364) (0.000,0.475) (0.000,0.302) (0.000,0.226) (0.000,0.282) (0.000,0.216) (0.000,0.443) (0.000,0.552) (0.000,0.364) (0.000,0.404) (0.000,0.252) (0.000,0.262) (0.000,0.230) 
1166     3273   (12)   15 :  0.040 0.102 0.066 0.048 0.052 0.047 0.050 0.098 0.066 0.056 0.053 0.041 0.049 0.052 0.069 0.058 0.055     (0.000,0.208) (0.000,0.474) (0.000,0.341) (0.000,0.253) (0.000,0.276) (0.000,0.246) (0.000,0.262) (0.000,0.467) (0.000,0.323) (0.000,0.291) (0.000,0.277) (0.000,0.214) (0.000,0.259) (0.000,0.272) (0.000,0.357) (0.000,0.304) (0.000,0.288) 
1170     2358    (0)   10 :  0.051 0.065 0.050 0.095 0.061 0.041 0.060 0.032 0.030 0.112 0.041 0.049 0.049 0.062 0.044 0.061 0.098     (0.000,0.262) (0.000,0.335) (0.000,0.262) (0.000,0.466) (0.000,0.321) (0.000,0.214) (0.000,0.316) (0.000,0.168) (0.000,0.160) (0.000,0.524) (0.000,0.217) (0.000,0.258) (0.000,0.259) (0.000,0.325) (0.000,0.234) (0.000,0.322) (0.000,0.480) 
1171     2493   (12)   16 :  0.032 0.045 0.085 0.047 0.060 0.063 0.070 0.035 0.057 0.067 0.060 0.070 0.053 0.057 0.087 0.055 0.056     (0.000,0.168) (0.000,0.238) (0.000,0.435) (0.000,0.248) (0.000,0.319) (0.000,0.327) (0.000,0.371) (0.000,0.183) (0.000,0.299) (0.000,0.348) (0.000,0.319) (0.000,0.366) (0.000,0.282) (0.000,0.299) (0.000,0.443) (0.000,0.290) (0.000,0.298) 
1182     3544    (0)   15 :  0.043 0.036 0.051 0.061 0.058 0.037 0.081 0.050 0.027 0.108 0.042 0.051 0.048 0.056 0.127 0.062 0.061     (0.000,0.222) (0.000,0.187) (0.000,0.268) (0.000,0.315) (0.000,0.305) (0.000,0.197) (0.000,0.413) (0.000,0.258) (0.000,0.143) (0.000,0.485) (0.000,0.221) (0.000,0.270) (0.000,0.253) (0.000,0.290) (0.000,0.533) (0.000,0.322) (0.000,0.317) 
1186     2396    (0)    7 :  0.035 0.047 0.044 0.060 0.078 0.053 0.051 0.071 0.101 0.028 0.076 0.062 0.078 0.055 0.060 0.045 0.057     (0.000,0.182) (0.000,0.246) (0.000,0.231) (0.000,0.310) (0.000,0.390) (0.000,0.275) (0.000,0.267) (0.000,0.355) (0.000,0.452) (0.000,0.150) (0.000,0.389) (0.000,0.321) (0.000,0.400) (0.000,0.287) (0.000,0.319) (0.000,0.238) (0.000,0.299) 
1188     2141    (0)   15 :  0.050 0.051 0.057 0.053 0.049 0.062 0.044 0.120 0.098 0.041 0.073 0.061 0.064 0.041 0.054 0.044 0.037     (0.000,0.256) (0.000,0.268) (0.000,0.302) (0.000,0.279) (0.000,0.260) (0.000,0.325) (0.000,0.232) (0.000,0.543) (0.000,0.456) (0.000,0.215) (0.000,0.380) (0.000,0.319) (0.000,0.333) (0.000,0.216) (0.000,0.285) (0.000,0.232) (0.000,0.193) 
1193     3241    (0)   15 :  0.026 0.042 0.052 0.103 0.068 0.039 0.091 0.036 0.025 0.077 0.061 0.052 0.044 0.057 0.089 0.054 0.085     (0.000,0.135) (0.000,0.220) (0.000,0.276) (0.000,0.501) (0.000,0.352) (0.000,0.208) (0.000,0.455) (0.000,0.191) (0.000,0.134) (0.000,0.392) (0.000,0.320) (0.000,0.275) (0.000,0.233) (0.000,0.299) (0.000,0.446) (0.000,0.283) (0.000,0.426) 
1200     3271   (25)   15 :  0.026 0.028 0.048 0.082 0.064 0.054 0.076 0.038 0.032 0.065 0.056 0.085 0.058 0.091 0.082 0.049 0.067     (0.000,0.135) (0.000,0.147) (0.000,0.253) (0.000,0.419) (0.000,0.339) (0.000,0.284) (0.000,0.394) (0.000,0.198) (0.000,0.168) (0.000,0.341) (0.000,0.298) (0.000,0.430) (0.000,0.307) (0.000,0.452) (0.000,0.423) (0.000,0.259) (0.000,0.352) 
1206     2998   (12)   10 :  0.048 0.075 0.058 0.051 0.052 0.063 0.056 0.083 0.098 0.067 0.049 0.044 0.045 0.042 0.076 0.049 0.044     (0.000,0.251) (0.000,0.386) (0.000,0.306) (0.000,0.267) (0.000,0.273) (0.000,0.333) (0.000,0.297) (0.000,0.419) (0.000,0.476) (0.000,0.351) (0.000,0.261) (0.000,0.233) (0.000,0.237) (0.000,0.222) (0.000,0.396) (0.000,0.257) (0.000,0.235) 
1207     1115   (12)    8 :  0.079 0.074 0.058 0.058 0.062 0.055 0.056 0.068 0.052 0.062 0.049 0.046 0.048 0.051 0.073 0.059 0.050     (0.000,0.394) (0.000,0.379) (0.000,0.306) (0.000,0.305) (0.000,0.324) (0.000,0.293) (0.000,0.298) (0.000,0.353) (0.000,0.270) (0.000,0.324) (0.000,0.258) (0.000,0.245) (0.000,0.255) (0.000,0.272) (0.000,0.380) (0.000,0.311) (0.000,0.265) 
1219     1900    (0)   11 :  0.039 0.044 0.054 0.037 0.069 0.067 0.068 0.028 0.047 0.065 0.070 0.087 0.052 0.098 0.061 0.068 0.048     (0.000,0.202) (0.000,0.228) (0.000,0.284) (0.000,0.194) (0.000,0.359) (0.000,0.347) (0.000,0.357) (0.000,0.146) (0.000,0.248) (0.000,0.338) (0.000,0.367) (0.000,0.440) (0.000,0.274) (0.000,0.487) (0.000,0.320) (0.000,0.356) (0.000,0.253) 
1222     3437    (0)   13 :  0.044 0.033 0.050 0.048 0.087 0.089 0.057 0.055 0.037 0.048 0.060 0.050 0.061 0.054 0.054 0.059 0.115     (0.000,0.230) (0.000,0.172) (0.000,0.259) (0.000,0.253) (0.000,0.431) (0.000,0.436) (0.000,0.297) (0.000,0.283) (0.000,0.193) (0.000,0.249) (0.000,0.315) (0.000,0.261) (0.000,0.314) (0.000,0.282) (0.000,0.281) (0.000,0.305) (0.000,0.448) 
1238      578    (0)   16 :  0.023 0.035 0.042 0.075 0.057 0.064 0.070 0.057 0.074 0.060 0.076 0.070 0.055 0.048 0.070 0.054 0.069     (0.000,0.124) (0.000,0.184) (0.000,0.222) (0.000,0.389) (0.000,0.302) (0.000,0.332) (0.000,0.368) (0.000,0.295) (0.000,0.366) (0.000,0.312) (0.000,0.393) (0.000,0.367) (0.000,0.289) (0.000,0.251) (0.000,0.365) (0.000,0.285) (0.000,0.357) 
1240     2496    (0)    6 :  0.049 0.050 0.061 0.052 0.063 0.063 0.065 0.073 0.055 0.053 0.061 0.067 0.064 0.068 0.067 0.044 0.044     (0.000,0.257) (0.000,0.262) (0.000,0.318) (0.000,0.272) (0.000,0.331) (0.000,0.331) (0.000,0.343) (0.000,0.370) (0.000,0.285) (0.000,0.281) (0.000,0.322) (0.000,0.352) (0.000,0.337) (0.000,0.353) (0.000,0.348) (0.000,0.231) (0.000,0.231) 
1241     3280   (12)   15 :  0.051 0.044 0.070 0.069 0.058 0.056 0.054 0.049 0.032 0.065 0.079 0.054 0.078 0.063 0.069 0.057 0.054     (0.000,0.261) (0.000,0.231) (0.000,0.363) (0.000,0.356) (0.000,0.305) (0.000,0.294) (0.000,0.287) (0.000,0.258) (0.000,0.169) (0.000,0.336) (0.000,0.407) (0.000,0.288) (0.000,0.398) (0.000,0.325) (0.000,0.362) (0.000,0.299) (0.000,0.283) 
1248     2632    (0)    4 :  0.026 0.030 0.053 0.078 0.054 0.072 0.071 0.044 0.037 0.062 0.089 0.051 0.071 0.062 0.062 0.064 0.073     (0.000,0.139) (0.000,0.159) (0.000,0.280) (0.000,0.404) (0.000,0.288) (0.000,0.372) (0.000,0.370) (0.000,0.229) (0.000,0.196) (0.000,0.328) (0.000,0.450) (0.000,0.269) (0.000,0.368) (0.000,0.325) (0.000,0.327) (0.000,0.332) (0.000,0.376) 
1250     1808    (0)    8 :  0.025 0.070 0.047 0.092 0.045 0.034 0.038 0.198 0.092 0.052 0.033 0.034 0.037 0.041 0.047 0.052 0.065     (0.000,0.130) (0.000,0.348) (0.000,0.249) (0.000,0.442) (0.000,0.234) (0.000,0.180) (0.000,0.197) (0.000,0.644) (0.000,0.415) (0.000,0.274) (0.000,0.173) (0.000,0.179) (0.000,0.195) (0.000,0.215) (0.000,0.245) (0.000,0.272) (0.000,0.334) 
1252     3832    (0)    6 :  0.059 0.032 0.046 0.060 0.064 0.064 0.056 0.034 0.058 0.067 0.078 0.069 0.065 0.051 0.071 0.074 0.051     (0.000,0.297) (0.000,0.168) (0.000,0.245) (0.000,0.313) (0.000,0.336) (0.000,0.333) (0.000,0.295) (0.000,0.180) (0.000,0.295) (0.000,0.350) (0.000,0.397) (0.000,0.357) (0.000,0.341) (0.000,0.272) (0.000,0.369) (0.000,0.381) (0.000,0.270) 
1253     2332    (0)   10 :  0.038 0.042 0.059 0.042 0.051 0.041 0.066 0.039 0.033 0.232 0.057 0.047 0.041 0.041 0.090 0.036 0.043     (0.000,0.201) (0.000,0.220) (0.000,0.314) (0.000,0.221) (0.000,0.270) (0.000,0.218) (0.000,0.349) (0.000,0.208) (0.000,0.177) (0.000,0.752) (0.000,0.302) (0.000,0.248) (0.000,0.215) (0.000,0.217) (0.000,0.440) (0.000,0.192) (0.000,0.229) 
1256     1616    (0)   15 :  0.038 0.038 0.044 0.074 0.069 0.054 0.073 0.066 0.059 0.039 0.076 0.058 0.065 0.064 0.074 0.048 0.060     (0.000,0.200) (0.000,0.200) (0.000,0.231) (0.000,0.380) (0.000,0.361) (0.000,0.284) (0.000,0.383) (0.000,0.329) (0.000,0.300) (0.000,0.207) (0.000,0.393) (0.000,0.304) (0.000,0.344) (0.000,0.333) (0.000,0.383) (0.000,0.254) (0.000,0.312) 
1259     1397    (0)   16 :  0.064 0.537 0.026 0.023 0.029 0.026 0.024 0.033 0.022 0.031 0.027 0.029 0.025 0.024 0.022 0.028 0.028     (0.000,0.327) (0.105,0.881) (0.000,0.139) (0.000,0.120) (0.000,0.152) (0.000,0.139) (0.000,0.129) (0.000,0.177) (0.000,0.115) (0.000,0.166) (0.000,0.143) (0.000,0.155) (0.000,0.133) (0.000,0.126) (0.000,0.119) (0.000,0.146) (0.000,0.149) 
1264     3540    (0)   15 :  0.033 0.041 0.061 0.054 0.062 0.072 0.066 0.045 0.046 0.073 0.073 0.074 0.057 0.058 0.079 0.050 0.056     (0.000,0.176) (0.000,0.214) (0.000,0.323) (0.000,0.283) (0.000,0.326) (0.000,0.373) (0.000,0.346) (0.000,0.238) (0.000,0.243) (0.000,0.376) (0.000,0.381) (0.000,0.385) (0.000,0.301) (0.000,0.305) (0.000,0.410) (0.000,0.264) (0.000,0.296) 
1271     3185   (12)    3 :  0.047 0.128 0.057 0.057 0.051 0.063 0.046 0.053 0.066 0.044 0.055 0.051 0.056 0.052 0.044 0.060 0.071     (0.000,0.243) (0.000,0.549) (0.000,0.301) (0.000,0.299) (0.000,0.267) (0.000,0.329) (0.000,0.242) (0.000,0.270) (0.000,0.324) (0.000,0.229) (0.000,0.289) (0.000,0.270) (0.000,0.295) (0.000,0.274) (0.000,0.234) (0.000,0.313) (0.000,0.366) 
1275     3325    (0)   13 :  0.028 0.031 0.059 0.063 0.063 0.056 0.069 0.062 0.059 0.062 0.087 0.058 0.065 0.074 0.059 0.052 0.053     (0.000,0.147) (0.000,0.165) (0.000,0.311) (0.000,0.327) (0.000,0.331) (0.000,0.295) (0.000,0.361) (0.000,0.295) (0.000,0.282) (0.000,0.325) (0.000,0.438) (0.000,0.306) (0.000,0.337) (0.000,0.379) (0.000,0.310) (0.000,0.272) (0.000,0.279) 
1276     3340   (25)    8 :  0.021 0.073 0.041 0.034 0.033 0.028 0.036 0.247 0.217 0.031 0.032 0.031 0.034 0.032 0.037 0.029 0.044     (0.000,0.111) (0.000,0.374) (0.000,0.215) (0.000,0.178) (0.000,0.173) (0.000,0.145) (0.000,0.188) (0.000,0.760) (0.000,0.704) (0.000,0.165) (0.000,0.169) (0.000,0.163) (0.000,0.180) (0.000,0.170) (0.000,0.194) (0.000,0.155) (0.000,0.233) 
1278     1073    (0)    8 :  0.041 0.086 0.052 0.054 0.048 0.044 0.053 0.120 0.084 0.044 0.056 0.035 0.051 0.035 0.047 0.057 0.092     (0.000,0.213) (0.000,0.413) (0.000,0.276) (0.000,0.284) (0.000,0.254) (0.000,0.230) (0.000,0.278) (0.000,0.517) (0.000,0.392) (0.000,0.229) (0.000,0.295) (0.000,0.184) (0.000,0.268) (0.000,0.186) (0.000,0.247) (0.000,0.297) (0.000,0.444) 
1279      378    (0)   12 :  0.041 0.035 0.077 0.044 0.061 0.050 0.075 0.105 0.070 0.082 0.060 0.052 0.052 0.053 0.068 0.042 0.033     (0.000,0.214) (0.000,0.183) (0.000,0.390) (0.000,0.230) (0.000,0.318) (0.000,0.264) (0.000,0.382) (0.000,0.419) (0.000,0.336) (0.000,0.416) (0.000,0.312) (0.000,0.273) (0.000,0.273) (0.000,0.280) (0.000,0.349) (0.000,0.224) (0.000,0.175) 
1285     3503    (0)   15 :  0.054 0.058 0.061 0.066 0.056 0.062 0.071 0.054 0.035 0.083 0.061 0.059 0.059 0.050 0.072 0.047 0.053     (0.000,0.276) (0.000,0.299) (0.000,0.318) (0.000,0.346) (0.000,0.299) (0.000,0.322) (0.000,0.372) (0.000,0.282) (0.000,0.182) (0.000,0.423) (0.000,0.323) (0.000,0.313) (0.000,0.310) (0.000,0.262) (0.000,0.377) (0.000,0.250) (0.000,0.277) 
1289      995   (25)   17 :  0.073 0.038 0.046 0.060 0.055 0.063 0.055 0.045 0.040 0.042 0.066 0.065 0.049 0.133 0.051 0.064 0.054     (0.000,0.357) (0.000,0.199) (0.000,0.242) (0.000,0.316) (0.000,0.293) (0.000,0.333) (0.000,0.289) (0.000,0.235) (0.000,0.212) (0.000,0.223) (0.000,0.345) (0.000,0.337) (0.000,0.260) (0.000,0.588) (0.000,0.272) (0.000,0.333) (0.000,0.285) 
1295     3353    (0)    3 :  0.074 0.089 0.071 0.044 0.054 0.059 0.100 0.033 0.039 0.069 0.061 0.052 0.052 0.050 0.077 0.033 0.042     (0.000,0.360) (0.000,0.420) (0.000,0.366) (0.000,0.231) (0.000,0.288) (0.000,0.309) (0.000,0.496) (0.000,0.173) (0.000,0.202) (0.000,0.358) (0.000,0.321) (0.000,0.274) (0.000,0.276) (0.000,0.265) (0.000,0.395) (0.000,0.176) (0.000,0.222) 
1298     3015   (12)   13 :  0.038 0.035 0.059 0.059 0.059 0.052 0.060 0.037 0.055 0.063 0.112 0.050 0.096 0.071 0.058 0.047 0.051     (0.000,0.197) (0.000,0.182) (0.000,0.312) (0.000,0.313) (0.000,0.312) (0.000,0.273) (0.000,0.318) (0.000,0.193) (0.000,0.287) (0.000,0.325) (0.000,0.536) (0.000,0.263) (0.000,0.469) (0.000,0.365) (0.000,0.305) (0.000,0.249) (0.000,0.267) 
1300     3563    (0)    4 :  0.027 0.034 0.044 0.097 0.060 0.049 0.050 0.036 0.039 0.057 0.078 0.054 0.060 0.110 0.057 0.056 0.092     (0.000,0.140) (0.000,0.177) (0.000,0.231) (0.000,0.480) (0.000,0.317) (0.000,0.262) (0.000,0.266) (0.000,0.189) (0.000,0.207) (0.000,0.298) (0.000,0.401) (0.000,0.285) (0.000,0.314) (0.000,0.519) (0.000,0.301) (0.000,0.292) (0.000,0.459) 
1305     1644    (0)   15 :  0.072 0.173 0.078 0.052 0.050 0.050 0.054 0.052 0.034 0.054 0.039 0.046 0.053 0.058 0.055 0.038 0.041     (0.000,0.360) (0.000,0.653) (0.000,0.402) (0.000,0.272) (0.000,0.262) (0.000,0.264) (0.000,0.285) (0.000,0.275) (0.000,0.178) (0.000,0.282) (0.000,0.205) (0.000,0.242) (0.000,0.279) (0.000,0.298) (0.000,0.290) (0.000,0.201) (0.000,0.215) 
1306     3901    (0)    3 :  0.049 0.047 0.095 0.052 0.060 0.068 0.082 0.063 0.035 0.074 0.044 0.056 0.059 0.053 0.054 0.043 0.067     (0.000,0.248) (0.000,0.240) (0.000,0.463) (0.000,0.271) (0.000,0.318) (0.000,0.354) (0.000,0.422) (0.000,0.321) (0.000,0.183) (0.000,0.379) (0.000,0.231) (0.000,0.295) (0.000,0.309) (0.000,0.276) (0.000,0.285) (0.000,0.225) (0.000,0.346) 
1307     3856    (0)    3 :  0.025 0.023 0.057 0.056 0.087 0.075 0.054 0.052 0.035 0.053 0.057 0.045 0.083 0.049 0.051 0.049 0.150     (0.000,0.133) (0.000,0.119) (0.000,0.293) (0.000,0.292) (0.000,0.433) (0.000,0.381) (0.000,0.281) (0.000,0.267) (0.000,0.185) (0.000,0.275) (0.000,0.297) (0.000,0.236) (0.000,0.410) (0.000,0.256) (0.000,0.266) (0.000,0.257) (0.000,0.538) 
1308      229    (0)   15 :  0.031 0.054 0.049 0.038 0.059 0.074 0.057 0.082 0.070 0.076 0.059 0.066 0.059 0.060 0.068 0.048 0.050     (0.000,0.166) (0.000,0.276) (0.000,0.258) (0.000,0.200) (0.000,0.313) (0.000,0.380) (0.000,0.299) (0.000,0.401) (0.000,0.349) (0.000,0.384) (0.000,0.310) (0.000,0.344) (0.000,0.310) (0.000,0.315) (0.000,0.355) (0.000,0.253) (0.000,0.263) 
1310      150    (0)   15 :  0.030 0.047 0.078 0.083 0.066 0.064 0.079 0.029 0.038 0.043 0.050 0.069 0.049 0.061 0.057 0.088 0.069     (0.000,0.156) (0.000,0.247) (0.000,0.393) (0.000,0.421) (0.000,0.344) (0.000,0.329) (0.000,0.407) (0.000,0.153) (0.000,0.197) (0.000,0.227) (0.000,0.265) (0.000,0.357) (0.000,0.256) (0.000,0.322) (0.000,0.300) (0.000,0.446) (0.000,0.357) 
1318     3537    (0)   15 :  0.028 0.044 0.061 0.089 0.053 0.040 0.083 0.056 0.047 0.053 0.079 0.057 0.057 0.046 0.092 0.038 0.075     (0.000,0.148) (0.000,0.234) (0.000,0.319) (0.000,0.448) (0.000,0.284) (0.000,0.213) (0.000,0.427) (0.000,0.289) (0.000,0.244) (0.000,0.280) (0.000,0.409) (0.000,0.299) (0.000,0.302) (0.000,0.243) (0.000,0.465) (0.000,0.199) (0.000,0.391) 
1319     1688    (0)   17 :  0.038 0.032 0.063 0.064 0.067 0.080 0.057 0.047 0.034 0.065 0.068 0.062 0.079 0.060 0.047 0.072 0.065     (0.000,0.197) (0.000,0.171) (0.000,0.329) (0.000,0.333) (0.000,0.348) (0.000,0.410) (0.000,0.304) (0.000,0.245) (0.000,0.179) (0.000,0.337) (0.000,0.352) (0.000,0.326) (0.000,0.405) (0.000,0.314) (0.000,0.248) (0.000,0.372) (0.000,0.341) 
1321      782    (0)   14 :  0.026 0.037 0.042 0.077 0.072 0.060 0.061 0.103 0.061 0.035 0.059 0.055 0.050 0.059 0.060 0.075 0.067     (0.000,0.137) (0.000,0.192) (0.000,0.220) (0.000,0.389) (0.000,0.371) (0.000,0.315) (0.000,0.319) (0.000,0.432) (0.000,0.290) (0.000,0.183) (0.000,0.311) (0.000,0.285) (0.000,0.263) (0.000,0.311) (0.000,0.311) (0.000,0.382) (0.000,0.346) 
1323      900    (0)   13 :  0.035 0.079 0.068 0.068 0.058 0.046 0.064 0.037 0.029 0.082 0.059 0.053 0.064 0.067 0.049 0.050 0.091     (0.000,0.184) (0.000,0.381) (0.000,0.349) (0.000,0.355) (0.000,0.307) (0.000,0.242) (0.000,0.336) (0.000,0.195) (0.000,0.155) (0.000,0.413) (0.000,0.306) (0.000,0.283) (0.000,0.332) (0.000,0.347) (0.000,0.259) (0.000,0.261) (0.000,0.453) 
1324      922    (0)   13 :  0.058 0.032 0.051 0.056 0.058 0.075 0.059 0.035 0.033 0.045 0.094 0.063 0.062 0.127 0.052 0.051 0.047     (0.000,0.301) (0.000,0.171) (0.000,0.270) (0.000,0.295) (0.000,0.309) (0.000,0.390) (0.000,0.312) (0.000,0.186) (0.000,0.176) (0.000,0.240) (0.000,0.474) (0.000,0.335) (0.000,0.326) (0.000,0.583) (0.000,0.275) (0.000,0.271) (0.000,0.249) 
1327      608    (0)    7 :  0.040 0.062 0.045 0.041 0.043 0.055 0.044 0.100 0.232 0.038 0.053 0.052 0.041 0.042 0.038 0.035 0.039     (0.000,0.208) (0.000,0.320) (0.000,0.237) (0.000,0.219) (0.000,0.226) (0.000,0.291) (0.000,0.234) (0.000,0.444) (0.000,0.728) (0.000,0.199) (0.000,0.280) (0.000,0.275) (0.000,0.214) (0.000,0.221) (0.000,0.200) (0.000,0.185) (0.000,0.208) 
1328     3007   (12)   10 :  0.046 0.039 0.058 0.067 0.073 0.044 0.080 0.043 0.036 0.081 0.049 0.053 0.054 0.071 0.067 0.073 0.065     (0.000,0.238) (0.000,0.207) (0.000,0.305) (0.000,0.352) (0.000,0.378) (0.000,0.232) (0.000,0.411) (0.000,0.223) (0.000,0.192) (0.000,0.415) (0.000,0.261) (0.000,0.281) (0.000,0.285) (0.000,0.369) (0.000,0.348) (0.000,0.378) (0.000,0.340) 
1330      372    (0)   12 :  0.034 0.034 0.064 0.040 0.063 0.090 0.057 0.041 0.057 0.042 0.081 0.104 0.066 0.068 0.061 0.053 0.044     (0.000,0.181) (0.000,0.178) (0.000,0.337) (0.000,0.211) (0.000,0.330) (0.000,0.449) (0.000,0.301) (0.000,0.216) (0.000,0.299) (0.000,0.224) (0.000,0.422) (0.000,0.515) (0.000,0.345) (0.000,0.355) (0.000,0.321) (0.000,0.283) (0.000,0.231) 
1331     2344    (0)   15 :  0.030 0.111 0.067 0.054 0.051 0.071 0.045 0.046 0.064 0.054 0.064 0.051 0.051 0.053 0.065 0.072 0.049     (0.000,0.160) (0.000,0.477) (0.000,0.348) (0.000,0.286) (0.000,0.272) (0.000,0.363) (0.000,0.238) (0.000,0.245) (0.000,0.330) (0.000,0.285) (0.000,0.335) (0.000,0.267) (0.000,0.268) (0.000,0.278) (0.000,0.337) (0.000,0.370) (0.000,0.258) 
1332       91    (0)   15 :  0.054 0.035 0.046 0.052 0.073 0.046 0.073 0.059 0.032 0.080 0.053 0.104 0.067 0.075 0.058 0.041 0.052     (0.000,0.274) (0.000,0.181) (0.000,0.244) (0.000,0.271) (0.000,0.372) (0.000,0.243) (0.000,0.383) (0.000,0.302) (0.000,0.169) (0.000,0.407) (0.000,0.278) (0.000,0.500) (0.000,0.351) (0.000,0.379) (0.000,0.303) (0.000,0.214) (0.000,0.275) 
1333     1144    (0)    1 :  0.033 0.046 0.067 0.109 0.057 0.050 0.051 0.058 0.038 0.045 0.062 0.041 0.074 0.059 0.078 0.063 0.069     (0.000,0.175) (0.000,0.238) (0.000,0.351) (0.000,0.514) (0.000,0.301) (0.000,0.263) (0.000,0.268) (0.000,0.298) (0.000,0.197) (0.000,0.236) (0.000,0.325) (0.000,0.216) (0.000,0.384) (0.000,0.305) (0.000,0.401) (0.000,0.329) (0.000,0.358) 
1335     2339   (25)   10 :  0.077 0.061 0.044 0.030 0.071 0.034 0.046 0.050 0.042 0.288 0.036 0.038 0.041 0.038 0.029 0.036 0.037     (0.000,0.370) (0.000,0.315) (0.000,0.234) (0.000,0.159) (0.000,0.385) (0.000,0.178) (0.000,0.243) (0.000,0.257) (0.000,0.224) (0.000,0.753) (0.000,0.188) (0.000,0.202) (0.000,0.217) (0.000,0.203) (0.000,0.156) (0.000,0.191) (0.000,0.196) 
1336     2127    (0)   15 :  0.045 0.036 0.078 0.045 0.066 0.063 0.063 0.030 0.032 0.063 0.057 0.060 0.060 0.114 0.074 0.064 0.052     (0.000,0.233) (0.000,0.188) (0.000,0.402) (0.000,0.240) (0.000,0.347) (0.000,0.330) (0.000,0.331) (0.000,0.155) (0.000,0.168) (0.000,0.327) (0.000,0.301) (0.000,0.319) (0.000,0.318) (0.000,0.540) (0.000,0.387) (0.000,0.334) (0.000,0.272) 
1337     3735   (12)    5 :  0.052 0.048 0.060 0.048 0.066 0.080 0.066 0.037 0.036 0.059 0.076 0.055 0.070 0.057 0.083 0.062 0.044     (0.000,0.267) (0.000,0.250) (0.000,0.316) (0.000,0.255) (0.000,0.347) (0.000,0.410) (0.000,0.347) (0.000,0.197) (0.000,0.188) (0.000,0.310) (0.000,0.394) (0.000,0.291) (0.000,0.365) (0.000,0.300) (0.000,0.425) (0.000,0.327) (0.000,0.232) 
1338     3285   (12)   15 :  0.060 0.091 0.076 0.034 0.050 0.042 0.056 0.043 0.099 0.087 0.044 0.049 0.047 0.048 0.082 0.047 0.045     (0.000,0.305) (0.000,0.436) (0.000,0.392) (0.000,0.178) (0.000,0.266) (0.000,0.221) (0.000,0.295) (0.000,0.227) (0.000,0.446) (0.000,0.429) (0.000,0.231) (0.000,0.258) (0.000,0.249) (0.000,0.251) (0.000,0.415) (0.000,0.250) (0.000,0.238) 
1340     3216   (25)   15 :  0.052 0.052 0.041 0.042 0.045 0.039 0.042 0.185 0.102 0.038 0.071 0.037 0.059 0.060 0.049 0.044 0.041     (0.000,0.270) (0.000,0.268) (0.000,0.216) (0.000,0.224) (0.000,0.238) (0.000,0.206) (0.000,0.224) (0.000,0.673) (0.000,0.481) (0.000,0.201) (0.000,0.364) (0.000,0.196) (0.000,0.309) (0.000,0.314) (0.000,0.256) (0.000,0.234) (0.000,0.214) 
1342     2495   (25)   16 :  0.026 0.194 0.062 0.035 0.041 0.052 0.032 0.055 0.141 0.029 0.048 0.035 0.050 0.047 0.039 0.054 0.062     (0.000,0.139) (0.000,0.698) (0.000,0.326) (0.000,0.187) (0.000,0.216) (0.000,0.273) (0.000,0.167) (0.000,0.285) (0.000,0.561) (0.000,0.152) (0.000,0.252) (0.000,0.182) (0.000,0.265) (0.000,0.246) (0.000,0.205) (0.000,0.285) (0.000,0.321) 
1346     1504    (0)    2 :  0.038 0.070 0.045 0.084 0.058 0.042 0.068 0.039 0.055 0.099 0.061 0.047 0.065 0.052 0.053 0.043 0.083     (0.000,0.200) (0.000,0.353) (0.000,0.237) (0.000,0.415) (0.000,0.306) (0.000,0.220) (0.000,0.356) (0.000,0.202) (0.000,0.275) (0.000,0.472) (0.000,0.317) (0.000,0.249) (0.000,0.338) (0.000,0.271) (0.000,0.278) (0.000,0.228) (0.000,0.418) 
1351     1940    (0)   15 :  0.058 0.038 0.193 0.051 0.055 0.042 0.087 0.031 0.044 0.035 0.040 0.045 0.039 0.035 0.109 0.056 0.041     (0.000,0.294) (0.000,0.199) (0.000,0.648) (0.000,0.268) (0.000,0.290) (0.000,0.219) (0.000,0.431) (0.000,0.164) (0.000,0.228) (0.000,0.186) (0.000,0.213) (0.000,0.238) (0.000,0.205) (0.000,0.182) (0.000,0.514) (0.000,0.292) (0.000,0.215) 
1353     2487    (0)    6 :  0.042 0.031 0.048 0.035 0.065 0.122 0.058 0.052 0.056 0.058 0.085 0.078 0.082 0.057 0.053 0.044 0.034     (0.000,0.218) (0.000,0.165) (0.000,0.253) (0.000,0.186) (0.000,0.343) (0.000,0.573) (0.000,0.307) (0.000,0.273) (0.000,0.293) (0.000,0.304) (0.000,0.434) (0.000,0.402) (0.000,0.423) (0.000,0.299) (0.000,0.282) (0.000,0.231) (0.000,0.180) 
1359     2634   (25)    4 :  0.063 0.105 0.075 0.041 0.051 0.043 0.049 0.072 0.070 0.068 0.045 0.045 0.052 0.055 0.058 0.056 0.052     (0.000,0.327) (0.000,0.491) (0.000,0.389) (0.000,0.216) (0.000,0.270) (0.000,0.228) (0.000,0.261) (0.000,0.368) (0.000,0.352) (0.000,0.350) (0.000,0.240) (0.000,0.235) (0.000,0.276) (0.000,0.290) (0.000,0.307) (0.000,0.295) (0.000,0.272) 
1360     1563    (0)   15 :  0.031 0.024 0.045 0.053 0.069 0.080 0.058 0.038 0.030 0.039 0.088 0.152 0.081 0.071 0.064 0.039 0.037     (0.000,0.164) (0.000,0.126) (0.000,0.237) (0.000,0.280) (0.000,0.356) (0.000,0.408) (0.000,0.308) (0.000,0.201) (0.000,0.160) (0.000,0.208) (0.000,0.452) (0.000,0.641) (0.000,0.418) (0.000,0.362) (0.000,0.337) (0.000,0.206) (0.000,0.194) 
1364     2413    (0)   13 :  0.058 0.031 0.065 0.090 0.059 0.044 0.050 0.033 0.041 0.070 0.044 0.037 0.078 0.060 0.082 0.093 0.064     (0.000,0.291) (0.000,0.165) (0.000,0.339) (0.000,0.448) (0.000,0.311) (0.000,0.233) (0.000,0.264) (0.000,0.174) (0.000,0.214) (0.000,0.361) (0.000,0.231) (0.000,0.198) (0.000,0.397) (0.000,0.314) (0.000,0.413) (0.000,0.468) (0.000,0.338) 
1365     3870    (0)    3 :  0.022 0.077 0.072 0.123 0.049 0.037 0.050 0.077 0.063 0.038 0.064 0.041 0.063 0.044 0.083 0.036 0.061     (0.000,0.118) (0.000,0.388) (0.000,0.367) (0.000,0.560) (0.000,0.258) (0.000,0.194) (0.000,0.261) (0.000,0.372) (0.000,0.309) (0.000,0.202) (0.000,0.335) (0.000,0.216) (0.000,0.330) (0.000,0.232) (0.000,0.421) (0.000,0.192) (0.000,0.319) 
1368      220    (0)   15 :  0.045 0.059 0.049 0.043 0.064 0.042 0.086 0.045 0.053 0.075 0.066 0.067 0.042 0.039 0.133 0.040 0.051     (0.000,0.233) (0.000,0.305) (0.000,0.258) (0.000,0.228) (0.000,0.332) (0.000,0.221) (0.000,0.432) (0.000,0.234) (0.000,0.269) (0.000,0.375) (0.000,0.344) (0.000,0.350) (0.000,0.221) (0.000,0.207) (0.000,0.561) (0.000,0.211) (0.000,0.268) 
1369     3484    (0)   15 :  0.043 0.060 0.059 0.064 0.057 0.079 0.052 0.035 0.034 0.051 0.067 0.055 0.063 0.099 0.052 0.064 0.067     (0.000,0.225) (0.000,0.309) (0.000,0.313) (0.000,0.335) (0.000,0.299) (0.000,0.410) (0.000,0.274) (0.000,0.182) (0.000,0.181) (0.000,0.268) (0.000,0.350) (0.000,0.290) (0.000,0.329) (0.000,0.485) (0.000,0.277) (0.000,0.336) (0.000,0.346) 
1373      568    (0)   10 :  0.028 0.106 0.046 0.060 0.065 0.035 0.047 0.021 0.022 0.076 0.046 0.150 0.041 0.053 0.038 0.084 0.081     (0.000,0.148) (0.000,0.475) (0.000,0.240) (0.000,0.311) (0.000,0.345) (0.000,0.186) (0.000,0.250) (0.000,0.113) (0.000,0.115) (0.000,0.383) (0.000,0.241) (0.000,0.545) (0.000,0.217) (0.000,0.277) (0.000,0.198) (0.000,0.391) (0.000,0.402) 
1374      310    (0)   15 :  0.052 0.043 0.060 0.050 0.066 0.049 0.078 0.031 0.037 0.066 0.067 0.061 0.058 0.050 0.094 0.087 0.051     (0.000,0.267) (0.000,0.226) (0.000,0.312) (0.000,0.266) (0.000,0.342) (0.000,0.257) (0.000,0.400) (0.000,0.163) (0.000,0.198) (0.000,0.345) (0.000,0.348) (0.000,0.320) (0.000,0.305) (0.000,0.266) (0.000,0.463) (0.000,0.440) (0.000,0.270) 
1379     2625    (0)    4 :  0.084 0.045 0.047 0.060 0.054 0.053 0.049 0.054 0.095 0.044 0.057 0.044 0.057 0.060 0.073 0.075 0.050     (0.000,0.390) (0.000,0.233) (0.000,0.251) (0.000,0.315) (0.000,0.287) (0.000,0.277) (0.000,0.259) (0.000,0.280) (0.000,0.436) (0.000,0.231) (0.000,0.296) (0.000,0.228) (0.000,0.297) (0.000,0.309) (0.000,0.374) (0.000,0.386) (0.000,0.263) 
1384      487    (0)   10 :  0.076 0.080 0.039 0.080 0.060 0.044 0.055 0.058 0.090 0.059 0.044 0.043 0.052 0.056 0.041 0.050 0.072     (0.000,0.379) (0.000,0.402) (0.000,0.204) (0.000,0.409) (0.000,0.313) (0.000,0.232) (0.000,0.292) (0.000,0.302) (0.000,0.437) (0.000,0.310) (0.000,0.230) (0.000,0.227) (0.000,0.275) (0.000,0.295) (0.000,0.219) (0.000,0.265) (0.000,0.374) 
1398     2427    (0)   12 :  0.038 0.029 0.041 0.063 0.066 0.092 0.067 0.043 0.062 0.039 0.083 0.096 0.060 0.056 0.051 0.065 0.050     (0.000,0.198) (0.000,0.151) (0.000,0.218) (0.000,0.330) (0.000,0.349) (0.000,0.459) (0.000,0.351) (0.000,0.224) (0.000,0.317) (0.000,0.204) (0.000,0.426) (0.000,0.477) (0.000,0.316) (0.000,0.293) (0.000,0.267) (0.000,0.342) (0.000,0.263) 
1400     3380    (0)    2 :  0.034 0.487 0.034 0.032 0.035 0.033 0.035 0.026 0.022 0.029 0.032 0.035 0.031 0.032 0.041 0.033 0.028     (0.000,0.179) (0.127,0.845) (0.000,0.182) (0.000,0.170) (0.000,0.186) (0.000,0.176) (0.000,0.183) (0.000,0.137) (0.000,0.117) (0.000,0.151) (0.000,0.168) (0.000,0.185) (0.000,0.163) (0.000,0.169) (0.000,0.213) (0.000,0.174) (0.000,0.146) 
1401      252    (0)   15 :  0.044 0.033 0.054 0.056 0.069 0.061 0.095 0.028 0.022 0.069 0.069 0.088 0.055 0.076 0.083 0.051 0.047     (0.000,0.230) (0.000,0.173) (0.000,0.286) (0.000,0.296) (0.000,0.358) (0.000,0.322) (0.000,0.476) (0.000,0.148) (0.000,0.115) (0.000,0.357) (0.000,0.362) (0.000,0.448) (0.000,0.292) (0.000,0.394) (0.000,0.422) (0.000,0.268) (0.000,0.248) 
1402      925    (0)   13 :  0.029 0.039 0.049 0.093 0.054 0.079 0.059 0.049 0.036 0.052 0.053 0.051 0.049 0.056 0.060 0.101 0.090     (0.000,0.154) (0.000,0.206) (0.000,0.260) (0.000,0.471) (0.000,0.286) (0.000,0.408) (0.000,0.312) (0.000,0.255) (0.000,0.188) (0.000,0.276) (0.000,0.278) (0.000,0.272) (0.000,0.261) (0.000,0.296) (0.000,0.315) (0.000,0.497) (0.000,0.456) 
1403     3411    (0)   12 :  0.053 0.059 0.046 0.060 0.067 0.094 0.055 0.038 0.032 0.047 0.070 0.049 0.067 0.048 0.078 0.090 0.048     (0.000,0.273) (0.000,0.292) (0.000,0.240) (0.000,0.316) (0.000,0.349) (0.000,0.463) (0.000,0.288) (0.000,0.200) (0.000,0.167) (0.000,0.250) (0.000,0.365) (0.000,0.259) (0.000,0.349) (0.000,0.253) (0.000,0.400) (0.000,0.448) (0.000,0.252) 
1404     1143    (0)    1 :  0.080 0.127 0.077 0.044 0.044 0.039 0.052 0.053 0.066 0.072 0.052 0.041 0.042 0.051 0.063 0.051 0.045     (0.000,0.391) (0.000,0.570) (0.000,0.400) (0.000,0.232) (0.000,0.235) (0.000,0.207) (0.000,0.273) (0.000,0.278) (0.000,0.343) (0.000,0.377) (0.000,0.275) (0.000,0.216) (0.000,0.224) (0.000,0.271) (0.000,0.330) (0.000,0.270) (0.000,0.234) 
1405     1819    (0)    3 :  0.034 0.032 0.062 0.097 0.062 0.058 0.070 0.026 0.028 0.030 0.049 0.100 0.055 0.101 0.091 0.043 0.060     (0.000,0.181) (0.000,0.170) (0.000,0.324) (0.000,0.477) (0.000,0.324) (0.000,0.307) (0.000,0.364) (0.000,0.138) (0.000,0.146) (0.000,0.161) (0.000,0.260) (0.000,0.489) (0.000,0.290) (0.000,0.473) (0.000,0.456) (0.000,0.226) (0.000,0.315) 
1407     3795    (0)   16 :  0.033 0.038 0.142 0.073 0.064 0.054 0.056 0.049 0.045 0.055 0.043 0.043 0.084 0.046 0.044 0.057 0.073     (0.000,0.170) (0.000,0.200) (0.000,0.607) (0.000,0.376) (0.000,0.335) (0.000,0.282) (0.000,0.294) (0.000,0.252) (0.000,0.232) (0.000,0.290) (0.000,0.229) (0.000,0.228) (0.000,0.425) (0.000,0.244) (0.000,0.233) (0.000,0.303) (0.000,0.380) 
1409     1552    (0)   15 :  0.041 0.062 0.040 0.082 0.052 0.046 0.059 0.084 0.073 0.055 0.080 0.062 0.050 0.047 0.059 0.041 0.067     (0.000,0.216) (0.000,0.324) (0.000,0.211) (0.000,0.417) (0.000,0.277) (0.000,0.243) (0.000,0.308) (0.000,0.409) (0.000,0.359) (0.000,0.290) (0.000,0.407) (0.000,0.323) (0.000,0.265) (0.000,0.247) (0.000,0.311) (0.000,0.219) (0.000,0.347) 
1414     1856    (0)    3 :  0.041 0.060 0.084 0.061 0.054 0.059 0.075 0.049 0.034 0.058 0.052 0.051 0.052 0.077 0.071 0.050 0.071     (0.000,0.213) (0.000,0.299) (0.000,0.427) (0.000,0.321) (0.000,0.288) (0.000,0.309) (0.000,0.387) (0.000,0.260) (0.000,0.179) (0.000,0.305) (0.000,0.274) (0.000,0.269) (0.000,0.276) (0.000,0.394) (0.000,0.370) (0.000,0.265) (0.000,0.368) 
1418      504    (0)   10 :  0.040 0.049 0.073 0.057 0.056 0.062 0.064 0.041 0.041 0.092 0.066 0.044 0.075 0.059 0.054 0.065 0.063     (0.000,0.210) (0.000,0.253) (0.000,0.376) (0.000,0.298) (0.000,0.300) (0.000,0.325) (0.000,0.333) (0.000,0.211) (0.000,0.210) (0.000,0.452) (0.000,0.343) (0.000,0.233) (0.000,0.386) (0.000,0.308) (0.000,0.284) (0.000,0.337) (0.000,0.332) 
1420     3349    (0)    3 :  0.022 0.050 0.073 0.067 0.054 0.045 0.052 0.058 0.049 0.063 0.054 0.039 0.052 0.049 0.089 0.097 0.088     (0.000,0.114) (0.000,0.256) (0.000,0.381) (0.000,0.347) (0.000,0.288) (0.000,0.239) (0.000,0.273) (0.000,0.298) (0.000,0.250) (0.000,0.326) (0.000,0.283) (0.000,0.203) (0.000,0.274) (0.000,0.260) (0.000,0.448) (0.000,0.477) (0.000,0.443) 
1422     3542   (12)   15 :  0.067 0.098 0.060 0.059 0.063 0.063 0.059 0.036 0.032 0.056 0.058 0.053 0.049 0.061 0.069 0.069 0.048     (0.000,0.344) (0.000,0.478) (0.000,0.314) (0.000,0.312) (0.000,0.330) (0.000,0.330) (0.000,0.309) (0.000,0.191) (0.000,0.170) (0.000,0.297) (0.000,0.307) (0.000,0.280) (0.000,0.257) (0.000,0.318) (0.000,0.357) (0.000,0.361) (0.000,0.251) 
1426      932    (0)   13 :  0.035 0.040 0.031 0.078 0.060 0.061 0.057 0.118 0.063 0.063 0.060 0.051 0.045 0.065 0.042 0.073 0.059     (0.000,0.182) (0.000,0.209) (0.000,0.166) (0.000,0.398) (0.000,0.312) (0.000,0.315) (0.000,0.297) (0.000,0.468) (0.000,0.309) (0.000,0.325) (0.000,0.317) (0.000,0.266) (0.000,0.236) (0.000,0.337) (0.000,0.221) (0.000,0.373) (0.000,0.307) 
1429     1780    (0)   12 :  0.041 0.026 0.051 0.047 0.066 0.069 0.062 0.115 0.073 0.048 0.079 0.053 0.061 0.065 0.063 0.040 0.039     (0.000,0.216) (0.000,0.139) (0.000,0.267) (0.000,0.247) (0.000,0.343) (0.000,0.359) (0.000,0.328) (0.000,0.470) (0.000,0.354) (0.000,0.254) (0.000,0.407) (0.000,0.282) (0.000,0.319) (0.000,0.340) (0.000,0.328) (0.000,0.214) (0.000,0.205) 
1436     3541    (0)   15 :  0.031 0.034 0.053 0.096 0.072 0.052 0.076 0.037 0.025 0.071 0.056 0.061 0.057 0.033 0.100 0.081 0.067     (0.000,0.164) (0.000,0.177) (0.000,0.278) (0.000,0.473) (0.000,0.370) (0.000,0.272) (0.000,0.392) (0.000,0.193) (0.000,0.131) (0.000,0.369) (0.000,0.293) (0.000,0.317) (0.000,0.301) (0.000,0.174) (0.000,0.489) (0.000,0.417) (0.000,0.350) 
1439     1921    (0)   15 :  0.047 0.058 0.050 0.060 0.060 0.060 0.070 0.063 0.077 0.046 0.067 0.059 0.072 0.062 0.058 0.039 0.050     (0.000,0.247) (0.000,0.299) (0.000,0.265) (0.000,0.315) (0.000,0.318) (0.000,0.314) (0.000,0.366) (0.000,0.318) (0.000,0.369) (0.000,0.242) (0.000,0.347) (0.000,0.312) (0.000,0.375) (0.000,0.323) (0.000,0.306) (0.000,0.205) (0.000,0.263) 
1442      211    (0)   15 :  0.089 0.048 0.065 0.047 0.062 0.074 0.057 0.065 0.055 0.048 0.059 0.055 0.063 0.045 0.073 0.054 0.041     (0.000,0.419) (0.000,0.249) (0.000,0.341) (0.000,0.249) (0.000,0.328) (0.000,0.383) (0.000,0.300) (0.000,0.337) (0.000,0.287) (0.000,0.256) (0.000,0.308) (0.000,0.287) (0.000,0.332) (0.000,0.240) (0.000,0.376) (0.000,0.286) (0.000,0.214) 
1444     3808    (0)   14 :  0.065 0.033 0.048 0.038 0.098 0.048 0.061 0.064 0.050 0.036 0.066 0.043 0.070 0.050 0.065 0.052 0.113     (0.000,0.312) (0.000,0.177) (0.000,0.252) (0.000,0.199) (0.000,0.473) (0.000,0.248) (0.000,0.313) (0.000,0.325) (0.000,0.258) (0.000,0.190) (0.000,0.338) (0.000,0.227) (0.000,0.353) (0.000,0.258) (0.000,0.332) (0.000,0.271) (0.000,0.430) 
1447     3472    (0)    6 :  0.034 0.032 0.050 0.063 0.054 0.064 0.061 0.047 0.058 0.037 0.054 0.087 0.055 0.087 0.105 0.048 0.064     (0.000,0.177) (0.000,0.171) (0.000,0.265) (0.000,0.325) (0.000,0.284) (0.000,0.335) (0.000,0.321) (0.000,0.244) (0.000,0.292) (0.000,0.196) (0.000,0.288) (0.000,0.437) (0.000,0.289) (0.000,0.422) (0.000,0.500) (0.000,0.248) (0.000,0.334) 
1449     1880    (0)   11 :  0.051 0.057 0.057 0.048 0.065 0.057 0.051 0.041 0.050 0.041 0.055 0.048 0.058 0.078 0.051 0.135 0.056     (0.000,0.264) (0.000,0.281) (0.000,0.300) (0.000,0.255) (0.000,0.337) (0.000,0.298) (0.000,0.266) (0.000,0.214) (0.000,0.258) (0.000,0.219) (0.000,0.289) (0.000,0.253) (0.000,0.305) (0.000,0.388) (0.000,0.264) (0.000,0.589) (0.000,0.293) 
1455     3219    (0)   15 :  0.031 0.031 0.069 0.063 0.059 0.085 0.053 0.062 0.069 0.044 0.070 0.055 0.079 0.055 0.054 0.062 0.059     (0.000,0.161) (0.000,0.162) (0.000,0.357) (0.000,0.330) (0.000,0.312) (0.000,0.434) (0.000,0.277) (0.000,0.324) (0.000,0.354) (0.000,0.233) (0.000,0.364) (0.000,0.288) (0.000,0.403) (0.000,0.291) (0.000,0.285) (0.000,0.324) (0.000,0.313) 
1456     3171   (12)    3 :  0.062 0.090 0.074 0.048 0.050 0.061 0.050 0.056 0.072 0.047 0.060 0.037 0.071 0.055 0.058 0.060 0.049     (0.000,0.314) (0.000,0.425) (0.000,0.382) (0.000,0.254) (0.000,0.265) (0.000,0.322) (0.000,0.265) (0.000,0.287) (0.000,0.353) (0.000,0.250) (0.000,0.311) (0.000,0.195) (0.000,0.365) (0.000,0.291) (0.000,0.305) (0.000,0.318) (0.000,0.258) 
1473     2467    (0)    8 :  0.029 0.036 0.042 0.067 0.047 0.043 0.042 0.248 0.092 0.039 0.048 0.037 0.042 0.046 0.048 0.041 0.052     (0.000,0.151) (0.000,0.189) (0.000,0.222) (0.000,0.343) (0.000,0.245) (0.000,0.229) (0.000,0.222) (0.000,0.705) (0.000,0.422) (0.000,0.206) (0.000,0.253) (0.000,0.195) (0.000,0.223) (0.000,0.241) (0.000,0.252) (0.000,0.215) (0.000,0.273) 
1477     1139    (0)    1 :  0.303 0.189 0.034 0.031 0.033 0.033 0.038 0.038 0.031 0.030 0.034 0.030 0.034 0.040 0.034 0.036 0.033     (0.000,0.806) (0.000,0.710) (0.000,0.178) (0.000,0.166) (0.000,0.172) (0.000,0.173) (0.000,0.203) (0.000,0.199) (0.000,0.161) (0.000,0.159) (0.000,0.180) (0.000,0.157) (0.000,0.178) (0.000,0.213) (0.000,0.178) (0.000,0.191) (0.000,0.174) 
1484     3012   (12)   13 :  0.226 0.083 0.060 0.055 0.045 0.048 0.044 0.046 0.035 0.042 0.052 0.039 0.047 0.053 0.048 0.043 0.033     (0.000,0.721) (0.000,0.427) (0.000,0.317) (0.000,0.293) (0.000,0.239) (0.000,0.254) (0.000,0.231) (0.000,0.244) (0.000,0.187) (0.000,0.221) (0.000,0.275) (0.000,0.208) (0.000,0.246) (0.000,0.277) (0.000,0.250) (0.000,0.226) (0.000,0.173) 
1485     2542    (0)    7 :  0.050 0.056 0.062 0.050 0.055 0.065 0.078 0.040 0.040 0.103 0.062 0.060 0.058 0.052 0.080 0.045 0.045     (0.000,0.258) (0.000,0.290) (0.000,0.329) (0.000,0.262) (0.000,0.293) (0.000,0.338) (0.000,0.403) (0.000,0.212) (0.000,0.209) (0.000,0.495) (0.000,0.325) (0.000,0.317) (0.000,0.305) (0.000,0.274) (0.000,0.411) (0.000,0.239) (0.000,0.235) 
1489     2368    (0)   10 :  0.050 0.042 0.043 0.090 0.056 0.074 0.062 0.041 0.031 0.048 0.060 0.076 0.057 0.080 0.057 0.058 0.074     (0.000,0.260) (0.000,0.219) (0.000,0.226) (0.000,0.450) (0.000,0.297) (0.000,0.380) (0.000,0.330) (0.000,0.218) (0.000,0.163) (0.000,0.254) (0.000,0.316) (0.000,0.391) (0.000,0.302) (0.000,0.403) (0.000,0.303) (0.000,0.303) (0.000,0.385) 
1492     3830   (25)    6 :  0.023 0.031 0.039 0.055 0.098 0.066 0.046 0.032 0.028 0.032 0.056 0.043 0.051 0.034 0.041 0.053 0.274     (0.000,0.121) (0.000,0.163) (0.000,0.206) (0.000,0.286) (0.000,0.504) (0.000,0.335) (0.000,0.244) (0.000,0.166) (0.000,0.146) (0.000,0.167) (0.000,0.294) (0.000,0.225) (0.000,0.269) (0.000,0.178) (0.000,0.214) (0.000,0.276) (0.000,0.723) 
1494     1825   (25)    8 :  0.033 0.061 0.065 0.039 0.053 0.074 0.053 0.069 0.106 0.056 0.057 0.066 0.052 0.050 0.066 0.051 0.047     (0.000,0.176) (0.000,0.321) (0.000,0.342) (0.000,0.208) (0.000,0.283) (0.000,0.386) (0.000,0.278) (0.000,0.359) (0.000,0.508) (0.000,0.295) (0.000,0.303) (0.000,0.347) (0.000,0.274) (0.000,0.264) (0.000,0.346) (0.000,0.271) (0.000,0.250) 
1501     3864   (12)    3 :  0.030 0.030 0.048 0.043 0.056 0.061 0.051 0.093 0.174 0.043 0.059 0.065 0.064 0.047 0.046 0.043 0.048     (0.000,0.158) (0.000,0.160) (0.000,0.256) (0.000,0.223) (0.000,0.294) (0.000,0.319) (0.000,0.269) (0.000,0.428) (0.000,0.626) (0.000,0.227) (0.000,0.306) (0.000,0.340) (0.000,0.332) (0.000,0.248) (0.000,0.240) (0.000,0.229) (0.000,0.250) 
1504     2274    (0)    7 :  0.067 0.109 0.054 0.034 0.048 0.057 0.060 0.077 0.059 0.060 0.057 0.038 0.056 0.048 0.082 0.056 0.040     (0.000,0.323) (0.000,0.491) (0.000,0.283) (0.000,0.178) (0.000,0.256) (0.000,0.297) (0.000,0.313) (0.000,0.370) (0.000,0.297) (0.000,0.311) (0.000,0.298) (0.000,0.199) (0.000,0.294) (0.000,0.253) (0.000,0.411) (0.000,0.295) (0.000,0.211) 
1505     3887    (0)    3 :  0.056 0.053 0.080 0.035 0.058 0.095 0.055 0.044 0.106 0.041 0.055 0.062 0.059 0.055 0.050 0.054 0.042     (0.000,0.287) (0.000,0.276) (0.000,0.412) (0.000,0.184) (0.000,0.307) (0.000,0.468) (0.000,0.293) (0.000,0.227) (0.000,0.497) (0.000,0.218) (0.000,0.288) (0.000,0.327) (0.000,0.309) (0.000,0.291) (0.000,0.262) (0.000,0.282) (0.000,0.220) 
1507     3915    (0)   11 :  0.029 0.024 0.041 0.057 0.057 0.070 0.046 0.137 0.120 0.039 0.081 0.054 0.055 0.049 0.053 0.045 0.040     (0.000,0.156) (0.000,0.125) (0.000,0.218) (0.000,0.299) (0.000,0.302) (0.000,0.361) (0.000,0.243) (0.000,0.556) (0.000,0.503) (0.000,0.204) (0.000,0.417) (0.000,0.282) (0.000,0.290) (0.000,0.261) (0.000,0.281) (0.000,0.239) (0.000,0.213) 
1510      157    (0)   15 :  0.031 0.036 0.055 0.072 0.067 0.058 0.068 0.035 0.054 0.083 0.051 0.060 0.051 0.043 0.097 0.064 0.074     (0.000,0.164) (0.000,0.190) (0.000,0.291) (0.000,0.373) (0.000,0.350) (0.000,0.305) (0.000,0.354) (0.000,0.186) (0.000,0.271) (0.000,0.417) (0.000,0.269) (0.000,0.318) (0.000,0.269) (0.000,0.227) (0.000,0.480) (0.000,0.334) (0.000,0.380) 
1513     1828    (0)    3 :  0.061 0.106 0.080 0.049 0.049 0.054 0.052 0.061 0.081 0.053 0.043 0.057 0.056 0.045 0.048 0.048 0.057     (0.000,0.306) (0.000,0.503) (0.000,0.405) (0.000,0.256) (0.000,0.262) (0.000,0.280) (0.000,0.275) (0.000,0.313) (0.000,0.396) (0.000,0.281) (0.000,0.225) (0.000,0.298) (0.000,0.296) (0.000,0.239) (0.000,0.255) (0.000,0.252) (0.000,0.300) 
1514      639    (0)    7 :  0.046 0.049 0.044 0.049 0.066 0.034 0.080 0.034 0.029 0.158 0.053 0.063 0.050 0.050 0.067 0.052 0.075     (0.000,0.234) (0.000,0.257) (0.000,0.235) (0.000,0.258) (0.000,0.342) (0.000,0.179) (0.000,0.413) (0.000,0.176) (0.000,0.155) (0.000,0.656) (0.000,0.282) (0.000,0.330) (0.000,0.265) (0.000,0.265) (0.000,0.351) (0.000,0.277) (0.000,0.387) 
1515     2474    (0)    5 :  0.097 0.052 0.050 0.053 0.067 0.060 0.072 0.050 0.031 0.052 0.064 0.077 0.053 0.059 0.072 0.051 0.039     (0.000,0.453) (0.000,0.273) (0.000,0.262) (0.000,0.279) (0.000,0.347) (0.000,0.314) (0.000,0.372) (0.000,0.262) (0.000,0.166) (0.000,0.274) (0.000,0.335) (0.000,0.396) (0.000,0.279) (0.000,0.311) (0.000,0.370) (0.000,0.271) (0.000,0.207) 
1520       33    (0)    9 :  0.031 0.043 0.037 0.062 0.049 0.037 0.059 0.186 0.074 0.060 0.058 0.050 0.048 0.053 0.059 0.038 0.056     (0.000,0.162) (0.000,0.224) (0.000,0.195) (0.000,0.324) (0.000,0.258) (0.000,0.194) (0.000,0.309) (0.000,0.666) (0.000,0.371) (0.000,0.312) (0.000,0.305) (0.000,0.262) (0.000,0.252) (0.000,0.280) (0.000,0.308) (0.000,0.203) (0.000,0.295) 
1522     3598    (0)   11 :  0.048 0.048 0.049 0.092 0.064 0.060 0.069 0.036 0.028 0.064 0.060 0.068 0.058 0.062 0.061 0.057 0.076     (0.000,0.247) (0.000,0.249) (0.000,0.258) (0.000,0.462) (0.000,0.337) (0.000,0.314) (0.000,0.361) (0.000,0.189) (0.000,0.149) (0.000,0.333) (0.000,0.317) (0.000,0.354) (0.000,0.306) (0.000,0.326) (0.000,0.322) (0.000,0.301) (0.000,0.392) 
1524      438    (0)   12 :  0.032 0.022 0.091 0.033 0.062 0.058 0.061 0.032 0.029 0.089 0.086 0.056 0.082 0.058 0.141 0.037 0.030     (0.000,0.167) (0.000,0.114) (0.000,0.453) (0.000,0.173) (0.000,0.325) (0.000,0.304) (0.000,0.321) (0.000,0.171) (0.000,0.156) (0.000,0.438) (0.000,0.437) (0.000,0.298) (0.000,0.418) (0.000,0.304) (0.000,0.597) (0.000,0.198) (0.000,0.158) 
1529       38    (0)    9 :  0.051 0.046 0.054 0.040 0.059 0.085 0.057 0.055 0.136 0.045 0.066 0.062 0.053 0.049 0.049 0.049 0.043     (0.000,0.265) (0.000,0.239) (0.000,0.286) (0.000,0.210) (0.000,0.313) (0.000,0.434) (0.000,0.300) (0.000,0.289) (0.000,0.586) (0.000,0.239) (0.000,0.346) (0.000,0.325) (0.000,0.279) (0.000,0.259) (0.000,0.259) (0.000,0.259) (0.000,0.228) 
1530     3348    (0)    3 :  0.038 0.062 0.061 0.061 0.058 0.075 0.058 0.061 0.047 0.073 0.061 0.054 0.057 0.044 0.065 0.062 0.065     (0.000,0.197) (0.000,0.319) (0.000,0.321) (0.000,0.317) (0.000,0.304) (0.000,0.385) (0.000,0.305) (0.000,0.309) (0.000,0.243) (0.000,0.376) (0.000,0.320) (0.000,0.283) (0.000,0.300) (0.000,0.235) (0.000,0.339) (0.000,0.327) (0.000,0.336) 
1535     2592   (12)    4 :  0.069 0.098 0.045 0.058 0.050 0.041 0.043 0.068 0.059 0.040 0.052 0.049 0.058 0.102 0.040 0.063 0.065     (0.000,0.348) (0.000,0.463) (0.000,0.236) (0.000,0.303) (0.000,0.265) (0.000,0.217) (0.000,0.227) (0.000,0.345) (0.000,0.298) (0.000,0.212) (0.000,0.273) (0.000,0.257) (0.000,0.302) (0.000,0.496) (0.000,0.213) (0.000,0.332) (0.000,0.340) 
1536     1706    (0)    6 :  0.075 0.070 0.066 0.056 0.053 0.083 0.051 0.056 0.044 0.047 0.056 0.051 0.051 0.057 0.055 0.086 0.043     (0.000,0.374) (0.000,0.359) (0.000,0.344) (0.000,0.294) (0.000,0.284) (0.000,0.420) (0.000,0.272) (0.000,0.296) (0.000,0.234) (0.000,0.250) (0.000,0.293) (0.000,0.266) (0.000,0.272) (0.000,0.298) (0.000,0.290) (0.000,0.439) (0.000,0.226) 
1537     3657    (0)   11 :  0.056 0.083 0.052 0.049 0.090 0.050 0.056 0.046 0.032 0.057 0.059 0.046 0.050 0.049 0.046 0.039 0.139     (0.000,0.279) (0.000,0.384) (0.000,0.271) (0.000,0.256) (0.000,0.456) (0.000,0.259) (0.000,0.291) (0.000,0.238) (0.000,0.170) (0.000,0.294) (0.000,0.301) (0.000,0.241) (0.000,0.261) (0.000,0.257) (0.000,0.241) (0.000,0.204) (0.000,0.507) 
1538     1524    (0)    2 :  0.044 0.509 0.046 0.033 0.027 0.027 0.030 0.040 0.026 0.028 0.025 0.025 0.026 0.028 0.029 0.026 0.032     (0.000,0.232) (0.009,0.887) (0.000,0.243) (0.000,0.176) (0.000,0.142) (0.000,0.143) (0.000,0.159) (0.000,0.212) (0.000,0.136) (0.000,0.146) (0.000,0.134) (0.000,0.129) (0.000,0.138) (0.000,0.146) (0.000,0.153) (0.000,0.138) (0.000,0.171) 
1539     1896    (0)   11 :  0.023 0.025 0.064 0.048 0.069 0.062 0.051 0.051 0.073 0.044 0.081 0.063 0.092 0.105 0.047 0.052 0.048     (0.000,0.121) (0.000,0.133) (0.000,0.333) (0.000,0.254) (0.000,0.360) (0.000,0.324) (0.000,0.269) (0.000,0.250) (0.000,0.331) (0.000,0.232) (0.000,0.417) (0.000,0.329) (0.000,0.457) (0.000,0.495) (0.000,0.251) (0.000,0.272) (0.000,0.250) 
1540     2750    (0)   12 :  0.027 0.022 0.041 0.049 0.062 0.122 0.066 0.043 0.048 0.050 0.112 0.102 0.059 0.048 0.053 0.053 0.042     (0.000,0.144) (0.000,0.115) (0.000,0.214) (0.000,0.259) (0.000,0.327) (0.000,0.565) (0.000,0.345) (0.000,0.228) (0.000,0.251) (0.000,0.264) (0.000,0.535) (0.000,0.508) (0.000,0.314) (0.000,0.253) (0.000,0.284) (0.000,0.279) (0.000,0.224) 
1541     2846    (0)   15 :  0.074 0.082 0.051 0.063 0.060 0.054 0.065 0.054 0.048 0.041 0.059 0.050 0.045 0.056 0.096 0.063 0.037     (0.000,0.362) (0.000,0.407) (0.000,0.268) (0.000,0.331) (0.000,0.316) (0.000,0.286) (0.000,0.341) (0.000,0.280) (0.000,0.248) (0.000,0.218) (0.000,0.308) (0.000,0.264) (0.000,0.240) (0.000,0.293) (0.000,0.475) (0.000,0.330) (0.000,0.193) 
1542       99    (0)   15 :  0.050 0.034 0.067 0.059 0.061 0.044 0.067 0.042 0.086 0.072 0.056 0.046 0.052 0.039 0.116 0.057 0.050     (0.000,0.257) (0.000,0.181) (0.000,0.349) (0.000,0.309) (0.000,0.319) (0.000,0.235) (0.000,0.347) (0.000,0.221) (0.000,0.404) (0.000,0.368) (0.000,0.293) (0.000,0.244) (0.000,0.274) (0.000,0.206) (0.000,0.532) (0.000,0.300) (0.000,0.266) 
1543     3323   (12)   13 :  0.035 0.054 0.095 0.045 0.054 0.057 0.041 0.072 0.068 0.032 0.036 0.041 0.107 0.052 0.038 0.102 0.070     (0.000,0.186) (0.000,0.275) (0.000,0.460) (0.000,0.239) (0.000,0.287) (0.000,0.297) (0.000,0.215) (0.000,0.364) (0.000,0.337) (0.000,0.172) (0.000,0.190) (0.000,0.215) (0.000,0.507) (0.000,0.272) (0.000,0.200) (0.000,0.464) (0.000,0.358) 
1549     3343    (0)   12 :  0.157 0.150 0.044 0.045 0.047 0.043 0.066 0.032 0.030 0.061 0.051 0.047 0.044 0.048 0.048 0.039 0.050     (0.000,0.606) (0.000,0.607) (0.000,0.230) (0.000,0.235) (0.000,0.246) (0.000,0.225) (0.000,0.345) (0.000,0.168) (0.000,0.159) (0.000,0.317) (0.000,0.268) (0.000,0.250) (0.000,0.235) (0.000,0.253) (0.000,0.251) (0.000,0.204) (0.000,0.261) 
1550      224    (0)   15 :  0.046 0.028 0.066 0.049 0.058 0.056 0.067 0.033 0.061 0.084 0.079 0.055 0.073 0.060 0.094 0.047 0.043     (0.000,0.235) (0.000,0.145) (0.000,0.344) (0.000,0.261) (0.000,0.308) (0.000,0.296) (0.000,0.350) (0.000,0.175) (0.000,0.308) (0.000,0.423) (0.000,0.406) (0.000,0.289) (0.000,0.378) (0.000,0.313) (0.000,0.469) (0.000,0.249) (0.000,0.228) 
1551     3001    (0)   13 :  0.055 0.058 0.088 0.063 0.053 0.073 0.053 0.040 0.040 0.044 0.057 0.063 0.057 0.095 0.072 0.046 0.042     (0.000,0.286) (0.000,0.298) (0.000,0.445) (0.000,0.326) (0.000,0.280) (0.000,0.378) (0.000,0.281) (0.000,0.213) (0.000,0.212) (0.000,0.231) (0.000,0.301) (0.000,0.330) (0.000,0.302) (0.000,0.458) (0.000,0.372) (0.000,0.244) (0.000,0.220) 
1553     2351    (0)    1 :  0.174 0.095 0.042 0.048 0.049 0.052 0.053 0.060 0.050 0.050 0.050 0.044 0.044 0.050 0.046 0.048 0.044     (0.000,0.643) (0.000,0.467) (0.000,0.221) (0.000,0.253) (0.000,0.261) (0.000,0.275) (0.000,0.279) (0.000,0.312) (0.000,0.261) (0.000,0.264) (0.000,0.261) (0.000,0.230) (0.000,0.233) (0.000,0.265) (0.000,0.244) (0.000,0.253) (0.000,0.232) 
1554     2530    (0)    7 :  0.024 0.041 0.051 0.075 0.058 0.055 0.066 0.028 0.037 0.053 0.060 0.093 0.053 0.098 0.062 0.055 0.092     (0.000,0.128) (0.000,0.213) (0.000,0.269) (0.000,0.383) (0.000,0.310) (0.000,0.288) (0.000,0.347) (0.000,0.145) (0.000,0.189) (0.000,0.277) (0.000,0.317) (0.000,0.461) (0.000,0.282) (0.000,0.471) (0.000,0.325) (0.000,0.288) (0.000,0.463) 
1556      658    (0)    7 :  0.032 0.031 0.038 0.098 0.068 0.088 0.060 0.057 0.048 0.043 0.072 0.061 0.071 0.053 0.055 0.061 0.064     (0.000,0.170) (0.000,0.162) (0.000,0.201) (0.000,0.485) (0.000,0.352) (0.000,0.443) (0.000,0.317) (0.000,0.291) (0.000,0.247) (0.000,0.229) (0.000,0.377) (0.000,0.319) (0.000,0.373) (0.000,0.277) (0.000,0.290) (0.000,0.320) (0.000,0.334) 
1561     2752    (0)   10 :  0.060 0.034 0.070 0.052 0.061 0.072 0.074 0.057 0.032 0.127 0.052 0.049 0.058 0.040 0.046 0.061 0.054     (0.000,0.296) (0.000,0.180) (0.000,0.361) (0.000,0.275) (0.000,0.323) (0.000,0.369) (0.000,0.383) (0.000,0.292) (0.000,0.168) (0.000,0.564) (0.000,0.276) (0.000,0.260) (0.000,0.304) (0.000,0.212) (0.000,0.242) (0.000,0.319) (0.000,0.285) 
1566     2328    (0)   10 :  0.056 0.076 0.064 0.067 0.061 0.038 0.068 0.053 0.039 0.070 0.043 0.065 0.039 0.054 0.070 0.078 0.061     (0.000,0.283) (0.000,0.384) (0.000,0.334) (0.000,0.346) (0.000,0.320) (0.000,0.199) (0.000,0.357) (0.000,0.274) (0.000,0.205) (0.000,0.361) (0.000,0.225) (0.000,0.338) (0.000,0.206) (0.000,0.286) (0.000,0.357) (0.000,0.403) (0.000,0.319) 
1570     3869   (12)    3 :  0.106 0.165 0.045 0.042 0.044 0.038 0.041 0.070 0.114 0.054 0.042 0.033 0.039 0.039 0.046 0.038 0.043     (0.000,0.501) (0.000,0.654) (0.000,0.240) (0.000,0.220) (0.000,0.232) (0.000,0.198) (0.000,0.217) (0.000,0.366) (0.000,0.517) (0.000,0.286) (0.000,0.223) (0.000,0.174) (0.000,0.206) (0.000,0.206) (0.000,0.243) (0.000,0.201) (0.000,0.224) 
1573     3481    (0)   15 :  0.047 0.061 0.056 0.063 0.056 0.069 0.058 0.033 0.028 0.080 0.068 0.056 0.061 0.086 0.055 0.070 0.052     (0.000,0.245) (0.000,0.315) (0.000,0.297) (0.000,0.332) (0.000,0.300) (0.000,0.360) (0.000,0.304) (0.000,0.174) (0.000,0.149) (0.000,0.409) (0.000,0.357) (0.000,0.293) (0.000,0.316) (0.000,0.439) (0.000,0.288) (0.000,0.365) (0.000,0.275) 
1583     3178   (12)    2 :  0.050 0.040 0.030 0.026 0.031 0.032 0.029 0.050 0.456 0.029 0.034 0.034 0.032 0.029 0.036 0.035 0.030     (0.000,0.259) (0.000,0.211) (0.000,0.156) (0.000,0.136) (0.000,0.160) (0.000,0.168) (0.000,0.154) (0.000,0.261) (0.002,0.862) (0.000,0.153) (0.000,0.177) (0.000,0.181) (0.000,0.168) (0.000,0.155) (0.000,0.189) (0.000,0.182) (0.000,0.158) 
1587     2378   (12)   14 :  0.046 0.050 0.058 0.114 0.067 0.058 0.054 0.035 0.049 0.039 0.053 0.049 0.074 0.061 0.039 0.078 0.075     (0.000,0.237) (0.000,0.259) (0.000,0.304) (0.000,0.544) (0.000,0.349) (0.000,0.305) (0.000,0.286) (0.000,0.186) (0.000,0.256) (0.000,0.205) (0.000,0.280) (0.000,0.259) (0.000,0.383) (0.000,0.318) (0.000,0.204) (0.000,0.400) (0.000,0.385) 
1592     2636   (12)    4 :  0.054 0.056 0.049 0.083 0.055 0.080 0.063 0.034 0.024 0.066 0.061 0.060 0.057 0.060 0.056 0.076 0.066     (0.000,0.279) (0.000,0.292) (0.000,0.258) (0.000,0.427) (0.000,0.291) (0.000,0.413) (0.000,0.333) (0.000,0.181) (0.000,0.129) (0.000,0.345) (0.000,0.321) (0.000,0.317) (0.000,0.305) (0.000,0.313) (0.000,0.297) (0.000,0.397) (0.000,0.345) 
1595     3752    (0)    9 :  0.023 0.034 0.039 0.037 0.079 0.033 0.041 0.055 0.153 0.041 0.051 0.050 0.066 0.037 0.042 0.042 0.178     (0.000,0.120) (0.000,0.176) (0.000,0.206) (0.000,0.193) (0.000,0.389) (0.000,0.175) (0.000,0.213) (0.000,0.272) (0.000,0.500) (0.000,0.213) (0.000,0.262) (0.000,0.257) (0.000,0.330) (0.000,0.193) (0.000,0.223) (0.000,0.222) (0.000,0.583) 
1599     1790    (0)   12 :  0.044 0.041 0.083 0.048 0.064 0.079 0.070 0.038 0.040 0.040 0.065 0.065 0.080 0.077 0.059 0.061 0.045     (0.000,0.227) (0.000,0.215) (0.000,0.421) (0.000,0.254) (0.000,0.336) (0.000,0.404) (0.000,0.364) (0.000,0.201) (0.000,0.209) (0.000,0.209) (0.000,0.342) (0.000,0.337) (0.000,0.414) (0.000,0.396) (0.000,0.313) (0.000,0.321) (0.000,0.238) 
1600     3002   (12)   10 :  0.029 0.062 0.053 0.053 0.054 0.062 0.050 0.089 0.092 0.044 0.065 0.060 0.056 0.050 0.067 0.054 0.059     (0.000,0.153) (0.000,0.320) (0.000,0.280) (0.000,0.280) (0.000,0.283) (0.000,0.326) (0.000,0.266) (0.000,0.433) (0.000,0.430) (0.000,0.232) (0.000,0.339) (0.000,0.314) (0.000,0.295) (0.000,0.263) (0.000,0.350) (0.000,0.284) (0.000,0.312) 
1603     3852    (0)    7 :  0.058 0.048 0.066 0.043 0.096 0.057 0.094 0.022 0.020 0.049 0.057 0.059 0.056 0.055 0.056 0.044 0.120     (0.000,0.288) (0.000,0.244) (0.000,0.338) (0.000,0.227) (0.000,0.469) (0.000,0.294) (0.000,0.449) (0.000,0.118) (0.000,0.106) (0.000,0.254) (0.000,0.294) (0.000,0.307) (0.000,0.290) (0.000,0.285) (0.000,0.293) (0.000,0.228) (0.000,0.464) 
1604     3356    (0)    3 :  0.047 0.060 0.091 0.039 0.061 0.082 0.059 0.036 0.079 0.061 0.058 0.069 0.056 0.055 0.062 0.045 0.039     (0.000,0.247) (0.000,0.313) (0.000,0.461) (0.000,0.205) (0.000,0.320) (0.000,0.416) (0.000,0.311) (0.000,0.191) (0.000,0.407) (0.000,0.319) (0.000,0.308) (0.000,0.360) (0.000,0.296) (0.000,0.291) (0.000,0.327) (0.000,0.235) (0.000,0.207) 
1610     3764   (25)    4 :  0.023 0.028 0.042 0.123 0.054 0.061 0.055 0.058 0.033 0.081 0.049 0.049 0.051 0.051 0.060 0.075 0.109     (0.000,0.122) (0.000,0.150) (0.000,0.221) (0.000,0.575) (0.000,0.287) (0.000,0.319) (0.000,0.290) (0.000,0.304) (0.000,0.174) (0.000,0.414) (0.000,0.257) (0.000,0.260) (0.000,0.268) (0.000,0.268) (0.000,0.316) (0.000,0.396) (0.000,0.528) 
1613     2435   (12)   12 :  0.045 0.052 0.066 0.050 0.059 0.045 0.047 0.164 0.094 0.042 0.037 0.052 0.058 0.065 0.040 0.038 0.048     (0.000,0.233) (0.000,0.266) (0.000,0.333) (0.000,0.260) (0.000,0.310) (0.000,0.235) (0.000,0.245) (0.000,0.530) (0.000,0.410) (0.000,0.219) (0.000,0.194) (0.000,0.271) (0.000,0.300) (0.000,0.333) (0.000,0.208) (0.000,0.200) (0.000,0.249) 
1619     3909    (0)   11 :  0.046 0.061 0.044 0.056 0.083 0.051 0.052 0.051 0.094 0.040 0.058 0.045 0.049 0.040 0.043 0.050 0.137     (0.000,0.237) (0.000,0.308) (0.000,0.228) (0.000,0.288) (0.000,0.421) (0.000,0.265) (0.000,0.267) (0.000,0.261) (0.000,0.422) (0.000,0.211) (0.000,0.301) (0.000,0.237) (0.000,0.254) (0.000,0.209) (0.000,0.226) (0.000,0.260) (0.000,0.504) 
1626     3548    (0)   15 :  0.035 0.037 0.057 0.061 0.096 0.058 0.058 0.037 0.028 0.039 0.052 0.057 0.058 0.056 0.060 0.066 0.144     (0.000,0.184) (0.000,0.192) (0.000,0.294) (0.000,0.314) (0.000,0.467) (0.000,0.300) (0.000,0.298) (0.000,0.194) (0.000,0.149) (0.000,0.206) (0.000,0.274) (0.000,0.296) (0.000,0.303) (0.000,0.291) (0.000,0.307) (0.000,0.341) (0.000,0.520) 
1634     2406    (0)   13 :  0.044 0.033 0.051 0.067 0.055 0.087 0.053 0.089 0.075 0.043 0.079 0.046 0.057 0.047 0.079 0.051 0.043     (0.000,0.233) (0.000,0.176) (0.000,0.267) (0.000,0.351) (0.000,0.291) (0.000,0.440) (0.000,0.282) (0.000,0.440) (0.000,0.377) (0.000,0.225) (0.000,0.408) (0.000,0.245) (0.000,0.303) (0.000,0.247) (0.000,0.409) (0.000,0.271) (0.000,0.230) 
1637     3221    (0)   15 :  0.037 0.066 0.080 0.064 0.061 0.046 0.068 0.037 0.048 0.090 0.044 0.077 0.050 0.044 0.079 0.051 0.057     (0.000,0.194) (0.000,0.342) (0.000,0.412) (0.000,0.334) (0.000,0.321) (0.000,0.241) (0.000,0.354) (0.000,0.196) (0.000,0.252) (0.000,0.451) (0.000,0.234) (0.000,0.398) (0.000,0.266) (0.000,0.229) (0.000,0.399) (0.000,0.272) (0.000,0.298) 
1638     3822    (0)    6 :  0.027 0.022 0.033 0.033 0.047 0.075 0.038 0.151 0.238 0.033 0.046 0.061 0.038 0.040 0.037 0.049 0.033     (0.000,0.140) (0.000,0.118) (0.000,0.176) (0.000,0.172) (0.000,0.247) (0.000,0.376) (0.000,0.198) (0.000,0.539) (0.000,0.714) (0.000,0.175) (0.000,0.239) (0.000,0.316) (0.000,0.199) (0.000,0.213) (0.000,0.194) (0.000,0.256) (0.000,0.174) 
1656      895    (0)   13 :  0.076 0.048 0.063 0.059 0.061 0.056 0.059 0.053 0.037 0.051 0.048 0.063 0.058 0.099 0.047 0.057 0.066     (0.000,0.371) (0.000,0.251) (0.000,0.330) (0.000,0.306) (0.000,0.319) (0.000,0.294) (0.000,0.310) (0.000,0.277) (0.000,0.194) (0.000,0.269) (0.000,0.251) (0.000,0.327) (0.000,0.303) (0.000,0.478) (0.000,0.249) (0.000,0.298) (0.000,0.345) 
1660     2840    (0)   15 :  0.052 0.046 0.073 0.055 0.060 0.047 0.069 0.044 0.035 0.090 0.049 0.064 0.060 0.077 0.048 0.047 0.086     (0.000,0.267) (0.000,0.240) (0.000,0.374) (0.000,0.286) (0.000,0.316) (0.000,0.246) (0.000,0.365) (0.000,0.230) (0.000,0.184) (0.000,0.443) (0.000,0.260) (0.000,0.333) (0.000,0.315) (0.000,0.398) (0.000,0.250) (0.000,0.246) (0.000,0.433) 
1661     1142    (0)    1 :  0.061 0.084 0.062 0.044 0.054 0.068 0.055 0.047 0.123 0.046 0.054 0.058 0.050 0.051 0.043 0.048 0.051     (0.000,0.314) (0.000,0.423) (0.000,0.325) (0.000,0.234) (0.000,0.284) (0.000,0.351) (0.000,0.287) (0.000,0.249) (0.000,0.549) (0.000,0.240) (0.000,0.285) (0.000,0.305) (0.000,0.266) (0.000,0.270) (0.000,0.226) (0.000,0.256) (0.000,0.267) 
1665     1509    (0)   16 :  0.056 0.032 0.049 0.067 0.074 0.076 0.068 0.033 0.032 0.080 0.087 0.067 0.053 0.064 0.063 0.052 0.048     (0.000,0.285) (0.000,0.170) (0.000,0.261) (0.000,0.349) (0.000,0.384) (0.000,0.394) (0.000,0.357) (0.000,0.173) (0.000,0.169) (0.000,0.411) (0.000,0.443) (0.000,0.350) (0.000,0.280) (0.000,0.337) (0.000,0.329) (0.000,0.275) (0.000,0.252) 
1666     2353    (0)    1 :  0.216 0.072 0.049 0.046 0.051 0.040 0.055 0.053 0.057 0.043 0.042 0.038 0.051 0.049 0.051 0.048 0.041     (0.000,0.684) (0.000,0.370) (0.000,0.258) (0.000,0.241) (0.000,0.267) (0.000,0.209) (0.000,0.288) (0.000,0.273) (0.000,0.294) (0.000,0.224) (0.000,0.223) (0.000,0.201) (0.000,0.269) (0.000,0.258) (0.000,0.268) (0.000,0.251) (0.000,0.215) 
1667     1893    (0)   11 :  0.018 0.038 0.050 0.055 0.059 0.063 0.047 0.098 0.101 0.047 0.056 0.060 0.053 0.046 0.045 0.085 0.079     (0.000,0.097) (0.000,0.199) (0.000,0.263) (0.000,0.286) (0.000,0.308) (0.000,0.323) (0.000,0.250) (0.000,0.415) (0.000,0.411) (0.000,0.248) (0.000,0.296) (0.000,0.313) (0.000,0.277) (0.000,0.240) (0.000,0.235) (0.000,0.422) (0.000,0.396) 
1668      228    (0)   15 :  0.050 0.044 0.061 0.047 0.067 0.045 0.084 0.028 0.024 0.091 0.051 0.067 0.042 0.037 0.170 0.047 0.046     (0.000,0.255) (0.000,0.232) (0.000,0.318) (0.000,0.251) (0.000,0.346) (0.000,0.239) (0.000,0.431) (0.000,0.147) (0.000,0.124) (0.000,0.442) (0.000,0.267) (0.000,0.351) (0.000,0.223) (0.000,0.196) (0.000,0.648) (0.000,0.246) (0.000,0.240) 
1676     3242    (0)   15 :  0.051 0.041 0.052 0.060 0.057 0.060 0.063 0.046 0.046 0.060 0.085 0.040 0.073 0.078 0.068 0.067 0.053     (0.000,0.259) (0.000,0.216) (0.000,0.274) (0.000,0.316) (0.000,0.302) (0.000,0.315) (0.000,0.331) (0.000,0.242) (0.000,0.241) (0.000,0.311) (0.000,0.431) (0.000,0.211) (0.000,0.379) (0.000,0.398) (0.000,0.355) (0.000,0.352) (0.000,0.279) 
1677      722    (0)    7 :  0.030 0.041 0.045 0.068 0.068 0.045 0.080 0.054 0.088 0.049 0.081 0.064 0.061 0.035 0.092 0.036 0.064     (0.000,0.157) (0.000,0.217) (0.000,0.238) (0.000,0.356) (0.000,0.350) (0.000,0.235) (0.000,0.417) (0.000,0.276) (0.000,0.405) (0.000,0.260) (0.000,0.413) (0.000,0.333) (0.000,0.321) (0.000,0.184) (0.000,0.465) (0.000,0.189) (0.000,0.338) 
1678     2502   (12)   16 :  0.024 0.090 0.060 0.056 0.050 0.059 0.045 0.057 0.093 0.050 0.053 0.048 0.048 0.042 0.056 0.070 0.099     (0.000,0.125) (0.000,0.435) (0.000,0.312) (0.000,0.294) (0.000,0.263) (0.000,0.312) (0.000,0.239) (0.000,0.294) (0.000,0.426) (0.000,0.261) (0.000,0.278) (0.000,0.253) (0.000,0.254) (0.000,0.221) (0.000,0.295) (0.000,0.364) (0.000,0.485) 
1683     3715    (0)   11 :  0.107 0.185 0.054 0.040 0.048 0.055 0.052 0.036 0.049 0.039 0.040 0.050 0.050 0.059 0.040 0.046 0.047     (0.000,0.478) (0.000,0.677) (0.000,0.284) (0.000,0.209) (0.000,0.255) (0.000,0.289) (0.000,0.274) (0.000,0.192) (0.000,0.254) (0.000,0.206) (0.000,0.212) (0.000,0.264) (0.000,0.266) (0.000,0.308) (0.000,0.212) (0.000,0.244) (0.000,0.249) 
1684     2410    (0)   13 :  0.027 0.020 0.066 0.049 0.088 0.066 0.047 0.040 0.029 0.041 0.054 0.058 0.115 0.078 0.039 0.047 0.136     (0.000,0.142) (0.000,0.105) (0.000,0.335) (0.000,0.256) (0.000,0.440) (0.000,0.339) (0.000,0.245) (0.000,0.209) (0.000,0.150) (0.000,0.215) (0.000,0.280) (0.000,0.305) (0.000,0.521) (0.000,0.390) (0.000,0.207) (0.000,0.244) (0.000,0.499) 
1687      985    (0)   17 :  0.052 0.061 0.054 0.070 0.053 0.043 0.066 0.031 0.027 0.078 0.052 0.058 0.050 0.103 0.052 0.057 0.093     (0.000,0.267) (0.000,0.318) (0.000,0.286) (0.000,0.364) (0.000,0.283) (0.000,0.228) (0.000,0.344) (0.000,0.164) (0.000,0.143) (0.000,0.399) (0.000,0.272) (0.000,0.305) (0.000,0.265) (0.000,0.504) (0.000,0.274) (0.000,0.301) (0.000,0.467) 
1688     3845    (0)    3 :  0.030 0.026 0.046 0.040 0.045 0.039 0.040 0.080 0.295 0.042 0.046 0.043 0.062 0.042 0.047 0.037 0.041     (0.000,0.158) (0.000,0.137) (0.000,0.242) (0.000,0.212) (0.000,0.235) (0.000,0.204) (0.000,0.209) (0.000,0.394) (0.000,0.765) (0.000,0.220) (0.000,0.245) (0.000,0.226) (0.000,0.321) (0.000,0.221) (0.000,0.245) (0.000,0.197) (0.000,0.217) 
1697     3779    (0)    9 :  0.018 0.021 0.025 0.025 0.046 0.030 0.036 0.276 0.218 0.026 0.032 0.055 0.034 0.027 0.032 0.053 0.046     (0.000,0.094) (0.000,0.112) (0.000,0.133) (0.000,0.135) (0.000,0.236) (0.000,0.157) (0.000,0.187) (0.000,0.726) (0.000,0.684) (0.000,0.136) (0.000,0.167) (0.000,0.265) (0.000,0.176) (0.000,0.142) (0.000,0.169) (0.000,0.244) (0.000,0.233) 
1703     3848    (0)    7 :  0.064 0.057 0.045 0.044 0.060 0.038 0.063 0.046 0.064 0.087 0.052 0.052 0.046 0.032 0.146 0.044 0.059     (0.000,0.321) (0.000,0.295) (0.000,0.235) (0.000,0.235) (0.000,0.313) (0.000,0.199) (0.000,0.331) (0.000,0.243) (0.000,0.315) (0.000,0.424) (0.000,0.273) (0.000,0.270) (0.000,0.240) (0.000,0.166) (0.000,0.596) (0.000,0.232) (0.000,0.307) 
1706     3508    (0)   15 :  0.035 0.033 0.081 0.047 0.061 0.079 0.066 0.034 0.047 0.086 0.084 0.062 0.069 0.050 0.077 0.049 0.039     (0.000,0.185) (0.000,0.172) (0.000,0.418) (0.000,0.249) (0.000,0.320) (0.000,0.407) (0.000,0.350) (0.000,0.181) (0.000,0.247) (0.000,0.434) (0.000,0.431) (0.000,0.327) (0.000,0.360) (0.000,0.264) (0.000,0.398) (0.000,0.260) (0.000,0.207) 
1707      457    (0)   15 :  0.040 0.041 0.056 0.059 0.064 0.053 0.066 0.048 0.026 0.089 0.059 0.053 0.070 0.053 0.131 0.041 0.052     (0.000,0.209) (0.000,0.214) (0.000,0.292) (0.000,0.306) (0.000,0.336) (0.000,0.281) (0.000,0.343) (0.000,0.250) (0.000,0.139) (0.000,0.432) (0.000,0.311) (0.000,0.279) (0.000,0.359) (0.000,0.277) (0.000,0.560) (0.000,0.219) (0.000,0.271) 
1710     3798    (0)   16 :  0.018 0.033 0.164 0.028 0.105 0.040 0.057 0.030 0.045 0.078 0.081 0.064 0.042 0.027 0.029 0.042 0.116     (0.000,0.096) (0.000,0.170) (0.000,0.533) (0.000,0.149) (0.000,0.529) (0.000,0.209) (0.000,0.288) (0.000,0.158) (0.000,0.228) (0.000,0.346) (0.000,0.352) (0.000,0.310) (0.000,0.221) (0.000,0.144) (0.000,0.155) (0.000,0.221) (0.000,0.466) 
1713     2412    (0)   13 :  0.041 0.031 0.062 0.105 0.060 0.044 0.048 0.030 0.038 0.071 0.048 0.036 0.080 0.058 0.082 0.090 0.076     (0.000,0.213) (0.000,0.165) (0.000,0.326) (0.000,0.503) (0.000,0.317) (0.000,0.233) (0.000,0.253) (0.000,0.156) (0.000,0.199) (0.000,0.366) (0.000,0.251) (0.000,0.192) (0.000,0.407) (0.000,0.304) (0.000,0.411) (0.000,0.451) (0.000,0.390) 
1714     2599    (0)    4 :  0.058 0.075 0.039 0.061 0.063 0.056 0.060 0.042 0.087 0.061 0.074 0.045 0.055 0.057 0.044 0.050 0.072     (0.000,0.294) (0.000,0.378) (0.000,0.204) (0.000,0.315) (0.000,0.328) (0.000,0.296) (0.000,0.315) (0.000,0.222) (0.000,0.416) (0.000,0.317) (0.000,0.380) (0.000,0.238) (0.000,0.292) (0.000,0.299) (0.000,0.233) (0.000,0.266) (0.000,0.369) 
1717     3249    (0)   15 :  0.028 0.031 0.058 0.071 0.059 0.085 0.067 0.057 0.032 0.056 0.075 0.058 0.051 0.049 0.079 0.084 0.060     (0.000,0.150) (0.000,0.161) (0.000,0.305) (0.000,0.371) (0.000,0.314) (0.000,0.429) (0.000,0.350) (0.000,0.299) (0.000,0.170) (0.000,0.295) (0.000,0.391) (0.000,0.306) (0.000,0.271) (0.000,0.257) (0.000,0.408) (0.000,0.429) (0.000,0.312) 
1718     3238    (0)   15 :  0.055 0.037 0.067 0.053 0.061 0.054 0.066 0.031 0.038 0.077 0.059 0.062 0.080 0.070 0.076 0.063 0.052     (0.000,0.278) (0.000,0.195) (0.000,0.349) (0.000,0.278) (0.000,0.321) (0.000,0.287) (0.000,0.346) (0.000,0.163) (0.000,0.196) (0.000,0.394) (0.000,0.308) (0.000,0.328) (0.000,0.406) (0.000,0.363) (0.000,0.389) (0.000,0.327) (0.000,0.272) 
1723     1074    (0)   11 :  0.058 0.184 0.054 0.058 0.051 0.045 0.053 0.040 0.064 0.042 0.048 0.033 0.048 0.055 0.049 0.049 0.069     (0.000,0.293) (0.000,0.685) (0.000,0.287) (0.000,0.304) (0.000,0.267) (0.000,0.238) (0.000,0.278) (0.000,0.208) (0.000,0.326) (0.000,0.220) (0.000,0.255) (0.000,0.172) (0.000,0.255) (0.000,0.290) (0.000,0.261) (0.000,0.258) (0.000,0.358) 
1724     3867    (0)    7 :  0.088 0.094 0.056 0.036 0.063 0.039 0.059 0.030 0.082 0.050 0.050 0.037 0.046 0.041 0.124 0.053 0.053     (0.000,0.405) (0.000,0.396) (0.000,0.293) (0.000,0.188) (0.000,0.328) (0.000,0.206) (0.000,0.308) (0.000,0.157) (0.000,0.379) (0.000,0.258) (0.000,0.261) (0.000,0.197) (0.000,0.242) (0.000,0.214) (0.000,0.550) (0.000,0.281) (0.000,0.272) 
1725     2331   (12)   10 :  0.039 0.037 0.048 0.075 0.063 0.048 0.067 0.063 0.042 0.096 0.061 0.066 0.054 0.046 0.071 0.050 0.076     (0.000,0.204) (0.000,0.195) (0.000,0.256) (0.000,0.385) (0.000,0.330) (0.000,0.253) (0.000,0.351) (0.000,0.326) (0.000,0.219) (0.000,0.480) (0.000,0.322) (0.000,0.345) (0.000,0.284) (0.000,0.241) (0.000,0.370) (0.000,0.265) (0.000,0.389) 
1727     2431    (0)   12 :  0.051 0.049 0.041 0.069 0.064 0.054 0.076 0.049 0.039 0.075 0.074 0.083 0.062 0.049 0.059 0.041 0.064     (0.000,0.259) (0.000,0.258) (0.000,0.215) (0.000,0.356) (0.000,0.337) (0.000,0.284) (0.000,0.391) (0.000,0.255) (0.000,0.201) (0.000,0.382) (0.000,0.381) (0.000,0.428) (0.000,0.327) (0.000,0.260) (0.000,0.313) (0.000,0.217) (0.000,0.334) 
1728     3907   (25)   11 :  0.027 0.029 0.041 0.041 0.118 0.043 0.055 0.033 0.029 0.052 0.062 0.170 0.092 0.035 0.041 0.035 0.097     (0.000,0.141) (0.000,0.154) (0.000,0.217) (0.000,0.217) (0.000,0.543) (0.000,0.225) (0.000,0.288) (0.000,0.175) (0.000,0.155) (0.000,0.269) (0.000,0.316) (0.000,0.572) (0.000,0.436) (0.000,0.183) (0.000,0.215) (0.000,0.183) (0.000,0.388) 
1729     3004   (12)   10 :  0.032 0.065 0.172 0.033 0.051 0.048 0.044 0.065 0.080 0.038 0.046 0.044 0.048 0.046 0.056 0.042 0.090     (0.000,0.169) (0.000,0.333) (0.000,0.613) (0.000,0.173) (0.000,0.268) (0.000,0.249) (0.000,0.231) (0.000,0.330) (0.000,0.388) (0.000,0.199) (0.000,0.244) (0.000,0.232) (0.000,0.250) (0.000,0.243) (0.000,0.295) (0.000,0.222) (0.000,0.422) 
1730     1104    (0)    8 :  0.073 0.058 0.045 0.040 0.048 0.034 0.043 0.265 0.107 0.041 0.042 0.030 0.039 0.031 0.041 0.032 0.032     (0.000,0.356) (0.000,0.296) (0.000,0.234) (0.000,0.207) (0.000,0.252) (0.000,0.180) (0.000,0.227) (0.000,0.709) (0.000,0.492) (0.000,0.215) (0.000,0.220) (0.000,0.160) (0.000,0.203) (0.000,0.162) (0.000,0.218) (0.000,0.167) (0.000,0.168) 
1732     2398   (12)    7 :  0.024 0.025 0.054 0.054 0.083 0.049 0.069 0.029 0.030 0.055 0.070 0.099 0.096 0.070 0.064 0.055 0.075     (0.000,0.128) (0.000,0.130) (0.000,0.285) (0.000,0.285) (0.000,0.417) (0.000,0.256) (0.000,0.359) (0.000,0.151) (0.000,0.157) (0.000,0.286) (0.000,0.367) (0.000,0.482) (0.000,0.479) (0.000,0.356) (0.000,0.336) (0.000,0.289) (0.000,0.386) 
1736      340    (0)   12 :  0.053 0.038 0.047 0.049 0.063 0.096 0.063 0.052 0.039 0.051 0.064 0.081 0.058 0.079 0.047 0.073 0.046     (0.000,0.276) (0.000,0.202) (0.000,0.249) (0.000,0.260) (0.000,0.333) (0.000,0.476) (0.000,0.332) (0.000,0.273) (0.000,0.206) (0.000,0.267) (0.000,0.337) (0.000,0.417) (0.000,0.307) (0.000,0.407) (0.000,0.249) (0.000,0.376) (0.000,0.244) 
1742     3488    (0)   15 :  0.031 0.030 0.070 0.039 0.074 0.051 0.061 0.088 0.109 0.035 0.043 0.054 0.083 0.030 0.093 0.068 0.041     (0.000,0.161) (0.000,0.159) (0.000,0.358) (0.000,0.206) (0.000,0.377) (0.000,0.263) (0.000,0.316) (0.000,0.376) (0.000,0.466) (0.000,0.185) (0.000,0.228) (0.000,0.283) (0.000,0.382) (0.000,0.157) (0.000,0.443) (0.000,0.347) (0.000,0.216) 
1751     3496    (0)   15 :  0.050 0.041 0.082 0.048 0.100 0.050 0.092 0.032 0.025 0.039 0.041 0.078 0.042 0.033 0.074 0.058 0.112     (0.000,0.254) (0.000,0.213) (0.000,0.408) (0.000,0.252) (0.000,0.481) (0.000,0.262) (0.000,0.443) (0.000,0.170) (0.000,0.134) (0.000,0.206) (0.000,0.213) (0.000,0.390) (0.000,0.217) (0.000,0.175) (0.000,0.373) (0.000,0.300) (0.000,0.438) 
1754     1606    (0)   15 :  0.065 0.069 0.082 0.128 0.050 0.058 0.054 0.042 0.025 0.057 0.046 0.040 0.051 0.043 0.070 0.069 0.051     (0.000,0.321) (0.000,0.351) (0.000,0.420) (0.000,0.585) (0.000,0.265) (0.000,0.302) (0.000,0.286) (0.000,0.221) (0.000,0.131) (0.000,0.303) (0.000,0.245) (0.000,0.213) (0.000,0.270) (0.000,0.228) (0.000,0.365) (0.000,0.359) (0.000,0.269) 
1757     3913    (0)   11 :  0.044 0.053 0.101 0.087 0.055 0.073 0.055 0.044 0.034 0.058 0.048 0.061 0.060 0.043 0.049 0.071 0.063     (0.000,0.231) (0.000,0.276) (0.000,0.493) (0.000,0.443) (0.000,0.290) (0.000,0.379) (0.000,0.288) (0.000,0.232) (0.000,0.180) (0.000,0.301) (0.000,0.254) (0.000,0.321) (0.000,0.318) (0.000,0.226) (0.000,0.261) (0.000,0.370) (0.000,0.327) 
1760     2524    (0)    7 :  0.040 0.047 0.063 0.051 0.060 0.034 0.068 0.028 0.030 0.148 0.047 0.054 0.040 0.044 0.123 0.047 0.077     (0.000,0.210) (0.000,0.245) (0.000,0.330) (0.000,0.268) (0.000,0.314) (0.000,0.181) (0.000,0.359) (0.000,0.147) (0.000,0.157) (0.000,0.623) (0.000,0.251) (0.000,0.284) (0.000,0.212) (0.000,0.231) (0.000,0.549) (0.000,0.249) (0.000,0.398) 
1761     3886    (0)   12 :  0.122 0.067 0.044 0.077 0.054 0.070 0.046 0.038 0.037 0.039 0.049 0.064 0.055 0.047 0.041 0.100 0.048     (0.000,0.517) (0.000,0.348) (0.000,0.233) (0.000,0.397) (0.000,0.284) (0.000,0.364) (0.000,0.243) (0.000,0.201) (0.000,0.197) (0.000,0.206) (0.000,0.259) (0.000,0.335) (0.000,0.291) (0.000,0.246) (0.000,0.216) (0.000,0.496) (0.000,0.255) 
1762     3932    (0)    2 :  0.071 0.065 0.103 0.034 0.058 0.062 0.059 0.035 0.051 0.058 0.063 0.059 0.058 0.055 0.074 0.050 0.046     (0.000,0.348) (0.000,0.329) (0.000,0.490) (0.000,0.179) (0.000,0.302) (0.000,0.321) (0.000,0.308) (0.000,0.183) (0.000,0.266) (0.000,0.296) (0.000,0.327) (0.000,0.309) (0.000,0.304) (0.000,0.291) (0.000,0.357) (0.000,0.264) (0.000,0.240) 
1769     3811   (12)    1 :  0.054 0.113 0.055 0.058 0.049 0.028 0.052 0.102 0.070 0.104 0.035 0.047 0.043 0.056 0.048 0.035 0.051     (0.000,0.278) (0.000,0.524) (0.000,0.291) (0.000,0.301) (0.000,0.258) (0.000,0.146) (0.000,0.274) (0.000,0.485) (0.000,0.359) (0.000,0.511) (0.000,0.186) (0.000,0.249) (0.000,0.229) (0.000,0.296) (0.000,0.253) (0.000,0.183) (0.000,0.269) 
1777     1646    (0)   15 :  0.028 0.043 0.055 0.059 0.066 0.056 0.072 0.083 0.079 0.044 0.058 0.053 0.062 0.064 0.075 0.048 0.054     (0.000,0.146) (0.000,0.227) (0.000,0.289) (0.000,0.308) (0.000,0.343) (0.000,0.295) (0.000,0.371) (0.000,0.396) (0.000,0.375) (0.000,0.229) (0.000,0.306) (0.000,0.280) (0.000,0.328) (0.000,0.333) (0.000,0.387) (0.000,0.253) (0.000,0.282) 
1778      253    (0)   15 :  0.033 0.029 0.087 0.058 0.067 0.051 0.101 0.024 0.029 0.047 0.063 0.062 0.062 0.068 0.092 0.070 0.058     (0.000,0.172) (0.000,0.154) (0.000,0.434) (0.000,0.303) (0.000,0.352) (0.000,0.267) (0.000,0.491) (0.000,0.125) (0.000,0.151) (0.000,0.247) (0.000,0.327) (0.000,0.326) (0.000,0.324) (0.000,0.349) (0.000,0.449) (0.000,0.360) (0.000,0.304) 
1779     1555    (0)   15 :  0.050 0.039 0.060 0.046 0.057 0.071 0.065 0.030 0.028 0.055 0.066 0.102 0.065 0.127 0.057 0.038 0.044     (0.000,0.258) (0.000,0.205) (0.000,0.317) (0.000,0.242) (0.000,0.302) (0.000,0.368) (0.000,0.341) (0.000,0.160) (0.000,0.147) (0.000,0.290) (0.000,0.345) (0.000,0.504) (0.000,0.343) (0.000,0.569) (0.000,0.304) (0.000,0.201) (0.000,0.231) 
1784     3778   (12)   16 :  0.053 0.053 0.082 0.034 0.048 0.045 0.034 0.028 0.046 0.029 0.040 0.146 0.052 0.046 0.038 0.103 0.121     (0.000,0.265) (0.000,0.275) (0.000,0.418) (0.000,0.181) (0.000,0.255) (0.000,0.236) (0.000,0.181) (0.000,0.149) (0.000,0.235) (0.000,0.156) (0.000,0.212) (0.000,0.572) (0.000,0.274) (0.000,0.241) (0.000,0.201) (0.000,0.495) (0.000,0.502) 
1786      918    (0)   13 :  0.039 0.055 0.052 0.072 0.053 0.061 0.049 0.075 0.067 0.049 0.113 0.043 0.076 0.047 0.061 0.045 0.044     (0.000,0.204) (0.000,0.285) (0.000,0.274) (0.000,0.373) (0.000,0.281) (0.000,0.318) (0.000,0.258) (0.000,0.370) (0.000,0.336) (0.000,0.258) (0.000,0.536) (0.000,0.226) (0.000,0.390) (0.000,0.249) (0.000,0.321) (0.000,0.239) (0.000,0.232) 
1788     1618    (0)   15 :  0.034 0.037 0.069 0.058 0.068 0.056 0.086 0.037 0.032 0.065 0.061 0.053 0.058 0.061 0.126 0.052 0.047     (0.000,0.178) (0.000,0.193) (0.000,0.360) (0.000,0.306) (0.000,0.357) (0.000,0.294) (0.000,0.444) (0.000,0.198) (0.000,0.168) (0.000,0.341) (0.000,0.322) (0.000,0.280) (0.000,0.307) (0.000,0.320) (0.000,0.582) (0.000,0.275) (0.000,0.248) 
1789     1648    (0)   15 :  0.037 0.047 0.048 0.083 0.059 0.032 0.054 0.108 0.141 0.044 0.044 0.041 0.045 0.050 0.043 0.041 0.084     (0.000,0.195) (0.000,0.245) (0.000,0.251) (0.000,0.410) (0.000,0.311) (0.000,0.171) (0.000,0.287) (0.000,0.471) (0.000,0.531) (0.000,0.231) (0.000,0.231) (0.000,0.215) (0.000,0.239) (0.000,0.261) (0.000,0.224) (0.000,0.217) (0.000,0.420) 
1793     3782    (0)   16 :  0.044 0.048 0.060 0.101 0.071 0.056 0.059 0.033 0.040 0.044 0.045 0.055 0.051 0.054 0.068 0.086 0.085     (0.000,0.231) (0.000,0.252) (0.000,0.316) (0.000,0.497) (0.000,0.369) (0.000,0.296) (0.000,0.312) (0.000,0.175) (0.000,0.210) (0.000,0.231) (0.000,0.240) (0.000,0.291) (0.000,0.269) (0.000,0.284) (0.000,0.353) (0.000,0.436) (0.000,0.430) 
1794     3500    (0)   15 :  0.049 0.029 0.050 0.077 0.076 0.058 0.070 0.044 0.031 0.081 0.052 0.066 0.071 0.059 0.070 0.057 0.061     (0.000,0.250) (0.000,0.153) (0.000,0.261) (0.000,0.394) (0.000,0.392) (0.000,0.303) (0.000,0.365) (0.000,0.232) (0.000,0.162) (0.000,0.411) (0.000,0.275) (0.000,0.343) (0.000,0.373) (0.000,0.307) (0.000,0.366) (0.000,0.298) (0.000,0.321) 
1797     2376    (0)    7 :  0.066 0.083 0.059 0.044 0.055 0.046 0.050 0.060 0.053 0.049 0.081 0.053 0.083 0.080 0.058 0.039 0.041     (0.000,0.328) (0.000,0.407) (0.000,0.308) (0.000,0.233) (0.000,0.289) (0.000,0.241) (0.000,0.265) (0.000,0.306) (0.000,0.269) (0.000,0.255) (0.000,0.412) (0.000,0.278) (0.000,0.422) (0.000,0.400) (0.000,0.306) (0.000,0.205) (0.000,0.218) 
1804     3497    (0)   15 :  0.038 0.052 0.079 0.064 0.056 0.058 0.062 0.045 0.044 0.061 0.053 0.059 0.060 0.068 0.078 0.055 0.067     (0.000,0.202) (0.000,0.265) (0.000,0.402) (0.000,0.332) (0.000,0.297) (0.000,0.304) (0.000,0.326) (0.000,0.232) (0.000,0.228) (0.000,0.315) (0.000,0.281) (0.000,0.310) (0.000,0.315) (0.000,0.348) (0.000,0.403) (0.000,0.290) (0.000,0.349) 
1810     2914    (0)   15 :  0.063 0.046 0.054 0.062 0.067 0.054 0.070 0.060 0.064 0.054 0.064 0.060 0.061 0.069 0.060 0.044 0.048     (0.000,0.322) (0.000,0.238) (0.000,0.285) (0.000,0.326) (0.000,0.348) (0.000,0.282) (0.000,0.364) (0.000,0.306) (0.000,0.328) (0.000,0.286) (0.000,0.332) (0.000,0.316) (0.000,0.321) (0.000,0.359) (0.000,0.315) (0.000,0.230) (0.000,0.251) 
1813     2537   (12)    7 :  0.032 0.042 0.064 0.054 0.058 0.072 0.071 0.052 0.056 0.058 0.075 0.053 0.054 0.055 0.080 0.056 0.069     (0.000,0.170) (0.000,0.220) (0.000,0.335) (0.000,0.283) (0.000,0.306) (0.000,0.374) (0.000,0.370) (0.000,0.274) (0.000,0.288) (0.000,0.303) (0.000,0.389) (0.000,0.278) (0.000,0.286) (0.000,0.289) (0.000,0.410) (0.000,0.297) (0.000,0.361) 
1820     3363    (0)    3 :  0.046 0.045 0.069 0.045 0.072 0.060 0.053 0.030 0.028 0.051 0.079 0.064 0.109 0.080 0.080 0.057 0.033     (0.000,0.235) (0.000,0.234) (0.000,0.360) (0.000,0.236) (0.000,0.370) (0.000,0.315) (0.000,0.280) (0.000,0.159) (0.000,0.149) (0.000,0.267) (0.000,0.406) (0.000,0.333) (0.000,0.522) (0.000,0.409) (0.000,0.411) (0.000,0.297) (0.000,0.174) 
1821     3260    (0)   15 :  0.037 0.026 0.048 0.049 0.065 0.110 0.065 0.033 0.049 0.053 0.103 0.068 0.067 0.076 0.065 0.045 0.041     (0.000,0.197) (0.000,0.138) (0.000,0.252) (0.000,0.257) (0.000,0.340) (0.000,0.534) (0.000,0.341) (0.000,0.177) (0.000,0.254) (0.000,0.281) (0.000,0.507) (0.000,0.357) (0.000,0.356) (0.000,0.394) (0.000,0.345) (0.000,0.236) (0.000,0.218) 
1823       37   (12)    9 :  0.050 0.070 0.065 0.046 0.058 0.089 0.053 0.051 0.059 0.058 0.068 0.064 0.060 0.055 0.060 0.048 0.045     (0.000,0.261) (0.000,0.361) (0.000,0.340) (0.000,0.245) (0.000,0.303) (0.000,0.449) (0.000,0.283) (0.000,0.270) (0.000,0.308) (0.000,0.306) (0.000,0.356) (0.000,0.335) (0.000,0.317) (0.000,0.291) (0.000,0.316) (0.000,0.253) (0.000,0.238) 
1826     3512    (0)   15 :  0.097 0.125 0.052 0.062 0.058 0.041 0.047 0.045 0.036 0.048 0.049 0.046 0.045 0.069 0.051 0.071 0.057     (0.000,0.437) (0.000,0.538) (0.000,0.272) (0.000,0.323) (0.000,0.302) (0.000,0.218) (0.000,0.246) (0.000,0.237) (0.000,0.192) (0.000,0.256) (0.000,0.261) (0.000,0.241) (0.000,0.236) (0.000,0.355) (0.000,0.270) (0.000,0.366) (0.000,0.296) 
1827     3532    (0)   15 :  0.074 0.058 0.076 0.040 0.060 0.079 0.065 0.029 0.045 0.063 0.068 0.062 0.060 0.074 0.065 0.047 0.036     (0.000,0.368) (0.000,0.300) (0.000,0.395) (0.000,0.208) (0.000,0.316) (0.000,0.408) (0.000,0.340) (0.000,0.153) (0.000,0.235) (0.000,0.329) (0.000,0.359) (0.000,0.324) (0.000,0.316) (0.000,0.385) (0.000,0.341) (0.000,0.246) (0.000,0.188) 
1829     1071    (0)   11 :  0.050 0.041 0.037 0.062 0.062 0.081 0.061 0.070 0.041 0.055 0.082 0.060 0.054 0.080 0.055 0.062 0.047     (0.000,0.257) (0.000,0.218) (0.000,0.196) (0.000,0.324) (0.000,0.323) (0.000,0.414) (0.000,0.319) (0.000,0.360) (0.000,0.217) (0.000,0.290) (0.000,0.423) (0.000,0.314) (0.000,0.287) (0.000,0.411) (0.000,0.292) (0.000,0.325) (0.000,0.249) 
1830     2389    (0)    7 :  0.038 0.034 0.070 0.058 0.086 0.053 0.061 0.042 0.033 0.061 0.058 0.101 0.085 0.054 0.055 0.051 0.059     (0.000,0.201) (0.000,0.177) (0.000,0.360) (0.000,0.307) (0.000,0.433) (0.000,0.277) (0.000,0.320) (0.000,0.223) (0.000,0.173) (0.000,0.321) (0.000,0.308) (0.000,0.495) (0.000,0.431) (0.000,0.285) (0.000,0.291) (0.000,0.273) (0.000,0.308) 
1840     2369    (0)   10 :  0.045 0.052 0.048 0.082 0.059 0.047 0.057 0.041 0.036 0.071 0.046 0.065 0.054 0.105 0.060 0.058 0.074     (0.000,0.234) (0.000,0.272) (0.000,0.252) (0.000,0.416) (0.000,0.314) (0.000,0.246) (0.000,0.300) (0.000,0.215) (0.000,0.189) (0.000,0.368) (0.000,0.244) (0.000,0.343) (0.000,0.284) (0.000,0.499) (0.000,0.315) (0.000,0.303) (0.000,0.384) 
1850     3817   (12)    6 :  0.043 0.058 0.082 0.065 0.053 0.064 0.073 0.061 0.051 0.043 0.067 0.053 0.058 0.060 0.071 0.048 0.051     (0.000,0.225) (0.000,0.302) (0.000,0.421) (0.000,0.340) (0.000,0.281) (0.000,0.336) (0.000,0.381) (0.000,0.316) (0.000,0.265) (0.000,0.228) (0.000,0.355) (0.000,0.282) (0.000,0.306) (0.000,0.315) (0.000,0.368) (0.000,0.251) (0.000,0.269) 
1851      790    (0)   14 :  0.027 0.032 0.055 0.066 0.061 0.082 0.073 0.033 0.040 0.081 0.068 0.073 0.054 0.056 0.078 0.052 0.070     (0.000,0.145) (0.000,0.166) (0.000,0.288) (0.000,0.346) (0.000,0.324) (0.000,0.423) (0.000,0.382) (0.000,0.172) (0.000,0.207) (0.000,0.414) (0.000,0.357) (0.000,0.379) (0.000,0.284) (0.000,0.296) (0.000,0.407) (0.000,0.272) (0.000,0.363) 
1852     3894    (0)    3 :  0.083 0.084 0.089 0.072 0.055 0.041 0.076 0.042 0.029 0.050 0.037 0.052 0.044 0.046 0.074 0.055 0.069     (0.000,0.397) (0.000,0.397) (0.000,0.448) (0.000,0.372) (0.000,0.293) (0.000,0.217) (0.000,0.392) (0.000,0.222) (0.000,0.153) (0.000,0.265) (0.000,0.198) (0.000,0.275) (0.000,0.233) (0.000,0.241) (0.000,0.376) (0.000,0.287) (0.000,0.354) 
1854      567    (0)   10 :  0.046 0.095 0.054 0.052 0.058 0.042 0.064 0.037 0.036 0.105 0.051 0.051 0.046 0.074 0.049 0.052 0.089     (0.000,0.237) (0.000,0.465) (0.000,0.285) (0.000,0.271) (0.000,0.305) (0.000,0.223) (0.000,0.338) (0.000,0.196) (0.000,0.191) (0.000,0.504) (0.000,0.265) (0.000,0.268) (0.000,0.240) (0.000,0.383) (0.000,0.258) (0.000,0.275) (0.000,0.443) 
1855     3487    (0)   15 :  0.042 0.062 0.037 0.061 0.049 0.048 0.056 0.147 0.129 0.036 0.061 0.042 0.057 0.035 0.056 0.034 0.048     (0.000,0.222) (0.000,0.322) (0.000,0.194) (0.000,0.317) (0.000,0.256) (0.000,0.252) (0.000,0.293) (0.000,0.602) (0.000,0.545) (0.000,0.188) (0.000,0.324) (0.000,0.223) (0.000,0.302) (0.000,0.183) (0.000,0.295) (0.000,0.178) (0.000,0.252) 
1859     3332    (0)    8 :  0.056 0.062 0.056 0.041 0.074 0.036 0.053 0.086 0.119 0.055 0.045 0.039 0.042 0.040 0.044 0.033 0.116     (0.000,0.282) (0.000,0.319) (0.000,0.292) (0.000,0.214) (0.000,0.373) (0.000,0.190) (0.000,0.276) (0.000,0.413) (0.000,0.514) (0.000,0.287) (0.000,0.236) (0.000,0.207) (0.000,0.222) (0.000,0.212) (0.000,0.230) (0.000,0.175) (0.000,0.438) 
1862     1820    (0)    8 :  0.070 0.060 0.059 0.036 0.054 0.051 0.050 0.088 0.132 0.055 0.057 0.046 0.049 0.062 0.052 0.040 0.038     (0.000,0.352) (0.000,0.313) (0.000,0.309) (0.000,0.190) (0.000,0.284) (0.000,0.271) (0.000,0.268) (0.000,0.434) (0.000,0.566) (0.000,0.290) (0.000,0.298) (0.000,0.243) (0.000,0.256) (0.000,0.321) (0.000,0.272) (0.000,0.213) (0.000,0.203) 
1864     3009   (12)   10 :  0.031 0.030 0.059 0.038 0.056 0.037 0.097 0.023 0.023 0.233 0.049 0.059 0.038 0.039 0.111 0.034 0.043     (0.000,0.160) (0.000,0.158) (0.000,0.309) (0.000,0.203) (0.000,0.298) (0.000,0.198) (0.000,0.487) (0.000,0.121) (0.000,0.122) (0.000,0.756) (0.000,0.257) (0.000,0.312) (0.000,0.200) (0.000,0.209) (0.000,0.516) (0.000,0.182) (0.000,0.226) 
1866     3725    (0)   11 :  0.037 0.032 0.057 0.053 0.059 0.053 0.062 0.068 0.063 0.059 0.081 0.063 0.082 0.086 0.050 0.040 0.056     (0.000,0.191) (0.000,0.170) (0.000,0.295) (0.000,0.275) (0.000,0.313) (0.000,0.278) (0.000,0.328) (0.000,0.319) (0.000,0.295) (0.000,0.308) (0.000,0.412) (0.000,0.328) (0.000,0.411) (0.000,0.425) (0.000,0.264) (0.000,0.209) (0.000,0.294) 
1871     3874    (0)    3 :  0.038 0.035 0.120 0.043 0.061 0.051 0.084 0.045 0.047 0.062 0.051 0.059 0.047 0.046 0.107 0.049 0.056     (0.000,0.196) (0.000,0.184) (0.000,0.547) (0.000,0.229) (0.000,0.321) (0.000,0.268) (0.000,0.423) (0.000,0.233) (0.000,0.241) (0.000,0.319) (0.000,0.267) (0.000,0.310) (0.000,0.246) (0.000,0.242) (0.000,0.477) (0.000,0.257) (0.000,0.292) 
1874     2468    (0)    8 :  0.026 0.035 0.043 0.031 0.041 0.053 0.035 0.237 0.174 0.030 0.050 0.040 0.043 0.049 0.037 0.039 0.036     (0.000,0.139) (0.000,0.185) (0.000,0.228) (0.000,0.165) (0.000,0.218) (0.000,0.274) (0.000,0.184) (0.000,0.717) (0.000,0.635) (0.000,0.157) (0.000,0.265) (0.000,0.213) (0.000,0.224) (0.000,0.255) (0.000,0.195) (0.000,0.203) (0.000,0.190) 
1880     3506   (25)   15 :  0.047 0.048 0.059 0.057 0.057 0.059 0.075 0.035 0.024 0.094 0.062 0.058 0.055 0.099 0.055 0.057 0.060     (0.000,0.246) (0.000,0.252) (0.000,0.311) (0.000,0.300) (0.000,0.300) (0.000,0.312) (0.000,0.391) (0.000,0.184) (0.000,0.128) (0.000,0.469) (0.000,0.327) (0.000,0.304) (0.000,0.291) (0.000,0.494) (0.000,0.293) (0.000,0.301) (0.000,0.316) 
1882     1816    (0)    8 :  0.051 0.054 0.043 0.066 0.055 0.036 0.051 0.165 0.094 0.048 0.045 0.047 0.059 0.053 0.039 0.036 0.058     (0.000,0.261) (0.000,0.277) (0.000,0.227) (0.000,0.337) (0.000,0.289) (0.000,0.192) (0.000,0.270) (0.000,0.636) (0.000,0.444) (0.000,0.252) (0.000,0.239) (0.000,0.247) (0.000,0.309) (0.000,0.276) (0.000,0.206) (0.000,0.191) (0.000,0.306) 
1884      741    (0)    4 :  0.037 0.034 0.061 0.074 0.063 0.036 0.090 0.043 0.046 0.079 0.061 0.060 0.068 0.047 0.093 0.047 0.062     (0.000,0.194) (0.000,0.178) (0.000,0.321) (0.000,0.378) (0.000,0.332) (0.000,0.190) (0.000,0.456) (0.000,0.224) (0.000,0.235) (0.000,0.402) (0.000,0.318) (0.000,0.312) (0.000,0.354) (0.000,0.246) (0.000,0.465) (0.000,0.248) (0.000,0.324) 
1888     3211   (12)   15 :  0.040 0.033 0.049 0.069 0.064 0.043 0.062 0.066 0.047 0.077 0.078 0.052 0.067 0.058 0.077 0.055 0.064     (0.000,0.213) (0.000,0.172) (0.000,0.260) (0.000,0.358) (0.000,0.335) (0.000,0.229) (0.000,0.326) (0.000,0.340) (0.000,0.246) (0.000,0.396) (0.000,0.402) (0.000,0.272) (0.000,0.348) (0.000,0.306) (0.000,0.399) (0.000,0.290) (0.000,0.331) 
1889     3949    (0)   17 :  0.032 0.046 0.047 0.058 0.074 0.058 0.049 0.030 0.031 0.095 0.077 0.090 0.089 0.044 0.051 0.073 0.056     (0.000,0.168) (0.000,0.232) (0.000,0.248) (0.000,0.301) (0.000,0.381) (0.000,0.302) (0.000,0.256) (0.000,0.161) (0.000,0.166) (0.000,0.445) (0.000,0.393) (0.000,0.446) (0.000,0.442) (0.000,0.232) (0.000,0.267) (0.000,0.370) (0.000,0.293) 
1890     1678    (0)   13 :  0.053 0.063 0.065 0.066 0.049 0.063 0.054 0.036 0.033 0.064 0.064 0.053 0.047 0.061 0.053 0.107 0.069     (0.000,0.269) (0.000,0.322) (0.000,0.341) (0.000,0.342) (0.000,0.260) (0.000,0.333) (0.000,0.287) (0.000,0.190) (0.000,0.174) (0.000,0.334) (0.000,0.339) (0.000,0.278) (0.000,0.248) (0.000,0.318) (0.000,0.280) (0.000,0.515) (0.000,0.359) 
1892      225    (0)   15 :  0.029 0.045 0.043 0.077 0.061 0.061 0.053 0.041 0.035 0.068 0.072 0.068 0.053 0.086 0.056 0.068 0.085     (0.000,0.152) (0.000,0.235) (0.000,0.228) (0.000,0.397) (0.000,0.322) (0.000,0.317) (0.000,0.281) (0.000,0.218) (0.000,0.185) (0.000,0.353) (0.000,0.374) (0.000,0.355) (0.000,0.279) (0.000,0.440) (0.000,0.295) (0.000,0.356) (0.000,0.428) 
1893     2996   (12)   10 :  0.029 0.053 0.085 0.038 0.059 0.072 0.044 0.057 0.144 0.048 0.041 0.051 0.068 0.056 0.040 0.059 0.056     (0.000,0.155) (0.000,0.278) (0.000,0.429) (0.000,0.201) (0.000,0.311) (0.000,0.368) (0.000,0.232) (0.000,0.295) (0.000,0.586) (0.000,0.250) (0.000,0.218) (0.000,0.267) (0.000,0.354) (0.000,0.295) (0.000,0.212) (0.000,0.310) (0.000,0.292) 
1894      246    (0)   15 :  0.026 0.035 0.049 0.063 0.066 0.046 0.059 0.097 0.111 0.076 0.054 0.059 0.051 0.044 0.052 0.043 0.070     (0.000,0.135) (0.000,0.184) (0.000,0.255) (0.000,0.326) (0.000,0.338) (0.000,0.244) (0.000,0.311) (0.000,0.415) (0.000,0.464) (0.000,0.385) (0.000,0.286) (0.000,0.305) (0.000,0.269) (0.000,0.234) (0.000,0.271) (0.000,0.225) (0.000,0.361) 
1896     3884   (25)    3 :  0.031 0.102 0.056 0.089 0.052 0.038 0.048 0.046 0.049 0.036 0.088 0.047 0.090 0.058 0.056 0.040 0.072     (0.000,0.164) (0.000,0.485) (0.000,0.294) (0.000,0.441) (0.000,0.274) (0.000,0.202) (0.000,0.253) (0.000,0.235) (0.000,0.251) (0.000,0.192) (0.000,0.446) (0.000,0.250) (0.000,0.451) (0.000,0.301) (0.000,0.295) (0.000,0.213) (0.000,0.369) 
1898     3344    (0)    8 :  0.026 0.049 0.033 0.034 0.029 0.031 0.027 0.172 0.368 0.024 0.027 0.026 0.033 0.027 0.027 0.033 0.034     (0.000,0.137) (0.000,0.257) (0.000,0.173) (0.000,0.178) (0.000,0.154) (0.000,0.165) (0.000,0.142) (0.000,0.669) (0.000,0.834) (0.000,0.127) (0.000,0.145) (0.000,0.137) (0.000,0.174) (0.000,0.142) (0.000,0.143) (0.000,0.176) (0.000,0.178) 
1902     3455    (0)    6 :  0.020 0.039 0.069 0.060 0.056 0.083 0.057 0.031 0.029 0.052 0.082 0.050 0.062 0.082 0.077 0.085 0.067     (0.000,0.105) (0.000,0.198) (0.000,0.357) (0.000,0.314) (0.000,0.300) (0.000,0.417) (0.000,0.298) (0.000,0.163) (0.000,0.152) (0.000,0.275) (0.000,0.424) (0.000,0.264) (0.000,0.324) (0.000,0.411) (0.000,0.398) (0.000,0.421) (0.000,0.348) 
1903     3834    (0)    6 :  0.048 0.034 0.066 0.061 0.065 0.080 0.072 0.050 0.028 0.048 0.073 0.061 0.071 0.054 0.049 0.074 0.067     (0.000,0.247) (0.000,0.181) (0.000,0.340) (0.000,0.318) (0.000,0.339) (0.000,0.404) (0.000,0.374) (0.000,0.259) (0.000,0.148) (0.000,0.254) (0.000,0.378) (0.000,0.318) (0.000,0.369) (0.000,0.282) (0.000,0.258) (0.000,0.380) (0.000,0.345) 
1906      114    (0)   15 :  0.049 0.059 0.075 0.110 0.054 0.063 0.061 0.040 0.025 0.086 0.050 0.050 0.053 0.040 0.079 0.056 0.051     (0.000,0.250) (0.000,0.306) (0.000,0.389) (0.000,0.522) (0.000,0.285) (0.000,0.330) (0.000,0.325) (0.000,0.212) (0.000,0.130) (0.000,0.434) (0.000,0.266) (0.000,0.263) (0.000,0.279) (0.000,0.209) (0.000,0.407) (0.000,0.295) (0.000,0.267) 
1907      454    (0)   12 :  0.043 0.053 0.102 0.045 0.059 0.062 0.055 0.062 0.053 0.068 0.046 0.070 0.064 0.057 0.049 0.056 0.057     (0.000,0.225) (0.000,0.278) (0.000,0.495) (0.000,0.234) (0.000,0.309) (0.000,0.322) (0.000,0.291) (0.000,0.316) (0.000,0.272) (0.000,0.349) (0.000,0.244) (0.000,0.364) (0.000,0.334) (0.000,0.301) (0.000,0.256) (0.000,0.293) (0.000,0.301) 
1908     3485    (0)   15 :  0.043 0.041 0.076 0.048 0.083 0.042 0.052 0.031 0.043 0.051 0.050 0.037 0.064 0.053 0.056 0.064 0.169     (0.000,0.224) (0.000,0.211) (0.000,0.384) (0.000,0.251) (0.000,0.418) (0.000,0.219) (0.000,0.269) (0.000,0.163) (0.000,0.225) (0.000,0.265) (0.000,0.261) (0.000,0.195) (0.000,0.327) (0.000,0.274) (0.000,0.289) (0.000,0.328) (0.000,0.585) 
1912     2366    (0)   10 :  0.098 0.127 0.058 0.046 0.051 0.053 0.060 0.034 0.043 0.059 0.054 0.055 0.047 0.070 0.048 0.046 0.051     (0.000,0.467) (0.000,0.575) (0.000,0.304) (0.000,0.245) (0.000,0.271) (0.000,0.281) (0.000,0.319) (0.000,0.178) (0.000,0.227) (0.000,0.312) (0.000,0.284) (0.000,0.290) (0.000,0.248) (0.000,0.364) (0.000,0.256) (0.000,0.241) (0.000,0.271) 
1915     3831   (25)    6 :  0.029 0.035 0.054 0.088 0.063 0.052 0.060 0.035 0.031 0.065 0.102 0.056 0.086 0.073 0.067 0.049 0.056     (0.000,0.152) (0.000,0.184) (0.000,0.285) (0.000,0.447) (0.000,0.330) (0.000,0.277) (0.000,0.317) (0.000,0.185) (0.000,0.165) (0.000,0.339) (0.000,0.501) (0.000,0.294) (0.000,0.432) (0.000,0.381) (0.000,0.351) (0.000,0.260) (0.000,0.294) 
1926        7    (0)    9 :  0.031 0.048 0.056 0.025 0.039 0.045 0.039 0.076 0.340 0.037 0.040 0.042 0.039 0.036 0.038 0.035 0.034     (0.000,0.166) (0.000,0.253) (0.000,0.299) (0.000,0.132) (0.000,0.208) (0.000,0.237) (0.000,0.204) (0.000,0.387) (0.000,0.825) (0.000,0.195) (0.000,0.213) (0.000,0.224) (0.000,0.205) (0.000,0.189) (0.000,0.202) (0.000,0.183) (0.000,0.178) 
1934     3737    (0)    5 :  0.033 0.030 0.048 0.084 0.082 0.087 0.058 0.035 0.030 0.047 0.075 0.061 0.078 0.057 0.056 0.062 0.075     (0.000,0.172) (0.000,0.161) (0.000,0.253) (0.000,0.427) (0.000,0.421) (0.000,0.439) (0.000,0.307) (0.000,0.183) (0.000,0.160) (0.000,0.248) (0.000,0.389) (0.000,0.320) (0.000,0.408) (0.000,0.299) (0.000,0.296) (0.000,0.324) (0.000,0.384) 
1935     3740    (0)   13 :  0.036 0.050 0.080 0.046 0.055 0.055 0.044 0.047 0.052 0.035 0.041 0.048 0.111 0.055 0.041 0.125 0.078     (0.000,0.186) (0.000,0.255) (0.000,0.399) (0.000,0.245) (0.000,0.291) (0.000,0.288) (0.000,0.234) (0.000,0.246) (0.000,0.265) (0.000,0.183) (0.000,0.216) (0.000,0.253) (0.000,0.522) (0.000,0.288) (0.000,0.217) (0.000,0.540) (0.000,0.395) 
1940      793    (0)   14 :  0.086 0.042 0.036 0.074 0.066 0.040 0.061 0.045 0.047 0.061 0.070 0.046 0.065 0.113 0.049 0.046 0.055     (0.000,0.410) (0.000,0.220) (0.000,0.192) (0.000,0.378) (0.000,0.344) (0.000,0.210) (0.000,0.320) (0.000,0.238) (0.000,0.244) (0.000,0.319) (0.000,0.359) (0.000,0.243) (0.000,0.339) (0.000,0.539) (0.000,0.259) (0.000,0.240) (0.000,0.286) 
1943     3813    (0)    5 :  0.071 0.086 0.051 0.088 0.053 0.063 0.049 0.048 0.039 0.058 0.046 0.049 0.055 0.062 0.046 0.077 0.059     (0.000,0.358) (0.000,0.423) (0.000,0.269) (0.000,0.445) (0.000,0.279) (0.000,0.331) (0.000,0.260) (0.000,0.252) (0.000,0.207) (0.000,0.304) (0.000,0.241) (0.000,0.259) (0.000,0.289) (0.000,0.323) (0.000,0.241) (0.000,0.399) (0.000,0.311) 
1946     2760    (0)   10 :  0.051 0.040 0.055 0.066 0.055 0.060 0.055 0.086 0.090 0.056 0.067 0.056 0.055 0.050 0.065 0.044 0.051     (0.000,0.266) (0.000,0.208) (0.000,0.289) (0.000,0.344) (0.000,0.293) (0.000,0.311) (0.000,0.288) (0.000,0.428) (0.000,0.440) (0.000,0.295) (0.000,0.350) (0.000,0.293) (0.000,0.291) (0.000,0.262) (0.000,0.341) (0.000,0.233) (0.000,0.266) 
1949     3582    (0)   11 :  0.036 0.038 0.056 0.082 0.056 0.065 0.055 0.028 0.029 0.056 0.079 0.057 0.077 0.104 0.056 0.052 0.073     (0.000,0.190) (0.000,0.197) (0.000,0.292) (0.000,0.418) (0.000,0.294) (0.000,0.341) (0.000,0.290) (0.000,0.150) (0.000,0.155) (0.000,0.294) (0.000,0.408) (0.000,0.301) (0.000,0.400) (0.000,0.498) (0.000,0.298) (0.000,0.272) (0.000,0.377) 
1954     1522    (0)    2 :  0.029 0.365 0.041 0.040 0.034 0.027 0.029 0.055 0.054 0.038 0.031 0.026 0.032 0.041 0.030 0.047 0.081     (0.000,0.152) (0.000,0.843) (0.000,0.215) (0.000,0.211) (0.000,0.181) (0.000,0.140) (0.000,0.155) (0.000,0.288) (0.000,0.278) (0.000,0.201) (0.000,0.162) (0.000,0.137) (0.000,0.169) (0.000,0.215) (0.000,0.159) (0.000,0.250) (0.000,0.419) 
1958     2465   (25)    5 :  0.038 0.057 0.069 0.043 0.057 0.050 0.058 0.069 0.070 0.054 0.057 0.053 0.055 0.066 0.076 0.066 0.061     (0.000,0.202) (0.000,0.296) (0.000,0.359) (0.000,0.228) (0.000,0.300) (0.000,0.264) (0.000,0.307) (0.000,0.350) (0.000,0.348) (0.000,0.284) (0.000,0.299) (0.000,0.281) (0.000,0.289) (0.000,0.342) (0.000,0.390) (0.000,0.346) (0.000,0.318) 
1960     3807    (0)   11 :  0.047 0.040 0.053 0.044 0.063 0.067 0.064 0.083 0.051 0.078 0.061 0.054 0.066 0.094 0.057 0.041 0.037     (0.000,0.241) (0.000,0.209) (0.000,0.278) (0.000,0.234) (0.000,0.329) (0.000,0.350) (0.000,0.336) (0.000,0.360) (0.000,0.255) (0.000,0.395) (0.000,0.323) (0.000,0.285) (0.000,0.345) (0.000,0.467) (0.000,0.299) (0.000,0.218) (0.000,0.194) 
1966     3217    (0)   15 :  0.020 0.021 0.052 0.086 0.063 0.069 0.074 0.040 0.030 0.065 0.068 0.078 0.073 0.067 0.091 0.051 0.052     (0.000,0.107) (0.000,0.113) (0.000,0.274) (0.000,0.438) (0.000,0.333) (0.000,0.359) (0.000,0.384) (0.000,0.211) (0.000,0.157) (0.000,0.335) (0.000,0.357) (0.000,0.404) (0.000,0.378) (0.000,0.343) (0.000,0.459) (0.000,0.269) (0.000,0.275) 
1970     3246    (0)   15 :  0.067 0.062 0.059 0.072 0.062 0.048 0.072 0.048 0.078 0.057 0.058 0.047 0.054 0.045 0.071 0.045 0.057     (0.000,0.326) (0.000,0.318) (0.000,0.307) (0.000,0.373) (0.000,0.323) (0.000,0.252) (0.000,0.375) (0.000,0.249) (0.000,0.383) (0.000,0.299) (0.000,0.304) (0.000,0.249) (0.000,0.286) (0.000,0.235) (0.000,0.366) (0.000,0.235) (0.000,0.300) 
1971      312    (0)   15 :  0.072 0.059 0.053 0.063 0.064 0.057 0.054 0.038 0.037 0.057 0.063 0.047 0.051 0.072 0.050 0.092 0.072     (0.000,0.363) (0.000,0.307) (0.000,0.278) (0.000,0.330) (0.000,0.337) (0.000,0.297) (0.000,0.283) (0.000,0.201) (0.000,0.197) (0.000,0.298) (0.000,0.333) (0.000,0.246) (0.000,0.272) (0.000,0.373) (0.000,0.261) (0.000,0.462) (0.000,0.370) 
1972     1864    (0)   11 :  0.027 0.039 0.066 0.075 0.059 0.090 0.056 0.030 0.033 0.046 0.073 0.051 0.061 0.072 0.064 0.074 0.084     (0.000,0.144) (0.000,0.205) (0.000,0.346) (0.000,0.385) (0.000,0.312) (0.000,0.455) (0.000,0.296) (0.000,0.161) (0.000,0.171) (0.000,0.245) (0.000,0.382) (0.000,0.268) (0.000,0.320) (0.000,0.374) (0.000,0.334) (0.000,0.386) (0.000,0.426) 
1979      111    (0)   15 :  0.029 0.045 0.070 0.054 0.055 0.063 0.059 0.075 0.070 0.043 0.062 0.065 0.060 0.061 0.085 0.043 0.062     (0.000,0.153) (0.000,0.232) (0.000,0.365) (0.000,0.279) (0.000,0.293) (0.000,0.328) (0.000,0.309) (0.000,0.372) (0.000,0.340) (0.000,0.225) (0.000,0.325) (0.000,0.338) (0.000,0.314) (0.000,0.317) (0.000,0.434) (0.000,0.225) (0.000,0.322) 
1982     3263   (12)   15 :  0.046 0.033 0.053 0.049 0.066 0.057 0.073 0.035 0.036 0.101 0.066 0.058 0.049 0.043 0.136 0.052 0.048     (0.000,0.239) (0.000,0.175) (0.000,0.278) (0.000,0.256) (0.000,0.347) (0.000,0.298) (0.000,0.378) (0.000,0.187) (0.000,0.192) (0.000,0.480) (0.000,0.343) (0.000,0.303) (0.000,0.258) (0.000,0.225) (0.000,0.578) (0.000,0.273) (0.000,0.253) 
1985     3314    (0)    8 :  0.040 0.106 0.046 0.029 0.036 0.042 0.032 0.187 0.191 0.036 0.036 0.035 0.038 0.039 0.033 0.039 0.035     (0.000,0.210) (0.000,0.486) (0.000,0.244) (0.000,0.153) (0.000,0.187) (0.000,0.222) (0.000,0.170) (0.000,0.649) (0.000,0.665) (0.000,0.192) (0.000,0.188) (0.000,0.182) (0.000,0.201) (0.000,0.203) (0.000,0.173) (0.000,0.205) (0.000,0.186) 
1986     1838    (0)    8 :  0.023 0.033 0.038 0.035 0.032 0.038 0.032 0.353 0.160 0.027 0.035 0.029 0.033 0.034 0.031 0.034 0.034     (0.000,0.120) (0.000,0.173) (0.000,0.197) (0.000,0.182) (0.000,0.168) (0.000,0.202) (0.000,0.169) (0.000,0.796) (0.000,0.631) (0.000,0.143) (0.000,0.185) (0.000,0.152) (0.000,0.174) (0.000,0.177) (0.000,0.164) (0.000,0.181) (0.000,0.181) 
1990     3802    (0)   14 :  0.063 0.040 0.069 0.050 0.062 0.086 0.071 0.049 0.036 0.073 0.063 0.057 0.069 0.067 0.061 0.045 0.039     (0.000,0.324) (0.000,0.213) (0.000,0.359) (0.000,0.263) (0.000,0.326) (0.000,0.440) (0.000,0.372) (0.000,0.258) (0.000,0.189) (0.000,0.374) (0.000,0.333) (0.000,0.299) (0.000,0.363) (0.000,0.353) (0.000,0.323) (0.000,0.236) (0.000,0.205) 
1998     2541   (12)    7 :  0.058 0.052 0.056 0.049 0.063 0.053 0.069 0.061 0.083 0.048 0.077 0.068 0.055 0.044 0.083 0.043 0.038     (0.000,0.298) (0.000,0.272) (0.000,0.295) (0.000,0.259) (0.000,0.327) (0.000,0.277) (0.000,0.356) (0.000,0.309) (0.000,0.396) (0.000,0.255) (0.000,0.396) (0.000,0.353) (0.000,0.292) (0.000,0.232) (0.000,0.421) (0.000,0.225) (0.000,0.201) 
2002     3595    (0)   10 :  0.056 0.063 0.051 0.039 0.081 0.052 0.066 0.074 0.048 0.060 0.046 0.049 0.047 0.042 0.052 0.034 0.138     (0.000,0.285) (0.000,0.311) (0.000,0.267) (0.000,0.207) (0.000,0.407) (0.000,0.269) (0.000,0.338) (0.000,0.371) (0.000,0.247) (0.000,0.311) (0.000,0.242) (0.000,0.258) (0.000,0.247) (0.000,0.220) (0.000,0.274) (0.000,0.181) (0.000,0.506) 
2003     3281    (0)   15 :  0.056 0.047 0.076 0.086 0.066 0.052 0.088 0.037 0.035 0.066 0.052 0.051 0.045 0.040 0.091 0.058 0.052     (0.000,0.285) (0.000,0.246) (0.000,0.391) (0.000,0.437) (0.000,0.346) (0.000,0.275) (0.000,0.447) (0.000,0.193) (0.000,0.186) (0.000,0.346) (0.000,0.275) (0.000,0.268) (0.000,0.240) (0.000,0.212) (0.000,0.451) (0.000,0.305) (0.000,0.276) 
2005     1501   (12)    2 :  0.244 0.339 0.035 0.025 0.025 0.025 0.028 0.033 0.044 0.025 0.026 0.023 0.027 0.027 0.027 0.025 0.025     (0.000,0.777) (0.000,0.849) (0.000,0.183) (0.000,0.130) (0.000,0.130) (0.000,0.131) (0.000,0.147) (0.000,0.174) (0.000,0.232) (0.000,0.132) (0.000,0.134) (0.000,0.119) (0.000,0.141) (0.000,0.141) (0.000,0.140) (0.000,0.134) (0.000,0.130) 
2018      154    (0)   16 :  0.043 0.076 0.047 0.078 0.051 0.049 0.050 0.044 0.061 0.061 0.082 0.037 0.061 0.052 0.060 0.075 0.072     (0.000,0.220) (0.000,0.366) (0.000,0.248) (0.000,0.390) (0.000,0.273) (0.000,0.257) (0.000,0.264) (0.000,0.229) (0.000,0.298) (0.000,0.316) (0.000,0.409) (0.000,0.196) (0.000,0.318) (0.000,0.273) (0.000,0.314) (0.000,0.383) (0.000,0.364) 
2023     3760    (0)    2 :  0.030 0.081 0.067 0.084 0.054 0.047 0.048 0.055 0.034 0.107 0.042 0.047 0.051 0.036 0.068 0.069 0.078     (0.000,0.159) (0.000,0.391) (0.000,0.347) (0.000,0.418) (0.000,0.284) (0.000,0.249) (0.000,0.254) (0.000,0.280) (0.000,0.178) (0.000,0.505) (0.000,0.220) (0.000,0.247) (0.000,0.272) (0.000,0.192) (0.000,0.355) (0.000,0.363) (0.000,0.400) 
2024     3781    (0)   16 :  0.062 0.139 0.063 0.057 0.052 0.054 0.046 0.069 0.042 0.048 0.048 0.038 0.051 0.067 0.057 0.059 0.048     (0.000,0.311) (0.000,0.596) (0.000,0.332) (0.000,0.297) (0.000,0.272) (0.000,0.281) (0.000,0.245) (0.000,0.348) (0.000,0.220) (0.000,0.256) (0.000,0.253) (0.000,0.202) (0.000,0.266) (0.000,0.347) (0.000,0.297) (0.000,0.313) (0.000,0.253) 
2026     1607    (0)   15 :  0.026 0.026 0.036 0.062 0.059 0.038 0.052 0.159 0.119 0.052 0.055 0.063 0.056 0.036 0.065 0.042 0.054     (0.000,0.137) (0.000,0.136) (0.000,0.191) (0.000,0.321) (0.000,0.302) (0.000,0.203) (0.000,0.274) (0.000,0.567) (0.000,0.470) (0.000,0.271) (0.000,0.286) (0.000,0.323) (0.000,0.293) (0.000,0.189) (0.000,0.335) (0.000,0.221) (0.000,0.283) 
2027     3669    (0)   11 :  0.025 0.023 0.092 0.047 0.058 0.075 0.068 0.029 0.059 0.075 0.063 0.055 0.067 0.038 0.128 0.056 0.041     (0.000,0.134) (0.000,0.122) (0.000,0.466) (0.000,0.247) (0.000,0.305) (0.000,0.389) (0.000,0.357) (0.000,0.153) (0.000,0.299) (0.000,0.388) (0.000,0.330) (0.000,0.291) (0.000,0.355) (0.000,0.199) (0.000,0.586) (0.000,0.292) (0.000,0.219) 
2028     2341    (0)   15 :  0.051 0.055 0.048 0.050 0.056 0.045 0.072 0.035 0.028 0.160 0.044 0.052 0.051 0.054 0.092 0.055 0.053     (0.000,0.264) (0.000,0.284) (0.000,0.251) (0.000,0.264) (0.000,0.297) (0.000,0.237) (0.000,0.372) (0.000,0.183) (0.000,0.146) (0.000,0.623) (0.000,0.232) (0.000,0.274) (0.000,0.267) (0.000,0.284) (0.000,0.434) (0.000,0.290) (0.000,0.282) 
2035      137    (0)   15 :  0.048 0.032 0.069 0.054 0.063 0.049 0.072 0.040 0.050 0.072 0.051 0.041 0.060 0.045 0.145 0.056 0.053     (0.000,0.250) (0.000,0.169) (0.000,0.365) (0.000,0.282) (0.000,0.330) (0.000,0.259) (0.000,0.376) (0.000,0.209) (0.000,0.262) (0.000,0.373) (0.000,0.271) (0.000,0.216) (0.000,0.318) (0.000,0.238) (0.000,0.631) (0.000,0.294) (0.000,0.280) 
2042     2535    (0)    7 :  0.096 0.070 0.201 0.033 0.055 0.033 0.063 0.031 0.035 0.039 0.040 0.036 0.047 0.046 0.048 0.037 0.092     (0.000,0.416) (0.000,0.344) (0.000,0.649) (0.000,0.176) (0.000,0.286) (0.000,0.175) (0.000,0.328) (0.000,0.161) (0.000,0.184) (0.000,0.206) (0.000,0.209) (0.000,0.191) (0.000,0.245) (0.000,0.241) (0.000,0.253) (0.000,0.194) (0.000,0.428) 
2043      256    (0)   15 :  0.074 0.064 0.050 0.062 0.055 0.045 0.070 0.039 0.029 0.070 0.065 0.052 0.057 0.084 0.069 0.055 0.061     (0.000,0.361) (0.000,0.328) (0.000,0.267) (0.000,0.324) (0.000,0.291) (0.000,0.235) (0.000,0.368) (0.000,0.204) (0.000,0.156) (0.000,0.359) (0.000,0.340) (0.000,0.274) (0.000,0.302) (0.000,0.429) (0.000,0.358) (0.000,0.290) (0.000,0.320) 
2047     3608    (0)   10 :  0.028 0.038 0.064 0.052 0.060 0.064 0.074 0.043 0.051 0.084 0.069 0.084 0.055 0.049 0.071 0.047 0.067     (0.000,0.147) (0.000,0.202) (0.000,0.337) (0.000,0.275) (0.000,0.317) (0.000,0.332) (0.000,0.384) (0.000,0.225) (0.000,0.267) (0.000,0.430) (0.000,0.361) (0.000,0.433) (0.000,0.287) (0.000,0.258) (0.000,0.368) (0.000,0.247) (0.000,0.352) 
2048     3523    (0)   13 :  0.029 0.075 0.059 0.078 0.060 0.036 0.052 0.035 0.046 0.041 0.048 0.039 0.069 0.068 0.056 0.063 0.146     (0.000,0.151) (0.000,0.369) (0.000,0.311) (0.000,0.397) (0.000,0.316) (0.000,0.191) (0.000,0.273) (0.000,0.185) (0.000,0.238) (0.000,0.214) (0.000,0.254) (0.000,0.208) (0.000,0.357) (0.000,0.353) (0.000,0.293) (0.000,0.329) (0.000,0.627) 
2049      218    (0)   15 :  0.035 0.053 0.059 0.062 0.059 0.069 0.064 0.063 0.066 0.046 0.072 0.064 0.061 0.059 0.071 0.045 0.051     (0.000,0.186) (0.000,0.277) (0.000,0.312) (0.000,0.322) (0.000,0.310) (0.000,0.359) (0.000,0.336) (0.000,0.328) (0.000,0.336) (0.000,0.243) (0.000,0.377) (0.000,0.338) (0.000,0.319) (0.000,0.309) (0.000,0.370) (0.000,0.239) (0.000,0.269) 
2050       85    (0)   15 :  0.029 0.032 0.043 0.117 0.063 0.081 0.070 0.043 0.034 0.048 0.052 0.078 0.060 0.049 0.078 0.046 0.078     (0.000,0.154) (0.000,0.166) (0.000,0.227) (0.000,0.542) (0.000,0.331) (0.000,0.413) (0.000,0.368) (0.000,0.225) (0.000,0.180) (0.000,0.255) (0.000,0.274) (0.000,0.400) (0.000,0.315) (0.000,0.259) (0.000,0.402) (0.000,0.243) (0.000,0.397) 
2051      525   (12)   10 :  0.041 0.036 0.063 0.046 0.076 0.067 0.068 0.040 0.039 0.082 0.063 0.094 0.073 0.045 0.075 0.048 0.043     (0.000,0.214) (0.000,0.191) (0.000,0.329) (0.000,0.246) (0.000,0.392) (0.000,0.349) (0.000,0.357) (0.000,0.211) (0.000,0.207) (0.000,0.416) (0.000,0.333) (0.000,0.468) (0.000,0.379) (0.000,0.239) (0.000,0.394) (0.000,0.253) (0.000,0.227) 
2054     3468    (0)    6 :  0.039 0.044 0.052 0.078 0.059 0.123 0.060 0.045 0.038 0.038 0.080 0.051 0.067 0.051 0.061 0.067 0.047     (0.000,0.204) (0.000,0.232) (0.000,0.276) (0.000,0.402) (0.000,0.314) (0.000,0.572) (0.000,0.318) (0.000,0.235) (0.000,0.198) (0.000,0.201) (0.000,0.416) (0.000,0.271) (0.000,0.352) (0.000,0.271) (0.000,0.319) (0.000,0.350) (0.000,0.246) 
2056     3859    (0)   11 :  0.028 0.030 0.057 0.058 0.068 0.052 0.090 0.033 0.034 0.098 0.071 0.090 0.060 0.042 0.097 0.044 0.048     (0.000,0.149) (0.000,0.159) (0.000,0.301) (0.000,0.306) (0.000,0.357) (0.000,0.276) (0.000,0.457) (0.000,0.173) (0.000,0.177) (0.000,0.482) (0.000,0.369) (0.000,0.458) (0.000,0.313) (0.000,0.221) (0.000,0.482) (0.000,0.235) (0.000,0.255) 
2058     1512   (12)    2 :  0.032 0.043 0.039 0.028 0.206 0.024 0.053 0.058 0.066 0.034 0.030 0.059 0.045 0.024 0.028 0.042 0.188     (0.000,0.168) (0.000,0.221) (0.000,0.202) (0.000,0.149) (0.000,0.683) (0.000,0.129) (0.000,0.266) (0.000,0.281) (0.000,0.308) (0.000,0.179) (0.000,0.161) (0.000,0.283) (0.000,0.229) (0.000,0.128) (0.000,0.149) (0.000,0.218) (0.000,0.565) 
2063      247    (0)   15 :  0.052 0.046 0.049 0.061 0.064 0.069 0.067 0.058 0.043 0.070 0.051 0.065 0.055 0.054 0.062 0.073 0.062     (0.000,0.270) (0.000,0.240) (0.000,0.261) (0.000,0.319) (0.000,0.335) (0.000,0.362) (0.000,0.354) (0.000,0.303) (0.000,0.223) (0.000,0.360) (0.000,0.268) (0.000,0.342) (0.000,0.292) (0.000,0.282) (0.000,0.322) (0.000,0.376) (0.000,0.325) 
2064     2601    (0)    4 :  0.078 0.048 0.073 0.046 0.054 0.054 0.075 0.032 0.044 0.058 0.059 0.042 0.058 0.061 0.127 0.053 0.039     (0.000,0.373) (0.000,0.251) (0.000,0.382) (0.000,0.245) (0.000,0.285) (0.000,0.282) (0.000,0.390) (0.000,0.167) (0.000,0.226) (0.000,0.302) (0.000,0.309) (0.000,0.223) (0.000,0.306) (0.000,0.319) (0.000,0.577) (0.000,0.282) (0.000,0.206) 
2068     3240    (0)   15 :  0.022 0.037 0.053 0.057 0.060 0.082 0.048 0.065 0.080 0.051 0.060 0.054 0.062 0.065 0.059 0.063 0.082     (0.000,0.119) (0.000,0.194) (0.000,0.276) (0.000,0.298) (0.000,0.312) (0.000,0.416) (0.000,0.256) (0.000,0.327) (0.000,0.377) (0.000,0.270) (0.000,0.315) (0.000,0.286) (0.000,0.326) (0.000,0.336) (0.000,0.311) (0.000,0.328) (0.000,0.411) 
2070     3553   (12)   15 :  0.085 0.076 0.062 0.034 0.094 0.046 0.053 0.029 0.063 0.062 0.054 0.046 0.054 0.056 0.045 0.040 0.101     (0.000,0.402) (0.000,0.368) (0.000,0.317) (0.000,0.177) (0.000,0.466) (0.000,0.239) (0.000,0.276) (0.000,0.154) (0.000,0.317) (0.000,0.318) (0.000,0.281) (0.000,0.239) (0.000,0.278) (0.000,0.292) (0.000,0.235) (0.000,0.212) (0.000,0.396) 
2073      249   (12)   15 :  0.048 0.047 0.064 0.060 0.066 0.048 0.094 0.025 0.021 0.035 0.062 0.124 0.052 0.076 0.068 0.050 0.060     (0.000,0.245) (0.000,0.240) (0.000,0.331) (0.000,0.312) (0.000,0.343) (0.000,0.253) (0.000,0.473) (0.000,0.131) (0.000,0.111) (0.000,0.183) (0.000,0.325) (0.000,0.562) (0.000,0.271) (0.000,0.382) (0.000,0.353) (0.000,0.265) (0.000,0.314) 
2074     1137   (12)    8 :  0.064 0.062 0.056 0.094 0.062 0.052 0.052 0.033 0.030 0.045 0.052 0.055 0.082 0.077 0.047 0.063 0.073     (0.000,0.320) (0.000,0.324) (0.000,0.297) (0.000,0.466) (0.000,0.325) (0.000,0.277) (0.000,0.276) (0.000,0.176) (0.000,0.158) (0.000,0.234) (0.000,0.272) (0.000,0.289) (0.000,0.416) (0.000,0.396) (0.000,0.248) (0.000,0.333) (0.000,0.377) 
2077     2497   (12)    6 :  0.030 0.059 0.063 0.043 0.059 0.089 0.064 0.039 0.096 0.050 0.059 0.064 0.063 0.047 0.045 0.064 0.067     (0.000,0.158) (0.000,0.299) (0.000,0.325) (0.000,0.225) (0.000,0.309) (0.000,0.435) (0.000,0.330) (0.000,0.206) (0.000,0.434) (0.000,0.261) (0.000,0.311) (0.000,0.335) (0.000,0.328) (0.000,0.246) (0.000,0.236) (0.000,0.337) (0.000,0.349) 
2080     3806    (0)   11 :  0.034 0.079 0.070 0.081 0.058 0.062 0.047 0.052 0.040 0.032 0.056 0.045 0.071 0.062 0.046 0.063 0.101     (0.000,0.176) (0.000,0.382) (0.000,0.364) (0.000,0.412) (0.000,0.304) (0.000,0.326) (0.000,0.246) (0.000,0.269) (0.000,0.209) (0.000,0.171) (0.000,0.294) (0.000,0.239) (0.000,0.372) (0.000,0.322) (0.000,0.245) (0.000,0.331) (0.000,0.492) 
2081      251    (0)   15 :  0.051 0.036 0.052 0.055 0.061 0.074 0.063 0.077 0.046 0.068 0.056 0.059 0.059 0.059 0.061 0.068 0.055     (0.000,0.260) (0.000,0.189) (0.000,0.277) (0.000,0.288) (0.000,0.323) (0.000,0.378) (0.000,0.332) (0.000,0.382) (0.000,0.240) (0.000,0.354) (0.000,0.295) (0.000,0.310) (0.000,0.308) (0.000,0.308) (0.000,0.320) (0.000,0.355) (0.000,0.288) 
2082     2466    (0)    8 :  0.052 0.081 0.043 0.039 0.038 0.034 0.034 0.262 0.115 0.034 0.037 0.038 0.040 0.043 0.032 0.040 0.037     (0.000,0.263) (0.000,0.395) (0.000,0.227) (0.000,0.206) (0.000,0.199) (0.000,0.178) (0.000,0.178) (0.000,0.722) (0.000,0.497) (0.000,0.179) (0.000,0.197) (0.000,0.200) (0.000,0.211) (0.000,0.223) (0.000,0.171) (0.000,0.212) (0.000,0.194) 
2083      158    (0)   15 :  0.094 0.069 0.050 0.051 0.053 0.051 0.060 0.067 0.056 0.111 0.045 0.045 0.044 0.043 0.047 0.057 0.057     (0.000,0.443) (0.000,0.354) (0.000,0.264) (0.000,0.267) (0.000,0.282) (0.000,0.265) (0.000,0.316) (0.000,0.340) (0.000,0.290) (0.000,0.522) (0.000,0.239) (0.000,0.235) (0.000,0.231) (0.000,0.226) (0.000,0.249) (0.000,0.301) (0.000,0.299) 
2104     3345    (0)    8 :  0.020 0.037 0.039 0.050 0.045 0.040 0.048 0.221 0.139 0.041 0.045 0.042 0.041 0.032 0.054 0.043 0.063     (0.000,0.105) (0.000,0.193) (0.000,0.203) (0.000,0.263) (0.000,0.236) (0.000,0.213) (0.000,0.252) (0.000,0.680) (0.000,0.547) (0.000,0.213) (0.000,0.238) (0.000,0.223) (0.000,0.214) (0.000,0.169) (0.000,0.280) (0.000,0.227) (0.000,0.326) 
