  4     1452   (25)   15 :  0.069 0.165 0.046 0.056 0.032 0.028 0.041 0.157 0.093 0.042 0.043 0.038 0.039 0.037 0.039 0.033 0.044     (0.000,0.318) (0.000,0.622) (0.000,0.228) (0.000,0.274) (0.000,0.162) (0.000,0.138) (0.000,0.203) (0.000,0.588) (0.000,0.412) (0.000,0.208) (0.000,0.213) (0.000,0.189) (0.000,0.195) (0.000,0.184) (0.000,0.194) (0.000,0.165) (0.000,0.221) 
 15     1778    (0)   12 :  0.041 0.033 0.053 0.060 0.103 0.057 0.067 0.041 0.042 0.045 0.067 0.070 0.073 0.062 0.068 0.059 0.057     (0.000,0.204) (0.000,0.163) (0.000,0.264) (0.000,0.296) (0.000,0.456) (0.000,0.277) (0.000,0.328) (0.000,0.205) (0.000,0.207) (0.000,0.226) (0.000,0.327) (0.000,0.341) (0.000,0.355) (0.000,0.303) (0.000,0.332) (0.000,0.292) (0.000,0.282) 
 18      694    (0)    7 :  0.045 0.055 0.074 0.046 0.050 0.075 0.100 0.047 0.031 0.089 0.062 0.054 0.051 0.042 0.087 0.043 0.048     (0.000,0.219) (0.000,0.264) (0.000,0.356) (0.000,0.230) (0.000,0.249) (0.000,0.358) (0.000,0.453) (0.000,0.231) (0.000,0.155) (0.000,0.413) (0.000,0.306) (0.000,0.268) (0.000,0.255) (0.000,0.210) (0.000,0.410) (0.000,0.215) (0.000,0.238) 
 21       25    (0)    9 :  0.037 0.081 0.062 0.035 0.049 0.051 0.047 0.078 0.194 0.052 0.048 0.046 0.044 0.044 0.053 0.038 0.040     (0.000,0.181) (0.000,0.376) (0.000,0.304) (0.000,0.176) (0.000,0.242) (0.000,0.251) (0.000,0.235) (0.000,0.369) (0.000,0.638) (0.000,0.258) (0.000,0.237) (0.000,0.228) (0.000,0.218) (0.000,0.219) (0.000,0.263) (0.000,0.190) (0.000,0.200) 
 26     3372    (0)    3 :  0.036 0.026 0.056 0.050 0.057 0.037 0.061 0.046 0.152 0.056 0.052 0.061 0.054 0.067 0.090 0.049 0.049     (0.000,0.180) (0.000,0.132) (0.000,0.273) (0.000,0.244) (0.000,0.280) (0.000,0.185) (0.000,0.301) (0.000,0.216) (0.000,0.494) (0.000,0.274) (0.000,0.255) (0.000,0.296) (0.000,0.266) (0.000,0.312) (0.000,0.409) (0.000,0.243) (0.000,0.243) 
 33     1086    (0)    8 :  0.036 0.065 0.052 0.073 0.052 0.060 0.046 0.086 0.051 0.052 0.060 0.051 0.052 0.069 0.056 0.068 0.072     (0.000,0.176) (0.000,0.309) (0.000,0.257) (0.000,0.348) (0.000,0.255) (0.000,0.296) (0.000,0.231) (0.000,0.397) (0.000,0.248) (0.000,0.255) (0.000,0.295) (0.000,0.253) (0.000,0.258) (0.000,0.335) (0.000,0.275) (0.000,0.332) (0.000,0.343) 
 35     3218    (0)   15 :  0.057 0.048 0.053 0.069 0.072 0.051 0.065 0.042 0.048 0.062 0.064 0.063 0.066 0.083 0.057 0.042 0.057     (0.000,0.279) (0.000,0.237) (0.000,0.262) (0.000,0.334) (0.000,0.349) (0.000,0.252) (0.000,0.320) (0.000,0.208) (0.000,0.235) (0.000,0.303) (0.000,0.311) (0.000,0.311) (0.000,0.324) (0.000,0.395) (0.000,0.282) (0.000,0.206) (0.000,0.282) 
 36     3159    (0)   14 :  0.102 0.045 0.038 0.041 0.069 0.060 0.056 0.056 0.050 0.056 0.088 0.057 0.074 0.074 0.052 0.044 0.037     (0.000,0.437) (0.000,0.224) (0.000,0.191) (0.000,0.205) (0.000,0.334) (0.000,0.293) (0.000,0.279) (0.000,0.272) (0.000,0.249) (0.000,0.278) (0.000,0.413) (0.000,0.284) (0.000,0.358) (0.000,0.362) (0.000,0.257) (0.000,0.218) (0.000,0.183) 
 39      667    (0)   15 :  0.033 0.040 0.069 0.061 0.064 0.053 0.075 0.048 0.053 0.062 0.054 0.053 0.054 0.066 0.098 0.058 0.060     (0.000,0.163) (0.000,0.197) (0.000,0.334) (0.000,0.301) (0.000,0.314) (0.000,0.262) (0.000,0.361) (0.000,0.237) (0.000,0.260) (0.000,0.304) (0.000,0.265) (0.000,0.260) (0.000,0.267) (0.000,0.321) (0.000,0.449) (0.000,0.287) (0.000,0.297) 
 40     1496    (0)    2 :  0.035 0.048 0.055 0.055 0.050 0.069 0.065 0.075 0.066 0.070 0.076 0.068 0.059 0.045 0.072 0.046 0.046     (0.000,0.175) (0.000,0.239) (0.000,0.270) (0.000,0.272) (0.000,0.248) (0.000,0.333) (0.000,0.321) (0.000,0.353) (0.000,0.311) (0.000,0.334) (0.000,0.367) (0.000,0.331) (0.000,0.291) (0.000,0.223) (0.000,0.348) (0.000,0.229) (0.000,0.230) 
 41      648    (0)    7 :  0.042 0.046 0.064 0.074 0.053 0.069 0.064 0.048 0.036 0.072 0.072 0.051 0.054 0.050 0.086 0.058 0.060     (0.000,0.207) (0.000,0.228) (0.000,0.315) (0.000,0.358) (0.000,0.264) (0.000,0.336) (0.000,0.314) (0.000,0.239) (0.000,0.180) (0.000,0.352) (0.000,0.351) (0.000,0.254) (0.000,0.266) (0.000,0.246) (0.000,0.409) (0.000,0.288) (0.000,0.294) 
 51     3270   (12)   15 :  0.044 0.064 0.061 0.061 0.054 0.054 0.051 0.070 0.118 0.052 0.053 0.047 0.048 0.039 0.062 0.060 0.062     (0.000,0.216) (0.000,0.306) (0.000,0.299) (0.000,0.297) (0.000,0.267) (0.000,0.266) (0.000,0.252) (0.000,0.334) (0.000,0.473) (0.000,0.256) (0.000,0.263) (0.000,0.233) (0.000,0.240) (0.000,0.194) (0.000,0.305) (0.000,0.296) (0.000,0.304) 
 57      123    (0)   15 :  0.059 0.091 0.070 0.074 0.045 0.049 0.057 0.053 0.042 0.065 0.049 0.036 0.056 0.054 0.067 0.073 0.060     (0.000,0.278) (0.000,0.400) (0.000,0.339) (0.000,0.353) (0.000,0.226) (0.000,0.243) (0.000,0.282) (0.000,0.258) (0.000,0.202) (0.000,0.314) (0.000,0.242) (0.000,0.178) (0.000,0.276) (0.000,0.266) (0.000,0.326) (0.000,0.350) (0.000,0.294) 
 59      588   (25)   10 :  0.044 0.040 0.077 0.071 0.052 0.050 0.061 0.041 0.030 0.076 0.056 0.053 0.054 0.073 0.057 0.078 0.089     (0.000,0.215) (0.000,0.198) (0.000,0.370) (0.000,0.343) (0.000,0.257) (0.000,0.246) (0.000,0.303) (0.000,0.201) (0.000,0.150) (0.000,0.365) (0.000,0.276) (0.000,0.261) (0.000,0.265) (0.000,0.350) (0.000,0.283) (0.000,0.377) (0.000,0.415) 
 66     2548    (0)    7 :  0.097 0.067 0.057 0.047 0.045 0.055 0.063 0.054 0.051 0.054 0.069 0.042 0.054 0.057 0.077 0.065 0.046     (0.000,0.403) (0.000,0.320) (0.000,0.280) (0.000,0.235) (0.000,0.225) (0.000,0.273) (0.000,0.311) (0.000,0.262) (0.000,0.248) (0.000,0.266) (0.000,0.335) (0.000,0.207) (0.000,0.268) (0.000,0.280) (0.000,0.369) (0.000,0.316) (0.000,0.229) 
 67     1786    (0)   12 :  0.114 0.068 0.043 0.059 0.060 0.057 0.063 0.037 0.030 0.063 0.058 0.061 0.057 0.065 0.053 0.059 0.055     (0.000,0.457) (0.000,0.325) (0.000,0.212) (0.000,0.289) (0.000,0.294) (0.000,0.280) (0.000,0.308) (0.000,0.182) (0.000,0.150) (0.000,0.307) (0.000,0.288) (0.000,0.300) (0.000,0.281) (0.000,0.317) (0.000,0.260) (0.000,0.291) (0.000,0.270) 
 69     1569   (12)   15 :  0.041 0.034 0.062 0.042 0.065 0.096 0.054 0.039 0.076 0.043 0.079 0.070 0.072 0.081 0.061 0.044 0.041     (0.000,0.205) (0.000,0.171) (0.000,0.303) (0.000,0.209) (0.000,0.318) (0.000,0.444) (0.000,0.266) (0.000,0.193) (0.000,0.359) (0.000,0.214) (0.000,0.379) (0.000,0.344) (0.000,0.349) (0.000,0.387) (0.000,0.300) (0.000,0.221) (0.000,0.204) 
 77      632    (0)    7 :  0.058 0.060 0.048 0.070 0.054 0.064 0.079 0.034 0.040 0.080 0.061 0.060 0.058 0.044 0.074 0.048 0.068     (0.000,0.278) (0.000,0.289) (0.000,0.238) (0.000,0.337) (0.000,0.268) (0.000,0.315) (0.000,0.381) (0.000,0.167) (0.000,0.197) (0.000,0.379) (0.000,0.301) (0.000,0.297) (0.000,0.284) (0.000,0.218) (0.000,0.358) (0.000,0.239) (0.000,0.331) 
 79     3543    (0)   11 :  0.048 0.073 0.065 0.051 0.050 0.059 0.049 0.075 0.086 0.045 0.050 0.042 0.056 0.048 0.071 0.078 0.053     (0.000,0.232) (0.000,0.338) (0.000,0.316) (0.000,0.252) (0.000,0.249) (0.000,0.289) (0.000,0.242) (0.000,0.347) (0.000,0.372) (0.000,0.224) (0.000,0.247) (0.000,0.210) (0.000,0.276) (0.000,0.239) (0.000,0.342) (0.000,0.372) (0.000,0.262) 
 81      125    (0)   15 :  0.040 0.032 0.047 0.078 0.048 0.061 0.053 0.055 0.080 0.034 0.055 0.053 0.054 0.079 0.093 0.065 0.074     (0.000,0.194) (0.000,0.159) (0.000,0.235) (0.000,0.373) (0.000,0.236) (0.000,0.298) (0.000,0.262) (0.000,0.269) (0.000,0.357) (0.000,0.170) (0.000,0.269) (0.000,0.264) (0.000,0.266) (0.000,0.369) (0.000,0.428) (0.000,0.315) (0.000,0.357) 
 82     1916    (0)   15 :  0.024 0.034 0.048 0.042 0.038 0.049 0.046 0.249 0.124 0.039 0.053 0.041 0.045 0.039 0.048 0.040 0.040     (0.000,0.117) (0.000,0.168) (0.000,0.239) (0.000,0.211) (0.000,0.190) (0.000,0.242) (0.000,0.228) (0.000,0.675) (0.000,0.490) (0.000,0.192) (0.000,0.263) (0.000,0.206) (0.000,0.224) (0.000,0.191) (0.000,0.236) (0.000,0.197) (0.000,0.200) 
 84     1389    (0)   16 :  0.038 0.034 0.051 0.084 0.079 0.069 0.088 0.048 0.044 0.046 0.064 0.050 0.079 0.051 0.067 0.046 0.061     (0.000,0.188) (0.000,0.169) (0.000,0.253) (0.000,0.396) (0.000,0.375) (0.000,0.337) (0.000,0.415) (0.000,0.238) (0.000,0.214) (0.000,0.230) (0.000,0.315) (0.000,0.248) (0.000,0.379) (0.000,0.253) (0.000,0.323) (0.000,0.229) (0.000,0.298) 
 88     1866    (0)   11 :  0.029 0.028 0.053 0.078 0.067 0.084 0.057 0.039 0.032 0.071 0.081 0.057 0.074 0.056 0.061 0.067 0.067     (0.000,0.144) (0.000,0.141) (0.000,0.263) (0.000,0.372) (0.000,0.328) (0.000,0.398) (0.000,0.283) (0.000,0.192) (0.000,0.158) (0.000,0.343) (0.000,0.388) (0.000,0.281) (0.000,0.355) (0.000,0.276) (0.000,0.302) (0.000,0.325) (0.000,0.322) 
 92     1722    (0)    9 :  0.045 0.036 0.046 0.040 0.067 0.048 0.060 0.180 0.119 0.050 0.042 0.064 0.033 0.036 0.042 0.055 0.035     (0.000,0.219) (0.000,0.177) (0.000,0.227) (0.000,0.200) (0.000,0.318) (0.000,0.234) (0.000,0.288) (0.000,0.520) (0.000,0.465) (0.000,0.247) (0.000,0.208) (0.000,0.300) (0.000,0.166) (0.000,0.179) (0.000,0.207) (0.000,0.265) (0.000,0.176) 
104       42    (0)    9 :  0.024 0.047 0.036 0.039 0.036 0.031 0.038 0.142 0.325 0.033 0.037 0.033 0.033 0.033 0.039 0.032 0.041     (0.000,0.122) (0.000,0.231) (0.000,0.180) (0.000,0.195) (0.000,0.178) (0.000,0.155) (0.000,0.190) (0.000,0.561) (0.000,0.734) (0.000,0.166) (0.000,0.183) (0.000,0.165) (0.000,0.163) (0.000,0.164) (0.000,0.192) (0.000,0.159) (0.000,0.203) 
106      106    (0)   15 :  0.037 0.041 0.062 0.070 0.057 0.050 0.069 0.054 0.055 0.072 0.069 0.057 0.057 0.047 0.091 0.050 0.063     (0.000,0.184) (0.000,0.202) (0.000,0.303) (0.000,0.341) (0.000,0.280) (0.000,0.248) (0.000,0.337) (0.000,0.263) (0.000,0.263) (0.000,0.345) (0.000,0.335) (0.000,0.280) (0.000,0.281) (0.000,0.231) (0.000,0.423) (0.000,0.247) (0.000,0.308) 
118     3588    (0)   10 :  0.032 0.047 0.069 0.051 0.052 0.041 0.050 0.047 0.078 0.158 0.052 0.048 0.067 0.037 0.061 0.051 0.058     (0.000,0.160) (0.000,0.228) (0.000,0.332) (0.000,0.250) (0.000,0.257) (0.000,0.203) (0.000,0.249) (0.000,0.227) (0.000,0.346) (0.000,0.564) (0.000,0.258) (0.000,0.237) (0.000,0.323) (0.000,0.183) (0.000,0.296) (0.000,0.252) (0.000,0.287) 
121     1831    (0)    8 :  0.072 0.049 0.033 0.038 0.050 0.035 0.045 0.165 0.172 0.043 0.054 0.043 0.041 0.053 0.038 0.035 0.033     (0.000,0.316) (0.000,0.235) (0.000,0.163) (0.000,0.186) (0.000,0.246) (0.000,0.174) (0.000,0.225) (0.000,0.520) (0.000,0.557) (0.000,0.214) (0.000,0.266) (0.000,0.214) (0.000,0.204) (0.000,0.260) (0.000,0.188) (0.000,0.177) (0.000,0.167) 
122      931    (0)   13 :  0.039 0.039 0.049 0.073 0.071 0.073 0.059 0.032 0.031 0.058 0.070 0.063 0.060 0.087 0.054 0.066 0.078     (0.000,0.190) (0.000,0.192) (0.000,0.241) (0.000,0.353) (0.000,0.343) (0.000,0.351) (0.000,0.290) (0.000,0.161) (0.000,0.153) (0.000,0.288) (0.000,0.341) (0.000,0.309) (0.000,0.297) (0.000,0.411) (0.000,0.267) (0.000,0.324) (0.000,0.374) 
123     2324    (0)   10 :  0.035 0.040 0.056 0.054 0.046 0.055 0.057 0.034 0.042 0.073 0.056 0.065 0.053 0.056 0.049 0.050 0.181     (0.000,0.174) (0.000,0.196) (0.000,0.274) (0.000,0.264) (0.000,0.225) (0.000,0.266) (0.000,0.278) (0.000,0.171) (0.000,0.208) (0.000,0.345) (0.000,0.272) (0.000,0.314) (0.000,0.257) (0.000,0.273) (0.000,0.241) (0.000,0.244) (0.000,0.576) 
131     2416    (0)   12 :  0.083 0.062 0.074 0.050 0.080 0.051 0.073 0.053 0.051 0.038 0.048 0.067 0.055 0.060 0.055 0.055 0.046     (0.000,0.358) (0.000,0.288) (0.000,0.346) (0.000,0.245) (0.000,0.370) (0.000,0.251) (0.000,0.349) (0.000,0.232) (0.000,0.236) (0.000,0.187) (0.000,0.236) (0.000,0.320) (0.000,0.270) (0.000,0.293) (0.000,0.270) (0.000,0.268) (0.000,0.229) 
140     3551    (0)   15 :  0.037 0.034 0.053 0.056 0.066 0.089 0.059 0.058 0.077 0.041 0.062 0.061 0.061 0.054 0.070 0.071 0.053     (0.000,0.181) (0.000,0.171) (0.000,0.260) (0.000,0.274) (0.000,0.320) (0.000,0.412) (0.000,0.290) (0.000,0.284) (0.000,0.364) (0.000,0.204) (0.000,0.305) (0.000,0.297) (0.000,0.302) (0.000,0.266) (0.000,0.339) (0.000,0.344) (0.000,0.262) 
141     3818    (0)    5 :  0.087 0.039 0.049 0.038 0.065 0.061 0.075 0.034 0.035 0.062 0.077 0.058 0.068 0.077 0.083 0.051 0.039     (0.000,0.390) (0.000,0.194) (0.000,0.241) (0.000,0.192) (0.000,0.320) (0.000,0.298) (0.000,0.364) (0.000,0.169) (0.000,0.174) (0.000,0.302) (0.000,0.373) (0.000,0.285) (0.000,0.336) (0.000,0.371) (0.000,0.396) (0.000,0.253) (0.000,0.194) 
144     1077    (0)    8 :  0.052 0.070 0.054 0.081 0.049 0.053 0.052 0.045 0.040 0.043 0.056 0.057 0.071 0.107 0.056 0.050 0.065     (0.000,0.250) (0.000,0.327) (0.000,0.265) (0.000,0.381) (0.000,0.241) (0.000,0.264) (0.000,0.258) (0.000,0.223) (0.000,0.198) (0.000,0.212) (0.000,0.278) (0.000,0.281) (0.000,0.341) (0.000,0.467) (0.000,0.276) (0.000,0.249) (0.000,0.316) 
153     2492   (12)   16 :  0.055 0.081 0.067 0.056 0.054 0.068 0.046 0.087 0.054 0.035 0.049 0.049 0.061 0.058 0.048 0.076 0.056     (0.000,0.264) (0.000,0.370) (0.000,0.325) (0.000,0.275) (0.000,0.269) (0.000,0.327) (0.000,0.228) (0.000,0.397) (0.000,0.260) (0.000,0.175) (0.000,0.244) (0.000,0.242) (0.000,0.299) (0.000,0.287) (0.000,0.238) (0.000,0.365) (0.000,0.278) 
158     1835    (0)    3 :  0.057 0.044 0.086 0.039 0.070 0.066 0.071 0.036 0.049 0.082 0.057 0.064 0.056 0.055 0.075 0.048 0.046     (0.000,0.273) (0.000,0.217) (0.000,0.408) (0.000,0.194) (0.000,0.340) (0.000,0.320) (0.000,0.347) (0.000,0.179) (0.000,0.238) (0.000,0.388) (0.000,0.279) (0.000,0.311) (0.000,0.276) (0.000,0.272) (0.000,0.363) (0.000,0.239) (0.000,0.228) 
161      379   (12)   12 :  0.023 0.026 0.045 0.041 0.056 0.034 0.044 0.034 0.043 0.041 0.041 0.217 0.046 0.036 0.041 0.067 0.163     (0.000,0.115) (0.000,0.129) (0.000,0.222) (0.000,0.206) (0.000,0.272) (0.000,0.169) (0.000,0.223) (0.000,0.170) (0.000,0.214) (0.000,0.205) (0.000,0.207) (0.000,0.667) (0.000,0.227) (0.000,0.179) (0.000,0.204) (0.000,0.334) (0.000,0.599) 
165      394    (0)   13 :  0.054 0.039 0.047 0.068 0.050 0.076 0.064 0.034 0.026 0.050 0.069 0.076 0.060 0.115 0.055 0.057 0.060     (0.000,0.260) (0.000,0.194) (0.000,0.233) (0.000,0.333) (0.000,0.249) (0.000,0.369) (0.000,0.315) (0.000,0.169) (0.000,0.130) (0.000,0.247) (0.000,0.337) (0.000,0.369) (0.000,0.297) (0.000,0.500) (0.000,0.269) (0.000,0.280) (0.000,0.298) 
167     2471    (0)   11 :  0.041 0.042 0.059 0.072 0.068 0.091 0.063 0.042 0.043 0.034 0.062 0.070 0.068 0.074 0.045 0.064 0.061     (0.000,0.200) (0.000,0.208) (0.000,0.290) (0.000,0.350) (0.000,0.331) (0.000,0.425) (0.000,0.312) (0.000,0.210) (0.000,0.215) (0.000,0.169) (0.000,0.303) (0.000,0.342) (0.000,0.331) (0.000,0.359) (0.000,0.223) (0.000,0.313) (0.000,0.301) 
178       97    (0)   15 :  0.043 0.068 0.056 0.080 0.046 0.048 0.054 0.078 0.070 0.056 0.070 0.058 0.056 0.052 0.066 0.043 0.055     (0.000,0.212) (0.000,0.328) (0.000,0.274) (0.000,0.381) (0.000,0.230) (0.000,0.238) (0.000,0.267) (0.000,0.360) (0.000,0.322) (0.000,0.276) (0.000,0.340) (0.000,0.286) (0.000,0.276) (0.000,0.255) (0.000,0.321) (0.000,0.214) (0.000,0.268) 
179     3529   (25)   15 :  0.052 0.049 0.070 0.052 0.070 0.071 0.063 0.055 0.040 0.048 0.059 0.080 0.057 0.055 0.073 0.066 0.040     (0.000,0.255) (0.000,0.243) (0.000,0.340) (0.000,0.257) (0.000,0.340) (0.000,0.344) (0.000,0.307) (0.000,0.272) (0.000,0.198) (0.000,0.238) (0.000,0.292) (0.000,0.381) (0.000,0.282) (0.000,0.269) (0.000,0.353) (0.000,0.325) (0.000,0.199) 
183     1500    (0)    2 :  0.061 0.168 0.057 0.043 0.041 0.052 0.041 0.091 0.106 0.038 0.045 0.036 0.047 0.042 0.044 0.044 0.045     (0.000,0.294) (0.000,0.606) (0.000,0.281) (0.000,0.215) (0.000,0.204) (0.000,0.256) (0.000,0.203) (0.000,0.411) (0.000,0.451) (0.000,0.190) (0.000,0.223) (0.000,0.177) (0.000,0.234) (0.000,0.208) (0.000,0.218) (0.000,0.219) (0.000,0.223) 
188      403    (0)    3 :  0.030 0.057 0.072 0.047 0.051 0.041 0.062 0.060 0.066 0.052 0.045 0.045 0.041 0.040 0.179 0.056 0.057     (0.000,0.151) (0.000,0.273) (0.000,0.346) (0.000,0.235) (0.000,0.252) (0.000,0.203) (0.000,0.304) (0.000,0.284) (0.000,0.302) (0.000,0.252) (0.000,0.223) (0.000,0.221) (0.000,0.202) (0.000,0.199) (0.000,0.609) (0.000,0.275) (0.000,0.282) 
195     2323    (0)   10 :  0.037 0.069 0.053 0.087 0.064 0.052 0.066 0.045 0.038 0.057 0.056 0.046 0.052 0.071 0.061 0.057 0.089     (0.000,0.184) (0.000,0.328) (0.000,0.262) (0.000,0.407) (0.000,0.312) (0.000,0.257) (0.000,0.322) (0.000,0.221) (0.000,0.189) (0.000,0.283) (0.000,0.277) (0.000,0.229) (0.000,0.258) (0.000,0.345) (0.000,0.301) (0.000,0.280) (0.000,0.415) 
199      100    (0)   15 :  0.038 0.042 0.055 0.061 0.048 0.055 0.059 0.112 0.089 0.055 0.060 0.046 0.049 0.064 0.058 0.050 0.058     (0.000,0.187) (0.000,0.208) (0.000,0.267) (0.000,0.298) (0.000,0.239) (0.000,0.270) (0.000,0.287) (0.000,0.423) (0.000,0.384) (0.000,0.274) (0.000,0.292) (0.000,0.228) (0.000,0.245) (0.000,0.309) (0.000,0.286) (0.000,0.248) (0.000,0.284) 
200     3514    (0)   15 :  0.035 0.026 0.050 0.065 0.059 0.062 0.065 0.040 0.030 0.117 0.056 0.065 0.067 0.068 0.067 0.063 0.066     (0.000,0.173) (0.000,0.130) (0.000,0.250) (0.000,0.316) (0.000,0.289) (0.000,0.302) (0.000,0.321) (0.000,0.197) (0.000,0.148) (0.000,0.508) (0.000,0.280) (0.000,0.319) (0.000,0.327) (0.000,0.327) (0.000,0.329) (0.000,0.309) (0.000,0.323) 
203     3505   (12)   15 :  0.036 0.035 0.061 0.051 0.051 0.048 0.071 0.033 0.096 0.070 0.050 0.060 0.049 0.046 0.128 0.057 0.058     (0.000,0.180) (0.000,0.173) (0.000,0.301) (0.000,0.252) (0.000,0.253) (0.000,0.239) (0.000,0.343) (0.000,0.164) (0.000,0.397) (0.000,0.338) (0.000,0.246) (0.000,0.297) (0.000,0.243) (0.000,0.226) (0.000,0.534) (0.000,0.282) (0.000,0.287) 
208      128    (0)   15 :  0.079 0.046 0.058 0.045 0.064 0.075 0.057 0.048 0.046 0.051 0.080 0.057 0.067 0.068 0.074 0.051 0.034     (0.000,0.362) (0.000,0.229) (0.000,0.284) (0.000,0.223) (0.000,0.314) (0.000,0.361) (0.000,0.283) (0.000,0.235) (0.000,0.226) (0.000,0.252) (0.000,0.383) (0.000,0.281) (0.000,0.327) (0.000,0.329) (0.000,0.359) (0.000,0.252) (0.000,0.171) 
214     1614    (0)   15 :  0.044 0.028 0.050 0.045 0.056 0.086 0.060 0.038 0.037 0.087 0.078 0.048 0.097 0.047 0.096 0.064 0.037     (0.000,0.216) (0.000,0.141) (0.000,0.248) (0.000,0.225) (0.000,0.277) (0.000,0.401) (0.000,0.296) (0.000,0.188) (0.000,0.185) (0.000,0.387) (0.000,0.371) (0.000,0.237) (0.000,0.443) (0.000,0.235) (0.000,0.414) (0.000,0.311) (0.000,0.185) 
215     2387    (0)    7 :  0.038 0.061 0.085 0.066 0.064 0.055 0.084 0.041 0.032 0.044 0.060 0.065 0.051 0.048 0.088 0.052 0.066     (0.000,0.187) (0.000,0.288) (0.000,0.396) (0.000,0.317) (0.000,0.312) (0.000,0.270) (0.000,0.395) (0.000,0.205) (0.000,0.160) (0.000,0.220) (0.000,0.295) (0.000,0.317) (0.000,0.252) (0.000,0.237) (0.000,0.409) (0.000,0.258) (0.000,0.318) 
216     1564    (0)    2 :  0.040 0.045 0.090 0.068 0.066 0.048 0.105 0.038 0.031 0.061 0.063 0.072 0.066 0.044 0.064 0.045 0.053     (0.000,0.193) (0.000,0.216) (0.000,0.339) (0.000,0.307) (0.000,0.299) (0.000,0.228) (0.000,0.410) (0.000,0.189) (0.000,0.153) (0.000,0.279) (0.000,0.287) (0.000,0.316) (0.000,0.295) (0.000,0.212) (0.000,0.294) (0.000,0.217) (0.000,0.245) 
218     2617    (0)    4 :  0.045 0.029 0.064 0.047 0.069 0.061 0.064 0.044 0.058 0.052 0.085 0.054 0.078 0.054 0.068 0.065 0.064     (0.000,0.217) (0.000,0.145) (0.000,0.311) (0.000,0.233) (0.000,0.335) (0.000,0.296) (0.000,0.316) (0.000,0.217) (0.000,0.282) (0.000,0.255) (0.000,0.401) (0.000,0.268) (0.000,0.372) (0.000,0.264) (0.000,0.329) (0.000,0.314) (0.000,0.309) 
223     1775    (0)    4 :  0.058 0.065 0.060 0.082 0.046 0.051 0.074 0.039 0.037 0.079 0.045 0.057 0.054 0.047 0.058 0.071 0.077     (0.000,0.276) (0.000,0.309) (0.000,0.295) (0.000,0.387) (0.000,0.229) (0.000,0.249) (0.000,0.351) (0.000,0.192) (0.000,0.181) (0.000,0.375) (0.000,0.223) (0.000,0.282) (0.000,0.267) (0.000,0.233) (0.000,0.282) (0.000,0.343) (0.000,0.365) 
232       18    (0)    9 :  0.044 0.055 0.038 0.033 0.030 0.028 0.035 0.104 0.359 0.036 0.033 0.032 0.033 0.028 0.040 0.035 0.038     (0.000,0.213) (0.000,0.269) (0.000,0.189) (0.000,0.166) (0.000,0.148) (0.000,0.138) (0.000,0.175) (0.000,0.445) (0.000,0.766) (0.000,0.177) (0.000,0.164) (0.000,0.157) (0.000,0.164) (0.000,0.140) (0.000,0.197) (0.000,0.173) (0.000,0.189) 
233     3266   (12)   15 :  0.061 0.042 0.052 0.064 0.049 0.046 0.062 0.054 0.057 0.075 0.048 0.044 0.057 0.038 0.139 0.050 0.061     (0.000,0.289) (0.000,0.210) (0.000,0.257) (0.000,0.307) (0.000,0.244) (0.000,0.226) (0.000,0.303) (0.000,0.265) (0.000,0.271) (0.000,0.350) (0.000,0.240) (0.000,0.217) (0.000,0.278) (0.000,0.188) (0.000,0.533) (0.000,0.249) (0.000,0.297) 
234     2130    (0)   15 :  0.033 0.030 0.082 0.057 0.065 0.063 0.071 0.040 0.042 0.068 0.068 0.055 0.073 0.052 0.093 0.062 0.044     (0.000,0.163) (0.000,0.152) (0.000,0.393) (0.000,0.283) (0.000,0.318) (0.000,0.311) (0.000,0.347) (0.000,0.199) (0.000,0.207) (0.000,0.332) (0.000,0.333) (0.000,0.272) (0.000,0.354) (0.000,0.256) (0.000,0.435) (0.000,0.305) (0.000,0.219) 
241      590    (0)   10 :  0.040 0.056 0.044 0.084 0.059 0.061 0.062 0.043 0.030 0.104 0.046 0.062 0.062 0.059 0.056 0.059 0.072     (0.000,0.198) (0.000,0.273) (0.000,0.221) (0.000,0.396) (0.000,0.290) (0.000,0.300) (0.000,0.305) (0.000,0.212) (0.000,0.149) (0.000,0.465) (0.000,0.231) (0.000,0.305) (0.000,0.306) (0.000,0.292) (0.000,0.278) (0.000,0.290) (0.000,0.347) 
244      755    (0)    4 :  0.026 0.134 0.045 0.080 0.058 0.065 0.049 0.032 0.039 0.044 0.061 0.046 0.056 0.051 0.051 0.067 0.096     (0.000,0.130) (0.000,0.520) (0.000,0.221) (0.000,0.379) (0.000,0.284) (0.000,0.315) (0.000,0.242) (0.000,0.161) (0.000,0.192) (0.000,0.219) (0.000,0.301) (0.000,0.230) (0.000,0.277) (0.000,0.252) (0.000,0.254) (0.000,0.325) (0.000,0.437) 
246     1557    (0)   15 :  0.030 0.036 0.071 0.062 0.056 0.080 0.075 0.070 0.075 0.063 0.060 0.053 0.052 0.045 0.062 0.051 0.058     (0.000,0.149) (0.000,0.179) (0.000,0.340) (0.000,0.301) (0.000,0.277) (0.000,0.377) (0.000,0.358) (0.000,0.296) (0.000,0.329) (0.000,0.309) (0.000,0.295) (0.000,0.260) (0.000,0.258) (0.000,0.224) (0.000,0.303) (0.000,0.253) (0.000,0.288) 
255     3815   (25)    6 :  0.034 0.029 0.079 0.063 0.076 0.088 0.072 0.035 0.032 0.044 0.059 0.071 0.078 0.059 0.046 0.072 0.063     (0.000,0.169) (0.000,0.143) (0.000,0.361) (0.000,0.300) (0.000,0.349) (0.000,0.395) (0.000,0.318) (0.000,0.171) (0.000,0.159) (0.000,0.211) (0.000,0.278) (0.000,0.325) (0.000,0.350) (0.000,0.280) (0.000,0.219) (0.000,0.334) (0.000,0.292) 
258     3916    (0)    2 :  0.095 0.182 0.048 0.059 0.046 0.058 0.048 0.046 0.041 0.044 0.052 0.047 0.046 0.040 0.037 0.048 0.063     (0.000,0.405) (0.000,0.616) (0.000,0.237) (0.000,0.288) (0.000,0.227) (0.000,0.285) (0.000,0.241) (0.000,0.225) (0.000,0.203) (0.000,0.217) (0.000,0.257) (0.000,0.234) (0.000,0.229) (0.000,0.199) (0.000,0.183) (0.000,0.239) (0.000,0.307) 
260     2360    (0)   10 :  0.046 0.044 0.050 0.041 0.046 0.045 0.062 0.038 0.038 0.186 0.050 0.042 0.072 0.054 0.108 0.041 0.036     (0.000,0.225) (0.000,0.214) (0.000,0.249) (0.000,0.202) (0.000,0.230) (0.000,0.222) (0.000,0.308) (0.000,0.191) (0.000,0.189) (0.000,0.630) (0.000,0.248) (0.000,0.207) (0.000,0.346) (0.000,0.265) (0.000,0.464) (0.000,0.206) (0.000,0.180) 
268     3860    (0)    3 :  0.055 0.042 0.064 0.050 0.049 0.049 0.077 0.031 0.038 0.074 0.048 0.047 0.053 0.042 0.048 0.091 0.141     (0.000,0.258) (0.000,0.207) (0.000,0.304) (0.000,0.243) (0.000,0.241) (0.000,0.240) (0.000,0.355) (0.000,0.154) (0.000,0.186) (0.000,0.347) (0.000,0.236) (0.000,0.232) (0.000,0.258) (0.000,0.205) (0.000,0.238) (0.000,0.387) (0.000,0.484) 
271     3561   (12)   15 :  0.059 0.062 0.048 0.065 0.047 0.038 0.068 0.038 0.054 0.107 0.056 0.044 0.051 0.041 0.109 0.044 0.070     (0.000,0.281) (0.000,0.298) (0.000,0.237) (0.000,0.314) (0.000,0.232) (0.000,0.191) (0.000,0.331) (0.000,0.186) (0.000,0.261) (0.000,0.461) (0.000,0.276) (0.000,0.217) (0.000,0.251) (0.000,0.202) (0.000,0.460) (0.000,0.218) (0.000,0.338) 
275     1821    (0)    8 :  0.034 0.041 0.055 0.073 0.049 0.050 0.067 0.142 0.043 0.061 0.059 0.058 0.047 0.054 0.058 0.060 0.049     (0.000,0.170) (0.000,0.203) (0.000,0.268) (0.000,0.348) (0.000,0.243) (0.000,0.245) (0.000,0.324) (0.000,0.527) (0.000,0.214) (0.000,0.295) (0.000,0.288) (0.000,0.285) (0.000,0.233) (0.000,0.266) (0.000,0.285) (0.000,0.292) (0.000,0.242) 
278     3196   (12)    2 :  0.037 0.053 0.196 0.034 0.045 0.047 0.040 0.079 0.069 0.030 0.037 0.043 0.054 0.051 0.034 0.048 0.104     (0.000,0.180) (0.000,0.255) (0.000,0.610) (0.000,0.171) (0.000,0.224) (0.000,0.232) (0.000,0.199) (0.000,0.361) (0.000,0.318) (0.000,0.147) (0.000,0.185) (0.000,0.211) (0.000,0.266) (0.000,0.251) (0.000,0.171) (0.000,0.238) (0.000,0.447) 
279     1806    (0)    8 :  0.063 0.080 0.054 0.038 0.048 0.047 0.054 0.074 0.147 0.062 0.049 0.042 0.043 0.048 0.057 0.050 0.045     (0.000,0.296) (0.000,0.377) (0.000,0.267) (0.000,0.188) (0.000,0.238) (0.000,0.232) (0.000,0.268) (0.000,0.350) (0.000,0.569) (0.000,0.306) (0.000,0.243) (0.000,0.206) (0.000,0.214) (0.000,0.239) (0.000,0.280) (0.000,0.247) (0.000,0.224) 
282     1098    (0)    8 :  0.046 0.039 0.049 0.035 0.059 0.050 0.051 0.089 0.201 0.039 0.048 0.045 0.047 0.046 0.076 0.045 0.036     (0.000,0.224) (0.000,0.192) (0.000,0.243) (0.000,0.173) (0.000,0.288) (0.000,0.245) (0.000,0.253) (0.000,0.377) (0.000,0.627) (0.000,0.196) (0.000,0.237) (0.000,0.224) (0.000,0.232) (0.000,0.228) (0.000,0.361) (0.000,0.223) (0.000,0.177) 
283     3521    (0)   15 :  0.055 0.033 0.064 0.051 0.059 0.076 0.069 0.045 0.048 0.063 0.056 0.064 0.067 0.058 0.067 0.062 0.062     (0.000,0.259) (0.000,0.165) (0.000,0.310) (0.000,0.250) (0.000,0.290) (0.000,0.361) (0.000,0.336) (0.000,0.220) (0.000,0.232) (0.000,0.303) (0.000,0.278) (0.000,0.316) (0.000,0.328) (0.000,0.286) (0.000,0.322) (0.000,0.304) (0.000,0.304) 
291     1069    (0)    8 :  0.050 0.064 0.046 0.040 0.044 0.055 0.040 0.164 0.174 0.035 0.044 0.036 0.042 0.039 0.043 0.043 0.039     (0.000,0.244) (0.000,0.309) (0.000,0.228) (0.000,0.201) (0.000,0.219) (0.000,0.272) (0.000,0.200) (0.000,0.568) (0.000,0.596) (0.000,0.176) (0.000,0.217) (0.000,0.181) (0.000,0.206) (0.000,0.195) (0.000,0.212) (0.000,0.213) (0.000,0.194) 
292     3510    (0)   15 :  0.039 0.036 0.047 0.070 0.062 0.079 0.061 0.052 0.070 0.045 0.057 0.061 0.053 0.044 0.089 0.083 0.052     (0.000,0.190) (0.000,0.180) (0.000,0.231) (0.000,0.339) (0.000,0.305) (0.000,0.378) (0.000,0.301) (0.000,0.258) (0.000,0.323) (0.000,0.226) (0.000,0.279) (0.000,0.300) (0.000,0.261) (0.000,0.219) (0.000,0.414) (0.000,0.392) (0.000,0.257) 
294     1146   (12)    8 :  0.044 0.091 0.061 0.066 0.047 0.054 0.050 0.065 0.046 0.085 0.058 0.053 0.063 0.060 0.059 0.050 0.048     (0.000,0.219) (0.000,0.410) (0.000,0.299) (0.000,0.320) (0.000,0.235) (0.000,0.265) (0.000,0.250) (0.000,0.314) (0.000,0.229) (0.000,0.399) (0.000,0.285) (0.000,0.264) (0.000,0.306) (0.000,0.294) (0.000,0.289) (0.000,0.249) (0.000,0.241) 
295      138    (0)   15 :  0.042 0.032 0.047 0.068 0.072 0.079 0.049 0.039 0.044 0.067 0.085 0.049 0.109 0.057 0.042 0.067 0.052     (0.000,0.206) (0.000,0.157) (0.000,0.235) (0.000,0.330) (0.000,0.347) (0.000,0.377) (0.000,0.245) (0.000,0.192) (0.000,0.220) (0.000,0.323) (0.000,0.398) (0.000,0.242) (0.000,0.483) (0.000,0.281) (0.000,0.209) (0.000,0.328) (0.000,0.259) 
302      641    (0)    4 :  0.035 0.090 0.069 0.043 0.048 0.051 0.050 0.057 0.062 0.077 0.065 0.080 0.073 0.050 0.066 0.045 0.041     (0.000,0.171) (0.000,0.373) (0.000,0.329) (0.000,0.215) (0.000,0.236) (0.000,0.249) (0.000,0.247) (0.000,0.275) (0.000,0.290) (0.000,0.358) (0.000,0.313) (0.000,0.365) (0.000,0.346) (0.000,0.243) (0.000,0.318) (0.000,0.223) (0.000,0.203) 
304     1812    (0)    8 :  0.022 0.041 0.037 0.047 0.032 0.029 0.040 0.377 0.089 0.038 0.035 0.030 0.034 0.031 0.044 0.030 0.043     (0.000,0.112) (0.000,0.203) (0.000,0.181) (0.000,0.232) (0.000,0.160) (0.000,0.146) (0.000,0.199) (0.001,0.774) (0.000,0.411) (0.000,0.188) (0.000,0.174) (0.000,0.151) (0.000,0.169) (0.000,0.152) (0.000,0.216) (0.000,0.149) (0.000,0.215) 
306     2134   (12)   15 :  0.038 0.049 0.092 0.074 0.046 0.066 0.089 0.040 0.060 0.064 0.057 0.044 0.053 0.034 0.074 0.050 0.070     (0.000,0.189) (0.000,0.241) (0.000,0.427) (0.000,0.355) (0.000,0.227) (0.000,0.322) (0.000,0.414) (0.000,0.197) (0.000,0.286) (0.000,0.312) (0.000,0.281) (0.000,0.218) (0.000,0.261) (0.000,0.170) (0.000,0.360) (0.000,0.249) (0.000,0.337) 
313      906    (0)    6 :  0.067 0.051 0.044 0.071 0.060 0.064 0.054 0.045 0.046 0.060 0.066 0.068 0.061 0.068 0.055 0.069 0.051     (0.000,0.310) (0.000,0.252) (0.000,0.221) (0.000,0.342) (0.000,0.295) (0.000,0.310) (0.000,0.266) (0.000,0.225) (0.000,0.226) (0.000,0.296) (0.000,0.321) (0.000,0.332) (0.000,0.299) (0.000,0.329) (0.000,0.270) (0.000,0.335) (0.000,0.252) 
315     3283    (0)   15 :  0.048 0.080 0.074 0.062 0.063 0.048 0.055 0.040 0.084 0.043 0.041 0.053 0.068 0.062 0.057 0.050 0.070     (0.000,0.234) (0.000,0.380) (0.000,0.355) (0.000,0.300) (0.000,0.309) (0.000,0.240) (0.000,0.272) (0.000,0.201) (0.000,0.386) (0.000,0.215) (0.000,0.202) (0.000,0.263) (0.000,0.331) (0.000,0.303) (0.000,0.282) (0.000,0.249) (0.000,0.340) 
321     2388    (0)    7 :  0.059 0.049 0.046 0.066 0.054 0.054 0.073 0.044 0.047 0.087 0.063 0.061 0.071 0.060 0.062 0.049 0.055     (0.000,0.279) (0.000,0.239) (0.000,0.226) (0.000,0.319) (0.000,0.269) (0.000,0.267) (0.000,0.354) (0.000,0.219) (0.000,0.230) (0.000,0.409) (0.000,0.310) (0.000,0.300) (0.000,0.345) (0.000,0.294) (0.000,0.305) (0.000,0.244) (0.000,0.270) 
324     3244    (0)   15 :  0.040 0.038 0.081 0.058 0.060 0.047 0.073 0.034 0.032 0.088 0.054 0.058 0.062 0.062 0.102 0.056 0.055     (0.000,0.195) (0.000,0.188) (0.000,0.386) (0.000,0.284) (0.000,0.297) (0.000,0.234) (0.000,0.355) (0.000,0.168) (0.000,0.159) (0.000,0.411) (0.000,0.269) (0.000,0.287) (0.000,0.306) (0.000,0.302) (0.000,0.468) (0.000,0.277) (0.000,0.269) 
333     2340    (0)   10 :  0.049 0.050 0.053 0.050 0.050 0.090 0.060 0.040 0.034 0.087 0.068 0.079 0.053 0.067 0.049 0.069 0.054     (0.000,0.238) (0.000,0.245) (0.000,0.263) (0.000,0.247) (0.000,0.246) (0.000,0.421) (0.000,0.295) (0.000,0.199) (0.000,0.169) (0.000,0.406) (0.000,0.334) (0.000,0.379) (0.000,0.262) (0.000,0.325) (0.000,0.246) (0.000,0.336) (0.000,0.266) 
338     3165   (12)   14 :  0.077 0.059 0.058 0.057 0.048 0.083 0.054 0.034 0.039 0.042 0.063 0.071 0.060 0.094 0.052 0.055 0.054     (0.000,0.356) (0.000,0.285) (0.000,0.288) (0.000,0.281) (0.000,0.237) (0.000,0.392) (0.000,0.266) (0.000,0.172) (0.000,0.194) (0.000,0.207) (0.000,0.308) (0.000,0.343) (0.000,0.298) (0.000,0.430) (0.000,0.258) (0.000,0.273) (0.000,0.266) 
340      700    (0)    4 :  0.077 0.058 0.047 0.123 0.056 0.043 0.050 0.039 0.034 0.062 0.051 0.040 0.064 0.054 0.042 0.081 0.081     (0.000,0.341) (0.000,0.282) (0.000,0.232) (0.000,0.516) (0.000,0.274) (0.000,0.214) (0.000,0.246) (0.000,0.194) (0.000,0.167) (0.000,0.299) (0.000,0.252) (0.000,0.198) (0.000,0.311) (0.000,0.264) (0.000,0.207) (0.000,0.383) (0.000,0.377) 
342     1141    (0)    8 :  0.066 0.050 0.072 0.058 0.058 0.055 0.052 0.086 0.114 0.041 0.050 0.046 0.057 0.048 0.041 0.048 0.059     (0.000,0.308) (0.000,0.247) (0.000,0.343) (0.000,0.281) (0.000,0.283) (0.000,0.270) (0.000,0.260) (0.000,0.390) (0.000,0.479) (0.000,0.201) (0.000,0.244) (0.000,0.229) (0.000,0.279) (0.000,0.236) (0.000,0.205) (0.000,0.239) (0.000,0.291) 
346     2418    (0)   12 :  0.034 0.055 0.053 0.050 0.069 0.090 0.058 0.037 0.047 0.056 0.071 0.079 0.058 0.071 0.049 0.056 0.067     (0.000,0.167) (0.000,0.270) (0.000,0.260) (0.000,0.247) (0.000,0.336) (0.000,0.420) (0.000,0.287) (0.000,0.182) (0.000,0.234) (0.000,0.274) (0.000,0.347) (0.000,0.380) (0.000,0.288) (0.000,0.343) (0.000,0.246) (0.000,0.277) (0.000,0.322) 
358      155    (0)   15 :  0.037 0.041 0.065 0.099 0.074 0.044 0.071 0.041 0.035 0.050 0.052 0.066 0.063 0.065 0.087 0.052 0.058     (0.000,0.182) (0.000,0.206) (0.000,0.318) (0.000,0.445) (0.000,0.352) (0.000,0.221) (0.000,0.343) (0.000,0.201) (0.000,0.175) (0.000,0.248) (0.000,0.259) (0.000,0.321) (0.000,0.310) (0.000,0.312) (0.000,0.404) (0.000,0.258) (0.000,0.282) 
359     3247   (12)   15 :  0.044 0.048 0.158 0.062 0.046 0.044 0.045 0.041 0.030 0.039 0.046 0.048 0.069 0.074 0.055 0.051 0.100     (0.000,0.216) (0.000,0.237) (0.000,0.546) (0.000,0.299) (0.000,0.228) (0.000,0.219) (0.000,0.225) (0.000,0.205) (0.000,0.150) (0.000,0.195) (0.000,0.226) (0.000,0.237) (0.000,0.333) (0.000,0.347) (0.000,0.272) (0.000,0.250) (0.000,0.424) 
363      208    (0)   15 :  0.034 0.039 0.057 0.087 0.062 0.084 0.068 0.035 0.034 0.054 0.063 0.066 0.058 0.053 0.069 0.069 0.069     (0.000,0.166) (0.000,0.194) (0.000,0.281) (0.000,0.411) (0.000,0.303) (0.000,0.400) (0.000,0.331) (0.000,0.175) (0.000,0.169) (0.000,0.268) (0.000,0.309) (0.000,0.320) (0.000,0.288) (0.000,0.263) (0.000,0.336) (0.000,0.339) (0.000,0.336) 
369     3465    (0)    6 :  0.057 0.046 0.057 0.050 0.059 0.083 0.057 0.048 0.051 0.069 0.076 0.078 0.054 0.060 0.055 0.057 0.042     (0.000,0.280) (0.000,0.225) (0.000,0.282) (0.000,0.250) (0.000,0.290) (0.000,0.392) (0.000,0.280) (0.000,0.239) (0.000,0.253) (0.000,0.334) (0.000,0.366) (0.000,0.374) (0.000,0.267) (0.000,0.294) (0.000,0.274) (0.000,0.282) (0.000,0.210) 
381      983    (0)   17 :  0.067 0.044 0.051 0.071 0.056 0.057 0.059 0.051 0.039 0.057 0.059 0.067 0.051 0.095 0.057 0.059 0.061     (0.000,0.313) (0.000,0.216) (0.000,0.253) (0.000,0.341) (0.000,0.278) (0.000,0.279) (0.000,0.291) (0.000,0.247) (0.000,0.193) (0.000,0.281) (0.000,0.291) (0.000,0.323) (0.000,0.254) (0.000,0.430) (0.000,0.281) (0.000,0.288) (0.000,0.296) 
382     1561    (0)   15 :  0.035 0.029 0.072 0.056 0.058 0.063 0.060 0.035 0.106 0.045 0.048 0.065 0.056 0.047 0.083 0.081 0.061     (0.000,0.174) (0.000,0.144) (0.000,0.344) (0.000,0.274) (0.000,0.283) (0.000,0.305) (0.000,0.296) (0.000,0.174) (0.000,0.426) (0.000,0.224) (0.000,0.238) (0.000,0.317) (0.000,0.276) (0.000,0.235) (0.000,0.387) (0.000,0.385) (0.000,0.301) 
386     2142    (0)   15 :  0.039 0.044 0.073 0.076 0.071 0.047 0.066 0.051 0.042 0.066 0.050 0.053 0.062 0.048 0.105 0.047 0.063     (0.000,0.191) (0.000,0.216) (0.000,0.353) (0.000,0.363) (0.000,0.343) (0.000,0.233) (0.000,0.323) (0.000,0.250) (0.000,0.206) (0.000,0.321) (0.000,0.249) (0.000,0.262) (0.000,0.305) (0.000,0.236) (0.000,0.472) (0.000,0.234) (0.000,0.308) 
389      719    (0)    7 :  0.039 0.038 0.058 0.057 0.063 0.064 0.083 0.032 0.036 0.059 0.087 0.049 0.082 0.062 0.098 0.044 0.048     (0.000,0.193) (0.000,0.187) (0.000,0.285) (0.000,0.282) (0.000,0.312) (0.000,0.316) (0.000,0.400) (0.000,0.160) (0.000,0.178) (0.000,0.288) (0.000,0.411) (0.000,0.244) (0.000,0.392) (0.000,0.304) (0.000,0.452) (0.000,0.217) (0.000,0.239) 
393     1837    (0)    8 :  0.027 0.050 0.052 0.041 0.037 0.042 0.034 0.234 0.193 0.027 0.034 0.035 0.041 0.033 0.034 0.040 0.048     (0.000,0.133) (0.000,0.246) (0.000,0.253) (0.000,0.202) (0.000,0.181) (0.000,0.210) (0.000,0.170) (0.000,0.685) (0.000,0.631) (0.000,0.133) (0.000,0.170) (0.000,0.176) (0.000,0.202) (0.000,0.165) (0.000,0.167) (0.000,0.198) (0.000,0.235) 
395      990    (0)   17 :  0.023 0.023 0.047 0.047 0.052 0.085 0.068 0.027 0.034 0.069 0.063 0.060 0.073 0.071 0.072 0.112 0.073     (0.000,0.114) (0.000,0.114) (0.000,0.233) (0.000,0.234) (0.000,0.259) (0.000,0.398) (0.000,0.328) (0.000,0.137) (0.000,0.169) (0.000,0.331) (0.000,0.309) (0.000,0.293) (0.000,0.351) (0.000,0.342) (0.000,0.348) (0.000,0.461) (0.000,0.349) 
399     3188   (12)    3 :  0.056 0.074 0.069 0.063 0.063 0.059 0.060 0.033 0.039 0.042 0.057 0.069 0.052 0.082 0.070 0.056 0.056     (0.000,0.270) (0.000,0.351) (0.000,0.335) (0.000,0.306) (0.000,0.306) (0.000,0.290) (0.000,0.294) (0.000,0.162) (0.000,0.192) (0.000,0.211) (0.000,0.280) (0.000,0.334) (0.000,0.259) (0.000,0.384) (0.000,0.336) (0.000,0.278) (0.000,0.274) 
400     1737    (0)    4 :  0.042 0.030 0.099 0.050 0.075 0.056 0.051 0.038 0.061 0.063 0.045 0.055 0.089 0.055 0.070 0.075 0.048     (0.000,0.205) (0.000,0.148) (0.000,0.447) (0.000,0.247) (0.000,0.360) (0.000,0.274) (0.000,0.255) (0.000,0.189) (0.000,0.291) (0.000,0.305) (0.000,0.223) (0.000,0.270) (0.000,0.410) (0.000,0.272) (0.000,0.334) (0.000,0.360) (0.000,0.238) 
403     2753    (0)   10 :  0.073 0.059 0.052 0.048 0.057 0.063 0.063 0.040 0.033 0.087 0.057 0.068 0.057 0.075 0.054 0.062 0.053     (0.000,0.348) (0.000,0.287) (0.000,0.255) (0.000,0.239) (0.000,0.280) (0.000,0.309) (0.000,0.312) (0.000,0.198) (0.000,0.164) (0.000,0.406) (0.000,0.284) (0.000,0.331) (0.000,0.281) (0.000,0.360) (0.000,0.268) (0.000,0.306) (0.000,0.263) 
404     3013   (25)   10 :  0.053 0.071 0.147 0.031 0.040 0.040 0.042 0.095 0.098 0.038 0.038 0.039 0.043 0.048 0.041 0.047 0.088     (0.000,0.256) (0.000,0.337) (0.000,0.518) (0.000,0.154) (0.000,0.200) (0.000,0.200) (0.000,0.209) (0.000,0.414) (0.000,0.422) (0.000,0.189) (0.000,0.189) (0.000,0.193) (0.000,0.215) (0.000,0.237) (0.000,0.205) (0.000,0.232) (0.000,0.385) 
405      789    (0)   14 :  0.085 0.136 0.053 0.057 0.048 0.048 0.051 0.053 0.049 0.049 0.050 0.048 0.044 0.070 0.049 0.057 0.052     (0.000,0.391) (0.000,0.552) (0.000,0.262) (0.000,0.280) (0.000,0.241) (0.000,0.240) (0.000,0.252) (0.000,0.262) (0.000,0.244) (0.000,0.241) (0.000,0.246) (0.000,0.240) (0.000,0.221) (0.000,0.341) (0.000,0.244) (0.000,0.281) (0.000,0.259) 
407     1653    (0)   15 :  0.040 0.064 0.050 0.085 0.051 0.047 0.067 0.060 0.061 0.053 0.052 0.052 0.045 0.080 0.070 0.047 0.076     (0.000,0.198) (0.000,0.307) (0.000,0.247) (0.000,0.399) (0.000,0.255) (0.000,0.235) (0.000,0.328) (0.000,0.293) (0.000,0.291) (0.000,0.262) (0.000,0.257) (0.000,0.255) (0.000,0.222) (0.000,0.373) (0.000,0.339) (0.000,0.234) (0.000,0.365) 
420     2453   (12)   17 :  0.040 0.047 0.056 0.047 0.082 0.044 0.056 0.061 0.070 0.077 0.065 0.062 0.071 0.051 0.061 0.057 0.056     (0.000,0.194) (0.000,0.226) (0.000,0.275) (0.000,0.235) (0.000,0.376) (0.000,0.216) (0.000,0.275) (0.000,0.286) (0.000,0.319) (0.000,0.365) (0.000,0.315) (0.000,0.300) (0.000,0.339) (0.000,0.253) (0.000,0.299) (0.000,0.280) (0.000,0.275) 
421     1755   (25)    4 :  0.031 0.107 0.039 0.082 0.066 0.062 0.046 0.033 0.031 0.044 0.066 0.034 0.060 0.035 0.065 0.126 0.071     (0.000,0.153) (0.000,0.434) (0.000,0.194) (0.000,0.391) (0.000,0.321) (0.000,0.305) (0.000,0.231) (0.000,0.166) (0.000,0.153) (0.000,0.220) (0.000,0.322) (0.000,0.169) (0.000,0.298) (0.000,0.174) (0.000,0.316) (0.000,0.531) (0.000,0.344) 
423     3205   (12)    2 :  0.072 0.065 0.146 0.038 0.047 0.056 0.047 0.054 0.051 0.044 0.043 0.043 0.047 0.055 0.046 0.063 0.084     (0.000,0.332) (0.000,0.311) (0.000,0.514) (0.000,0.191) (0.000,0.233) (0.000,0.274) (0.000,0.233) (0.000,0.262) (0.000,0.250) (0.000,0.220) (0.000,0.213) (0.000,0.212) (0.000,0.232) (0.000,0.272) (0.000,0.229) (0.000,0.306) (0.000,0.369) 
427      866    (0)   13 :  0.047 0.030 0.059 0.050 0.067 0.088 0.053 0.057 0.036 0.041 0.084 0.076 0.075 0.093 0.045 0.054 0.045     (0.000,0.231) (0.000,0.148) (0.000,0.289) (0.000,0.246) (0.000,0.326) (0.000,0.413) (0.000,0.263) (0.000,0.279) (0.000,0.178) (0.000,0.205) (0.000,0.399) (0.000,0.369) (0.000,0.364) (0.000,0.430) (0.000,0.222) (0.000,0.268) (0.000,0.223) 
428      503    (0)   10 :  0.033 0.039 0.053 0.067 0.058 0.060 0.076 0.048 0.049 0.106 0.065 0.055 0.062 0.051 0.062 0.052 0.064     (0.000,0.166) (0.000,0.192) (0.000,0.263) (0.000,0.326) (0.000,0.288) (0.000,0.295) (0.000,0.367) (0.000,0.238) (0.000,0.239) (0.000,0.472) (0.000,0.319) (0.000,0.275) (0.000,0.302) (0.000,0.254) (0.000,0.306) (0.000,0.256) (0.000,0.314) 
429      865    (0)   13 :  0.049 0.062 0.058 0.085 0.054 0.055 0.059 0.041 0.033 0.063 0.058 0.046 0.062 0.068 0.067 0.065 0.074     (0.000,0.238) (0.000,0.298) (0.000,0.288) (0.000,0.399) (0.000,0.266) (0.000,0.269) (0.000,0.292) (0.000,0.201) (0.000,0.165) (0.000,0.312) (0.000,0.287) (0.000,0.226) (0.000,0.306) (0.000,0.331) (0.000,0.328) (0.000,0.317) (0.000,0.352) 
435      559    (0)   10 :  0.033 0.074 0.050 0.050 0.070 0.073 0.061 0.027 0.037 0.056 0.106 0.077 0.068 0.055 0.064 0.056 0.045     (0.000,0.162) (0.000,0.333) (0.000,0.246) (0.000,0.249) (0.000,0.335) (0.000,0.349) (0.000,0.300) (0.000,0.132) (0.000,0.181) (0.000,0.272) (0.000,0.473) (0.000,0.366) (0.000,0.330) (0.000,0.270) (0.000,0.312) (0.000,0.271) (0.000,0.225) 
438     3253   (12)   15 :  0.049 0.044 0.063 0.041 0.048 0.052 0.065 0.095 0.045 0.073 0.063 0.048 0.056 0.046 0.132 0.041 0.041     (0.000,0.236) (0.000,0.216) (0.000,0.305) (0.000,0.201) (0.000,0.239) (0.000,0.256) (0.000,0.318) (0.000,0.417) (0.000,0.221) (0.000,0.344) (0.000,0.308) (0.000,0.240) (0.000,0.276) (0.000,0.227) (0.000,0.517) (0.000,0.202) (0.000,0.206) 
439     2488   (12)    6 :  0.040 0.083 0.133 0.041 0.043 0.052 0.052 0.053 0.057 0.057 0.045 0.046 0.048 0.044 0.055 0.046 0.105     (0.000,0.200) (0.000,0.377) (0.000,0.486) (0.000,0.204) (0.000,0.211) (0.000,0.257) (0.000,0.257) (0.000,0.257) (0.000,0.269) (0.000,0.277) (0.000,0.222) (0.000,0.228) (0.000,0.240) (0.000,0.219) (0.000,0.271) (0.000,0.230) (0.000,0.441) 
442     3305    (0)   17 :  0.033 0.049 0.051 0.112 0.055 0.051 0.056 0.081 0.049 0.042 0.054 0.048 0.072 0.045 0.061 0.064 0.077     (0.000,0.164) (0.000,0.241) (0.000,0.252) (0.000,0.488) (0.000,0.269) (0.000,0.250) (0.000,0.276) (0.000,0.369) (0.000,0.239) (0.000,0.207) (0.000,0.269) (0.000,0.240) (0.000,0.351) (0.000,0.223) (0.000,0.299) (0.000,0.308) (0.000,0.367) 
443     1038    (0)   11 :  0.032 0.038 0.062 0.075 0.069 0.070 0.065 0.031 0.033 0.056 0.080 0.057 0.081 0.073 0.050 0.058 0.072     (0.000,0.161) (0.000,0.190) (0.000,0.301) (0.000,0.362) (0.000,0.338) (0.000,0.339) (0.000,0.317) (0.000,0.152) (0.000,0.163) (0.000,0.273) (0.000,0.380) (0.000,0.279) (0.000,0.384) (0.000,0.354) (0.000,0.247) (0.000,0.289) (0.000,0.348) 
451      743    (0)    4 :  0.053 0.053 0.084 0.082 0.057 0.070 0.067 0.038 0.028 0.051 0.056 0.045 0.071 0.053 0.076 0.060 0.056     (0.000,0.255) (0.000,0.260) (0.000,0.394) (0.000,0.390) (0.000,0.279) (0.000,0.339) (0.000,0.329) (0.000,0.189) (0.000,0.142) (0.000,0.254) (0.000,0.276) (0.000,0.226) (0.000,0.345) (0.000,0.260) (0.000,0.364) (0.000,0.295) (0.000,0.275) 
452     1608   (12)   15 :  0.039 0.025 0.057 0.054 0.097 0.047 0.055 0.031 0.061 0.055 0.058 0.071 0.072 0.038 0.095 0.096 0.048     (0.000,0.191) (0.000,0.125) (0.000,0.279) (0.000,0.265) (0.000,0.429) (0.000,0.233) (0.000,0.272) (0.000,0.157) (0.000,0.283) (0.000,0.272) (0.000,0.286) (0.000,0.341) (0.000,0.349) (0.000,0.189) (0.000,0.436) (0.000,0.443) (0.000,0.239) 
465     1134    (0)    1 :  0.123 0.060 0.082 0.052 0.047 0.043 0.051 0.093 0.046 0.049 0.047 0.040 0.051 0.044 0.040 0.072 0.062     (0.000,0.469) (0.000,0.291) (0.000,0.382) (0.000,0.258) (0.000,0.231) (0.000,0.214) (0.000,0.252) (0.000,0.422) (0.000,0.227) (0.000,0.241) (0.000,0.232) (0.000,0.196) (0.000,0.251) (0.000,0.217) (0.000,0.199) (0.000,0.344) (0.000,0.299) 
471      656   (12)    7 :  0.031 0.033 0.066 0.045 0.058 0.061 0.073 0.033 0.044 0.113 0.121 0.051 0.053 0.042 0.074 0.052 0.050     (0.000,0.154) (0.000,0.162) (0.000,0.318) (0.000,0.221) (0.000,0.279) (0.000,0.295) (0.000,0.347) (0.000,0.166) (0.000,0.216) (0.000,0.468) (0.000,0.486) (0.000,0.253) (0.000,0.263) (0.000,0.206) (0.000,0.352) (0.000,0.256) (0.000,0.249) 
473     2516    (0)   16 :  0.042 0.033 0.067 0.060 0.054 0.057 0.071 0.038 0.047 0.051 0.067 0.059 0.071 0.072 0.082 0.077 0.051     (0.000,0.205) (0.000,0.167) (0.000,0.329) (0.000,0.296) (0.000,0.269) (0.000,0.279) (0.000,0.346) (0.000,0.190) (0.000,0.226) (0.000,0.249) (0.000,0.326) (0.000,0.291) (0.000,0.342) (0.000,0.345) (0.000,0.388) (0.000,0.369) (0.000,0.255) 
475     3816    (0)    6 :  0.046 0.050 0.075 0.068 0.049 0.076 0.055 0.055 0.062 0.053 0.057 0.049 0.057 0.061 0.069 0.060 0.058     (0.000,0.227) (0.000,0.244) (0.000,0.363) (0.000,0.330) (0.000,0.243) (0.000,0.365) (0.000,0.274) (0.000,0.269) (0.000,0.301) (0.000,0.262) (0.000,0.281) (0.000,0.243) (0.000,0.281) (0.000,0.298) (0.000,0.336) (0.000,0.294) (0.000,0.285) 
476     3000    (0)   13 :  0.072 0.043 0.055 0.070 0.048 0.060 0.051 0.066 0.041 0.050 0.067 0.049 0.060 0.104 0.054 0.058 0.053     (0.000,0.329) (0.000,0.212) (0.000,0.272) (0.000,0.341) (0.000,0.237) (0.000,0.295) (0.000,0.253) (0.000,0.320) (0.000,0.205) (0.000,0.246) (0.000,0.326) (0.000,0.243) (0.000,0.296) (0.000,0.467) (0.000,0.269) (0.000,0.288) (0.000,0.260) 
482      238    (0)   15 :  0.034 0.034 0.074 0.040 0.061 0.054 0.053 0.111 0.115 0.048 0.052 0.054 0.058 0.068 0.060 0.042 0.042     (0.000,0.168) (0.000,0.166) (0.000,0.352) (0.000,0.199) (0.000,0.300) (0.000,0.268) (0.000,0.261) (0.000,0.434) (0.000,0.469) (0.000,0.239) (0.000,0.258) (0.000,0.266) (0.000,0.284) (0.000,0.328) (0.000,0.293) (0.000,0.208) (0.000,0.209) 
484     3258   (12)   15 :  0.028 0.040 0.062 0.038 0.048 0.063 0.042 0.186 0.115 0.038 0.048 0.046 0.051 0.057 0.037 0.052 0.050     (0.000,0.140) (0.000,0.196) (0.000,0.302) (0.000,0.187) (0.000,0.236) (0.000,0.305) (0.000,0.208) (0.000,0.596) (0.000,0.460) (0.000,0.191) (0.000,0.236) (0.000,0.229) (0.000,0.250) (0.000,0.280) (0.000,0.183) (0.000,0.253) (0.000,0.247) 
491      298    (0)   16 :  0.054 0.040 0.037 0.059 0.072 0.054 0.058 0.045 0.039 0.045 0.104 0.059 0.060 0.076 0.068 0.080 0.050     (0.000,0.254) (0.000,0.197) (0.000,0.186) (0.000,0.292) (0.000,0.343) (0.000,0.266) (0.000,0.289) (0.000,0.221) (0.000,0.192) (0.000,0.223) (0.000,0.471) (0.000,0.287) (0.000,0.293) (0.000,0.364) (0.000,0.333) (0.000,0.378) (0.000,0.248) 
492      200    (0)   15 :  0.060 0.052 0.058 0.048 0.070 0.055 0.061 0.031 0.038 0.046 0.059 0.060 0.058 0.104 0.062 0.077 0.061     (0.000,0.284) (0.000,0.254) (0.000,0.285) (0.000,0.238) (0.000,0.340) (0.000,0.269) (0.000,0.299) (0.000,0.156) (0.000,0.189) (0.000,0.228) (0.000,0.290) (0.000,0.295) (0.000,0.284) (0.000,0.466) (0.000,0.307) (0.000,0.368) (0.000,0.298) 
493     1731    (0)    4 :  0.054 0.030 0.036 0.036 0.099 0.043 0.048 0.143 0.079 0.046 0.061 0.064 0.068 0.080 0.040 0.039 0.034     (0.000,0.253) (0.000,0.150) (0.000,0.181) (0.000,0.180) (0.000,0.439) (0.000,0.211) (0.000,0.240) (0.000,0.455) (0.000,0.345) (0.000,0.229) (0.000,0.297) (0.000,0.308) (0.000,0.323) (0.000,0.372) (0.000,0.201) (0.000,0.193) (0.000,0.170) 
494     2086    (0)    1 :  0.100 0.175 0.057 0.043 0.035 0.034 0.044 0.082 0.091 0.053 0.036 0.046 0.036 0.034 0.057 0.044 0.036     (0.000,0.413) (0.000,0.592) (0.000,0.278) (0.000,0.212) (0.000,0.173) (0.000,0.169) (0.000,0.219) (0.000,0.380) (0.000,0.395) (0.000,0.261) (0.000,0.178) (0.000,0.225) (0.000,0.179) (0.000,0.169) (0.000,0.274) (0.000,0.217) (0.000,0.179) 
500     3876    (0)    3 :  0.037 0.044 0.050 0.064 0.050 0.054 0.060 0.055 0.044 0.078 0.053 0.050 0.061 0.039 0.054 0.051 0.154     (0.000,0.181) (0.000,0.215) (0.000,0.247) (0.000,0.311) (0.000,0.247) (0.000,0.264) (0.000,0.290) (0.000,0.266) (0.000,0.216) (0.000,0.366) (0.000,0.261) (0.000,0.248) (0.000,0.295) (0.000,0.191) (0.000,0.268) (0.000,0.249) (0.000,0.520) 
503     1793    (0)   12 :  0.047 0.055 0.045 0.064 0.058 0.045 0.063 0.035 0.054 0.067 0.076 0.044 0.063 0.054 0.067 0.075 0.088     (0.000,0.225) (0.000,0.266) (0.000,0.226) (0.000,0.312) (0.000,0.285) (0.000,0.224) (0.000,0.310) (0.000,0.173) (0.000,0.261) (0.000,0.323) (0.000,0.366) (0.000,0.216) (0.000,0.307) (0.000,0.266) (0.000,0.324) (0.000,0.363) (0.000,0.405) 
515     2356    (0)    1 :  0.037 0.038 0.052 0.050 0.062 0.074 0.078 0.065 0.047 0.063 0.066 0.104 0.058 0.055 0.056 0.048 0.046     (0.000,0.184) (0.000,0.188) (0.000,0.257) (0.000,0.246) (0.000,0.302) (0.000,0.354) (0.000,0.375) (0.000,0.296) (0.000,0.231) (0.000,0.308) (0.000,0.320) (0.000,0.467) (0.000,0.286) (0.000,0.269) (0.000,0.276) (0.000,0.238) (0.000,0.229) 
520     3259   (12)   15 :  0.032 0.077 0.056 0.056 0.057 0.076 0.052 0.070 0.055 0.045 0.065 0.048 0.060 0.057 0.071 0.067 0.057     (0.000,0.158) (0.000,0.361) (0.000,0.278) (0.000,0.275) (0.000,0.283) (0.000,0.364) (0.000,0.256) (0.000,0.327) (0.000,0.261) (0.000,0.221) (0.000,0.317) (0.000,0.238) (0.000,0.295) (0.000,0.281) (0.000,0.345) (0.000,0.330) (0.000,0.282) 
521     1925    (0)   15 :  0.079 0.058 0.043 0.065 0.048 0.056 0.051 0.076 0.069 0.038 0.060 0.056 0.049 0.107 0.045 0.052 0.049     (0.000,0.358) (0.000,0.279) (0.000,0.214) (0.000,0.315) (0.000,0.236) (0.000,0.275) (0.000,0.251) (0.000,0.317) (0.000,0.313) (0.000,0.186) (0.000,0.296) (0.000,0.274) (0.000,0.243) (0.000,0.464) (0.000,0.222) (0.000,0.255) (0.000,0.241) 
527      681    (0)    7 :  0.031 0.041 0.069 0.071 0.058 0.085 0.056 0.040 0.033 0.090 0.064 0.054 0.058 0.048 0.067 0.068 0.066     (0.000,0.155) (0.000,0.204) (0.000,0.337) (0.000,0.340) (0.000,0.287) (0.000,0.402) (0.000,0.276) (0.000,0.197) (0.000,0.165) (0.000,0.420) (0.000,0.317) (0.000,0.268) (0.000,0.287) (0.000,0.240) (0.000,0.331) (0.000,0.334) (0.000,0.321) 
529     2607    (0)    4 :  0.029 0.056 0.044 0.086 0.054 0.056 0.066 0.041 0.057 0.079 0.084 0.055 0.067 0.044 0.061 0.045 0.076     (0.000,0.145) (0.000,0.272) (0.000,0.220) (0.000,0.402) (0.000,0.265) (0.000,0.278) (0.000,0.322) (0.000,0.199) (0.000,0.268) (0.000,0.374) (0.000,0.395) (0.000,0.273) (0.000,0.327) (0.000,0.218) (0.000,0.300) (0.000,0.222) (0.000,0.365) 
531      748    (0)    4 :  0.108 0.078 0.042 0.060 0.054 0.043 0.050 0.054 0.046 0.059 0.053 0.049 0.055 0.085 0.047 0.064 0.052     (0.000,0.459) (0.000,0.369) (0.000,0.208) (0.000,0.294) (0.000,0.266) (0.000,0.215) (0.000,0.246) (0.000,0.267) (0.000,0.228) (0.000,0.289) (0.000,0.260) (0.000,0.243) (0.000,0.272) (0.000,0.403) (0.000,0.236) (0.000,0.314) (0.000,0.258) 
539     3170   (25)    3 :  0.045 0.058 0.051 0.070 0.048 0.056 0.062 0.077 0.078 0.050 0.055 0.058 0.052 0.055 0.082 0.042 0.062     (0.000,0.221) (0.000,0.284) (0.000,0.253) (0.000,0.340) (0.000,0.237) (0.000,0.278) (0.000,0.304) (0.000,0.367) (0.000,0.361) (0.000,0.247) (0.000,0.274) (0.000,0.285) (0.000,0.256) (0.000,0.269) (0.000,0.390) (0.000,0.208) (0.000,0.306) 
541      302    (0)   15 :  0.107 0.054 0.051 0.042 0.058 0.054 0.057 0.049 0.037 0.059 0.068 0.054 0.064 0.107 0.058 0.045 0.036     (0.000,0.454) (0.000,0.266) (0.000,0.251) (0.000,0.208) (0.000,0.287) (0.000,0.267) (0.000,0.285) (0.000,0.240) (0.000,0.184) (0.000,0.292) (0.000,0.333) (0.000,0.266) (0.000,0.313) (0.000,0.481) (0.000,0.286) (0.000,0.222) (0.000,0.182) 
544      592    (0)   10 :  0.029 0.037 0.053 0.094 0.053 0.062 0.050 0.038 0.036 0.090 0.074 0.052 0.099 0.048 0.053 0.063 0.069     (0.000,0.145) (0.000,0.183) (0.000,0.263) (0.000,0.434) (0.000,0.261) (0.000,0.302) (0.000,0.249) (0.000,0.189) (0.000,0.179) (0.000,0.421) (0.000,0.357) (0.000,0.260) (0.000,0.451) (0.000,0.239) (0.000,0.263) (0.000,0.308) (0.000,0.334) 
552      775    (0)   14 :  0.047 0.049 0.067 0.043 0.064 0.075 0.068 0.033 0.048 0.058 0.072 0.066 0.060 0.077 0.081 0.050 0.042     (0.000,0.233) (0.000,0.243) (0.000,0.327) (0.000,0.214) (0.000,0.311) (0.000,0.362) (0.000,0.335) (0.000,0.164) (0.000,0.235) (0.000,0.284) (0.000,0.348) (0.000,0.323) (0.000,0.295) (0.000,0.367) (0.000,0.388) (0.000,0.249) (0.000,0.211) 
556     3203   (12)    3 :  0.061 0.043 0.056 0.049 0.060 0.058 0.058 0.050 0.087 0.058 0.060 0.063 0.051 0.053 0.082 0.063 0.049     (0.000,0.290) (0.000,0.211) (0.000,0.274) (0.000,0.242) (0.000,0.294) (0.000,0.284) (0.000,0.286) (0.000,0.248) (0.000,0.393) (0.000,0.284) (0.000,0.293) (0.000,0.308) (0.000,0.253) (0.000,0.261) (0.000,0.389) (0.000,0.309) (0.000,0.245) 
560     1857   (12)    2 :  0.030 0.058 0.040 0.088 0.059 0.036 0.058 0.059 0.074 0.072 0.056 0.059 0.060 0.043 0.054 0.049 0.106     (0.000,0.148) (0.000,0.282) (0.000,0.200) (0.000,0.409) (0.000,0.290) (0.000,0.180) (0.000,0.287) (0.000,0.280) (0.000,0.336) (0.000,0.342) (0.000,0.277) (0.000,0.290) (0.000,0.297) (0.000,0.212) (0.000,0.264) (0.000,0.243) (0.000,0.471) 
562     2338    (0)   10 :  0.036 0.197 0.042 0.056 0.049 0.041 0.050 0.032 0.028 0.059 0.058 0.046 0.050 0.066 0.056 0.038 0.096     (0.000,0.179) (0.000,0.584) (0.000,0.206) (0.000,0.269) (0.000,0.242) (0.000,0.205) (0.000,0.247) (0.000,0.160) (0.000,0.141) (0.000,0.289) (0.000,0.286) (0.000,0.228) (0.000,0.247) (0.000,0.311) (0.000,0.271) (0.000,0.189) (0.000,0.432) 
563     1924    (0)   15 :  0.050 0.077 0.060 0.070 0.051 0.055 0.068 0.053 0.049 0.084 0.055 0.048 0.049 0.050 0.067 0.052 0.063     (0.000,0.245) (0.000,0.364) (0.000,0.295) (0.000,0.339) (0.000,0.256) (0.000,0.271) (0.000,0.333) (0.000,0.259) (0.000,0.240) (0.000,0.398) (0.000,0.274) (0.000,0.237) (0.000,0.242) (0.000,0.247) (0.000,0.326) (0.000,0.257) (0.000,0.311) 
566     3507    (0)   15 :  0.050 0.066 0.072 0.067 0.060 0.054 0.054 0.041 0.060 0.052 0.054 0.050 0.053 0.058 0.092 0.062 0.054     (0.000,0.239) (0.000,0.319) (0.000,0.345) (0.000,0.324) (0.000,0.296) (0.000,0.266) (0.000,0.266) (0.000,0.204) (0.000,0.282) (0.000,0.257) (0.000,0.268) (0.000,0.250) (0.000,0.262) (0.000,0.285) (0.000,0.425) (0.000,0.304) (0.000,0.267) 
570      501    (0)   10 :  0.036 0.060 0.076 0.078 0.053 0.043 0.067 0.043 0.034 0.080 0.048 0.045 0.046 0.057 0.094 0.066 0.073     (0.000,0.176) (0.000,0.294) (0.000,0.368) (0.000,0.376) (0.000,0.262) (0.000,0.214) (0.000,0.330) (0.000,0.216) (0.000,0.170) (0.000,0.383) (0.000,0.239) (0.000,0.223) (0.000,0.227) (0.000,0.283) (0.000,0.436) (0.000,0.321) (0.000,0.352) 
572     2999   (25)   10 :  0.054 0.049 0.060 0.047 0.066 0.060 0.069 0.040 0.041 0.109 0.060 0.056 0.052 0.062 0.074 0.051 0.048     (0.000,0.264) (0.000,0.244) (0.000,0.294) (0.000,0.235) (0.000,0.325) (0.000,0.293) (0.000,0.340) (0.000,0.199) (0.000,0.204) (0.000,0.487) (0.000,0.299) (0.000,0.280) (0.000,0.258) (0.000,0.306) (0.000,0.361) (0.000,0.256) (0.000,0.241) 
577     3833    (0)    6 :  0.049 0.058 0.049 0.080 0.043 0.092 0.054 0.030 0.031 0.040 0.073 0.058 0.065 0.091 0.051 0.079 0.057     (0.000,0.237) (0.000,0.265) (0.000,0.242) (0.000,0.379) (0.000,0.215) (0.000,0.426) (0.000,0.267) (0.000,0.148) (0.000,0.155) (0.000,0.198) (0.000,0.357) (0.000,0.285) (0.000,0.319) (0.000,0.413) (0.000,0.254) (0.000,0.370) (0.000,0.280) 
579     3268    (0)   15 :  0.050 0.056 0.049 0.046 0.064 0.057 0.064 0.053 0.040 0.086 0.061 0.055 0.063 0.062 0.077 0.049 0.066     (0.000,0.241) (0.000,0.273) (0.000,0.244) (0.000,0.228) (0.000,0.309) (0.000,0.280) (0.000,0.311) (0.000,0.254) (0.000,0.195) (0.000,0.389) (0.000,0.298) (0.000,0.271) (0.000,0.309) (0.000,0.303) (0.000,0.351) (0.000,0.244) (0.000,0.318) 
582     2136    (0)   15 :  0.033 0.035 0.063 0.064 0.091 0.049 0.074 0.040 0.033 0.077 0.058 0.059 0.059 0.043 0.117 0.053 0.051     (0.000,0.162) (0.000,0.174) (0.000,0.310) (0.000,0.313) (0.000,0.419) (0.000,0.244) (0.000,0.361) (0.000,0.199) (0.000,0.166) (0.000,0.370) (0.000,0.288) (0.000,0.288) (0.000,0.293) (0.000,0.213) (0.000,0.512) (0.000,0.264) (0.000,0.252) 
583     3803    (0)   14 :  0.056 0.097 0.052 0.053 0.052 0.055 0.052 0.053 0.065 0.042 0.051 0.056 0.051 0.089 0.058 0.053 0.066     (0.000,0.270) (0.000,0.421) (0.000,0.259) (0.000,0.263) (0.000,0.259) (0.000,0.270) (0.000,0.258) (0.000,0.258) (0.000,0.302) (0.000,0.209) (0.000,0.251) (0.000,0.273) (0.000,0.250) (0.000,0.405) (0.000,0.284) (0.000,0.263) (0.000,0.320) 
587      127    (0)   15 :  0.069 0.052 0.044 0.052 0.065 0.062 0.054 0.033 0.118 0.051 0.062 0.048 0.048 0.047 0.060 0.080 0.053     (0.000,0.319) (0.000,0.254) (0.000,0.220) (0.000,0.254) (0.000,0.317) (0.000,0.302) (0.000,0.268) (0.000,0.166) (0.000,0.479) (0.000,0.250) (0.000,0.301) (0.000,0.238) (0.000,0.239) (0.000,0.234) (0.000,0.294) (0.000,0.380) (0.000,0.263) 
588     3315    (0)    8 :  0.044 0.037 0.047 0.052 0.054 0.061 0.052 0.124 0.124 0.048 0.054 0.056 0.051 0.066 0.042 0.048 0.041     (0.000,0.215) (0.000,0.182) (0.000,0.234) (0.000,0.258) (0.000,0.264) (0.000,0.299) (0.000,0.257) (0.000,0.463) (0.000,0.486) (0.000,0.236) (0.000,0.269) (0.000,0.272) (0.000,0.251) (0.000,0.316) (0.000,0.207) (0.000,0.236) (0.000,0.204) 
594     3333    (0)   13 :  0.039 0.023 0.068 0.050 0.072 0.057 0.066 0.038 0.073 0.043 0.051 0.080 0.064 0.053 0.119 0.060 0.043     (0.000,0.192) (0.000,0.117) (0.000,0.330) (0.000,0.247) (0.000,0.343) (0.000,0.280) (0.000,0.322) (0.000,0.187) (0.000,0.327) (0.000,0.214) (0.000,0.253) (0.000,0.377) (0.000,0.309) (0.000,0.260) (0.000,0.498) (0.000,0.291) (0.000,0.214) 
610     1939    (0)   15 :  0.058 0.040 0.051 0.053 0.078 0.053 0.077 0.056 0.045 0.070 0.064 0.067 0.052 0.058 0.089 0.049 0.040     (0.000,0.282) (0.000,0.197) (0.000,0.253) (0.000,0.263) (0.000,0.371) (0.000,0.261) (0.000,0.371) (0.000,0.274) (0.000,0.222) (0.000,0.339) (0.000,0.313) (0.000,0.327) (0.000,0.257) (0.000,0.284) (0.000,0.414) (0.000,0.240) (0.000,0.197) 
612      181    (0)   15 :  0.043 0.054 0.078 0.044 0.049 0.076 0.058 0.047 0.074 0.053 0.069 0.053 0.057 0.065 0.077 0.058 0.047     (0.000,0.209) (0.000,0.266) (0.000,0.373) (0.000,0.217) (0.000,0.241) (0.000,0.364) (0.000,0.287) (0.000,0.232) (0.000,0.352) (0.000,0.261) (0.000,0.336) (0.000,0.263) (0.000,0.283) (0.000,0.318) (0.000,0.371) (0.000,0.284) (0.000,0.231) 
613     3567    (0)    4 :  0.048 0.040 0.056 0.071 0.083 0.075 0.053 0.044 0.051 0.040 0.073 0.053 0.062 0.054 0.063 0.071 0.064     (0.000,0.233) (0.000,0.201) (0.000,0.277) (0.000,0.342) (0.000,0.393) (0.000,0.360) (0.000,0.262) (0.000,0.218) (0.000,0.248) (0.000,0.200) (0.000,0.355) (0.000,0.261) (0.000,0.307) (0.000,0.266) (0.000,0.308) (0.000,0.343) (0.000,0.310) 
614     3611    (0)   10 :  0.039 0.080 0.069 0.039 0.045 0.037 0.063 0.049 0.063 0.067 0.053 0.045 0.052 0.061 0.058 0.039 0.144     (0.000,0.192) (0.000,0.360) (0.000,0.329) (0.000,0.191) (0.000,0.219) (0.000,0.184) (0.000,0.301) (0.000,0.238) (0.000,0.290) (0.000,0.318) (0.000,0.258) (0.000,0.221) (0.000,0.253) (0.000,0.292) (0.000,0.281) (0.000,0.191) (0.000,0.493) 
616     1645    (0)   15 :  0.045 0.047 0.041 0.043 0.088 0.057 0.072 0.039 0.047 0.105 0.057 0.083 0.050 0.061 0.063 0.048 0.053     (0.000,0.224) (0.000,0.233) (0.000,0.205) (0.000,0.215) (0.000,0.415) (0.000,0.279) (0.000,0.352) (0.000,0.192) (0.000,0.230) (0.000,0.468) (0.000,0.283) (0.000,0.399) (0.000,0.247) (0.000,0.304) (0.000,0.309) (0.000,0.237) (0.000,0.264) 
617     2143   (12)   15 :  0.068 0.043 0.058 0.045 0.065 0.073 0.069 0.056 0.037 0.100 0.063 0.052 0.058 0.052 0.075 0.045 0.039     (0.000,0.321) (0.000,0.214) (0.000,0.286) (0.000,0.223) (0.000,0.317) (0.000,0.355) (0.000,0.339) (0.000,0.273) (0.000,0.185) (0.000,0.456) (0.000,0.308) (0.000,0.260) (0.000,0.288) (0.000,0.258) (0.000,0.363) (0.000,0.224) (0.000,0.196) 
619       92    (0)   15 :  0.051 0.053 0.076 0.053 0.048 0.047 0.058 0.047 0.042 0.107 0.049 0.042 0.075 0.050 0.110 0.048 0.043     (0.000,0.245) (0.000,0.260) (0.000,0.361) (0.000,0.261) (0.000,0.237) (0.000,0.232) (0.000,0.285) (0.000,0.230) (0.000,0.210) (0.000,0.449) (0.000,0.243) (0.000,0.210) (0.000,0.358) (0.000,0.244) (0.000,0.457) (0.000,0.240) (0.000,0.216) 
624     1393    (0)   16 :  0.098 0.045 0.059 0.073 0.053 0.043 0.057 0.037 0.049 0.048 0.045 0.049 0.052 0.054 0.111 0.070 0.057     (0.000,0.405) (0.000,0.221) (0.000,0.289) (0.000,0.347) (0.000,0.262) (0.000,0.212) (0.000,0.281) (0.000,0.183) (0.000,0.237) (0.000,0.236) (0.000,0.224) (0.000,0.243) (0.000,0.257) (0.000,0.265) (0.000,0.486) (0.000,0.340) (0.000,0.281) 
626     1888   (25)   11 :  0.046 0.032 0.067 0.076 0.061 0.056 0.057 0.054 0.062 0.044 0.040 0.047 0.058 0.041 0.105 0.093 0.062     (0.000,0.224) (0.000,0.159) (0.000,0.327) (0.000,0.363) (0.000,0.297) (0.000,0.278) (0.000,0.283) (0.000,0.263) (0.000,0.287) (0.000,0.218) (0.000,0.198) (0.000,0.234) (0.000,0.285) (0.000,0.205) (0.000,0.460) (0.000,0.433) (0.000,0.303) 
631     1885   (12)   11 :  0.072 0.049 0.046 0.047 0.061 0.075 0.059 0.058 0.037 0.071 0.062 0.060 0.056 0.085 0.052 0.064 0.046     (0.000,0.342) (0.000,0.242) (0.000,0.230) (0.000,0.233) (0.000,0.301) (0.000,0.363) (0.000,0.291) (0.000,0.284) (0.000,0.186) (0.000,0.347) (0.000,0.305) (0.000,0.295) (0.000,0.279) (0.000,0.403) (0.000,0.258) (0.000,0.311) (0.000,0.227) 
635      197    (0)   15 :  0.030 0.028 0.054 0.067 0.050 0.055 0.076 0.038 0.052 0.101 0.069 0.058 0.064 0.045 0.095 0.056 0.063     (0.000,0.149) (0.000,0.139) (0.000,0.268) (0.000,0.328) (0.000,0.247) (0.000,0.272) (0.000,0.370) (0.000,0.188) (0.000,0.246) (0.000,0.455) (0.000,0.337) (0.000,0.287) (0.000,0.311) (0.000,0.223) (0.000,0.434) (0.000,0.276) (0.000,0.307) 
642      861    (0)    3 :  0.075 0.079 0.091 0.051 0.045 0.065 0.062 0.053 0.031 0.045 0.049 0.066 0.054 0.084 0.061 0.044 0.044     (0.000,0.340) (0.000,0.353) (0.000,0.420) (0.000,0.252) (0.000,0.221) (0.000,0.317) (0.000,0.306) (0.000,0.255) (0.000,0.156) (0.000,0.221) (0.000,0.243) (0.000,0.319) (0.000,0.264) (0.000,0.385) (0.000,0.300) (0.000,0.217) (0.000,0.217) 
643     2174    (0)    5 :  0.042 0.053 0.061 0.061 0.061 0.056 0.064 0.040 0.045 0.110 0.058 0.057 0.071 0.058 0.066 0.044 0.054     (0.000,0.208) (0.000,0.257) (0.000,0.300) (0.000,0.297) (0.000,0.300) (0.000,0.276) (0.000,0.314) (0.000,0.197) (0.000,0.223) (0.000,0.482) (0.000,0.287) (0.000,0.282) (0.000,0.343) (0.000,0.286) (0.000,0.321) (0.000,0.217) (0.000,0.264) 
651     3016   (12)   10 :  0.035 0.041 0.072 0.071 0.045 0.045 0.066 0.041 0.033 0.098 0.055 0.057 0.050 0.059 0.065 0.068 0.100     (0.000,0.173) (0.000,0.205) (0.000,0.350) (0.000,0.343) (0.000,0.224) (0.000,0.221) (0.000,0.324) (0.000,0.204) (0.000,0.163) (0.000,0.450) (0.000,0.272) (0.000,0.281) (0.000,0.250) (0.000,0.289) (0.000,0.317) (0.000,0.330) (0.000,0.452) 
652     3498    (0)   15 :  0.054 0.083 0.074 0.048 0.054 0.046 0.074 0.036 0.033 0.062 0.053 0.054 0.052 0.051 0.060 0.048 0.117     (0.000,0.254) (0.000,0.359) (0.000,0.347) (0.000,0.236) (0.000,0.260) (0.000,0.223) (0.000,0.347) (0.000,0.177) (0.000,0.164) (0.000,0.301) (0.000,0.259) (0.000,0.263) (0.000,0.253) (0.000,0.246) (0.000,0.291) (0.000,0.233) (0.000,0.424) 
663     2382    (0)   14 :  0.042 0.041 0.064 0.048 0.059 0.074 0.053 0.056 0.073 0.037 0.079 0.077 0.065 0.081 0.053 0.050 0.049     (0.000,0.205) (0.000,0.204) (0.000,0.311) (0.000,0.239) (0.000,0.291) (0.000,0.353) (0.000,0.262) (0.000,0.273) (0.000,0.345) (0.000,0.183) (0.000,0.378) (0.000,0.371) (0.000,0.317) (0.000,0.382) (0.000,0.261) (0.000,0.248) (0.000,0.240) 
665      291    (0)   15 :  0.054 0.047 0.056 0.051 0.056 0.063 0.066 0.050 0.038 0.046 0.075 0.061 0.068 0.084 0.070 0.062 0.051     (0.000,0.260) (0.000,0.233) (0.000,0.276) (0.000,0.252) (0.000,0.277) (0.000,0.310) (0.000,0.324) (0.000,0.247) (0.000,0.191) (0.000,0.228) (0.000,0.365) (0.000,0.299) (0.000,0.331) (0.000,0.395) (0.000,0.339) (0.000,0.303) (0.000,0.251) 
674     1461    (0)    2 :  0.070 0.135 0.060 0.047 0.045 0.047 0.051 0.076 0.065 0.075 0.048 0.048 0.047 0.049 0.048 0.042 0.047     (0.000,0.329) (0.000,0.541) (0.000,0.295) (0.000,0.231) (0.000,0.226) (0.000,0.233) (0.000,0.254) (0.000,0.353) (0.000,0.312) (0.000,0.357) (0.000,0.239) (0.000,0.238) (0.000,0.232) (0.000,0.242) (0.000,0.236) (0.000,0.210) (0.000,0.231) 
685     3572    (0)    8 :  0.031 0.035 0.033 0.049 0.065 0.040 0.063 0.073 0.180 0.034 0.091 0.078 0.065 0.036 0.050 0.028 0.047     (0.000,0.152) (0.000,0.175) (0.000,0.166) (0.000,0.246) (0.000,0.308) (0.000,0.200) (0.000,0.306) (0.000,0.341) (0.000,0.583) (0.000,0.172) (0.000,0.429) (0.000,0.370) (0.000,0.318) (0.000,0.179) (0.000,0.249) (0.000,0.140) (0.000,0.233) 
687     2751   (12)   10 :  0.028 0.029 0.068 0.063 0.055 0.057 0.088 0.059 0.041 0.135 0.058 0.049 0.050 0.053 0.071 0.043 0.054     (0.000,0.140) (0.000,0.147) (0.000,0.330) (0.000,0.308) (0.000,0.273) (0.000,0.281) (0.000,0.413) (0.000,0.255) (0.000,0.194) (0.000,0.554) (0.000,0.286) (0.000,0.241) (0.000,0.249) (0.000,0.263) (0.000,0.343) (0.000,0.213) (0.000,0.268) 
691     3256    (0)   15 :  0.053 0.045 0.058 0.069 0.061 0.052 0.067 0.034 0.048 0.105 0.060 0.060 0.066 0.056 0.059 0.050 0.060     (0.000,0.253) (0.000,0.220) (0.000,0.285) (0.000,0.328) (0.000,0.299) (0.000,0.256) (0.000,0.325) (0.000,0.168) (0.000,0.234) (0.000,0.467) (0.000,0.295) (0.000,0.293) (0.000,0.322) (0.000,0.276) (0.000,0.288) (0.000,0.245) (0.000,0.294) 
692     2390    (0)    7 :  0.029 0.042 0.079 0.078 0.050 0.074 0.069 0.027 0.025 0.054 0.060 0.073 0.056 0.072 0.065 0.044 0.103     (0.000,0.144) (0.000,0.201) (0.000,0.372) (0.000,0.370) (0.000,0.248) (0.000,0.356) (0.000,0.337) (0.000,0.133) (0.000,0.127) (0.000,0.264) (0.000,0.296) (0.000,0.353) (0.000,0.277) (0.000,0.343) (0.000,0.319) (0.000,0.218) (0.000,0.459) 
695      245    (0)   15 :  0.059 0.061 0.075 0.034 0.064 0.066 0.058 0.045 0.088 0.040 0.060 0.053 0.074 0.077 0.051 0.050 0.043     (0.000,0.276) (0.000,0.290) (0.000,0.356) (0.000,0.171) (0.000,0.310) (0.000,0.318) (0.000,0.288) (0.000,0.220) (0.000,0.383) (0.000,0.200) (0.000,0.293) (0.000,0.260) (0.000,0.356) (0.000,0.363) (0.000,0.255) (0.000,0.249) (0.000,0.214) 
697     1689    (0)   13 :  0.039 0.062 0.055 0.071 0.048 0.076 0.047 0.040 0.056 0.043 0.069 0.051 0.056 0.054 0.054 0.113 0.064     (0.000,0.194) (0.000,0.285) (0.000,0.268) (0.000,0.341) (0.000,0.240) (0.000,0.361) (0.000,0.235) (0.000,0.198) (0.000,0.273) (0.000,0.212) (0.000,0.335) (0.000,0.253) (0.000,0.279) (0.000,0.265) (0.000,0.266) (0.000,0.487) (0.000,0.312) 
704     2744    (0)   10 :  0.032 0.055 0.058 0.058 0.043 0.062 0.084 0.047 0.042 0.087 0.065 0.055 0.051 0.052 0.085 0.057 0.067     (0.000,0.157) (0.000,0.269) (0.000,0.285) (0.000,0.286) (0.000,0.215) (0.000,0.305) (0.000,0.399) (0.000,0.231) (0.000,0.208) (0.000,0.409) (0.000,0.322) (0.000,0.270) (0.000,0.255) (0.000,0.255) (0.000,0.405) (0.000,0.283) (0.000,0.324) 
705      143    (0)   15 :  0.049 0.043 0.070 0.051 0.053 0.048 0.048 0.052 0.117 0.034 0.064 0.069 0.072 0.053 0.064 0.061 0.053     (0.000,0.235) (0.000,0.210) (0.000,0.336) (0.000,0.250) (0.000,0.257) (0.000,0.237) (0.000,0.237) (0.000,0.253) (0.000,0.455) (0.000,0.168) (0.000,0.313) (0.000,0.329) (0.000,0.347) (0.000,0.258) (0.000,0.312) (0.000,0.298) (0.000,0.259) 
709     3282   (12)   15 :  0.071 0.089 0.143 0.037 0.037 0.035 0.048 0.080 0.068 0.033 0.044 0.035 0.055 0.038 0.043 0.041 0.103     (0.000,0.318) (0.000,0.380) (0.000,0.500) (0.000,0.182) (0.000,0.187) (0.000,0.172) (0.000,0.235) (0.000,0.356) (0.000,0.308) (0.000,0.166) (0.000,0.217) (0.000,0.174) (0.000,0.270) (0.000,0.189) (0.000,0.215) (0.000,0.204) (0.000,0.433) 
711     1677    (0)   17 :  0.048 0.096 0.045 0.083 0.073 0.041 0.065 0.054 0.046 0.042 0.049 0.055 0.063 0.038 0.051 0.046 0.105     (0.000,0.234) (0.000,0.411) (0.000,0.225) (0.000,0.391) (0.000,0.340) (0.000,0.204) (0.000,0.316) (0.000,0.261) (0.000,0.222) (0.000,0.208) (0.000,0.239) (0.000,0.268) (0.000,0.308) (0.000,0.188) (0.000,0.254) (0.000,0.226) (0.000,0.467) 
712     1773    (0)    4 :  0.040 0.050 0.046 0.097 0.058 0.057 0.058 0.027 0.029 0.048 0.069 0.051 0.058 0.069 0.070 0.061 0.113     (0.000,0.198) (0.000,0.245) (0.000,0.228) (0.000,0.440) (0.000,0.285) (0.000,0.279) (0.000,0.284) (0.000,0.135) (0.000,0.145) (0.000,0.238) (0.000,0.337) (0.000,0.250) (0.000,0.288) (0.000,0.331) (0.000,0.340) (0.000,0.300) (0.000,0.490) 
722     1687   (12)   13 :  0.053 0.052 0.052 0.067 0.044 0.061 0.063 0.068 0.042 0.068 0.074 0.051 0.060 0.049 0.079 0.062 0.055     (0.000,0.254) (0.000,0.254) (0.000,0.259) (0.000,0.326) (0.000,0.222) (0.000,0.300) (0.000,0.312) (0.000,0.329) (0.000,0.206) (0.000,0.330) (0.000,0.360) (0.000,0.251) (0.000,0.295) (0.000,0.241) (0.000,0.377) (0.000,0.303) (0.000,0.273) 
727     3880    (0)   11 :  0.048 0.059 0.056 0.041 0.056 0.100 0.053 0.038 0.064 0.041 0.065 0.089 0.057 0.071 0.045 0.066 0.051     (0.000,0.235) (0.000,0.291) (0.000,0.274) (0.000,0.202) (0.000,0.279) (0.000,0.455) (0.000,0.263) (0.000,0.192) (0.000,0.310) (0.000,0.203) (0.000,0.320) (0.000,0.419) (0.000,0.283) (0.000,0.343) (0.000,0.225) (0.000,0.320) (0.000,0.254) 
728      384    (0)   12 :  0.026 0.028 0.092 0.049 0.072 0.091 0.074 0.042 0.055 0.050 0.061 0.066 0.070 0.041 0.074 0.054 0.056     (0.000,0.128) (0.000,0.137) (0.000,0.424) (0.000,0.244) (0.000,0.346) (0.000,0.416) (0.000,0.354) (0.000,0.210) (0.000,0.267) (0.000,0.246) (0.000,0.299) (0.000,0.325) (0.000,0.339) (0.000,0.203) (0.000,0.356) (0.000,0.266) (0.000,0.276) 
730     1805    (0)    8 :  0.095 0.091 0.051 0.041 0.040 0.047 0.043 0.132 0.106 0.046 0.046 0.039 0.046 0.041 0.043 0.050 0.043     (0.000,0.415) (0.000,0.410) (0.000,0.251) (0.000,0.205) (0.000,0.198) (0.000,0.233) (0.000,0.212) (0.000,0.531) (0.000,0.454) (0.000,0.226) (0.000,0.229) (0.000,0.196) (0.000,0.229) (0.000,0.206) (0.000,0.213) (0.000,0.246) (0.000,0.212) 
744      407    (0)    3 :  0.034 0.030 0.075 0.054 0.059 0.072 0.065 0.038 0.042 0.102 0.069 0.064 0.071 0.042 0.081 0.056 0.046     (0.000,0.168) (0.000,0.151) (0.000,0.364) (0.000,0.267) (0.000,0.291) (0.000,0.349) (0.000,0.322) (0.000,0.188) (0.000,0.210) (0.000,0.462) (0.000,0.337) (0.000,0.313) (0.000,0.346) (0.000,0.206) (0.000,0.387) (0.000,0.276) (0.000,0.228) 
749      306    (0)   15 :  0.052 0.056 0.051 0.118 0.055 0.048 0.061 0.040 0.040 0.039 0.052 0.042 0.054 0.056 0.057 0.057 0.121     (0.000,0.249) (0.000,0.271) (0.000,0.253) (0.000,0.507) (0.000,0.273) (0.000,0.237) (0.000,0.302) (0.000,0.200) (0.000,0.197) (0.000,0.192) (0.000,0.259) (0.000,0.207) (0.000,0.267) (0.000,0.275) (0.000,0.283) (0.000,0.278) (0.000,0.514) 
755     1084    (0)    8 :  0.029 0.033 0.036 0.047 0.039 0.038 0.047 0.313 0.123 0.036 0.037 0.038 0.034 0.034 0.038 0.039 0.036     (0.000,0.143) (0.000,0.166) (0.000,0.181) (0.000,0.230) (0.000,0.196) (0.000,0.191) (0.000,0.230) (0.000,0.710) (0.000,0.502) (0.000,0.179) (0.000,0.185) (0.000,0.188) (0.000,0.172) (0.000,0.167) (0.000,0.189) (0.000,0.195) (0.000,0.180) 
756     2147    (0)   15 :  0.035 0.042 0.065 0.084 0.046 0.039 0.073 0.035 0.037 0.075 0.041 0.046 0.050 0.052 0.152 0.046 0.082     (0.000,0.172) (0.000,0.207) (0.000,0.317) (0.000,0.388) (0.000,0.227) (0.000,0.196) (0.000,0.354) (0.000,0.173) (0.000,0.183) (0.000,0.344) (0.000,0.203) (0.000,0.225) (0.000,0.250) (0.000,0.253) (0.000,0.559) (0.000,0.227) (0.000,0.383) 
757     1612    (0)   15 :  0.065 0.057 0.088 0.056 0.052 0.056 0.061 0.048 0.053 0.074 0.050 0.046 0.055 0.058 0.075 0.053 0.052     (0.000,0.308) (0.000,0.277) (0.000,0.416) (0.000,0.275) (0.000,0.259) (0.000,0.277) (0.000,0.299) (0.000,0.238) (0.000,0.259) (0.000,0.355) (0.000,0.249) (0.000,0.230) (0.000,0.272) (0.000,0.285) (0.000,0.361) (0.000,0.263) (0.000,0.259) 
761      779    (0)   14 :  0.061 0.070 0.048 0.076 0.061 0.048 0.057 0.053 0.041 0.074 0.062 0.069 0.050 0.070 0.055 0.050 0.056     (0.000,0.292) (0.000,0.331) (0.000,0.237) (0.000,0.361) (0.000,0.299) (0.000,0.239) (0.000,0.283) (0.000,0.259) (0.000,0.206) (0.000,0.356) (0.000,0.302) (0.000,0.336) (0.000,0.250) (0.000,0.338) (0.000,0.271) (0.000,0.247) (0.000,0.277) 
764      696    (0)    4 :  0.022 0.022 0.045 0.157 0.044 0.055 0.047 0.037 0.024 0.036 0.046 0.054 0.058 0.052 0.029 0.132 0.140     (0.000,0.108) (0.000,0.112) (0.000,0.221) (0.000,0.588) (0.000,0.218) (0.000,0.267) (0.000,0.233) (0.000,0.181) (0.000,0.119) (0.000,0.177) (0.000,0.228) (0.000,0.266) (0.000,0.281) (0.000,0.256) (0.000,0.145) (0.000,0.525) (0.000,0.545) 
765      415    (0)    3 :  0.049 0.052 0.084 0.077 0.071 0.036 0.072 0.047 0.037 0.046 0.038 0.055 0.047 0.038 0.093 0.068 0.090     (0.000,0.233) (0.000,0.247) (0.000,0.392) (0.000,0.368) (0.000,0.331) (0.000,0.179) (0.000,0.349) (0.000,0.231) (0.000,0.183) (0.000,0.229) (0.000,0.188) (0.000,0.271) (0.000,0.233) (0.000,0.189) (0.000,0.427) (0.000,0.328) (0.000,0.415) 
770     2586    (0)    9 :  0.060 0.114 0.096 0.056 0.041 0.052 0.087 0.060 0.037 0.054 0.051 0.053 0.047 0.040 0.071 0.032 0.048     (0.000,0.284) (0.000,0.462) (0.000,0.440) (0.000,0.275) (0.000,0.207) (0.000,0.259) (0.000,0.411) (0.000,0.288) (0.000,0.184) (0.000,0.266) (0.000,0.253) (0.000,0.266) (0.000,0.234) (0.000,0.196) (0.000,0.343) (0.000,0.158) (0.000,0.239) 
772      662    (0)   15 :  0.051 0.069 0.055 0.055 0.053 0.070 0.071 0.042 0.039 0.057 0.069 0.056 0.058 0.064 0.084 0.058 0.048     (0.000,0.245) (0.000,0.332) (0.000,0.271) (0.000,0.272) (0.000,0.263) (0.000,0.342) (0.000,0.349) (0.000,0.208) (0.000,0.192) (0.000,0.284) (0.000,0.336) (0.000,0.277) (0.000,0.288) (0.000,0.316) (0.000,0.397) (0.000,0.288) (0.000,0.239) 
779     3251    (0)   15 :  0.035 0.036 0.062 0.057 0.055 0.047 0.059 0.062 0.120 0.052 0.046 0.048 0.048 0.041 0.121 0.055 0.057     (0.000,0.174) (0.000,0.179) (0.000,0.307) (0.000,0.278) (0.000,0.270) (0.000,0.232) (0.000,0.293) (0.000,0.301) (0.000,0.487) (0.000,0.256) (0.000,0.228) (0.000,0.238) (0.000,0.239) (0.000,0.205) (0.000,0.518) (0.000,0.271) (0.000,0.281) 
781      926    (0)   13 :  0.044 0.072 0.039 0.073 0.055 0.089 0.050 0.027 0.027 0.045 0.083 0.072 0.062 0.072 0.049 0.073 0.067     (0.000,0.217) (0.000,0.321) (0.000,0.192) (0.000,0.352) (0.000,0.273) (0.000,0.413) (0.000,0.251) (0.000,0.136) (0.000,0.135) (0.000,0.225) (0.000,0.393) (0.000,0.346) (0.000,0.304) (0.000,0.342) (0.000,0.243) (0.000,0.349) (0.000,0.327) 
783     3456    (0)    6 :  0.048 0.058 0.074 0.044 0.053 0.074 0.063 0.060 0.050 0.059 0.057 0.063 0.062 0.066 0.065 0.057 0.047     (0.000,0.230) (0.000,0.282) (0.000,0.358) (0.000,0.218) (0.000,0.263) (0.000,0.355) (0.000,0.312) (0.000,0.287) (0.000,0.246) (0.000,0.290) (0.000,0.284) (0.000,0.308) (0.000,0.305) (0.000,0.321) (0.000,0.316) (0.000,0.279) (0.000,0.233) 
786      844    (0)   16 :  0.044 0.048 0.100 0.055 0.052 0.073 0.066 0.036 0.037 0.072 0.066 0.054 0.085 0.051 0.067 0.049 0.045     (0.000,0.215) (0.000,0.233) (0.000,0.455) (0.000,0.271) (0.000,0.258) (0.000,0.351) (0.000,0.325) (0.000,0.180) (0.000,0.183) (0.000,0.347) (0.000,0.325) (0.000,0.269) (0.000,0.401) (0.000,0.252) (0.000,0.325) (0.000,0.245) (0.000,0.222) 
788     1649    (0)   15 :  0.091 0.082 0.055 0.050 0.061 0.039 0.071 0.037 0.036 0.070 0.050 0.053 0.044 0.054 0.082 0.068 0.056     (0.000,0.400) (0.000,0.382) (0.000,0.273) (0.000,0.245) (0.000,0.295) (0.000,0.193) (0.000,0.346) (0.000,0.183) (0.000,0.182) (0.000,0.341) (0.000,0.249) (0.000,0.264) (0.000,0.221) (0.000,0.265) (0.000,0.385) (0.000,0.331) (0.000,0.276) 
792     3420    (0)    9 :  0.058 0.043 0.046 0.030 0.034 0.033 0.034 0.140 0.319 0.026 0.029 0.030 0.037 0.032 0.037 0.039 0.034     (0.000,0.274) (0.000,0.213) (0.000,0.227) (0.000,0.148) (0.000,0.168) (0.000,0.162) (0.000,0.168) (0.000,0.544) (0.000,0.730) (0.000,0.128) (0.000,0.145) (0.000,0.151) (0.000,0.183) (0.000,0.157) (0.000,0.184) (0.000,0.195) (0.000,0.169) 
796       93    (0)   15 :  0.033 0.030 0.065 0.056 0.057 0.042 0.060 0.032 0.035 0.100 0.049 0.050 0.072 0.044 0.169 0.061 0.044     (0.000,0.162) (0.000,0.149) (0.000,0.315) (0.000,0.275) (0.000,0.277) (0.000,0.208) (0.000,0.297) (0.000,0.160) (0.000,0.172) (0.000,0.433) (0.000,0.243) (0.000,0.247) (0.000,0.347) (0.000,0.215) (0.000,0.596) (0.000,0.299) (0.000,0.216) 
798     1850    (0)    3 :  0.072 0.119 0.041 0.053 0.050 0.054 0.071 0.024 0.041 0.063 0.079 0.047 0.058 0.054 0.068 0.058 0.047     (0.000,0.328) (0.000,0.471) (0.000,0.202) (0.000,0.261) (0.000,0.248) (0.000,0.265) (0.000,0.343) (0.000,0.122) (0.000,0.202) (0.000,0.305) (0.000,0.378) (0.000,0.234) (0.000,0.288) (0.000,0.267) (0.000,0.327) (0.000,0.284) (0.000,0.234) 
799     1078    (0)    8 :  0.053 0.069 0.045 0.036 0.051 0.056 0.043 0.147 0.144 0.038 0.056 0.043 0.054 0.045 0.042 0.038 0.041     (0.000,0.258) (0.000,0.324) (0.000,0.224) (0.000,0.180) (0.000,0.250) (0.000,0.272) (0.000,0.212) (0.000,0.549) (0.000,0.542) (0.000,0.189) (0.000,0.273) (0.000,0.214) (0.000,0.267) (0.000,0.224) (0.000,0.210) (0.000,0.188) (0.000,0.203) 
804      572    (0)   10 :  0.037 0.047 0.056 0.102 0.048 0.059 0.061 0.054 0.044 0.055 0.081 0.065 0.066 0.043 0.058 0.053 0.071     (0.000,0.181) (0.000,0.232) (0.000,0.276) (0.000,0.459) (0.000,0.238) (0.000,0.288) (0.000,0.299) (0.000,0.258) (0.000,0.214) (0.000,0.271) (0.000,0.385) (0.000,0.320) (0.000,0.321) (0.000,0.214) (0.000,0.287) (0.000,0.262) (0.000,0.343) 
806     3158    (0)   14 :  0.052 0.043 0.048 0.067 0.050 0.063 0.057 0.084 0.052 0.048 0.068 0.053 0.057 0.086 0.057 0.059 0.057     (0.000,0.251) (0.000,0.214) (0.000,0.240) (0.000,0.328) (0.000,0.247) (0.000,0.307) (0.000,0.282) (0.000,0.394) (0.000,0.253) (0.000,0.237) (0.000,0.333) (0.000,0.261) (0.000,0.281) (0.000,0.402) (0.000,0.280) (0.000,0.291) (0.000,0.279) 
811      153    (0)   15 :  0.055 0.035 0.057 0.054 0.055 0.064 0.083 0.061 0.050 0.079 0.079 0.048 0.070 0.049 0.065 0.048 0.049     (0.000,0.261) (0.000,0.174) (0.000,0.278) (0.000,0.264) (0.000,0.271) (0.000,0.314) (0.000,0.392) (0.000,0.291) (0.000,0.242) (0.000,0.375) (0.000,0.375) (0.000,0.236) (0.000,0.340) (0.000,0.242) (0.000,0.317) (0.000,0.235) (0.000,0.242) 
812     2449    (0)   17 :  0.046 0.048 0.058 0.106 0.071 0.047 0.049 0.045 0.034 0.041 0.047 0.047 0.062 0.063 0.049 0.071 0.118     (0.000,0.222) (0.000,0.234) (0.000,0.286) (0.000,0.475) (0.000,0.344) (0.000,0.232) (0.000,0.243) (0.000,0.224) (0.000,0.168) (0.000,0.202) (0.000,0.233) (0.000,0.234) (0.000,0.304) (0.000,0.309) (0.000,0.243) (0.000,0.345) (0.000,0.508) 
817      702    (0)    4 :  0.045 0.041 0.053 0.078 0.080 0.054 0.052 0.044 0.059 0.048 0.044 0.063 0.074 0.075 0.031 0.056 0.105     (0.000,0.221) (0.000,0.200) (0.000,0.258) (0.000,0.373) (0.000,0.377) (0.000,0.265) (0.000,0.261) (0.000,0.219) (0.000,0.287) (0.000,0.239) (0.000,0.217) (0.000,0.308) (0.000,0.354) (0.000,0.360) (0.000,0.156) (0.000,0.277) (0.000,0.469) 
819      745    (0)    4 :  0.029 0.027 0.051 0.110 0.058 0.063 0.056 0.115 0.036 0.044 0.054 0.059 0.061 0.070 0.054 0.045 0.068     (0.000,0.144) (0.000,0.136) (0.000,0.250) (0.000,0.484) (0.000,0.284) (0.000,0.311) (0.000,0.277) (0.000,0.436) (0.000,0.178) (0.000,0.218) (0.000,0.268) (0.000,0.292) (0.000,0.298) (0.000,0.332) (0.000,0.265) (0.000,0.223) (0.000,0.325) 
820     1107    (0)    8 :  0.042 0.037 0.042 0.053 0.053 0.048 0.048 0.166 0.148 0.046 0.046 0.041 0.044 0.043 0.051 0.046 0.047     (0.000,0.205) (0.000,0.184) (0.000,0.209) (0.000,0.261) (0.000,0.262) (0.000,0.238) (0.000,0.236) (0.000,0.572) (0.000,0.562) (0.000,0.229) (0.000,0.226) (0.000,0.203) (0.000,0.218) (0.000,0.216) (0.000,0.251) (0.000,0.225) (0.000,0.232) 
823     2739    (0)   10 :  0.030 0.046 0.062 0.056 0.065 0.063 0.066 0.033 0.032 0.072 0.066 0.058 0.054 0.077 0.070 0.066 0.083     (0.000,0.151) (0.000,0.225) (0.000,0.305) (0.000,0.278) (0.000,0.315) (0.000,0.310) (0.000,0.325) (0.000,0.163) (0.000,0.161) (0.000,0.347) (0.000,0.323) (0.000,0.287) (0.000,0.270) (0.000,0.367) (0.000,0.341) (0.000,0.321) (0.000,0.390) 
824      714    (0)    4 :  0.071 0.064 0.059 0.073 0.055 0.057 0.072 0.047 0.027 0.098 0.056 0.066 0.052 0.041 0.064 0.042 0.056     (0.000,0.326) (0.000,0.298) (0.000,0.290) (0.000,0.350) (0.000,0.271) (0.000,0.281) (0.000,0.348) (0.000,0.233) (0.000,0.136) (0.000,0.445) (0.000,0.274) (0.000,0.322) (0.000,0.255) (0.000,0.206) (0.000,0.315) (0.000,0.209) (0.000,0.277) 
837      859   (25)    3 :  0.077 0.042 0.053 0.046 0.073 0.041 0.083 0.039 0.047 0.068 0.046 0.045 0.052 0.049 0.069 0.110 0.061     (0.000,0.367) (0.000,0.206) (0.000,0.259) (0.000,0.227) (0.000,0.352) (0.000,0.202) (0.000,0.390) (0.000,0.197) (0.000,0.233) (0.000,0.330) (0.000,0.226) (0.000,0.226) (0.000,0.255) (0.000,0.242) (0.000,0.334) (0.000,0.460) (0.000,0.300) 
838     2129   (25)   15 :  0.029 0.029 0.065 0.044 0.054 0.069 0.081 0.039 0.069 0.076 0.063 0.068 0.053 0.044 0.104 0.059 0.054     (0.000,0.143) (0.000,0.147) (0.000,0.317) (0.000,0.221) (0.000,0.266) (0.000,0.333) (0.000,0.387) (0.000,0.193) (0.000,0.319) (0.000,0.365) (0.000,0.309) (0.000,0.333) (0.000,0.264) (0.000,0.217) (0.000,0.467) (0.000,0.291) (0.000,0.267) 
841     3248   (12)   15 :  0.054 0.046 0.127 0.043 0.057 0.064 0.059 0.053 0.052 0.045 0.054 0.054 0.061 0.059 0.056 0.041 0.074     (0.000,0.261) (0.000,0.228) (0.000,0.464) (0.000,0.214) (0.000,0.280) (0.000,0.311) (0.000,0.291) (0.000,0.257) (0.000,0.253) (0.000,0.224) (0.000,0.266) (0.000,0.266) (0.000,0.298) (0.000,0.286) (0.000,0.276) (0.000,0.206) (0.000,0.330) 
844      221    (0)   15 :  0.031 0.063 0.049 0.052 0.069 0.047 0.083 0.031 0.025 0.083 0.049 0.141 0.044 0.039 0.110 0.045 0.041     (0.000,0.154) (0.000,0.290) (0.000,0.243) (0.000,0.257) (0.000,0.330) (0.000,0.232) (0.000,0.393) (0.000,0.155) (0.000,0.125) (0.000,0.382) (0.000,0.241) (0.000,0.554) (0.000,0.216) (0.000,0.192) (0.000,0.482) (0.000,0.222) (0.000,0.201) 
847     3470    (0)    6 :  0.070 0.052 0.063 0.038 0.064 0.080 0.067 0.037 0.055 0.054 0.070 0.068 0.064 0.067 0.062 0.049 0.039     (0.000,0.326) (0.000,0.257) (0.000,0.306) (0.000,0.190) (0.000,0.311) (0.000,0.379) (0.000,0.327) (0.000,0.186) (0.000,0.268) (0.000,0.268) (0.000,0.343) (0.000,0.331) (0.000,0.317) (0.000,0.329) (0.000,0.303) (0.000,0.243) (0.000,0.196) 
858      119    (0)   15 :  0.066 0.056 0.051 0.055 0.051 0.078 0.055 0.077 0.081 0.037 0.061 0.057 0.053 0.053 0.047 0.067 0.056     (0.000,0.313) (0.000,0.274) (0.000,0.253) (0.000,0.272) (0.000,0.253) (0.000,0.372) (0.000,0.274) (0.000,0.362) (0.000,0.373) (0.000,0.184) (0.000,0.300) (0.000,0.279) (0.000,0.260) (0.000,0.261) (0.000,0.236) (0.000,0.323) (0.000,0.273) 
859      112    (0)   15 :  0.036 0.033 0.049 0.058 0.060 0.053 0.051 0.063 0.098 0.052 0.063 0.052 0.087 0.058 0.077 0.052 0.057     (0.000,0.176) (0.000,0.163) (0.000,0.241) (0.000,0.283) (0.000,0.294) (0.000,0.258) (0.000,0.255) (0.000,0.299) (0.000,0.406) (0.000,0.255) (0.000,0.306) (0.000,0.258) (0.000,0.406) (0.000,0.284) (0.000,0.364) (0.000,0.257) (0.000,0.279) 
861      756    (0)    4 :  0.049 0.040 0.086 0.061 0.045 0.062 0.082 0.038 0.034 0.069 0.056 0.052 0.066 0.057 0.095 0.061 0.048     (0.000,0.234) (0.000,0.195) (0.000,0.403) (0.000,0.296) (0.000,0.223) (0.000,0.301) (0.000,0.388) (0.000,0.189) (0.000,0.167) (0.000,0.334) (0.000,0.277) (0.000,0.259) (0.000,0.322) (0.000,0.277) (0.000,0.435) (0.000,0.297) (0.000,0.238) 
865      873    (0)    6 :  0.040 0.049 0.065 0.039 0.059 0.062 0.050 0.084 0.123 0.044 0.060 0.056 0.056 0.053 0.065 0.050 0.043     (0.000,0.198) (0.000,0.242) (0.000,0.317) (0.000,0.194) (0.000,0.289) (0.000,0.303) (0.000,0.250) (0.000,0.385) (0.000,0.495) (0.000,0.220) (0.000,0.294) (0.000,0.277) (0.000,0.277) (0.000,0.260) (0.000,0.320) (0.000,0.249) (0.000,0.213) 
866     3744   (25)    5 :  0.046 0.070 0.062 0.054 0.064 0.055 0.061 0.039 0.064 0.091 0.046 0.070 0.068 0.061 0.053 0.039 0.056     (0.000,0.228) (0.000,0.338) (0.000,0.305) (0.000,0.263) (0.000,0.311) (0.000,0.272) (0.000,0.302) (0.000,0.192) (0.000,0.310) (0.000,0.421) (0.000,0.228) (0.000,0.340) (0.000,0.332) (0.000,0.301) (0.000,0.263) (0.000,0.195) (0.000,0.276) 
874     3014    (0)   10 :  0.046 0.089 0.045 0.048 0.047 0.051 0.053 0.059 0.034 0.156 0.043 0.085 0.046 0.050 0.055 0.048 0.045     (0.000,0.221) (0.000,0.378) (0.000,0.222) (0.000,0.236) (0.000,0.233) (0.000,0.250) (0.000,0.263) (0.000,0.285) (0.000,0.167) (0.000,0.590) (0.000,0.216) (0.000,0.388) (0.000,0.229) (0.000,0.247) (0.000,0.273) (0.000,0.240) (0.000,0.224) 
881     3854    (0)    7 :  0.063 0.047 0.047 0.073 0.055 0.061 0.066 0.047 0.051 0.046 0.079 0.059 0.074 0.075 0.061 0.049 0.048     (0.000,0.299) (0.000,0.230) (0.000,0.232) (0.000,0.348) (0.000,0.273) (0.000,0.296) (0.000,0.325) (0.000,0.230) (0.000,0.250) (0.000,0.227) (0.000,0.375) (0.000,0.294) (0.000,0.357) (0.000,0.361) (0.000,0.297) (0.000,0.244) (0.000,0.235) 
883     3367    (0)   13 :  0.060 0.053 0.052 0.060 0.052 0.057 0.060 0.042 0.054 0.068 0.070 0.045 0.063 0.052 0.055 0.052 0.104     (0.000,0.280) (0.000,0.257) (0.000,0.250) (0.000,0.286) (0.000,0.255) (0.000,0.276) (0.000,0.290) (0.000,0.206) (0.000,0.264) (0.000,0.323) (0.000,0.329) (0.000,0.224) (0.000,0.299) (0.000,0.255) (0.000,0.269) (0.000,0.255) (0.000,0.383) 
887     2377    (0)   14 :  0.031 0.033 0.061 0.082 0.075 0.048 0.079 0.026 0.031 0.053 0.066 0.061 0.083 0.067 0.060 0.075 0.068     (0.000,0.154) (0.000,0.165) (0.000,0.299) (0.000,0.390) (0.000,0.359) (0.000,0.239) (0.000,0.378) (0.000,0.128) (0.000,0.156) (0.000,0.261) (0.000,0.321) (0.000,0.297) (0.000,0.386) (0.000,0.323) (0.000,0.292) (0.000,0.361) (0.000,0.327) 
888      121   (25)   16 :  0.059 0.071 0.074 0.051 0.049 0.066 0.071 0.036 0.040 0.051 0.061 0.056 0.060 0.052 0.067 0.061 0.075     (0.000,0.274) (0.000,0.325) (0.000,0.355) (0.000,0.253) (0.000,0.245) (0.000,0.320) (0.000,0.348) (0.000,0.180) (0.000,0.197) (0.000,0.252) (0.000,0.297) (0.000,0.277) (0.000,0.294) (0.000,0.258) (0.000,0.328) (0.000,0.297) (0.000,0.356) 
890      217    (0)   15 :  0.024 0.035 0.060 0.048 0.055 0.044 0.074 0.038 0.033 0.148 0.060 0.058 0.048 0.036 0.137 0.044 0.057     (0.000,0.121) (0.000,0.173) (0.000,0.295) (0.000,0.239) (0.000,0.267) (0.000,0.220) (0.000,0.356) (0.000,0.189) (0.000,0.162) (0.000,0.577) (0.000,0.296) (0.000,0.285) (0.000,0.238) (0.000,0.182) (0.000,0.551) (0.000,0.220) (0.000,0.280) 
891     1559   (12)    2 :  0.066 0.050 0.056 0.043 0.062 0.056 0.070 0.057 0.049 0.062 0.094 0.056 0.078 0.063 0.048 0.046 0.043     (0.000,0.312) (0.000,0.240) (0.000,0.263) (0.000,0.207) (0.000,0.284) (0.000,0.267) (0.000,0.307) (0.000,0.271) (0.000,0.236) (0.000,0.274) (0.000,0.376) (0.000,0.259) (0.000,0.341) (0.000,0.295) (0.000,0.229) (0.000,0.218) (0.000,0.207) 
892     2126    (0)   15 :  0.042 0.046 0.054 0.052 0.063 0.059 0.093 0.033 0.026 0.091 0.060 0.070 0.054 0.055 0.109 0.049 0.043     (0.000,0.207) (0.000,0.224) (0.000,0.269) (0.000,0.256) (0.000,0.311) (0.000,0.291) (0.000,0.435) (0.000,0.167) (0.000,0.132) (0.000,0.422) (0.000,0.296) (0.000,0.342) (0.000,0.267) (0.000,0.269) (0.000,0.485) (0.000,0.244) (0.000,0.212) 
893     3245    (0)   15 :  0.046 0.047 0.057 0.073 0.062 0.085 0.053 0.058 0.059 0.049 0.076 0.061 0.058 0.052 0.054 0.059 0.052     (0.000,0.226) (0.000,0.231) (0.000,0.280) (0.000,0.350) (0.000,0.305) (0.000,0.400) (0.000,0.260) (0.000,0.278) (0.000,0.284) (0.000,0.241) (0.000,0.367) (0.000,0.300) (0.000,0.288) (0.000,0.259) (0.000,0.269) (0.000,0.291) (0.000,0.255) 
894     3836    (0)    3 :  0.042 0.043 0.076 0.071 0.062 0.057 0.070 0.037 0.033 0.075 0.061 0.058 0.055 0.049 0.100 0.052 0.060     (0.000,0.206) (0.000,0.213) (0.000,0.365) (0.000,0.342) (0.000,0.302) (0.000,0.283) (0.000,0.344) (0.000,0.182) (0.000,0.165) (0.000,0.360) (0.000,0.300) (0.000,0.285) (0.000,0.276) (0.000,0.244) (0.000,0.458) (0.000,0.256) (0.000,0.294) 
896      232    (0)   15 :  0.040 0.050 0.064 0.063 0.055 0.059 0.051 0.035 0.061 0.052 0.059 0.067 0.055 0.089 0.074 0.061 0.065     (0.000,0.197) (0.000,0.247) (0.000,0.309) (0.000,0.304) (0.000,0.269) (0.000,0.287) (0.000,0.252) (0.000,0.173) (0.000,0.284) (0.000,0.258) (0.000,0.292) (0.000,0.325) (0.000,0.273) (0.000,0.404) (0.000,0.351) (0.000,0.296) (0.000,0.313) 
897     3600   (12)   10 :  0.026 0.030 0.065 0.041 0.045 0.070 0.047 0.025 0.041 0.053 0.058 0.190 0.070 0.054 0.038 0.068 0.079     (0.000,0.130) (0.000,0.149) (0.000,0.315) (0.000,0.201) (0.000,0.225) (0.000,0.332) (0.000,0.233) (0.000,0.126) (0.000,0.204) (0.000,0.257) (0.000,0.282) (0.000,0.606) (0.000,0.332) (0.000,0.260) (0.000,0.187) (0.000,0.327) (0.000,0.351) 
905     1035    (0)   11 :  0.020 0.024 0.067 0.052 0.067 0.065 0.076 0.043 0.050 0.062 0.089 0.067 0.083 0.066 0.056 0.055 0.059     (0.000,0.100) (0.000,0.118) (0.000,0.325) (0.000,0.257) (0.000,0.323) (0.000,0.314) (0.000,0.363) (0.000,0.198) (0.000,0.226) (0.000,0.303) (0.000,0.413) (0.000,0.326) (0.000,0.390) (0.000,0.319) (0.000,0.276) (0.000,0.270) (0.000,0.288) 
909     2476    (0)   11 :  0.092 0.086 0.051 0.058 0.054 0.076 0.052 0.047 0.063 0.041 0.065 0.041 0.056 0.048 0.057 0.062 0.050     (0.000,0.410) (0.000,0.394) (0.000,0.253) (0.000,0.285) (0.000,0.266) (0.000,0.364) (0.000,0.257) (0.000,0.229) (0.000,0.303) (0.000,0.203) (0.000,0.317) (0.000,0.206) (0.000,0.278) (0.000,0.237) (0.000,0.282) (0.000,0.306) (0.000,0.247) 
911     1785    (0)   12 :  0.044 0.037 0.064 0.053 0.094 0.066 0.096 0.050 0.034 0.056 0.057 0.075 0.059 0.053 0.073 0.042 0.048     (0.000,0.214) (0.000,0.181) (0.000,0.311) (0.000,0.263) (0.000,0.432) (0.000,0.323) (0.000,0.442) (0.000,0.243) (0.000,0.167) (0.000,0.276) (0.000,0.281) (0.000,0.362) (0.000,0.292) (0.000,0.261) (0.000,0.349) (0.000,0.209) (0.000,0.238) 
915      898    (0)   13 :  0.052 0.041 0.045 0.050 0.046 0.059 0.057 0.108 0.117 0.050 0.074 0.053 0.069 0.038 0.048 0.046 0.047     (0.000,0.252) (0.000,0.204) (0.000,0.223) (0.000,0.246) (0.000,0.228) (0.000,0.287) (0.000,0.280) (0.000,0.458) (0.000,0.482) (0.000,0.247) (0.000,0.353) (0.000,0.263) (0.000,0.335) (0.000,0.187) (0.000,0.241) (0.000,0.226) (0.000,0.234) 
916     3224   (12)   15 :  0.030 0.054 0.056 0.056 0.068 0.058 0.069 0.043 0.055 0.052 0.068 0.051 0.105 0.055 0.048 0.060 0.072     (0.000,0.148) (0.000,0.257) (0.000,0.267) (0.000,0.261) (0.000,0.312) (0.000,0.275) (0.000,0.304) (0.000,0.206) (0.000,0.256) (0.000,0.247) (0.000,0.307) (0.000,0.241) (0.000,0.427) (0.000,0.259) (0.000,0.230) (0.000,0.282) (0.000,0.322) 
919     3193   (12)    3 :  0.032 0.113 0.061 0.057 0.049 0.072 0.044 0.035 0.053 0.049 0.064 0.060 0.059 0.054 0.044 0.067 0.088     (0.000,0.158) (0.000,0.479) (0.000,0.299) (0.000,0.280) (0.000,0.244) (0.000,0.347) (0.000,0.217) (0.000,0.175) (0.000,0.251) (0.000,0.244) (0.000,0.313) (0.000,0.292) (0.000,0.292) (0.000,0.267) (0.000,0.219) (0.000,0.327) (0.000,0.411) 
921      481    (0)   10 :  0.070 0.231 0.046 0.052 0.038 0.037 0.046 0.045 0.035 0.079 0.044 0.041 0.041 0.043 0.046 0.054 0.052     (0.000,0.325) (0.000,0.677) (0.000,0.227) (0.000,0.257) (0.000,0.189) (0.000,0.186) (0.000,0.228) (0.000,0.222) (0.000,0.176) (0.000,0.379) (0.000,0.217) (0.000,0.205) (0.000,0.207) (0.000,0.211) (0.000,0.226) (0.000,0.266) (0.000,0.259) 
940     3279   (12)   15 :  0.089 0.048 0.059 0.056 0.061 0.044 0.059 0.038 0.063 0.079 0.053 0.052 0.058 0.067 0.075 0.051 0.049     (0.000,0.401) (0.000,0.236) (0.000,0.290) (0.000,0.273) (0.000,0.302) (0.000,0.218) (0.000,0.292) (0.000,0.187) (0.000,0.301) (0.000,0.373) (0.000,0.260) (0.000,0.259) (0.000,0.286) (0.000,0.324) (0.000,0.360) (0.000,0.251) (0.000,0.244) 
947       96    (0)   15 :  0.053 0.101 0.104 0.051 0.053 0.045 0.084 0.035 0.034 0.047 0.043 0.053 0.045 0.043 0.113 0.049 0.046     (0.000,0.250) (0.000,0.431) (0.000,0.467) (0.000,0.254) (0.000,0.263) (0.000,0.221) (0.000,0.399) (0.000,0.174) (0.000,0.169) (0.000,0.236) (0.000,0.213) (0.000,0.263) (0.000,0.226) (0.000,0.212) (0.000,0.490) (0.000,0.242) (0.000,0.228) 
956     1765    (0)    4 :  0.046 0.075 0.060 0.047 0.064 0.062 0.055 0.024 0.031 0.041 0.058 0.104 0.082 0.087 0.063 0.050 0.053     (0.000,0.220) (0.000,0.325) (0.000,0.291) (0.000,0.230) (0.000,0.307) (0.000,0.298) (0.000,0.269) (0.000,0.119) (0.000,0.153) (0.000,0.202) (0.000,0.284) (0.000,0.443) (0.000,0.382) (0.000,0.395) (0.000,0.304) (0.000,0.248) (0.000,0.260) 
962     2759   (12)   10 :  0.034 0.091 0.074 0.038 0.054 0.081 0.045 0.054 0.102 0.047 0.057 0.050 0.058 0.053 0.056 0.057 0.049     (0.000,0.167) (0.000,0.409) (0.000,0.359) (0.000,0.189) (0.000,0.268) (0.000,0.386) (0.000,0.223) (0.000,0.263) (0.000,0.436) (0.000,0.233) (0.000,0.279) (0.000,0.247) (0.000,0.285) (0.000,0.262) (0.000,0.278) (0.000,0.282) (0.000,0.243) 
975     1491    (0)    2 :  0.103 0.134 0.061 0.055 0.047 0.039 0.046 0.063 0.051 0.045 0.043 0.039 0.049 0.045 0.066 0.064 0.053     (0.000,0.422) (0.000,0.535) (0.000,0.297) (0.000,0.270) (0.000,0.232) (0.000,0.194) (0.000,0.229) (0.000,0.301) (0.000,0.245) (0.000,0.222) (0.000,0.211) (0.000,0.192) (0.000,0.242) (0.000,0.224) (0.000,0.318) (0.000,0.312) (0.000,0.261) 
976     3868   (25)    3 :  0.073 0.084 0.074 0.047 0.049 0.046 0.068 0.040 0.048 0.060 0.058 0.049 0.054 0.066 0.073 0.055 0.056     (0.000,0.339) (0.000,0.392) (0.000,0.357) (0.000,0.234) (0.000,0.241) (0.000,0.227) (0.000,0.333) (0.000,0.198) (0.000,0.240) (0.000,0.298) (0.000,0.287) (0.000,0.243) (0.000,0.270) (0.000,0.321) (0.000,0.351) (0.000,0.274) (0.000,0.276) 
977     3576    (0)    8 :  0.039 0.044 0.058 0.053 0.061 0.104 0.059 0.039 0.055 0.044 0.060 0.083 0.064 0.071 0.062 0.049 0.055     (0.000,0.191) (0.000,0.216) (0.000,0.285) (0.000,0.258) (0.000,0.300) (0.000,0.469) (0.000,0.291) (0.000,0.194) (0.000,0.268) (0.000,0.220) (0.000,0.296) (0.000,0.396) (0.000,0.316) (0.000,0.339) (0.000,0.304) (0.000,0.245) (0.000,0.271) 
984     3278    (0)   15 :  0.050 0.090 0.059 0.070 0.056 0.062 0.059 0.045 0.033 0.071 0.065 0.052 0.054 0.056 0.069 0.052 0.057     (0.000,0.241) (0.000,0.417) (0.000,0.291) (0.000,0.338) (0.000,0.275) (0.000,0.307) (0.000,0.290) (0.000,0.222) (0.000,0.166) (0.000,0.346) (0.000,0.318) (0.000,0.261) (0.000,0.268) (0.000,0.276) (0.000,0.337) (0.000,0.256) (0.000,0.279) 
985     2460   (12)   11 :  0.040 0.027 0.132 0.047 0.053 0.054 0.064 0.037 0.040 0.039 0.071 0.059 0.066 0.065 0.086 0.039 0.080     (0.000,0.197) (0.000,0.137) (0.000,0.476) (0.000,0.229) (0.000,0.262) (0.000,0.262) (0.000,0.310) (0.000,0.181) (0.000,0.198) (0.000,0.193) (0.000,0.340) (0.000,0.289) (0.000,0.321) (0.000,0.309) (0.000,0.402) (0.000,0.196) (0.000,0.352) 
995     3213    (0)   15 :  0.022 0.041 0.050 0.039 0.031 0.041 0.038 0.295 0.135 0.036 0.042 0.031 0.040 0.033 0.046 0.040 0.039     (0.000,0.111) (0.000,0.204) (0.000,0.245) (0.000,0.193) (0.000,0.157) (0.000,0.201) (0.000,0.190) (0.000,0.727) (0.000,0.517) (0.000,0.177) (0.000,0.210) (0.000,0.155) (0.000,0.199) (0.000,0.164) (0.000,0.226) (0.000,0.199) (0.000,0.195) 
999     1767    (0)   12 :  0.051 0.049 0.058 0.085 0.059 0.062 0.057 0.032 0.028 0.063 0.079 0.060 0.074 0.075 0.068 0.043 0.060     (0.000,0.247) (0.000,0.238) (0.000,0.284) (0.000,0.395) (0.000,0.290) (0.000,0.304) (0.000,0.280) (0.000,0.160) (0.000,0.140) (0.000,0.303) (0.000,0.379) (0.000,0.295) (0.000,0.354) (0.000,0.355) (0.000,0.330) (0.000,0.212) (0.000,0.293) 
1002     2000    (0)   13 :  0.069 0.068 0.046 0.072 0.054 0.073 0.055 0.040 0.035 0.047 0.069 0.050 0.056 0.070 0.049 0.090 0.059     (0.000,0.312) (0.000,0.322) (0.000,0.230) (0.000,0.345) (0.000,0.267) (0.000,0.354) (0.000,0.270) (0.000,0.200) (0.000,0.175) (0.000,0.232) (0.000,0.337) (0.000,0.248) (0.000,0.275) (0.000,0.337) (0.000,0.241) (0.000,0.418) (0.000,0.289) 
1005      130    (0)   16 :  0.057 0.050 0.049 0.079 0.058 0.058 0.059 0.060 0.066 0.054 0.056 0.046 0.061 0.072 0.060 0.052 0.064     (0.000,0.275) (0.000,0.245) (0.000,0.241) (0.000,0.378) (0.000,0.287) (0.000,0.285) (0.000,0.290) (0.000,0.291) (0.000,0.314) (0.000,0.266) (0.000,0.278) (0.000,0.230) (0.000,0.300) (0.000,0.344) (0.000,0.295) (0.000,0.255) (0.000,0.315) 
1011     3261    (0)   15 :  0.051 0.093 0.052 0.039 0.047 0.050 0.051 0.068 0.140 0.066 0.050 0.046 0.045 0.043 0.054 0.054 0.048     (0.000,0.247) (0.000,0.418) (0.000,0.256) (0.000,0.193) (0.000,0.235) (0.000,0.248) (0.000,0.254) (0.000,0.326) (0.000,0.543) (0.000,0.320) (0.000,0.247) (0.000,0.228) (0.000,0.225) (0.000,0.216) (0.000,0.268) (0.000,0.268) (0.000,0.237) 
1012     2475    (0)    8 :  0.033 0.038 0.031 0.032 0.034 0.034 0.032 0.417 0.084 0.029 0.033 0.030 0.034 0.039 0.032 0.034 0.034     (0.000,0.161) (0.000,0.186) (0.000,0.152) (0.000,0.160) (0.000,0.167) (0.000,0.172) (0.000,0.162) (0.004,0.799) (0.000,0.400) (0.000,0.143) (0.000,0.165) (0.000,0.148) (0.000,0.172) (0.000,0.195) (0.000,0.161) (0.000,0.170) (0.000,0.168) 
1013      530   (25)   10 :  0.042 0.045 0.057 0.088 0.040 0.072 0.048 0.036 0.058 0.082 0.072 0.051 0.068 0.049 0.049 0.089 0.054     (0.000,0.207) (0.000,0.223) (0.000,0.277) (0.000,0.410) (0.000,0.198) (0.000,0.345) (0.000,0.240) (0.000,0.181) (0.000,0.278) (0.000,0.388) (0.000,0.347) (0.000,0.251) (0.000,0.331) (0.000,0.242) (0.000,0.242) (0.000,0.413) (0.000,0.264) 
1021      560    (0)   10 :  0.059 0.128 0.082 0.054 0.040 0.048 0.069 0.060 0.065 0.057 0.045 0.044 0.045 0.036 0.076 0.040 0.051     (0.000,0.281) (0.000,0.512) (0.000,0.388) (0.000,0.264) (0.000,0.199) (0.000,0.239) (0.000,0.337) (0.000,0.293) (0.000,0.310) (0.000,0.283) (0.000,0.225) (0.000,0.221) (0.000,0.222) (0.000,0.181) (0.000,0.365) (0.000,0.200) (0.000,0.251) 
1030      569   (25)   10 :  0.041 0.033 0.064 0.063 0.060 0.085 0.069 0.030 0.029 0.055 0.082 0.059 0.058 0.081 0.062 0.067 0.060     (0.000,0.205) (0.000,0.167) (0.000,0.314) (0.000,0.313) (0.000,0.298) (0.000,0.405) (0.000,0.338) (0.000,0.152) (0.000,0.146) (0.000,0.274) (0.000,0.392) (0.000,0.292) (0.000,0.286) (0.000,0.390) (0.000,0.308) (0.000,0.327) (0.000,0.298) 
1031      272    (0)   15 :  0.025 0.029 0.042 0.095 0.051 0.048 0.067 0.039 0.031 0.093 0.064 0.049 0.068 0.057 0.136 0.041 0.067     (0.000,0.123) (0.000,0.145) (0.000,0.210) (0.000,0.431) (0.000,0.253) (0.000,0.235) (0.000,0.328) (0.000,0.192) (0.000,0.152) (0.000,0.404) (0.000,0.308) (0.000,0.242) (0.000,0.329) (0.000,0.275) (0.000,0.532) (0.000,0.205) (0.000,0.320) 
1056     2371    (0)   10 :  0.044 0.046 0.051 0.041 0.057 0.052 0.094 0.032 0.036 0.093 0.052 0.060 0.052 0.044 0.057 0.065 0.125     (0.000,0.216) (0.000,0.228) (0.000,0.250) (0.000,0.202) (0.000,0.274) (0.000,0.252) (0.000,0.415) (0.000,0.159) (0.000,0.180) (0.000,0.414) (0.000,0.254) (0.000,0.289) (0.000,0.253) (0.000,0.217) (0.000,0.278) (0.000,0.294) (0.000,0.446) 
1057      122    (0)   15 :  0.035 0.060 0.070 0.075 0.056 0.044 0.072 0.043 0.069 0.047 0.048 0.049 0.043 0.043 0.126 0.060 0.060     (0.000,0.172) (0.000,0.289) (0.000,0.339) (0.000,0.360) (0.000,0.276) (0.000,0.219) (0.000,0.349) (0.000,0.211) (0.000,0.314) (0.000,0.235) (0.000,0.238) (0.000,0.240) (0.000,0.213) (0.000,0.216) (0.000,0.529) (0.000,0.295) (0.000,0.293) 
1061     3843    (0)    3 :  0.033 0.054 0.064 0.069 0.065 0.058 0.068 0.041 0.029 0.053 0.060 0.051 0.057 0.052 0.068 0.055 0.124     (0.000,0.164) (0.000,0.261) (0.000,0.306) (0.000,0.330) (0.000,0.309) (0.000,0.280) (0.000,0.322) (0.000,0.202) (0.000,0.143) (0.000,0.261) (0.000,0.290) (0.000,0.250) (0.000,0.275) (0.000,0.253) (0.000,0.325) (0.000,0.269) (0.000,0.442) 
1089     1093    (0)   11 :  0.052 0.043 0.051 0.059 0.055 0.052 0.061 0.047 0.033 0.059 0.061 0.066 0.068 0.109 0.044 0.054 0.085     (0.000,0.247) (0.000,0.212) (0.000,0.250) (0.000,0.291) (0.000,0.270) (0.000,0.257) (0.000,0.300) (0.000,0.231) (0.000,0.164) (0.000,0.288) (0.000,0.301) (0.000,0.321) (0.000,0.330) (0.000,0.478) (0.000,0.221) (0.000,0.264) (0.000,0.400) 
1091      575    (0)   10 :  0.043 0.039 0.055 0.069 0.080 0.057 0.069 0.047 0.033 0.071 0.059 0.068 0.082 0.058 0.067 0.052 0.052     (0.000,0.211) (0.000,0.192) (0.000,0.269) (0.000,0.336) (0.000,0.374) (0.000,0.279) (0.000,0.339) (0.000,0.232) (0.000,0.165) (0.000,0.344) (0.000,0.292) (0.000,0.330) (0.000,0.390) (0.000,0.285) (0.000,0.324) (0.000,0.256) (0.000,0.257) 
1092     3571    (0)    4 :  0.037 0.073 0.047 0.098 0.047 0.090 0.063 0.045 0.050 0.053 0.058 0.045 0.055 0.047 0.051 0.060 0.079     (0.000,0.183) (0.000,0.326) (0.000,0.234) (0.000,0.427) (0.000,0.234) (0.000,0.404) (0.000,0.304) (0.000,0.222) (0.000,0.242) (0.000,0.259) (0.000,0.285) (0.000,0.225) (0.000,0.272) (0.000,0.233) (0.000,0.252) (0.000,0.291) (0.000,0.364) 
1095     3187   (12)    3 :  0.032 0.066 0.070 0.090 0.049 0.059 0.060 0.050 0.043 0.063 0.059 0.042 0.050 0.050 0.078 0.064 0.077     (0.000,0.158) (0.000,0.318) (0.000,0.340) (0.000,0.422) (0.000,0.243) (0.000,0.290) (0.000,0.295) (0.000,0.244) (0.000,0.210) (0.000,0.312) (0.000,0.290) (0.000,0.211) (0.000,0.251) (0.000,0.246) (0.000,0.377) (0.000,0.311) (0.000,0.368) 
1097     3265   (12)   15 :  0.030 0.042 0.093 0.045 0.059 0.045 0.061 0.040 0.068 0.072 0.066 0.047 0.085 0.061 0.079 0.056 0.050     (0.000,0.149) (0.000,0.208) (0.000,0.434) (0.000,0.222) (0.000,0.288) (0.000,0.225) (0.000,0.300) (0.000,0.199) (0.000,0.317) (0.000,0.348) (0.000,0.321) (0.000,0.235) (0.000,0.398) (0.000,0.301) (0.000,0.378) (0.000,0.278) (0.000,0.248) 
1099      908    (0)   13 :  0.036 0.042 0.084 0.051 0.064 0.074 0.063 0.043 0.046 0.062 0.054 0.082 0.064 0.066 0.049 0.066 0.054     (0.000,0.179) (0.000,0.209) (0.000,0.393) (0.000,0.251) (0.000,0.315) (0.000,0.355) (0.000,0.311) (0.000,0.214) (0.000,0.227) (0.000,0.302) (0.000,0.269) (0.000,0.388) (0.000,0.316) (0.000,0.318) (0.000,0.241) (0.000,0.321) (0.000,0.268) 
1103     3302   (25)   17 :  0.044 0.052 0.075 0.062 0.061 0.081 0.062 0.050 0.049 0.049 0.053 0.060 0.067 0.054 0.054 0.059 0.067     (0.000,0.217) (0.000,0.255) (0.000,0.362) (0.000,0.305) (0.000,0.302) (0.000,0.386) (0.000,0.307) (0.000,0.248) (0.000,0.241) (0.000,0.242) (0.000,0.263) (0.000,0.296) (0.000,0.325) (0.000,0.266) (0.000,0.265) (0.000,0.292) (0.000,0.328) 
1105     2272    (0)    7 :  0.026 0.060 0.048 0.082 0.062 0.061 0.056 0.026 0.028 0.092 0.082 0.054 0.067 0.047 0.067 0.067 0.076     (0.000,0.131) (0.000,0.281) (0.000,0.236) (0.000,0.388) (0.000,0.304) (0.000,0.300) (0.000,0.279) (0.000,0.127) (0.000,0.139) (0.000,0.429) (0.000,0.388) (0.000,0.265) (0.000,0.325) (0.000,0.234) (0.000,0.326) (0.000,0.323) (0.000,0.364) 
1111      290    (0)   15 :  0.036 0.036 0.052 0.066 0.047 0.046 0.067 0.045 0.033 0.128 0.051 0.053 0.067 0.053 0.126 0.041 0.053     (0.000,0.179) (0.000,0.176) (0.000,0.257) (0.000,0.318) (0.000,0.233) (0.000,0.225) (0.000,0.329) (0.000,0.223) (0.000,0.164) (0.000,0.507) (0.000,0.252) (0.000,0.262) (0.000,0.323) (0.000,0.260) (0.000,0.508) (0.000,0.205) (0.000,0.260) 
1113     3243    (0)   15 :  0.062 0.056 0.066 0.036 0.045 0.046 0.082 0.038 0.044 0.079 0.067 0.049 0.055 0.050 0.139 0.040 0.046     (0.000,0.283) (0.000,0.271) (0.000,0.319) (0.000,0.179) (0.000,0.223) (0.000,0.226) (0.000,0.393) (0.000,0.186) (0.000,0.218) (0.000,0.367) (0.000,0.329) (0.000,0.244) (0.000,0.272) (0.000,0.245) (0.000,0.539) (0.000,0.200) (0.000,0.226) 
1114     3334    (0)    8 :  0.042 0.043 0.053 0.049 0.056 0.066 0.057 0.037 0.053 0.053 0.063 0.059 0.073 0.062 0.052 0.046 0.136     (0.000,0.204) (0.000,0.210) (0.000,0.258) (0.000,0.241) (0.000,0.270) (0.000,0.313) (0.000,0.279) (0.000,0.183) (0.000,0.255) (0.000,0.258) (0.000,0.301) (0.000,0.287) (0.000,0.343) (0.000,0.294) (0.000,0.254) (0.000,0.228) (0.000,0.472) 
1117     3722    (0)   11 :  0.037 0.026 0.048 0.092 0.049 0.047 0.064 0.049 0.031 0.036 0.065 0.098 0.055 0.042 0.062 0.066 0.134     (0.000,0.179) (0.000,0.128) (0.000,0.237) (0.000,0.420) (0.000,0.242) (0.000,0.235) (0.000,0.313) (0.000,0.241) (0.000,0.153) (0.000,0.181) (0.000,0.315) (0.000,0.420) (0.000,0.269) (0.000,0.209) (0.000,0.301) (0.000,0.314) (0.000,0.514) 
1121     1752    (0)   13 :  0.046 0.040 0.044 0.060 0.052 0.052 0.056 0.067 0.091 0.068 0.107 0.044 0.073 0.060 0.050 0.044 0.045     (0.000,0.225) (0.000,0.198) (0.000,0.217) (0.000,0.288) (0.000,0.256) (0.000,0.256) (0.000,0.276) (0.000,0.299) (0.000,0.376) (0.000,0.325) (0.000,0.472) (0.000,0.221) (0.000,0.348) (0.000,0.294) (0.000,0.248) (0.000,0.217) (0.000,0.221) 
1123     1748    (0)    4 :  0.079 0.043 0.068 0.058 0.061 0.060 0.063 0.044 0.044 0.049 0.071 0.057 0.058 0.070 0.063 0.062 0.049     (0.000,0.368) (0.000,0.214) (0.000,0.333) (0.000,0.289) (0.000,0.298) (0.000,0.294) (0.000,0.308) (0.000,0.218) (0.000,0.217) (0.000,0.242) (0.000,0.345) (0.000,0.285) (0.000,0.289) (0.000,0.338) (0.000,0.309) (0.000,0.305) (0.000,0.242) 
1127     2392    (0)    7 :  0.063 0.049 0.059 0.047 0.063 0.074 0.067 0.032 0.046 0.050 0.081 0.052 0.086 0.070 0.066 0.049 0.046     (0.000,0.297) (0.000,0.241) (0.000,0.292) (0.000,0.231) (0.000,0.309) (0.000,0.358) (0.000,0.326) (0.000,0.159) (0.000,0.226) (0.000,0.246) (0.000,0.387) (0.000,0.257) (0.000,0.408) (0.000,0.341) (0.000,0.324) (0.000,0.243) (0.000,0.229) 
1128     2083    (0)    1 :  0.057 0.165 0.047 0.048 0.051 0.055 0.054 0.028 0.036 0.050 0.059 0.051 0.051 0.067 0.037 0.093 0.053     (0.000,0.269) (0.000,0.542) (0.000,0.231) (0.000,0.239) (0.000,0.249) (0.000,0.269) (0.000,0.263) (0.000,0.137) (0.000,0.179) (0.000,0.245) (0.000,0.289) (0.000,0.249) (0.000,0.253) (0.000,0.320) (0.000,0.182) (0.000,0.420) (0.000,0.263) 
1132     3489    (0)   15 :  0.053 0.055 0.057 0.071 0.057 0.037 0.081 0.040 0.036 0.093 0.043 0.044 0.048 0.042 0.149 0.042 0.051     (0.000,0.255) (0.000,0.268) (0.000,0.282) (0.000,0.341) (0.000,0.280) (0.000,0.185) (0.000,0.384) (0.000,0.196) (0.000,0.180) (0.000,0.409) (0.000,0.211) (0.000,0.220) (0.000,0.237) (0.000,0.208) (0.000,0.553) (0.000,0.208) (0.000,0.251) 
1134     1757    (0)    4 :  0.068 0.042 0.034 0.054 0.082 0.048 0.056 0.077 0.063 0.070 0.073 0.055 0.070 0.073 0.040 0.053 0.042     (0.000,0.308) (0.000,0.207) (0.000,0.167) (0.000,0.262) (0.000,0.374) (0.000,0.235) (0.000,0.275) (0.000,0.318) (0.000,0.287) (0.000,0.335) (0.000,0.349) (0.000,0.270) (0.000,0.335) (0.000,0.351) (0.000,0.197) (0.000,0.261) (0.000,0.208) 
1138      139    (0)   15 :  0.091 0.105 0.065 0.069 0.044 0.061 0.054 0.060 0.040 0.058 0.056 0.046 0.056 0.043 0.054 0.054 0.044     (0.000,0.391) (0.000,0.440) (0.000,0.315) (0.000,0.334) (0.000,0.221) (0.000,0.300) (0.000,0.265) (0.000,0.294) (0.000,0.200) (0.000,0.285) (0.000,0.273) (0.000,0.228) (0.000,0.272) (0.000,0.212) (0.000,0.265) (0.000,0.265) (0.000,0.221) 
1140     1097    (0)    8 :  0.048 0.062 0.094 0.054 0.051 0.047 0.042 0.098 0.097 0.032 0.037 0.044 0.062 0.055 0.032 0.056 0.089     (0.000,0.228) (0.000,0.294) (0.000,0.428) (0.000,0.262) (0.000,0.253) (0.000,0.230) (0.000,0.209) (0.000,0.431) (0.000,0.415) (0.000,0.159) (0.000,0.185) (0.000,0.216) (0.000,0.302) (0.000,0.272) (0.000,0.161) (0.000,0.279) (0.000,0.413) 
1142     3761    (0)    4 :  0.073 0.084 0.045 0.072 0.051 0.040 0.048 0.031 0.068 0.051 0.063 0.046 0.049 0.050 0.084 0.054 0.089     (0.000,0.330) (0.000,0.347) (0.000,0.224) (0.000,0.337) (0.000,0.251) (0.000,0.198) (0.000,0.237) (0.000,0.155) (0.000,0.307) (0.000,0.249) (0.000,0.304) (0.000,0.227) (0.000,0.242) (0.000,0.246) (0.000,0.388) (0.000,0.264) (0.000,0.396) 
1146     2464   (12)    5 :  0.042 0.036 0.052 0.054 0.082 0.103 0.055 0.051 0.036 0.047 0.070 0.070 0.075 0.074 0.043 0.058 0.053     (0.000,0.210) (0.000,0.176) (0.000,0.256) (0.000,0.267) (0.000,0.391) (0.000,0.472) (0.000,0.271) (0.000,0.251) (0.000,0.179) (0.000,0.236) (0.000,0.342) (0.000,0.342) (0.000,0.363) (0.000,0.358) (0.000,0.215) (0.000,0.286) (0.000,0.260) 
1150      254    (0)   15 :  0.051 0.042 0.053 0.042 0.078 0.059 0.061 0.062 0.082 0.053 0.054 0.067 0.061 0.059 0.088 0.046 0.042     (0.000,0.249) (0.000,0.207) (0.000,0.264) (0.000,0.210) (0.000,0.369) (0.000,0.290) (0.000,0.301) (0.000,0.301) (0.000,0.372) (0.000,0.261) (0.000,0.266) (0.000,0.327) (0.000,0.300) (0.000,0.288) (0.000,0.409) (0.000,0.229) (0.000,0.209) 
1155      874    (0)    3 :  0.042 0.044 0.077 0.067 0.048 0.086 0.079 0.044 0.029 0.050 0.066 0.054 0.057 0.060 0.070 0.060 0.067     (0.000,0.204) (0.000,0.212) (0.000,0.369) (0.000,0.327) (0.000,0.237) (0.000,0.405) (0.000,0.378) (0.000,0.219) (0.000,0.143) (0.000,0.250) (0.000,0.325) (0.000,0.269) (0.000,0.280) (0.000,0.293) (0.000,0.340) (0.000,0.293) (0.000,0.326) 
1156     3231    (0)   15 :  0.037 0.026 0.061 0.054 0.061 0.056 0.053 0.035 0.144 0.047 0.049 0.053 0.082 0.053 0.070 0.061 0.059     (0.000,0.180) (0.000,0.131) (0.000,0.298) (0.000,0.263) (0.000,0.300) (0.000,0.273) (0.000,0.263) (0.000,0.176) (0.000,0.526) (0.000,0.231) (0.000,0.240) (0.000,0.260) (0.000,0.385) (0.000,0.261) (0.000,0.335) (0.000,0.298) (0.000,0.288) 
1157     1138    (0)    8 :  0.028 0.046 0.044 0.037 0.036 0.033 0.036 0.306 0.154 0.038 0.035 0.032 0.037 0.033 0.042 0.030 0.033     (0.000,0.139) (0.000,0.225) (0.000,0.217) (0.000,0.183) (0.000,0.177) (0.000,0.162) (0.000,0.180) (0.000,0.721) (0.000,0.561) (0.000,0.185) (0.000,0.172) (0.000,0.158) (0.000,0.185) (0.000,0.165) (0.000,0.208) (0.000,0.149) (0.000,0.165) 
1158     3873    (0)    7 :  0.073 0.050 0.044 0.051 0.083 0.052 0.069 0.035 0.042 0.050 0.065 0.085 0.066 0.075 0.069 0.041 0.050     (0.000,0.334) (0.000,0.244) (0.000,0.217) (0.000,0.251) (0.000,0.384) (0.000,0.257) (0.000,0.335) (0.000,0.176) (0.000,0.207) (0.000,0.246) (0.000,0.321) (0.000,0.394) (0.000,0.322) (0.000,0.354) (0.000,0.336) (0.000,0.206) (0.000,0.247) 
1160     3520    (0)   11 :  0.043 0.034 0.061 0.057 0.086 0.052 0.065 0.052 0.035 0.089 0.062 0.065 0.086 0.046 0.074 0.049 0.043     (0.000,0.213) (0.000,0.169) (0.000,0.298) (0.000,0.282) (0.000,0.398) (0.000,0.258) (0.000,0.322) (0.000,0.253) (0.000,0.174) (0.000,0.415) (0.000,0.307) (0.000,0.319) (0.000,0.403) (0.000,0.230) (0.000,0.356) (0.000,0.241) (0.000,0.213) 
1163     1781    (0)   12 :  0.034 0.024 0.047 0.050 0.078 0.089 0.058 0.045 0.056 0.043 0.081 0.106 0.067 0.075 0.049 0.052 0.046     (0.000,0.171) (0.000,0.122) (0.000,0.232) (0.000,0.248) (0.000,0.372) (0.000,0.417) (0.000,0.287) (0.000,0.222) (0.000,0.271) (0.000,0.214) (0.000,0.388) (0.000,0.476) (0.000,0.329) (0.000,0.360) (0.000,0.245) (0.000,0.256) (0.000,0.226) 
1166     3273   (12)   15 :  0.044 0.096 0.065 0.051 0.045 0.049 0.052 0.092 0.067 0.057 0.054 0.043 0.051 0.053 0.068 0.059 0.056     (0.000,0.211) (0.000,0.423) (0.000,0.317) (0.000,0.249) (0.000,0.224) (0.000,0.240) (0.000,0.255) (0.000,0.414) (0.000,0.310) (0.000,0.278) (0.000,0.268) (0.000,0.213) (0.000,0.252) (0.000,0.261) (0.000,0.329) (0.000,0.289) (0.000,0.276) 
1170     2358    (0)   10 :  0.054 0.065 0.052 0.089 0.060 0.043 0.061 0.035 0.033 0.103 0.044 0.050 0.051 0.062 0.046 0.061 0.092     (0.000,0.259) (0.000,0.316) (0.000,0.256) (0.000,0.413) (0.000,0.293) (0.000,0.213) (0.000,0.298) (0.000,0.173) (0.000,0.165) (0.000,0.459) (0.000,0.216) (0.000,0.247) (0.000,0.252) (0.000,0.305) (0.000,0.230) (0.000,0.299) (0.000,0.423) 
1171     2493   (12)   16 :  0.035 0.048 0.081 0.049 0.057 0.062 0.069 0.038 0.059 0.066 0.061 0.069 0.054 0.058 0.083 0.056 0.057     (0.000,0.173) (0.000,0.237) (0.000,0.386) (0.000,0.242) (0.000,0.282) (0.000,0.306) (0.000,0.337) (0.000,0.187) (0.000,0.285) (0.000,0.321) (0.000,0.299) (0.000,0.336) (0.000,0.269) (0.000,0.285) (0.000,0.395) (0.000,0.278) (0.000,0.282) 
1182     3544    (0)   15 :  0.046 0.039 0.053 0.061 0.048 0.040 0.079 0.053 0.030 0.104 0.044 0.054 0.050 0.057 0.117 0.063 0.062     (0.000,0.222) (0.000,0.192) (0.000,0.260) (0.000,0.297) (0.000,0.239) (0.000,0.200) (0.000,0.375) (0.000,0.256) (0.000,0.150) (0.000,0.438) (0.000,0.220) (0.000,0.265) (0.000,0.245) (0.000,0.276) (0.000,0.473) (0.000,0.304) (0.000,0.303) 
1186     2396    (0)    7 :  0.037 0.049 0.045 0.058 0.092 0.053 0.050 0.070 0.096 0.031 0.072 0.060 0.072 0.054 0.058 0.046 0.056     (0.000,0.186) (0.000,0.242) (0.000,0.224) (0.000,0.283) (0.000,0.414) (0.000,0.258) (0.000,0.248) (0.000,0.329) (0.000,0.407) (0.000,0.153) (0.000,0.346) (0.000,0.293) (0.000,0.350) (0.000,0.265) (0.000,0.288) (0.000,0.226) (0.000,0.275) 
1188     2141    (0)   15 :  0.052 0.053 0.058 0.054 0.046 0.063 0.047 0.111 0.093 0.043 0.072 0.061 0.063 0.044 0.055 0.046 0.039     (0.000,0.250) (0.000,0.261) (0.000,0.284) (0.000,0.266) (0.000,0.227) (0.000,0.305) (0.000,0.231) (0.000,0.478) (0.000,0.412) (0.000,0.215) (0.000,0.348) (0.000,0.300) (0.000,0.309) (0.000,0.216) (0.000,0.272) (0.000,0.229) (0.000,0.195) 
1193     3241    (0)   15 :  0.028 0.044 0.054 0.096 0.070 0.042 0.085 0.039 0.028 0.074 0.061 0.054 0.046 0.057 0.085 0.055 0.082     (0.000,0.141) (0.000,0.218) (0.000,0.267) (0.000,0.440) (0.000,0.338) (0.000,0.208) (0.000,0.401) (0.000,0.195) (0.000,0.141) (0.000,0.356) (0.000,0.301) (0.000,0.266) (0.000,0.228) (0.000,0.280) (0.000,0.396) (0.000,0.271) (0.000,0.387) 
1200     3271   (25)   15 :  0.028 0.031 0.050 0.079 0.065 0.056 0.073 0.040 0.035 0.065 0.057 0.081 0.059 0.087 0.079 0.051 0.066     (0.000,0.142) (0.000,0.153) (0.000,0.248) (0.000,0.378) (0.000,0.318) (0.000,0.275) (0.000,0.355) (0.000,0.200) (0.000,0.173) (0.000,0.317) (0.000,0.281) (0.000,0.387) (0.000,0.290) (0.000,0.404) (0.000,0.379) (0.000,0.253) (0.000,0.324) 
1206     2998   (12)   10 :  0.050 0.074 0.059 0.052 0.051 0.063 0.057 0.079 0.091 0.066 0.051 0.046 0.046 0.044 0.074 0.050 0.046     (0.000,0.246) (0.000,0.355) (0.000,0.290) (0.000,0.258) (0.000,0.256) (0.000,0.309) (0.000,0.282) (0.000,0.375) (0.000,0.420) (0.000,0.320) (0.000,0.254) (0.000,0.229) (0.000,0.231) (0.000,0.219) (0.000,0.357) (0.000,0.251) (0.000,0.231) 
1207     1115   (12)    8 :  0.076 0.072 0.058 0.057 0.068 0.056 0.056 0.065 0.053 0.060 0.050 0.048 0.049 0.052 0.070 0.059 0.051     (0.000,0.356) (0.000,0.347) (0.000,0.285) (0.000,0.282) (0.000,0.331) (0.000,0.275) (0.000,0.279) (0.000,0.320) (0.000,0.260) (0.000,0.297) (0.000,0.249) (0.000,0.238) (0.000,0.244) (0.000,0.257) (0.000,0.343) (0.000,0.289) (0.000,0.251) 
1219     1900    (0)   11 :  0.042 0.046 0.055 0.039 0.072 0.066 0.066 0.030 0.050 0.064 0.068 0.082 0.053 0.090 0.061 0.066 0.050     (0.000,0.205) (0.000,0.226) (0.000,0.269) (0.000,0.194) (0.000,0.350) (0.000,0.319) (0.000,0.326) (0.000,0.151) (0.000,0.244) (0.000,0.312) (0.000,0.332) (0.000,0.389) (0.000,0.264) (0.000,0.419) (0.000,0.298) (0.000,0.323) (0.000,0.251) 
1222     3437    (0)   13 :  0.047 0.036 0.052 0.051 0.058 0.087 0.060 0.057 0.039 0.050 0.062 0.053 0.063 0.056 0.055 0.061 0.113     (0.000,0.229) (0.000,0.177) (0.000,0.255) (0.000,0.251) (0.000,0.278) (0.000,0.401) (0.000,0.289) (0.000,0.274) (0.000,0.196) (0.000,0.246) (0.000,0.301) (0.000,0.258) (0.000,0.305) (0.000,0.274) (0.000,0.272) (0.000,0.293) (0.000,0.412) 
1238      578    (0)   16 :  0.026 0.038 0.044 0.074 0.053 0.064 0.068 0.058 0.073 0.060 0.073 0.069 0.056 0.050 0.069 0.055 0.068     (0.000,0.130) (0.000,0.189) (0.000,0.220) (0.000,0.354) (0.000,0.260) (0.000,0.312) (0.000,0.333) (0.000,0.282) (0.000,0.339) (0.000,0.293) (0.000,0.352) (0.000,0.336) (0.000,0.278) (0.000,0.245) (0.000,0.335) (0.000,0.274) (0.000,0.331) 
1240     2496    (0)    6 :  0.051 0.052 0.061 0.053 0.063 0.063 0.063 0.072 0.057 0.054 0.060 0.065 0.063 0.067 0.065 0.046 0.045     (0.000,0.252) (0.000,0.254) (0.000,0.298) (0.000,0.260) (0.000,0.310) (0.000,0.306) (0.000,0.311) (0.000,0.340) (0.000,0.275) (0.000,0.266) (0.000,0.297) (0.000,0.320) (0.000,0.308) (0.000,0.325) (0.000,0.321) (0.000,0.226) (0.000,0.225) 
1241     3280   (12)   15 :  0.053 0.047 0.068 0.068 0.052 0.057 0.055 0.051 0.035 0.065 0.076 0.055 0.076 0.062 0.068 0.058 0.055     (0.000,0.256) (0.000,0.230) (0.000,0.331) (0.000,0.328) (0.000,0.256) (0.000,0.281) (0.000,0.273) (0.000,0.250) (0.000,0.174) (0.000,0.316) (0.000,0.364) (0.000,0.274) (0.000,0.364) (0.000,0.303) (0.000,0.331) (0.000,0.286) (0.000,0.272) 
1248     2632    (0)    4 :  0.029 0.033 0.055 0.076 0.045 0.070 0.071 0.047 0.041 0.063 0.085 0.052 0.069 0.063 0.063 0.064 0.073     (0.000,0.146) (0.000,0.164) (0.000,0.270) (0.000,0.369) (0.000,0.225) (0.000,0.342) (0.000,0.344) (0.000,0.230) (0.000,0.201) (0.000,0.309) (0.000,0.403) (0.000,0.259) (0.000,0.337) (0.000,0.310) (0.000,0.307) (0.000,0.316) (0.000,0.351) 
1250     1808    (0)    8 :  0.027 0.070 0.050 0.090 0.044 0.037 0.040 0.177 0.090 0.054 0.036 0.037 0.039 0.043 0.048 0.053 0.065     (0.000,0.136) (0.000,0.329) (0.000,0.244) (0.000,0.406) (0.000,0.217) (0.000,0.182) (0.000,0.198) (0.000,0.574) (0.000,0.384) (0.000,0.265) (0.000,0.180) (0.000,0.183) (0.000,0.196) (0.000,0.215) (0.000,0.239) (0.000,0.262) (0.000,0.312) 
1252     3832    (0)    6 :  0.060 0.035 0.048 0.060 0.065 0.063 0.056 0.037 0.059 0.067 0.076 0.067 0.064 0.053 0.069 0.071 0.052     (0.000,0.284) (0.000,0.173) (0.000,0.237) (0.000,0.294) (0.000,0.317) (0.000,0.307) (0.000,0.279) (0.000,0.181) (0.000,0.282) (0.000,0.321) (0.000,0.361) (0.000,0.326) (0.000,0.312) (0.000,0.262) (0.000,0.335) (0.000,0.342) (0.000,0.258) 
1253     2332    (0)   10 :  0.042 0.045 0.061 0.044 0.045 0.045 0.068 0.043 0.036 0.196 0.059 0.050 0.044 0.045 0.090 0.040 0.047     (0.000,0.205) (0.000,0.222) (0.000,0.301) (0.000,0.221) (0.000,0.226) (0.000,0.223) (0.000,0.335) (0.000,0.213) (0.000,0.181) (0.000,0.659) (0.000,0.293) (0.000,0.247) (0.000,0.218) (0.000,0.221) (0.000,0.408) (0.000,0.199) (0.000,0.231) 
1256     1616    (0)   15 :  0.040 0.041 0.046 0.071 0.073 0.055 0.070 0.066 0.060 0.041 0.073 0.058 0.063 0.063 0.071 0.050 0.059     (0.000,0.199) (0.000,0.203) (0.000,0.226) (0.000,0.345) (0.000,0.351) (0.000,0.269) (0.000,0.343) (0.000,0.309) (0.000,0.285) (0.000,0.207) (0.000,0.353) (0.000,0.284) (0.000,0.311) (0.000,0.306) (0.000,0.344) (0.000,0.244) (0.000,0.288) 
1259     1397    (0)   16 :  0.068 0.488 0.030 0.026 0.028 0.029 0.027 0.037 0.025 0.035 0.031 0.033 0.028 0.027 0.025 0.031 0.032     (0.000,0.325) (0.092,0.824) (0.000,0.147) (0.000,0.128) (0.000,0.140) (0.000,0.146) (0.000,0.137) (0.000,0.185) (0.000,0.123) (0.000,0.175) (0.000,0.153) (0.000,0.166) (0.000,0.140) (0.000,0.135) (0.000,0.126) (0.000,0.153) (0.000,0.158) 
1264     3540    (0)   15 :  0.036 0.043 0.061 0.055 0.060 0.070 0.065 0.046 0.049 0.072 0.070 0.071 0.058 0.059 0.077 0.051 0.057     (0.000,0.180) (0.000,0.214) (0.000,0.302) (0.000,0.272) (0.000,0.297) (0.000,0.339) (0.000,0.319) (0.000,0.231) (0.000,0.241) (0.000,0.347) (0.000,0.343) (0.000,0.345) (0.000,0.286) (0.000,0.288) (0.000,0.371) (0.000,0.255) (0.000,0.280) 
1271     3185   (12)    3 :  0.049 0.118 0.058 0.057 0.049 0.063 0.048 0.054 0.067 0.046 0.056 0.053 0.056 0.053 0.046 0.059 0.069     (0.000,0.240) (0.000,0.487) (0.000,0.285) (0.000,0.282) (0.000,0.240) (0.000,0.306) (0.000,0.236) (0.000,0.261) (0.000,0.309) (0.000,0.227) (0.000,0.273) (0.000,0.262) (0.000,0.277) (0.000,0.262) (0.000,0.228) (0.000,0.292) (0.000,0.335) 
1275     3325    (0)   13 :  0.031 0.034 0.060 0.063 0.060 0.057 0.068 0.063 0.061 0.062 0.082 0.058 0.064 0.071 0.059 0.053 0.054     (0.000,0.154) (0.000,0.170) (0.000,0.293) (0.000,0.310) (0.000,0.294) (0.000,0.282) (0.000,0.331) (0.000,0.283) (0.000,0.273) (0.000,0.303) (0.000,0.389) (0.000,0.288) (0.000,0.310) (0.000,0.342) (0.000,0.292) (0.000,0.261) (0.000,0.265) 
1276     3340   (25)    8 :  0.024 0.075 0.044 0.037 0.033 0.031 0.039 0.221 0.199 0.034 0.035 0.034 0.038 0.036 0.040 0.033 0.047     (0.000,0.120) (0.000,0.359) (0.000,0.220) (0.000,0.184) (0.000,0.165) (0.000,0.153) (0.000,0.192) (0.000,0.685) (0.000,0.639) (0.000,0.169) (0.000,0.176) (0.000,0.170) (0.000,0.187) (0.000,0.178) (0.000,0.198) (0.000,0.163) (0.000,0.234) 
1278     1073    (0)    8 :  0.044 0.085 0.054 0.055 0.043 0.046 0.054 0.112 0.084 0.046 0.056 0.037 0.052 0.038 0.049 0.058 0.088     (0.000,0.214) (0.000,0.382) (0.000,0.266) (0.000,0.270) (0.000,0.212) (0.000,0.227) (0.000,0.265) (0.000,0.461) (0.000,0.370) (0.000,0.225) (0.000,0.276) (0.000,0.186) (0.000,0.255) (0.000,0.187) (0.000,0.241) (0.000,0.282) (0.000,0.402) 
1279      378    (0)   12 :  0.044 0.037 0.074 0.045 0.061 0.051 0.071 0.102 0.069 0.078 0.060 0.053 0.053 0.053 0.069 0.044 0.036     (0.000,0.215) (0.000,0.185) (0.000,0.355) (0.000,0.222) (0.000,0.295) (0.000,0.254) (0.000,0.342) (0.000,0.389) (0.000,0.314) (0.000,0.371) (0.000,0.292) (0.000,0.260) (0.000,0.262) (0.000,0.263) (0.000,0.327) (0.000,0.218) (0.000,0.180) 
1285     3503    (0)   15 :  0.055 0.059 0.061 0.065 0.053 0.061 0.069 0.055 0.037 0.078 0.062 0.060 0.059 0.051 0.070 0.049 0.054     (0.000,0.267) (0.000,0.288) (0.000,0.299) (0.000,0.321) (0.000,0.262) (0.000,0.300) (0.000,0.339) (0.000,0.270) (0.000,0.187) (0.000,0.375) (0.000,0.305) (0.000,0.294) (0.000,0.292) (0.000,0.252) (0.000,0.341) (0.000,0.244) (0.000,0.267) 
1289      995   (25)   17 :  0.072 0.041 0.048 0.061 0.053 0.064 0.055 0.048 0.043 0.044 0.065 0.064 0.051 0.119 0.052 0.064 0.055     (0.000,0.335) (0.000,0.201) (0.000,0.238) (0.000,0.299) (0.000,0.264) (0.000,0.311) (0.000,0.273) (0.000,0.234) (0.000,0.213) (0.000,0.220) (0.000,0.317) (0.000,0.311) (0.000,0.254) (0.000,0.510) (0.000,0.259) (0.000,0.313) (0.000,0.274) 
1295     3353    (0)    3 :  0.074 0.087 0.071 0.046 0.047 0.060 0.094 0.036 0.042 0.069 0.061 0.053 0.053 0.052 0.075 0.036 0.045     (0.000,0.340) (0.000,0.389) (0.000,0.340) (0.000,0.228) (0.000,0.235) (0.000,0.293) (0.000,0.436) (0.000,0.179) (0.000,0.205) (0.000,0.332) (0.000,0.300) (0.000,0.263) (0.000,0.263) (0.000,0.258) (0.000,0.358) (0.000,0.179) (0.000,0.221) 
1298     3015   (12)   13 :  0.041 0.038 0.060 0.060 0.052 0.053 0.061 0.040 0.056 0.064 0.103 0.051 0.091 0.071 0.059 0.049 0.052     (0.000,0.201) (0.000,0.187) (0.000,0.294) (0.000,0.297) (0.000,0.260) (0.000,0.264) (0.000,0.298) (0.000,0.198) (0.000,0.275) (0.000,0.309) (0.000,0.467) (0.000,0.253) (0.000,0.419) (0.000,0.344) (0.000,0.290) (0.000,0.246) (0.000,0.256) 
1300     3563    (0)    4 :  0.029 0.036 0.046 0.091 0.059 0.052 0.052 0.039 0.042 0.059 0.075 0.055 0.060 0.103 0.058 0.056 0.087     (0.000,0.147) (0.000,0.181) (0.000,0.228) (0.000,0.423) (0.000,0.291) (0.000,0.256) (0.000,0.259) (0.000,0.192) (0.000,0.209) (0.000,0.286) (0.000,0.362) (0.000,0.271) (0.000,0.295) (0.000,0.462) (0.000,0.286) (0.000,0.274) (0.000,0.408) 
1305     1644    (0)   15 :  0.074 0.153 0.077 0.053 0.047 0.052 0.055 0.054 0.036 0.055 0.041 0.047 0.055 0.058 0.057 0.041 0.043     (0.000,0.344) (0.000,0.569) (0.000,0.369) (0.000,0.262) (0.000,0.231) (0.000,0.258) (0.000,0.273) (0.000,0.266) (0.000,0.181) (0.000,0.269) (0.000,0.204) (0.000,0.236) (0.000,0.270) (0.000,0.285) (0.000,0.279) (0.000,0.203) (0.000,0.214) 
1306     3901    (0)    3 :  0.051 0.050 0.089 0.053 0.057 0.067 0.079 0.064 0.038 0.073 0.046 0.056 0.058 0.054 0.056 0.045 0.067     (0.000,0.246) (0.000,0.237) (0.000,0.409) (0.000,0.260) (0.000,0.278) (0.000,0.326) (0.000,0.378) (0.000,0.305) (0.000,0.186) (0.000,0.347) (0.000,0.228) (0.000,0.276) (0.000,0.285) (0.000,0.264) (0.000,0.273) (0.000,0.221) (0.000,0.324) 
1307     3856    (0)    3 :  0.028 0.025 0.059 0.059 0.061 0.075 0.056 0.054 0.038 0.055 0.059 0.049 0.084 0.051 0.054 0.052 0.141     (0.000,0.142) (0.000,0.126) (0.000,0.287) (0.000,0.284) (0.000,0.294) (0.000,0.356) (0.000,0.271) (0.000,0.261) (0.000,0.188) (0.000,0.267) (0.000,0.288) (0.000,0.239) (0.000,0.385) (0.000,0.253) (0.000,0.264) (0.000,0.255) (0.000,0.485) 
1308      229    (0)   15 :  0.034 0.055 0.050 0.040 0.060 0.071 0.058 0.080 0.069 0.073 0.059 0.065 0.058 0.060 0.066 0.049 0.051     (0.000,0.170) (0.000,0.267) (0.000,0.249) (0.000,0.202) (0.000,0.295) (0.000,0.343) (0.000,0.284) (0.000,0.368) (0.000,0.323) (0.000,0.347) (0.000,0.292) (0.000,0.316) (0.000,0.286) (0.000,0.294) (0.000,0.323) (0.000,0.243) (0.000,0.252) 
1310      150    (0)   15 :  0.033 0.050 0.076 0.079 0.066 0.064 0.076 0.032 0.041 0.046 0.052 0.067 0.050 0.061 0.058 0.083 0.067     (0.000,0.162) (0.000,0.244) (0.000,0.359) (0.000,0.378) (0.000,0.317) (0.000,0.311) (0.000,0.366) (0.000,0.159) (0.000,0.201) (0.000,0.228) (0.000,0.257) (0.000,0.326) (0.000,0.248) (0.000,0.298) (0.000,0.285) (0.000,0.394) (0.000,0.327) 
1318     3537    (0)   15 :  0.031 0.047 0.061 0.085 0.046 0.043 0.081 0.058 0.050 0.055 0.077 0.058 0.059 0.049 0.086 0.041 0.074     (0.000,0.155) (0.000,0.232) (0.000,0.299) (0.000,0.400) (0.000,0.230) (0.000,0.212) (0.000,0.389) (0.000,0.280) (0.000,0.244) (0.000,0.268) (0.000,0.371) (0.000,0.288) (0.000,0.291) (0.000,0.242) (0.000,0.407) (0.000,0.203) (0.000,0.356) 
1319     1688    (0)   17 :  0.040 0.035 0.063 0.064 0.070 0.076 0.057 0.049 0.037 0.064 0.066 0.061 0.076 0.060 0.049 0.070 0.064     (0.000,0.198) (0.000,0.176) (0.000,0.306) (0.000,0.312) (0.000,0.338) (0.000,0.363) (0.000,0.285) (0.000,0.240) (0.000,0.183) (0.000,0.311) (0.000,0.324) (0.000,0.299) (0.000,0.363) (0.000,0.293) (0.000,0.241) (0.000,0.340) (0.000,0.314) 
1321      782    (0)   14 :  0.029 0.039 0.043 0.073 0.082 0.061 0.060 0.098 0.062 0.037 0.057 0.054 0.051 0.057 0.060 0.072 0.066     (0.000,0.142) (0.000,0.194) (0.000,0.215) (0.000,0.350) (0.000,0.383) (0.000,0.296) (0.000,0.291) (0.000,0.394) (0.000,0.279) (0.000,0.183) (0.000,0.283) (0.000,0.263) (0.000,0.251) (0.000,0.282) (0.000,0.290) (0.000,0.342) (0.000,0.315) 
1323      900    (0)   13 :  0.038 0.080 0.067 0.068 0.050 0.048 0.064 0.040 0.032 0.079 0.059 0.055 0.064 0.066 0.051 0.051 0.087     (0.000,0.188) (0.000,0.359) (0.000,0.325) (0.000,0.329) (0.000,0.248) (0.000,0.239) (0.000,0.314) (0.000,0.198) (0.000,0.161) (0.000,0.374) (0.000,0.289) (0.000,0.271) (0.000,0.309) (0.000,0.321) (0.000,0.252) (0.000,0.254) (0.000,0.405) 
1324      922    (0)   13 :  0.060 0.035 0.053 0.056 0.056 0.073 0.059 0.038 0.036 0.047 0.088 0.064 0.062 0.115 0.054 0.054 0.049     (0.000,0.289) (0.000,0.176) (0.000,0.264) (0.000,0.278) (0.000,0.277) (0.000,0.356) (0.000,0.290) (0.000,0.190) (0.000,0.182) (0.000,0.234) (0.000,0.413) (0.000,0.312) (0.000,0.306) (0.000,0.508) (0.000,0.269) (0.000,0.264) (0.000,0.243) 
1327      608    (0)    7 :  0.043 0.063 0.047 0.044 0.043 0.058 0.047 0.100 0.198 0.041 0.054 0.054 0.044 0.045 0.041 0.038 0.042     (0.000,0.213) (0.000,0.303) (0.000,0.234) (0.000,0.219) (0.000,0.213) (0.000,0.284) (0.000,0.232) (0.000,0.413) (0.000,0.637) (0.000,0.202) (0.000,0.269) (0.000,0.265) (0.000,0.217) (0.000,0.224) (0.000,0.204) (0.000,0.190) (0.000,0.209) 
1328     3007   (12)   10 :  0.048 0.042 0.058 0.066 0.077 0.045 0.076 0.044 0.039 0.077 0.050 0.054 0.054 0.069 0.066 0.070 0.064     (0.000,0.233) (0.000,0.208) (0.000,0.286) (0.000,0.322) (0.000,0.369) (0.000,0.226) (0.000,0.366) (0.000,0.220) (0.000,0.194) (0.000,0.372) (0.000,0.249) (0.000,0.268) (0.000,0.269) (0.000,0.336) (0.000,0.319) (0.000,0.338) (0.000,0.312) 
1330      372    (0)   12 :  0.038 0.037 0.064 0.042 0.066 0.085 0.057 0.044 0.058 0.044 0.077 0.094 0.065 0.069 0.061 0.055 0.046     (0.000,0.188) (0.000,0.182) (0.000,0.313) (0.000,0.209) (0.000,0.324) (0.000,0.398) (0.000,0.283) (0.000,0.215) (0.000,0.283) (0.000,0.219) (0.000,0.371) (0.000,0.439) (0.000,0.320) (0.000,0.331) (0.000,0.300) (0.000,0.272) (0.000,0.228) 
1331     2344    (0)   15 :  0.033 0.106 0.067 0.056 0.043 0.071 0.047 0.049 0.065 0.055 0.064 0.052 0.052 0.055 0.064 0.071 0.051     (0.000,0.165) (0.000,0.433) (0.000,0.323) (0.000,0.275) (0.000,0.216) (0.000,0.339) (0.000,0.233) (0.000,0.241) (0.000,0.312) (0.000,0.269) (0.000,0.313) (0.000,0.257) (0.000,0.258) (0.000,0.268) (0.000,0.313) (0.000,0.342) (0.000,0.253) 
1332       91    (0)   15 :  0.056 0.037 0.048 0.053 0.078 0.048 0.070 0.060 0.035 0.077 0.053 0.095 0.064 0.072 0.058 0.042 0.054     (0.000,0.265) (0.000,0.183) (0.000,0.236) (0.000,0.261) (0.000,0.364) (0.000,0.238) (0.000,0.340) (0.000,0.286) (0.000,0.174) (0.000,0.365) (0.000,0.263) (0.000,0.432) (0.000,0.315) (0.000,0.340) (0.000,0.286) (0.000,0.210) (0.000,0.265) 
1333     1144    (0)    1 :  0.036 0.048 0.067 0.102 0.052 0.052 0.051 0.060 0.041 0.048 0.062 0.043 0.072 0.059 0.076 0.062 0.069     (0.000,0.179) (0.000,0.234) (0.000,0.325) (0.000,0.457) (0.000,0.259) (0.000,0.256) (0.000,0.254) (0.000,0.286) (0.000,0.200) (0.000,0.235) (0.000,0.304) (0.000,0.215) (0.000,0.349) (0.000,0.289) (0.000,0.365) (0.000,0.304) (0.000,0.330) 
1335     2339   (25)   10 :  0.076 0.063 0.047 0.033 0.039 0.037 0.049 0.052 0.045 0.282 0.038 0.041 0.044 0.041 0.033 0.039 0.040     (0.000,0.347) (0.000,0.303) (0.000,0.233) (0.000,0.167) (0.000,0.192) (0.000,0.184) (0.000,0.244) (0.000,0.251) (0.000,0.222) (0.000,0.695) (0.000,0.191) (0.000,0.205) (0.000,0.220) (0.000,0.206) (0.000,0.162) (0.000,0.196) (0.000,0.199) 
1336     2127    (0)   15 :  0.047 0.039 0.074 0.047 0.070 0.063 0.062 0.032 0.035 0.063 0.058 0.061 0.060 0.104 0.072 0.063 0.052     (0.000,0.229) (0.000,0.192) (0.000,0.357) (0.000,0.235) (0.000,0.340) (0.000,0.308) (0.000,0.306) (0.000,0.160) (0.000,0.172) (0.000,0.308) (0.000,0.285) (0.000,0.300) (0.000,0.296) (0.000,0.465) (0.000,0.349) (0.000,0.310) (0.000,0.258) 
1337     3735   (12)    5 :  0.054 0.050 0.060 0.049 0.067 0.077 0.065 0.040 0.039 0.059 0.072 0.056 0.068 0.057 0.079 0.061 0.047     (0.000,0.261) (0.000,0.246) (0.000,0.296) (0.000,0.245) (0.000,0.327) (0.000,0.367) (0.000,0.320) (0.000,0.200) (0.000,0.193) (0.000,0.288) (0.000,0.350) (0.000,0.275) (0.000,0.332) (0.000,0.282) (0.000,0.379) (0.000,0.303) (0.000,0.231) 
1338     3285   (12)   15 :  0.061 0.087 0.074 0.037 0.048 0.044 0.057 0.045 0.096 0.084 0.046 0.050 0.049 0.049 0.077 0.049 0.048     (0.000,0.292) (0.000,0.396) (0.000,0.359) (0.000,0.183) (0.000,0.237) (0.000,0.219) (0.000,0.279) (0.000,0.223) (0.000,0.407) (0.000,0.388) (0.000,0.227) (0.000,0.250) (0.000,0.243) (0.000,0.245) (0.000,0.368) (0.000,0.242) (0.000,0.235) 
1340     3216   (25)   15 :  0.055 0.054 0.044 0.045 0.043 0.042 0.045 0.161 0.098 0.041 0.071 0.040 0.060 0.061 0.050 0.047 0.044     (0.000,0.266) (0.000,0.264) (0.000,0.216) (0.000,0.222) (0.000,0.216) (0.000,0.208) (0.000,0.224) (0.000,0.589) (0.000,0.434) (0.000,0.201) (0.000,0.339) (0.000,0.197) (0.000,0.293) (0.000,0.300) (0.000,0.250) (0.000,0.231) (0.000,0.216) 
1342     2495   (25)   16 :  0.030 0.169 0.062 0.038 0.042 0.053 0.034 0.058 0.134 0.031 0.051 0.037 0.052 0.049 0.042 0.055 0.062     (0.000,0.147) (0.000,0.611) (0.000,0.308) (0.000,0.188) (0.000,0.207) (0.000,0.262) (0.000,0.171) (0.000,0.282) (0.000,0.508) (0.000,0.157) (0.000,0.252) (0.000,0.186) (0.000,0.256) (0.000,0.243) (0.000,0.209) (0.000,0.275) (0.000,0.303) 
1346     1504    (0)    2 :  0.041 0.070 0.047 0.080 0.052 0.044 0.067 0.042 0.056 0.093 0.061 0.049 0.064 0.053 0.054 0.045 0.080     (0.000,0.201) (0.000,0.330) (0.000,0.235) (0.000,0.377) (0.000,0.257) (0.000,0.220) (0.000,0.325) (0.000,0.204) (0.000,0.266) (0.000,0.422) (0.000,0.299) (0.000,0.243) (0.000,0.314) (0.000,0.261) (0.000,0.267) (0.000,0.226) (0.000,0.375) 
1351     1940    (0)   15 :  0.060 0.041 0.176 0.053 0.050 0.045 0.085 0.035 0.047 0.038 0.043 0.048 0.041 0.037 0.101 0.057 0.043     (0.000,0.285) (0.000,0.203) (0.000,0.573) (0.000,0.260) (0.000,0.248) (0.000,0.221) (0.000,0.394) (0.000,0.172) (0.000,0.228) (0.000,0.188) (0.000,0.212) (0.000,0.237) (0.000,0.205) (0.000,0.184) (0.000,0.452) (0.000,0.280) (0.000,0.215) 
1353     2487    (0)    6 :  0.044 0.035 0.049 0.038 0.073 0.108 0.057 0.054 0.057 0.058 0.080 0.074 0.078 0.057 0.055 0.047 0.037     (0.000,0.218) (0.000,0.172) (0.000,0.244) (0.000,0.188) (0.000,0.355) (0.000,0.487) (0.000,0.284) (0.000,0.263) (0.000,0.280) (0.000,0.285) (0.000,0.385) (0.000,0.358) (0.000,0.378) (0.000,0.281) (0.000,0.270) (0.000,0.231) (0.000,0.182) 
1359     2634   (25)    4 :  0.063 0.098 0.073 0.043 0.049 0.045 0.051 0.072 0.070 0.066 0.047 0.046 0.053 0.056 0.058 0.057 0.053     (0.000,0.307) (0.000,0.436) (0.000,0.353) (0.000,0.216) (0.000,0.242) (0.000,0.225) (0.000,0.251) (0.000,0.343) (0.000,0.327) (0.000,0.322) (0.000,0.234) (0.000,0.230) (0.000,0.265) (0.000,0.277) (0.000,0.287) (0.000,0.281) (0.000,0.261) 
1360     1563    (0)   15 :  0.034 0.027 0.048 0.054 0.077 0.078 0.058 0.041 0.033 0.042 0.083 0.132 0.077 0.071 0.064 0.042 0.040     (0.000,0.168) (0.000,0.133) (0.000,0.237) (0.000,0.267) (0.000,0.366) (0.000,0.370) (0.000,0.287) (0.000,0.203) (0.000,0.166) (0.000,0.209) (0.000,0.396) (0.000,0.549) (0.000,0.374) (0.000,0.338) (0.000,0.313) (0.000,0.207) (0.000,0.197) 
1364     2413    (0)   13 :  0.060 0.034 0.064 0.087 0.055 0.047 0.051 0.036 0.044 0.069 0.046 0.040 0.075 0.060 0.079 0.088 0.064     (0.000,0.281) (0.000,0.170) (0.000,0.315) (0.000,0.404) (0.000,0.272) (0.000,0.231) (0.000,0.254) (0.000,0.180) (0.000,0.214) (0.000,0.333) (0.000,0.229) (0.000,0.199) (0.000,0.360) (0.000,0.295) (0.000,0.375) (0.000,0.412) (0.000,0.313) 
1365     3870    (0)    3 :  0.025 0.076 0.071 0.111 0.042 0.040 0.051 0.078 0.065 0.041 0.064 0.043 0.064 0.047 0.081 0.039 0.061     (0.000,0.126) (0.000,0.357) (0.000,0.341) (0.000,0.486) (0.000,0.210) (0.000,0.197) (0.000,0.255) (0.000,0.354) (0.000,0.300) (0.000,0.202) (0.000,0.315) (0.000,0.215) (0.000,0.312) (0.000,0.229) (0.000,0.385) (0.000,0.194) (0.000,0.299) 
1368      220    (0)   15 :  0.047 0.060 0.050 0.046 0.060 0.044 0.081 0.047 0.055 0.076 0.065 0.067 0.044 0.041 0.121 0.042 0.052     (0.000,0.231) (0.000,0.289) (0.000,0.248) (0.000,0.225) (0.000,0.295) (0.000,0.219) (0.000,0.385) (0.000,0.228) (0.000,0.262) (0.000,0.353) (0.000,0.316) (0.000,0.324) (0.000,0.219) (0.000,0.206) (0.000,0.493) (0.000,0.208) (0.000,0.255) 
1369     3484    (0)   15 :  0.046 0.061 0.059 0.064 0.053 0.077 0.053 0.037 0.037 0.052 0.066 0.056 0.062 0.093 0.053 0.064 0.066     (0.000,0.224) (0.000,0.296) (0.000,0.293) (0.000,0.311) (0.000,0.265) (0.000,0.370) (0.000,0.261) (0.000,0.185) (0.000,0.185) (0.000,0.258) (0.000,0.322) (0.000,0.276) (0.000,0.308) (0.000,0.429) (0.000,0.264) (0.000,0.312) (0.000,0.322) 
1373      568    (0)   10 :  0.031 0.104 0.048 0.060 0.046 0.038 0.050 0.024 0.025 0.076 0.049 0.146 0.044 0.055 0.041 0.083 0.080     (0.000,0.155) (0.000,0.439) (0.000,0.238) (0.000,0.294) (0.000,0.229) (0.000,0.190) (0.000,0.245) (0.000,0.120) (0.000,0.124) (0.000,0.355) (0.000,0.240) (0.000,0.501) (0.000,0.218) (0.000,0.268) (0.000,0.202) (0.000,0.364) (0.000,0.372) 
1374      310    (0)   15 :  0.054 0.046 0.060 0.052 0.067 0.051 0.074 0.033 0.040 0.065 0.066 0.061 0.059 0.051 0.087 0.081 0.052     (0.000,0.259) (0.000,0.224) (0.000,0.296) (0.000,0.257) (0.000,0.323) (0.000,0.250) (0.000,0.359) (0.000,0.167) (0.000,0.201) (0.000,0.318) (0.000,0.322) (0.000,0.298) (0.000,0.288) (0.000,0.252) (0.000,0.403) (0.000,0.387) (0.000,0.258) 
1379     2625    (0)    4 :  0.083 0.047 0.049 0.060 0.051 0.054 0.050 0.055 0.092 0.046 0.057 0.046 0.057 0.060 0.070 0.072 0.052     (0.000,0.364) (0.000,0.230) (0.000,0.243) (0.000,0.292) (0.000,0.251) (0.000,0.267) (0.000,0.248) (0.000,0.267) (0.000,0.400) (0.000,0.226) (0.000,0.278) (0.000,0.226) (0.000,0.282) (0.000,0.290) (0.000,0.337) (0.000,0.347) (0.000,0.254) 
1384      487    (0)   10 :  0.074 0.077 0.040 0.076 0.063 0.046 0.055 0.058 0.084 0.060 0.046 0.045 0.053 0.056 0.044 0.052 0.070     (0.000,0.348) (0.000,0.366) (0.000,0.200) (0.000,0.364) (0.000,0.307) (0.000,0.228) (0.000,0.274) (0.000,0.283) (0.000,0.388) (0.000,0.293) (0.000,0.226) (0.000,0.222) (0.000,0.260) (0.000,0.277) (0.000,0.218) (0.000,0.256) (0.000,0.339) 
1398     2427    (0)   12 :  0.040 0.032 0.044 0.062 0.070 0.087 0.066 0.045 0.063 0.041 0.078 0.089 0.059 0.057 0.052 0.064 0.051     (0.000,0.200) (0.000,0.158) (0.000,0.217) (0.000,0.303) (0.000,0.338) (0.000,0.406) (0.000,0.323) (0.000,0.224) (0.000,0.302) (0.000,0.202) (0.000,0.379) (0.000,0.415) (0.000,0.292) (0.000,0.277) (0.000,0.259) (0.000,0.315) (0.000,0.255) 
1400     3380    (0)    2 :  0.037 0.437 0.038 0.036 0.039 0.036 0.038 0.029 0.025 0.032 0.035 0.038 0.034 0.035 0.044 0.036 0.031     (0.000,0.186) (0.111,0.778) (0.000,0.189) (0.000,0.178) (0.000,0.191) (0.000,0.180) (0.000,0.188) (0.000,0.146) (0.000,0.125) (0.000,0.158) (0.000,0.174) (0.000,0.188) (0.000,0.170) (0.000,0.173) (0.000,0.215) (0.000,0.179) (0.000,0.154) 
1401      252    (0)   15 :  0.046 0.036 0.055 0.057 0.072 0.061 0.089 0.031 0.025 0.069 0.067 0.083 0.056 0.074 0.078 0.052 0.050     (0.000,0.226) (0.000,0.177) (0.000,0.274) (0.000,0.280) (0.000,0.347) (0.000,0.298) (0.000,0.419) (0.000,0.154) (0.000,0.123) (0.000,0.332) (0.000,0.329) (0.000,0.395) (0.000,0.275) (0.000,0.353) (0.000,0.375) (0.000,0.260) (0.000,0.247) 
1402      925    (0)   13 :  0.032 0.042 0.051 0.087 0.049 0.077 0.059 0.051 0.039 0.054 0.054 0.052 0.051 0.058 0.061 0.095 0.086     (0.000,0.160) (0.000,0.207) (0.000,0.254) (0.000,0.413) (0.000,0.241) (0.000,0.371) (0.000,0.295) (0.000,0.253) (0.000,0.193) (0.000,0.269) (0.000,0.268) (0.000,0.258) (0.000,0.254) (0.000,0.286) (0.000,0.302) (0.000,0.440) (0.000,0.405) 
1403     3411    (0)   12 :  0.056 0.061 0.048 0.060 0.067 0.088 0.054 0.040 0.035 0.049 0.069 0.050 0.065 0.050 0.074 0.085 0.049     (0.000,0.266) (0.000,0.281) (0.000,0.236) (0.000,0.294) (0.000,0.327) (0.000,0.408) (0.000,0.270) (0.000,0.199) (0.000,0.172) (0.000,0.243) (0.000,0.334) (0.000,0.250) (0.000,0.319) (0.000,0.246) (0.000,0.356) (0.000,0.396) (0.000,0.245) 
1404     1143    (0)    1 :  0.080 0.115 0.075 0.046 0.040 0.042 0.053 0.055 0.065 0.071 0.054 0.043 0.045 0.053 0.063 0.054 0.047     (0.000,0.363) (0.000,0.497) (0.000,0.364) (0.000,0.229) (0.000,0.201) (0.000,0.208) (0.000,0.262) (0.000,0.268) (0.000,0.317) (0.000,0.345) (0.000,0.267) (0.000,0.214) (0.000,0.222) (0.000,0.261) (0.000,0.308) (0.000,0.267) (0.000,0.234) 
1405     1819    (0)    3 :  0.038 0.035 0.062 0.093 0.062 0.059 0.070 0.029 0.031 0.034 0.051 0.095 0.056 0.095 0.086 0.045 0.060     (0.000,0.187) (0.000,0.172) (0.000,0.305) (0.000,0.425) (0.000,0.304) (0.000,0.291) (0.000,0.339) (0.000,0.145) (0.000,0.152) (0.000,0.167) (0.000,0.254) (0.000,0.436) (0.000,0.276) (0.000,0.420) (0.000,0.404) (0.000,0.226) (0.000,0.296) 
1407     3795    (0)   16 :  0.036 0.041 0.125 0.072 0.060 0.056 0.057 0.052 0.047 0.057 0.045 0.046 0.082 0.048 0.047 0.058 0.073     (0.000,0.176) (0.000,0.202) (0.000,0.523) (0.000,0.346) (0.000,0.294) (0.000,0.273) (0.000,0.280) (0.000,0.250) (0.000,0.228) (0.000,0.278) (0.000,0.224) (0.000,0.227) (0.000,0.387) (0.000,0.238) (0.000,0.231) (0.000,0.286) (0.000,0.350) 
1409     1552    (0)   15 :  0.044 0.062 0.042 0.078 0.048 0.048 0.059 0.082 0.073 0.057 0.076 0.062 0.052 0.049 0.060 0.043 0.066     (0.000,0.216) (0.000,0.303) (0.000,0.211) (0.000,0.373) (0.000,0.238) (0.000,0.236) (0.000,0.289) (0.000,0.374) (0.000,0.336) (0.000,0.278) (0.000,0.363) (0.000,0.304) (0.000,0.258) (0.000,0.241) (0.000,0.294) (0.000,0.215) (0.000,0.322) 
1414     1856    (0)    3 :  0.044 0.062 0.080 0.061 0.047 0.060 0.073 0.052 0.037 0.059 0.053 0.052 0.054 0.076 0.070 0.051 0.071     (0.000,0.214) (0.000,0.289) (0.000,0.381) (0.000,0.300) (0.000,0.233) (0.000,0.295) (0.000,0.355) (0.000,0.254) (0.000,0.182) (0.000,0.289) (0.000,0.260) (0.000,0.259) (0.000,0.265) (0.000,0.361) (0.000,0.339) (0.000,0.254) (0.000,0.342) 
1418      504    (0)   10 :  0.043 0.051 0.071 0.057 0.050 0.062 0.064 0.043 0.044 0.088 0.066 0.046 0.074 0.059 0.055 0.064 0.063     (0.000,0.211) (0.000,0.246) (0.000,0.341) (0.000,0.283) (0.000,0.250) (0.000,0.304) (0.000,0.312) (0.000,0.210) (0.000,0.209) (0.000,0.407) (0.000,0.322) (0.000,0.229) (0.000,0.358) (0.000,0.292) (0.000,0.272) (0.000,0.311) (0.000,0.308) 
1420     3349    (0)    3 :  0.024 0.052 0.071 0.067 0.050 0.047 0.054 0.059 0.051 0.063 0.055 0.042 0.054 0.051 0.085 0.090 0.085     (0.000,0.121) (0.000,0.252) (0.000,0.345) (0.000,0.324) (0.000,0.249) (0.000,0.235) (0.000,0.266) (0.000,0.285) (0.000,0.246) (0.000,0.306) (0.000,0.269) (0.000,0.206) (0.000,0.264) (0.000,0.253) (0.000,0.399) (0.000,0.418) (0.000,0.399) 
1422     3542   (12)   15 :  0.066 0.091 0.060 0.059 0.069 0.062 0.058 0.039 0.035 0.057 0.058 0.054 0.050 0.059 0.067 0.067 0.049     (0.000,0.318) (0.000,0.420) (0.000,0.296) (0.000,0.290) (0.000,0.333) (0.000,0.305) (0.000,0.287) (0.000,0.194) (0.000,0.174) (0.000,0.280) (0.000,0.287) (0.000,0.267) (0.000,0.248) (0.000,0.291) (0.000,0.327) (0.000,0.329) (0.000,0.244) 
1426      932    (0)   13 :  0.038 0.042 0.034 0.075 0.058 0.060 0.057 0.112 0.064 0.062 0.060 0.052 0.046 0.063 0.045 0.072 0.059     (0.000,0.185) (0.000,0.208) (0.000,0.169) (0.000,0.358) (0.000,0.282) (0.000,0.294) (0.000,0.283) (0.000,0.426) (0.000,0.296) (0.000,0.303) (0.000,0.293) (0.000,0.256) (0.000,0.230) (0.000,0.309) (0.000,0.221) (0.000,0.342) (0.000,0.288) 
1429     1780    (0)   12 :  0.043 0.029 0.051 0.048 0.073 0.067 0.061 0.108 0.073 0.050 0.074 0.054 0.060 0.064 0.063 0.043 0.041     (0.000,0.214) (0.000,0.143) (0.000,0.253) (0.000,0.238) (0.000,0.352) (0.000,0.326) (0.000,0.301) (0.000,0.421) (0.000,0.330) (0.000,0.246) (0.000,0.356) (0.000,0.265) (0.000,0.294) (0.000,0.314) (0.000,0.307) (0.000,0.211) (0.000,0.203) 
1436     3541    (0)   15 :  0.034 0.036 0.055 0.090 0.072 0.054 0.074 0.040 0.028 0.071 0.056 0.060 0.058 0.036 0.092 0.077 0.066     (0.000,0.169) (0.000,0.180) (0.000,0.270) (0.000,0.421) (0.000,0.342) (0.000,0.266) (0.000,0.355) (0.000,0.196) (0.000,0.139) (0.000,0.343) (0.000,0.277) (0.000,0.294) (0.000,0.285) (0.000,0.177) (0.000,0.429) (0.000,0.373) (0.000,0.324) 
1439     1921    (0)   15 :  0.050 0.058 0.052 0.060 0.059 0.061 0.068 0.062 0.076 0.048 0.066 0.059 0.070 0.062 0.058 0.041 0.051     (0.000,0.241) (0.000,0.281) (0.000,0.254) (0.000,0.294) (0.000,0.288) (0.000,0.297) (0.000,0.332) (0.000,0.297) (0.000,0.343) (0.000,0.237) (0.000,0.322) (0.000,0.288) (0.000,0.338) (0.000,0.302) (0.000,0.287) (0.000,0.204) (0.000,0.254) 
1442      211    (0)   15 :  0.086 0.050 0.063 0.048 0.067 0.072 0.057 0.063 0.056 0.049 0.058 0.055 0.062 0.047 0.069 0.054 0.043     (0.000,0.385) (0.000,0.246) (0.000,0.310) (0.000,0.239) (0.000,0.326) (0.000,0.348) (0.000,0.282) (0.000,0.308) (0.000,0.271) (0.000,0.245) (0.000,0.289) (0.000,0.270) (0.000,0.304) (0.000,0.233) (0.000,0.335) (0.000,0.268) (0.000,0.213) 
1444     3808    (0)   14 :  0.067 0.037 0.052 0.041 0.066 0.050 0.063 0.065 0.053 0.039 0.068 0.046 0.071 0.052 0.065 0.055 0.111     (0.000,0.302) (0.000,0.181) (0.000,0.251) (0.000,0.202) (0.000,0.313) (0.000,0.243) (0.000,0.302) (0.000,0.309) (0.000,0.254) (0.000,0.194) (0.000,0.323) (0.000,0.227) (0.000,0.336) (0.000,0.252) (0.000,0.312) (0.000,0.266) (0.000,0.401) 
1447     3472    (0)    6 :  0.037 0.035 0.052 0.064 0.047 0.064 0.061 0.049 0.061 0.040 0.056 0.084 0.056 0.084 0.096 0.050 0.065     (0.000,0.181) (0.000,0.174) (0.000,0.255) (0.000,0.308) (0.000,0.232) (0.000,0.313) (0.000,0.302) (0.000,0.241) (0.000,0.284) (0.000,0.199) (0.000,0.277) (0.000,0.395) (0.000,0.278) (0.000,0.385) (0.000,0.437) (0.000,0.247) (0.000,0.316) 
1449     1880    (0)   11 :  0.054 0.059 0.058 0.050 0.061 0.058 0.052 0.043 0.052 0.044 0.055 0.050 0.059 0.075 0.052 0.121 0.056     (0.000,0.258) (0.000,0.275) (0.000,0.283) (0.000,0.247) (0.000,0.295) (0.000,0.285) (0.000,0.258) (0.000,0.215) (0.000,0.250) (0.000,0.218) (0.000,0.272) (0.000,0.246) (0.000,0.287) (0.000,0.352) (0.000,0.257) (0.000,0.509) (0.000,0.277) 
1455     3219    (0)   15 :  0.034 0.034 0.067 0.062 0.059 0.082 0.053 0.063 0.068 0.047 0.069 0.055 0.076 0.056 0.055 0.061 0.060     (0.000,0.167) (0.000,0.168) (0.000,0.325) (0.000,0.304) (0.000,0.292) (0.000,0.388) (0.000,0.265) (0.000,0.305) (0.000,0.326) (0.000,0.232) (0.000,0.336) (0.000,0.275) (0.000,0.364) (0.000,0.275) (0.000,0.270) (0.000,0.300) (0.000,0.294) 
1456     3171   (12)    3 :  0.063 0.087 0.071 0.049 0.047 0.060 0.051 0.057 0.071 0.049 0.060 0.039 0.069 0.057 0.058 0.060 0.050     (0.000,0.302) (0.000,0.391) (0.000,0.346) (0.000,0.243) (0.000,0.233) (0.000,0.298) (0.000,0.254) (0.000,0.275) (0.000,0.327) (0.000,0.242) (0.000,0.293) (0.000,0.197) (0.000,0.334) (0.000,0.279) (0.000,0.285) (0.000,0.296) (0.000,0.248) 
1473     2467    (0)    8 :  0.032 0.039 0.045 0.066 0.048 0.046 0.044 0.216 0.092 0.041 0.051 0.040 0.045 0.048 0.050 0.043 0.054     (0.000,0.158) (0.000,0.194) (0.000,0.222) (0.000,0.317) (0.000,0.236) (0.000,0.227) (0.000,0.218) (0.000,0.626) (0.000,0.395) (0.000,0.205) (0.000,0.250) (0.000,0.198) (0.000,0.225) (0.000,0.239) (0.000,0.245) (0.000,0.213) (0.000,0.264) 
1477     1139    (0)    1 :  0.266 0.175 0.037 0.035 0.033 0.037 0.042 0.042 0.034 0.034 0.038 0.033 0.038 0.044 0.037 0.040 0.036     (0.000,0.729) (0.000,0.637) (0.000,0.185) (0.000,0.174) (0.000,0.166) (0.000,0.183) (0.000,0.207) (0.000,0.206) (0.000,0.171) (0.000,0.167) (0.000,0.187) (0.000,0.164) (0.000,0.187) (0.000,0.220) (0.000,0.186) (0.000,0.198) (0.000,0.182) 
1484     3012   (12)   13 :  0.195 0.082 0.062 0.057 0.045 0.050 0.047 0.049 0.038 0.045 0.054 0.042 0.049 0.055 0.049 0.046 0.036     (0.000,0.636) (0.000,0.389) (0.000,0.301) (0.000,0.284) (0.000,0.224) (0.000,0.250) (0.000,0.231) (0.000,0.241) (0.000,0.190) (0.000,0.223) (0.000,0.268) (0.000,0.209) (0.000,0.244) (0.000,0.271) (0.000,0.246) (0.000,0.229) (0.000,0.179) 
1485     2542    (0)    7 :  0.052 0.057 0.063 0.052 0.050 0.064 0.076 0.043 0.042 0.097 0.062 0.060 0.058 0.054 0.076 0.047 0.047     (0.000,0.253) (0.000,0.277) (0.000,0.311) (0.000,0.255) (0.000,0.246) (0.000,0.314) (0.000,0.368) (0.000,0.215) (0.000,0.209) (0.000,0.437) (0.000,0.305) (0.000,0.298) (0.000,0.286) (0.000,0.265) (0.000,0.365) (0.000,0.234) (0.000,0.234) 
1489     2368    (0)   10 :  0.053 0.044 0.045 0.085 0.051 0.071 0.063 0.043 0.034 0.051 0.060 0.074 0.058 0.078 0.058 0.058 0.073     (0.000,0.256) (0.000,0.219) (0.000,0.226) (0.000,0.399) (0.000,0.255) (0.000,0.346) (0.000,0.310) (0.000,0.213) (0.000,0.169) (0.000,0.250) (0.000,0.297) (0.000,0.357) (0.000,0.288) (0.000,0.366) (0.000,0.287) (0.000,0.286) (0.000,0.353) 
1492     3830   (25)    6 :  0.026 0.034 0.043 0.058 0.056 0.070 0.051 0.035 0.031 0.036 0.060 0.047 0.056 0.038 0.045 0.056 0.258     (0.000,0.130) (0.000,0.172) (0.000,0.215) (0.000,0.283) (0.000,0.275) (0.000,0.330) (0.000,0.253) (0.000,0.173) (0.000,0.154) (0.000,0.177) (0.000,0.294) (0.000,0.231) (0.000,0.275) (0.000,0.188) (0.000,0.221) (0.000,0.275) (0.000,0.660) 
1494     1825   (25)    8 :  0.036 0.061 0.064 0.042 0.052 0.074 0.053 0.067 0.098 0.057 0.058 0.066 0.054 0.052 0.065 0.053 0.048     (0.000,0.180) (0.000,0.300) (0.000,0.313) (0.000,0.208) (0.000,0.261) (0.000,0.358) (0.000,0.266) (0.000,0.329) (0.000,0.441) (0.000,0.281) (0.000,0.289) (0.000,0.325) (0.000,0.266) (0.000,0.257) (0.000,0.318) (0.000,0.261) (0.000,0.241) 
1501     3864   (12)    3 :  0.033 0.034 0.051 0.045 0.057 0.062 0.052 0.090 0.153 0.045 0.059 0.064 0.064 0.049 0.048 0.046 0.050     (0.000,0.163) (0.000,0.167) (0.000,0.252) (0.000,0.222) (0.000,0.279) (0.000,0.300) (0.000,0.258) (0.000,0.392) (0.000,0.548) (0.000,0.223) (0.000,0.290) (0.000,0.313) (0.000,0.310) (0.000,0.242) (0.000,0.237) (0.000,0.228) (0.000,0.245) 
1504     2274    (0)    7 :  0.069 0.102 0.055 0.037 0.044 0.057 0.060 0.076 0.060 0.060 0.057 0.041 0.057 0.049 0.078 0.057 0.042     (0.000,0.311) (0.000,0.439) (0.000,0.270) (0.000,0.182) (0.000,0.217) (0.000,0.280) (0.000,0.296) (0.000,0.345) (0.000,0.286) (0.000,0.292) (0.000,0.280) (0.000,0.202) (0.000,0.279) (0.000,0.245) (0.000,0.370) (0.000,0.279) (0.000,0.209) 
1505     3887    (0)    3 :  0.058 0.054 0.076 0.038 0.062 0.089 0.056 0.046 0.097 0.043 0.055 0.063 0.058 0.055 0.051 0.054 0.044     (0.000,0.277) (0.000,0.264) (0.000,0.366) (0.000,0.187) (0.000,0.302) (0.000,0.414) (0.000,0.279) (0.000,0.224) (0.000,0.435) (0.000,0.216) (0.000,0.272) (0.000,0.308) (0.000,0.288) (0.000,0.274) (0.000,0.253) (0.000,0.267) (0.000,0.220) 
1507     3915    (0)   11 :  0.032 0.026 0.044 0.058 0.062 0.070 0.047 0.123 0.114 0.041 0.078 0.054 0.055 0.050 0.054 0.048 0.043     (0.000,0.160) (0.000,0.131) (0.000,0.216) (0.000,0.282) (0.000,0.303) (0.000,0.337) (0.000,0.237) (0.000,0.486) (0.000,0.455) (0.000,0.203) (0.000,0.376) (0.000,0.268) (0.000,0.272) (0.000,0.249) (0.000,0.267) (0.000,0.235) (0.000,0.212) 
1510      157    (0)   15 :  0.034 0.039 0.056 0.071 0.071 0.057 0.065 0.038 0.056 0.078 0.052 0.060 0.052 0.045 0.090 0.062 0.072     (0.000,0.169) (0.000,0.194) (0.000,0.277) (0.000,0.341) (0.000,0.345) (0.000,0.282) (0.000,0.321) (0.000,0.187) (0.000,0.266) (0.000,0.371) (0.000,0.258) (0.000,0.296) (0.000,0.258) (0.000,0.223) (0.000,0.420) (0.000,0.305) (0.000,0.345) 
1513     1828    (0)    3 :  0.062 0.098 0.076 0.051 0.044 0.055 0.053 0.062 0.079 0.055 0.045 0.057 0.057 0.048 0.050 0.050 0.058     (0.000,0.294) (0.000,0.444) (0.000,0.366) (0.000,0.250) (0.000,0.221) (0.000,0.271) (0.000,0.263) (0.000,0.299) (0.000,0.363) (0.000,0.269) (0.000,0.223) (0.000,0.281) (0.000,0.280) (0.000,0.237) (0.000,0.246) (0.000,0.247) (0.000,0.284) 
1514      639    (0)    7 :  0.049 0.052 0.047 0.051 0.068 0.037 0.077 0.037 0.032 0.136 0.054 0.064 0.052 0.052 0.067 0.054 0.073     (0.000,0.234) (0.000,0.252) (0.000,0.232) (0.000,0.250) (0.000,0.326) (0.000,0.184) (0.000,0.373) (0.000,0.181) (0.000,0.160) (0.000,0.560) (0.000,0.266) (0.000,0.310) (0.000,0.258) (0.000,0.257) (0.000,0.324) (0.000,0.265) (0.000,0.354) 
1515     2474    (0)    5 :  0.093 0.054 0.051 0.053 0.072 0.059 0.069 0.051 0.034 0.053 0.062 0.074 0.054 0.058 0.069 0.052 0.041     (0.000,0.412) (0.000,0.263) (0.000,0.251) (0.000,0.263) (0.000,0.348) (0.000,0.290) (0.000,0.334) (0.000,0.252) (0.000,0.169) (0.000,0.264) (0.000,0.306) (0.000,0.357) (0.000,0.265) (0.000,0.287) (0.000,0.333) (0.000,0.256) (0.000,0.205) 
1520       33    (0)    9 :  0.034 0.045 0.040 0.063 0.045 0.040 0.059 0.163 0.075 0.061 0.059 0.051 0.049 0.055 0.060 0.041 0.058     (0.000,0.169) (0.000,0.223) (0.000,0.197) (0.000,0.307) (0.000,0.225) (0.000,0.197) (0.000,0.290) (0.000,0.587) (0.000,0.351) (0.000,0.298) (0.000,0.291) (0.000,0.253) (0.000,0.244) (0.000,0.270) (0.000,0.292) (0.000,0.205) (0.000,0.287) 
1522     3598    (0)   11 :  0.051 0.049 0.050 0.087 0.062 0.060 0.067 0.039 0.031 0.065 0.060 0.066 0.059 0.062 0.061 0.058 0.074     (0.000,0.245) (0.000,0.244) (0.000,0.250) (0.000,0.408) (0.000,0.303) (0.000,0.293) (0.000,0.329) (0.000,0.194) (0.000,0.153) (0.000,0.314) (0.000,0.295) (0.000,0.326) (0.000,0.289) (0.000,0.304) (0.000,0.300) (0.000,0.286) (0.000,0.355) 
1524      438    (0)   12 :  0.035 0.024 0.088 0.036 0.059 0.059 0.062 0.036 0.032 0.087 0.083 0.058 0.080 0.060 0.128 0.040 0.033     (0.000,0.172) (0.000,0.121) (0.000,0.411) (0.000,0.178) (0.000,0.291) (0.000,0.291) (0.000,0.305) (0.000,0.177) (0.000,0.160) (0.000,0.398) (0.000,0.391) (0.000,0.284) (0.000,0.379) (0.000,0.291) (0.000,0.522) (0.000,0.199) (0.000,0.166) 
1529       38    (0)    9 :  0.054 0.047 0.055 0.042 0.063 0.081 0.057 0.056 0.122 0.046 0.065 0.062 0.053 0.050 0.050 0.051 0.045     (0.000,0.260) (0.000,0.233) (0.000,0.272) (0.000,0.211) (0.000,0.311) (0.000,0.386) (0.000,0.282) (0.000,0.276) (0.000,0.509) (0.000,0.231) (0.000,0.317) (0.000,0.303) (0.000,0.263) (0.000,0.249) (0.000,0.248) (0.000,0.251) (0.000,0.225) 
1530     3348    (0)    3 :  0.040 0.062 0.061 0.062 0.055 0.072 0.057 0.062 0.049 0.070 0.060 0.055 0.058 0.046 0.064 0.062 0.064     (0.000,0.198) (0.000,0.301) (0.000,0.300) (0.000,0.299) (0.000,0.271) (0.000,0.348) (0.000,0.284) (0.000,0.294) (0.000,0.240) (0.000,0.340) (0.000,0.296) (0.000,0.270) (0.000,0.286) (0.000,0.229) (0.000,0.313) (0.000,0.305) (0.000,0.313) 
1535     2592   (12)    4 :  0.069 0.092 0.046 0.059 0.048 0.044 0.044 0.068 0.060 0.043 0.053 0.051 0.058 0.095 0.042 0.063 0.065     (0.000,0.330) (0.000,0.412) (0.000,0.231) (0.000,0.287) (0.000,0.240) (0.000,0.217) (0.000,0.221) (0.000,0.320) (0.000,0.286) (0.000,0.211) (0.000,0.262) (0.000,0.251) (0.000,0.285) (0.000,0.436) (0.000,0.211) (0.000,0.310) (0.000,0.314) 
1536     1706    (0)    6 :  0.074 0.069 0.065 0.057 0.052 0.078 0.053 0.057 0.046 0.049 0.056 0.052 0.053 0.058 0.055 0.082 0.045     (0.000,0.346) (0.000,0.331) (0.000,0.316) (0.000,0.280) (0.000,0.258) (0.000,0.375) (0.000,0.261) (0.000,0.282) (0.000,0.230) (0.000,0.244) (0.000,0.280) (0.000,0.257) (0.000,0.262) (0.000,0.284) (0.000,0.274) (0.000,0.390) (0.000,0.223) 
1537     3657    (0)   11 :  0.059 0.083 0.055 0.053 0.053 0.053 0.059 0.049 0.036 0.059 0.061 0.049 0.054 0.052 0.049 0.043 0.133     (0.000,0.277) (0.000,0.360) (0.000,0.267) (0.000,0.257) (0.000,0.256) (0.000,0.257) (0.000,0.285) (0.000,0.240) (0.000,0.176) (0.000,0.283) (0.000,0.295) (0.000,0.241) (0.000,0.261) (0.000,0.254) (0.000,0.242) (0.000,0.211) (0.000,0.462) 
1538     1524    (0)    2 :  0.050 0.446 0.050 0.038 0.028 0.031 0.034 0.045 0.030 0.031 0.029 0.028 0.030 0.032 0.033 0.030 0.037     (0.000,0.244) (0.005,0.825) (0.000,0.254) (0.000,0.189) (0.000,0.140) (0.000,0.153) (0.000,0.171) (0.000,0.224) (0.000,0.149) (0.000,0.155) (0.000,0.144) (0.000,0.141) (0.000,0.149) (0.000,0.157) (0.000,0.163) (0.000,0.149) (0.000,0.183) 
1539     1896    (0)   11 :  0.026 0.028 0.064 0.050 0.073 0.062 0.052 0.053 0.074 0.046 0.076 0.062 0.086 0.096 0.049 0.054 0.049     (0.000,0.129) (0.000,0.140) (0.000,0.310) (0.000,0.248) (0.000,0.351) (0.000,0.301) (0.000,0.256) (0.000,0.244) (0.000,0.315) (0.000,0.227) (0.000,0.365) (0.000,0.304) (0.000,0.402) (0.000,0.432) (0.000,0.242) (0.000,0.265) (0.000,0.244) 
1540     2750    (0)   12 :  0.030 0.024 0.043 0.051 0.063 0.111 0.065 0.046 0.051 0.052 0.102 0.095 0.060 0.050 0.054 0.054 0.045     (0.000,0.151) (0.000,0.122) (0.000,0.216) (0.000,0.253) (0.000,0.309) (0.000,0.492) (0.000,0.317) (0.000,0.227) (0.000,0.250) (0.000,0.258) (0.000,0.464) (0.000,0.442) (0.000,0.295) (0.000,0.249) (0.000,0.269) (0.000,0.266) (0.000,0.226) 
1541     2846    (0)   15 :  0.074 0.079 0.052 0.062 0.063 0.055 0.064 0.056 0.050 0.044 0.058 0.051 0.047 0.055 0.090 0.062 0.039     (0.000,0.339) (0.000,0.367) (0.000,0.257) (0.000,0.305) (0.000,0.305) (0.000,0.272) (0.000,0.311) (0.000,0.271) (0.000,0.243) (0.000,0.217) (0.000,0.287) (0.000,0.253) (0.000,0.232) (0.000,0.273) (0.000,0.416) (0.000,0.302) (0.000,0.195) 
1542       99    (0)   15 :  0.052 0.037 0.066 0.060 0.061 0.047 0.066 0.045 0.085 0.070 0.056 0.048 0.054 0.041 0.106 0.057 0.051     (0.000,0.250) (0.000,0.182) (0.000,0.320) (0.000,0.293) (0.000,0.294) (0.000,0.230) (0.000,0.320) (0.000,0.221) (0.000,0.373) (0.000,0.335) (0.000,0.274) (0.000,0.240) (0.000,0.264) (0.000,0.204) (0.000,0.462) (0.000,0.281) (0.000,0.253) 
1543     3323   (12)   13 :  0.038 0.055 0.090 0.047 0.050 0.058 0.043 0.071 0.068 0.035 0.039 0.043 0.099 0.053 0.041 0.098 0.070     (0.000,0.189) (0.000,0.265) (0.000,0.411) (0.000,0.235) (0.000,0.248) (0.000,0.284) (0.000,0.213) (0.000,0.335) (0.000,0.320) (0.000,0.176) (0.000,0.192) (0.000,0.216) (0.000,0.444) (0.000,0.261) (0.000,0.203) (0.000,0.418) (0.000,0.337) 
1549     3343    (0)   12 :  0.146 0.137 0.046 0.047 0.043 0.045 0.066 0.035 0.033 0.062 0.052 0.050 0.047 0.050 0.050 0.041 0.051     (0.000,0.543) (0.000,0.537) (0.000,0.229) (0.000,0.233) (0.000,0.215) (0.000,0.225) (0.000,0.321) (0.000,0.173) (0.000,0.165) (0.000,0.302) (0.000,0.258) (0.000,0.246) (0.000,0.232) (0.000,0.247) (0.000,0.245) (0.000,0.203) (0.000,0.254) 
1550      224    (0)   15 :  0.048 0.030 0.065 0.051 0.054 0.058 0.065 0.036 0.062 0.080 0.077 0.056 0.072 0.060 0.090 0.049 0.046     (0.000,0.234) (0.000,0.151) (0.000,0.317) (0.000,0.255) (0.000,0.268) (0.000,0.285) (0.000,0.321) (0.000,0.179) (0.000,0.293) (0.000,0.377) (0.000,0.369) (0.000,0.279) (0.000,0.346) (0.000,0.295) (0.000,0.419) (0.000,0.242) (0.000,0.229) 
1551     3001    (0)   13 :  0.057 0.059 0.083 0.063 0.049 0.072 0.054 0.043 0.043 0.046 0.057 0.063 0.058 0.091 0.069 0.049 0.044     (0.000,0.276) (0.000,0.287) (0.000,0.394) (0.000,0.305) (0.000,0.242) (0.000,0.349) (0.000,0.271) (0.000,0.211) (0.000,0.211) (0.000,0.228) (0.000,0.281) (0.000,0.306) (0.000,0.287) (0.000,0.416) (0.000,0.338) (0.000,0.241) (0.000,0.217) 
1553     2351    (0)    1 :  0.154 0.091 0.044 0.050 0.050 0.053 0.054 0.061 0.052 0.052 0.051 0.046 0.046 0.052 0.048 0.050 0.046     (0.000,0.565) (0.000,0.421) (0.000,0.220) (0.000,0.247) (0.000,0.249) (0.000,0.262) (0.000,0.268) (0.000,0.295) (0.000,0.255) (0.000,0.258) (0.000,0.253) (0.000,0.227) (0.000,0.229) (0.000,0.255) (0.000,0.237) (0.000,0.246) (0.000,0.228) 
1554     2530    (0)    7 :  0.027 0.044 0.053 0.074 0.053 0.056 0.066 0.030 0.040 0.055 0.061 0.088 0.055 0.094 0.062 0.056 0.086     (0.000,0.134) (0.000,0.215) (0.000,0.261) (0.000,0.352) (0.000,0.262) (0.000,0.276) (0.000,0.323) (0.000,0.150) (0.000,0.191) (0.000,0.270) (0.000,0.299) (0.000,0.413) (0.000,0.271) (0.000,0.427) (0.000,0.303) (0.000,0.275) (0.000,0.407) 
1556      658    (0)    7 :  0.035 0.034 0.040 0.089 0.072 0.082 0.060 0.058 0.050 0.045 0.070 0.061 0.068 0.054 0.056 0.061 0.064     (0.000,0.176) (0.000,0.167) (0.000,0.201) (0.000,0.416) (0.000,0.345) (0.000,0.389) (0.000,0.296) (0.000,0.278) (0.000,0.241) (0.000,0.225) (0.000,0.343) (0.000,0.299) (0.000,0.334) (0.000,0.264) (0.000,0.276) (0.000,0.300) (0.000,0.311) 
1561     2752    (0)   10 :  0.062 0.037 0.069 0.054 0.056 0.071 0.073 0.058 0.035 0.115 0.054 0.051 0.059 0.042 0.048 0.060 0.055     (0.000,0.287) (0.000,0.185) (0.000,0.332) (0.000,0.264) (0.000,0.276) (0.000,0.343) (0.000,0.352) (0.000,0.277) (0.000,0.171) (0.000,0.493) (0.000,0.266) (0.000,0.253) (0.000,0.289) (0.000,0.211) (0.000,0.238) (0.000,0.295) (0.000,0.272) 
1566     2328    (0)   10 :  0.058 0.074 0.063 0.066 0.061 0.040 0.067 0.055 0.042 0.068 0.045 0.063 0.041 0.055 0.068 0.075 0.061     (0.000,0.276) (0.000,0.350) (0.000,0.308) (0.000,0.318) (0.000,0.295) (0.000,0.200) (0.000,0.326) (0.000,0.264) (0.000,0.209) (0.000,0.329) (0.000,0.223) (0.000,0.310) (0.000,0.203) (0.000,0.269) (0.000,0.327) (0.000,0.359) (0.000,0.300) 
1570     3869   (12)    3 :  0.102 0.148 0.048 0.045 0.041 0.041 0.043 0.070 0.108 0.055 0.045 0.036 0.041 0.042 0.048 0.041 0.045     (0.000,0.455) (0.000,0.576) (0.000,0.240) (0.000,0.222) (0.000,0.206) (0.000,0.203) (0.000,0.214) (0.000,0.340) (0.000,0.463) (0.000,0.272) (0.000,0.222) (0.000,0.179) (0.000,0.207) (0.000,0.208) (0.000,0.236) (0.000,0.203) (0.000,0.225) 
1573     3481    (0)   15 :  0.049 0.062 0.056 0.063 0.053 0.068 0.058 0.036 0.031 0.078 0.067 0.057 0.061 0.082 0.056 0.069 0.054     (0.000,0.240) (0.000,0.298) (0.000,0.277) (0.000,0.309) (0.000,0.262) (0.000,0.331) (0.000,0.288) (0.000,0.178) (0.000,0.156) (0.000,0.373) (0.000,0.328) (0.000,0.279) (0.000,0.297) (0.000,0.391) (0.000,0.277) (0.000,0.337) (0.000,0.267) 
1583     3178   (12)    2 :  0.055 0.045 0.034 0.029 0.032 0.036 0.033 0.055 0.394 0.032 0.037 0.038 0.036 0.033 0.040 0.039 0.033     (0.000,0.269) (0.000,0.222) (0.000,0.167) (0.000,0.146) (0.000,0.160) (0.000,0.177) (0.000,0.164) (0.000,0.271) (0.001,0.791) (0.000,0.160) (0.000,0.185) (0.000,0.189) (0.000,0.178) (0.000,0.164) (0.000,0.199) (0.000,0.194) (0.000,0.165) 
1587     2378   (12)   14 :  0.049 0.052 0.059 0.103 0.069 0.058 0.054 0.038 0.051 0.042 0.055 0.050 0.073 0.061 0.041 0.074 0.073     (0.000,0.235) (0.000,0.255) (0.000,0.288) (0.000,0.467) (0.000,0.332) (0.000,0.286) (0.000,0.268) (0.000,0.187) (0.000,0.250) (0.000,0.206) (0.000,0.269) (0.000,0.249) (0.000,0.350) (0.000,0.296) (0.000,0.203) (0.000,0.357) (0.000,0.349) 
1592     2636   (12)    4 :  0.056 0.057 0.050 0.079 0.050 0.078 0.063 0.037 0.027 0.066 0.060 0.061 0.058 0.060 0.057 0.074 0.066     (0.000,0.271) (0.000,0.277) (0.000,0.250) (0.000,0.381) (0.000,0.248) (0.000,0.377) (0.000,0.310) (0.000,0.186) (0.000,0.136) (0.000,0.322) (0.000,0.298) (0.000,0.298) (0.000,0.288) (0.000,0.299) (0.000,0.282) (0.000,0.360) (0.000,0.325) 
1595     3752    (0)    9 :  0.026 0.037 0.042 0.040 0.058 0.037 0.044 0.058 0.147 0.044 0.053 0.052 0.068 0.039 0.046 0.045 0.164     (0.000,0.127) (0.000,0.182) (0.000,0.209) (0.000,0.197) (0.000,0.274) (0.000,0.182) (0.000,0.216) (0.000,0.266) (0.000,0.468) (0.000,0.217) (0.000,0.257) (0.000,0.252) (0.000,0.316) (0.000,0.195) (0.000,0.225) (0.000,0.222) (0.000,0.523) 
1599     1790    (0)   12 :  0.047 0.044 0.080 0.050 0.064 0.076 0.067 0.041 0.043 0.042 0.064 0.063 0.077 0.075 0.059 0.061 0.047     (0.000,0.227) (0.000,0.216) (0.000,0.377) (0.000,0.248) (0.000,0.310) (0.000,0.363) (0.000,0.329) (0.000,0.204) (0.000,0.212) (0.000,0.208) (0.000,0.316) (0.000,0.308) (0.000,0.371) (0.000,0.359) (0.000,0.290) (0.000,0.301) (0.000,0.235) 
1600     3002   (12)   10 :  0.032 0.062 0.055 0.054 0.050 0.062 0.051 0.086 0.088 0.046 0.064 0.061 0.058 0.051 0.066 0.055 0.059     (0.000,0.160) (0.000,0.300) (0.000,0.269) (0.000,0.267) (0.000,0.247) (0.000,0.304) (0.000,0.256) (0.000,0.393) (0.000,0.390) (0.000,0.229) (0.000,0.315) (0.000,0.297) (0.000,0.284) (0.000,0.251) (0.000,0.321) (0.000,0.270) (0.000,0.292) 
1603     3852    (0)    7 :  0.061 0.051 0.068 0.046 0.062 0.059 0.093 0.025 0.023 0.052 0.061 0.062 0.060 0.056 0.059 0.047 0.117     (0.000,0.282) (0.000,0.243) (0.000,0.325) (0.000,0.227) (0.000,0.296) (0.000,0.284) (0.000,0.416) (0.000,0.126) (0.000,0.114) (0.000,0.253) (0.000,0.294) (0.000,0.299) (0.000,0.287) (0.000,0.274) (0.000,0.285) (0.000,0.229) (0.000,0.427) 
1604     3356    (0)    3 :  0.049 0.060 0.085 0.041 0.065 0.079 0.059 0.038 0.076 0.061 0.058 0.068 0.055 0.055 0.061 0.046 0.042     (0.000,0.242) (0.000,0.295) (0.000,0.401) (0.000,0.203) (0.000,0.316) (0.000,0.376) (0.000,0.293) (0.000,0.191) (0.000,0.364) (0.000,0.296) (0.000,0.290) (0.000,0.330) (0.000,0.275) (0.000,0.274) (0.000,0.303) (0.000,0.229) (0.000,0.208) 
1610     3764   (25)    4 :  0.026 0.032 0.044 0.111 0.051 0.062 0.056 0.059 0.036 0.079 0.051 0.051 0.053 0.053 0.061 0.074 0.101     (0.000,0.131) (0.000,0.158) (0.000,0.221) (0.000,0.497) (0.000,0.253) (0.000,0.304) (0.000,0.280) (0.000,0.292) (0.000,0.178) (0.000,0.378) (0.000,0.254) (0.000,0.255) (0.000,0.261) (0.000,0.263) (0.000,0.299) (0.000,0.363) (0.000,0.462) 
1613     2435   (12)   12 :  0.047 0.054 0.066 0.050 0.061 0.046 0.048 0.150 0.091 0.043 0.039 0.053 0.058 0.065 0.041 0.040 0.049     (0.000,0.227) (0.000,0.257) (0.000,0.311) (0.000,0.246) (0.000,0.300) (0.000,0.227) (0.000,0.236) (0.000,0.480) (0.000,0.379) (0.000,0.215) (0.000,0.193) (0.000,0.258) (0.000,0.282) (0.000,0.312) (0.000,0.203) (0.000,0.196) (0.000,0.239) 
1619     3909    (0)   11 :  0.049 0.063 0.047 0.059 0.048 0.054 0.055 0.054 0.094 0.044 0.061 0.049 0.052 0.043 0.046 0.053 0.131     (0.000,0.235) (0.000,0.295) (0.000,0.230) (0.000,0.283) (0.000,0.233) (0.000,0.262) (0.000,0.267) (0.000,0.258) (0.000,0.395) (0.000,0.215) (0.000,0.295) (0.000,0.238) (0.000,0.255) (0.000,0.212) (0.000,0.227) (0.000,0.257) (0.000,0.459) 
1626     3548    (0)   15 :  0.038 0.039 0.059 0.063 0.069 0.060 0.060 0.040 0.031 0.042 0.055 0.060 0.060 0.057 0.061 0.067 0.137     (0.000,0.185) (0.000,0.194) (0.000,0.286) (0.000,0.301) (0.000,0.328) (0.000,0.290) (0.000,0.290) (0.000,0.197) (0.000,0.154) (0.000,0.210) (0.000,0.269) (0.000,0.291) (0.000,0.291) (0.000,0.274) (0.000,0.295) (0.000,0.322) (0.000,0.473) 
1634     2406    (0)   13 :  0.047 0.037 0.052 0.065 0.055 0.083 0.054 0.083 0.074 0.045 0.077 0.048 0.058 0.049 0.076 0.053 0.045     (0.000,0.230) (0.000,0.182) (0.000,0.259) (0.000,0.321) (0.000,0.273) (0.000,0.394) (0.000,0.267) (0.000,0.390) (0.000,0.351) (0.000,0.223) (0.000,0.370) (0.000,0.240) (0.000,0.289) (0.000,0.243) (0.000,0.365) (0.000,0.261) (0.000,0.224) 
1637     3221    (0)   15 :  0.040 0.065 0.077 0.064 0.059 0.047 0.067 0.040 0.050 0.086 0.047 0.076 0.052 0.045 0.075 0.053 0.058     (0.000,0.195) (0.000,0.316) (0.000,0.368) (0.000,0.312) (0.000,0.288) (0.000,0.234) (0.000,0.327) (0.000,0.196) (0.000,0.247) (0.000,0.405) (0.000,0.232) (0.000,0.362) (0.000,0.257) (0.000,0.222) (0.000,0.359) (0.000,0.263) (0.000,0.283) 
1638     3822    (0)    6 :  0.029 0.025 0.036 0.036 0.054 0.073 0.040 0.146 0.206 0.036 0.048 0.062 0.040 0.042 0.039 0.051 0.035     (0.000,0.145) (0.000,0.123) (0.000,0.179) (0.000,0.178) (0.000,0.269) (0.000,0.347) (0.000,0.198) (0.000,0.498) (0.000,0.632) (0.000,0.179) (0.000,0.239) (0.000,0.299) (0.000,0.200) (0.000,0.209) (0.000,0.196) (0.000,0.249) (0.000,0.176) 
1656      895    (0)   13 :  0.076 0.050 0.063 0.059 0.061 0.056 0.059 0.054 0.039 0.053 0.048 0.062 0.058 0.092 0.048 0.057 0.065     (0.000,0.346) (0.000,0.243) (0.000,0.305) (0.000,0.286) (0.000,0.300) (0.000,0.276) (0.000,0.292) (0.000,0.264) (0.000,0.196) (0.000,0.259) (0.000,0.240) (0.000,0.302) (0.000,0.285) (0.000,0.418) (0.000,0.240) (0.000,0.279) (0.000,0.318) 
1660     2840    (0)   15 :  0.054 0.049 0.071 0.055 0.058 0.048 0.069 0.046 0.038 0.085 0.051 0.063 0.060 0.074 0.049 0.049 0.081     (0.000,0.259) (0.000,0.238) (0.000,0.341) (0.000,0.272) (0.000,0.284) (0.000,0.239) (0.000,0.335) (0.000,0.228) (0.000,0.189) (0.000,0.397) (0.000,0.253) (0.000,0.310) (0.000,0.293) (0.000,0.355) (0.000,0.243) (0.000,0.242) (0.000,0.386) 
1661     1142    (0)    1 :  0.063 0.081 0.062 0.047 0.053 0.068 0.055 0.049 0.111 0.048 0.055 0.058 0.051 0.053 0.045 0.050 0.052     (0.000,0.299) (0.000,0.380) (0.000,0.303) (0.000,0.231) (0.000,0.260) (0.000,0.328) (0.000,0.273) (0.000,0.243) (0.000,0.478) (0.000,0.237) (0.000,0.270) (0.000,0.287) (0.000,0.254) (0.000,0.260) (0.000,0.222) (0.000,0.249) (0.000,0.259) 
1665     1509    (0)   16 :  0.057 0.035 0.051 0.065 0.082 0.072 0.066 0.035 0.035 0.077 0.081 0.064 0.054 0.063 0.061 0.053 0.050     (0.000,0.274) (0.000,0.172) (0.000,0.250) (0.000,0.320) (0.000,0.392) (0.000,0.351) (0.000,0.325) (0.000,0.174) (0.000,0.173) (0.000,0.369) (0.000,0.385) (0.000,0.314) (0.000,0.267) (0.000,0.309) (0.000,0.300) (0.000,0.261) (0.000,0.246) 
1666     2353    (0)    1 :  0.188 0.073 0.051 0.048 0.052 0.042 0.056 0.054 0.058 0.045 0.045 0.041 0.052 0.050 0.053 0.050 0.043     (0.000,0.607) (0.000,0.346) (0.000,0.250) (0.000,0.236) (0.000,0.255) (0.000,0.210) (0.000,0.279) (0.000,0.265) (0.000,0.282) (0.000,0.222) (0.000,0.223) (0.000,0.203) (0.000,0.258) (0.000,0.250) (0.000,0.259) (0.000,0.246) (0.000,0.214) 
1667     1893    (0)   11 :  0.021 0.041 0.052 0.056 0.058 0.063 0.048 0.096 0.098 0.049 0.056 0.060 0.053 0.047 0.047 0.081 0.075     (0.000,0.104) (0.000,0.202) (0.000,0.254) (0.000,0.274) (0.000,0.281) (0.000,0.304) (0.000,0.240) (0.000,0.389) (0.000,0.382) (0.000,0.239) (0.000,0.276) (0.000,0.289) (0.000,0.262) (0.000,0.230) (0.000,0.230) (0.000,0.382) (0.000,0.353) 
1668      228    (0)   15 :  0.053 0.047 0.061 0.049 0.066 0.048 0.081 0.031 0.026 0.088 0.053 0.068 0.044 0.039 0.151 0.048 0.048     (0.000,0.252) (0.000,0.229) (0.000,0.299) (0.000,0.243) (0.000,0.319) (0.000,0.236) (0.000,0.385) (0.000,0.154) (0.000,0.130) (0.000,0.401) (0.000,0.260) (0.000,0.330) (0.000,0.221) (0.000,0.193) (0.000,0.565) (0.000,0.240) (0.000,0.239) 
1676     3242    (0)   15 :  0.054 0.044 0.053 0.060 0.053 0.061 0.063 0.048 0.048 0.059 0.081 0.042 0.072 0.075 0.068 0.066 0.055     (0.000,0.256) (0.000,0.215) (0.000,0.262) (0.000,0.297) (0.000,0.261) (0.000,0.297) (0.000,0.310) (0.000,0.235) (0.000,0.238) (0.000,0.291) (0.000,0.384) (0.000,0.211) (0.000,0.346) (0.000,0.358) (0.000,0.329) (0.000,0.321) (0.000,0.271) 
1677      722    (0)    7 :  0.033 0.044 0.047 0.066 0.072 0.047 0.075 0.055 0.087 0.051 0.077 0.064 0.060 0.037 0.085 0.038 0.064     (0.000,0.162) (0.000,0.216) (0.000,0.232) (0.000,0.323) (0.000,0.338) (0.000,0.230) (0.000,0.363) (0.000,0.266) (0.000,0.379) (0.000,0.250) (0.000,0.370) (0.000,0.309) (0.000,0.296) (0.000,0.185) (0.000,0.403) (0.000,0.190) (0.000,0.313) 
1678     2502   (12)   16 :  0.026 0.086 0.060 0.058 0.047 0.061 0.047 0.059 0.091 0.051 0.054 0.050 0.049 0.044 0.056 0.068 0.092     (0.000,0.132) (0.000,0.395) (0.000,0.295) (0.000,0.281) (0.000,0.231) (0.000,0.297) (0.000,0.235) (0.000,0.283) (0.000,0.392) (0.000,0.253) (0.000,0.266) (0.000,0.247) (0.000,0.245) (0.000,0.220) (0.000,0.278) (0.000,0.331) (0.000,0.425) 
1683     3715    (0)   11 :  0.105 0.159 0.056 0.042 0.047 0.057 0.053 0.039 0.052 0.042 0.043 0.052 0.052 0.060 0.043 0.049 0.049     (0.000,0.442) (0.000,0.585) (0.000,0.275) (0.000,0.210) (0.000,0.234) (0.000,0.278) (0.000,0.265) (0.000,0.192) (0.000,0.252) (0.000,0.208) (0.000,0.212) (0.000,0.258) (0.000,0.256) (0.000,0.294) (0.000,0.214) (0.000,0.242) (0.000,0.242) 
1684     2410    (0)   13 :  0.030 0.023 0.068 0.052 0.061 0.067 0.050 0.043 0.031 0.045 0.056 0.060 0.111 0.079 0.042 0.049 0.132     (0.000,0.150) (0.000,0.114) (0.000,0.325) (0.000,0.253) (0.000,0.293) (0.000,0.321) (0.000,0.244) (0.000,0.213) (0.000,0.154) (0.000,0.221) (0.000,0.273) (0.000,0.293) (0.000,0.474) (0.000,0.368) (0.000,0.209) (0.000,0.242) (0.000,0.460) 
1687      985    (0)   17 :  0.054 0.063 0.055 0.069 0.049 0.046 0.065 0.034 0.030 0.075 0.053 0.058 0.052 0.096 0.054 0.058 0.088     (0.000,0.263) (0.000,0.306) (0.000,0.275) (0.000,0.337) (0.000,0.243) (0.000,0.228) (0.000,0.322) (0.000,0.168) (0.000,0.151) (0.000,0.361) (0.000,0.263) (0.000,0.287) (0.000,0.259) (0.000,0.442) (0.000,0.266) (0.000,0.286) (0.000,0.416) 
1688     3845    (0)    3 :  0.033 0.029 0.048 0.044 0.045 0.041 0.043 0.081 0.254 0.045 0.049 0.046 0.063 0.044 0.050 0.041 0.044     (0.000,0.165) (0.000,0.145) (0.000,0.239) (0.000,0.216) (0.000,0.222) (0.000,0.205) (0.000,0.212) (0.000,0.370) (0.000,0.685) (0.000,0.221) (0.000,0.242) (0.000,0.228) (0.000,0.305) (0.000,0.219) (0.000,0.247) (0.000,0.203) (0.000,0.216) 
1697     3779    (0)    9 :  0.020 0.024 0.028 0.029 0.044 0.033 0.038 0.249 0.206 0.029 0.035 0.058 0.037 0.030 0.036 0.054 0.049     (0.000,0.102) (0.000,0.121) (0.000,0.142) (0.000,0.143) (0.000,0.217) (0.000,0.164) (0.000,0.188) (0.000,0.663) (0.000,0.631) (0.000,0.144) (0.000,0.172) (0.000,0.262) (0.000,0.182) (0.000,0.147) (0.000,0.176) (0.000,0.238) (0.000,0.231) 
1703     3848    (0)    7 :  0.064 0.059 0.047 0.046 0.057 0.040 0.064 0.048 0.067 0.084 0.053 0.053 0.048 0.034 0.129 0.046 0.060     (0.000,0.302) (0.000,0.285) (0.000,0.230) (0.000,0.230) (0.000,0.277) (0.000,0.198) (0.000,0.311) (0.000,0.237) (0.000,0.305) (0.000,0.386) (0.000,0.264) (0.000,0.262) (0.000,0.236) (0.000,0.171) (0.000,0.512) (0.000,0.229) (0.000,0.293) 
1706     3508    (0)   15 :  0.038 0.035 0.079 0.048 0.060 0.076 0.067 0.037 0.049 0.083 0.080 0.062 0.068 0.052 0.074 0.051 0.041     (0.000,0.187) (0.000,0.177) (0.000,0.381) (0.000,0.239) (0.000,0.297) (0.000,0.367) (0.000,0.327) (0.000,0.185) (0.000,0.244) (0.000,0.394) (0.000,0.384) (0.000,0.305) (0.000,0.331) (0.000,0.255) (0.000,0.358) (0.000,0.252) (0.000,0.206) 
1707      457    (0)   15 :  0.043 0.044 0.057 0.061 0.057 0.054 0.065 0.050 0.029 0.086 0.059 0.054 0.069 0.054 0.120 0.043 0.053     (0.000,0.212) (0.000,0.216) (0.000,0.280) (0.000,0.295) (0.000,0.280) (0.000,0.267) (0.000,0.319) (0.000,0.245) (0.000,0.146) (0.000,0.393) (0.000,0.291) (0.000,0.267) (0.000,0.335) (0.000,0.267) (0.000,0.491) (0.000,0.216) (0.000,0.262) 
1710     3798    (0)   16 :  0.021 0.036 0.164 0.032 0.044 0.044 0.061 0.033 0.050 0.086 0.091 0.068 0.046 0.030 0.032 0.046 0.117     (0.000,0.103) (0.000,0.175) (0.000,0.505) (0.000,0.158) (0.000,0.214) (0.000,0.215) (0.000,0.287) (0.000,0.164) (0.000,0.232) (0.000,0.347) (0.000,0.357) (0.000,0.306) (0.000,0.225) (0.000,0.151) (0.000,0.161) (0.000,0.223) (0.000,0.445) 
1713     2412    (0)   13 :  0.044 0.035 0.063 0.098 0.059 0.046 0.049 0.033 0.041 0.069 0.049 0.039 0.078 0.059 0.079 0.085 0.075     (0.000,0.216) (0.000,0.171) (0.000,0.305) (0.000,0.446) (0.000,0.288) (0.000,0.230) (0.000,0.243) (0.000,0.163) (0.000,0.200) (0.000,0.335) (0.000,0.243) (0.000,0.194) (0.000,0.371) (0.000,0.287) (0.000,0.372) (0.000,0.404) (0.000,0.359) 
1714     2599    (0)    4 :  0.060 0.073 0.040 0.061 0.062 0.057 0.059 0.045 0.084 0.061 0.071 0.047 0.055 0.058 0.046 0.052 0.071     (0.000,0.285) (0.000,0.344) (0.000,0.201) (0.000,0.296) (0.000,0.305) (0.000,0.280) (0.000,0.289) (0.000,0.222) (0.000,0.379) (0.000,0.296) (0.000,0.343) (0.000,0.231) (0.000,0.272) (0.000,0.284) (0.000,0.227) (0.000,0.255) (0.000,0.338) 
1717     3249    (0)   15 :  0.031 0.034 0.058 0.071 0.055 0.081 0.066 0.058 0.035 0.057 0.072 0.059 0.052 0.051 0.078 0.080 0.061     (0.000,0.155) (0.000,0.168) (0.000,0.285) (0.000,0.345) (0.000,0.274) (0.000,0.387) (0.000,0.323) (0.000,0.285) (0.000,0.176) (0.000,0.283) (0.000,0.350) (0.000,0.292) (0.000,0.261) (0.000,0.251) (0.000,0.372) (0.000,0.381) (0.000,0.299) 
1718     3238    (0)   15 :  0.057 0.040 0.067 0.054 0.057 0.055 0.065 0.034 0.040 0.074 0.060 0.063 0.076 0.069 0.073 0.063 0.053     (0.000,0.269) (0.000,0.197) (0.000,0.327) (0.000,0.266) (0.000,0.281) (0.000,0.273) (0.000,0.321) (0.000,0.168) (0.000,0.197) (0.000,0.356) (0.000,0.292) (0.000,0.307) (0.000,0.365) (0.000,0.332) (0.000,0.351) (0.000,0.307) (0.000,0.261) 
1723     1074    (0)   11 :  0.059 0.158 0.055 0.060 0.052 0.047 0.053 0.043 0.066 0.044 0.051 0.036 0.050 0.055 0.051 0.051 0.069     (0.000,0.281) (0.000,0.594) (0.000,0.274) (0.000,0.292) (0.000,0.258) (0.000,0.234) (0.000,0.264) (0.000,0.211) (0.000,0.311) (0.000,0.219) (0.000,0.251) (0.000,0.177) (0.000,0.247) (0.000,0.273) (0.000,0.254) (0.000,0.252) (0.000,0.333) 
1724     3867    (0)    7 :  0.087 0.094 0.056 0.038 0.054 0.041 0.059 0.033 0.082 0.051 0.052 0.040 0.048 0.043 0.112 0.054 0.055     (0.000,0.378) (0.000,0.373) (0.000,0.275) (0.000,0.189) (0.000,0.263) (0.000,0.204) (0.000,0.291) (0.000,0.162) (0.000,0.357) (0.000,0.251) (0.000,0.255) (0.000,0.198) (0.000,0.238) (0.000,0.214) (0.000,0.481) (0.000,0.267) (0.000,0.262) 
1725     2331   (12)   10 :  0.041 0.040 0.050 0.072 0.062 0.050 0.066 0.063 0.045 0.090 0.061 0.064 0.054 0.047 0.069 0.052 0.075     (0.000,0.205) (0.000,0.198) (0.000,0.248) (0.000,0.350) (0.000,0.304) (0.000,0.247) (0.000,0.325) (0.000,0.305) (0.000,0.221) (0.000,0.422) (0.000,0.298) (0.000,0.313) (0.000,0.269) (0.000,0.236) (0.000,0.337) (0.000,0.256) (0.000,0.359) 
1727     2431    (0)   12 :  0.053 0.051 0.043 0.068 0.065 0.055 0.072 0.051 0.041 0.073 0.071 0.078 0.062 0.050 0.060 0.044 0.063     (0.000,0.254) (0.000,0.252) (0.000,0.212) (0.000,0.327) (0.000,0.318) (0.000,0.272) (0.000,0.350) (0.000,0.247) (0.000,0.203) (0.000,0.346) (0.000,0.346) (0.000,0.375) (0.000,0.304) (0.000,0.249) (0.000,0.293) (0.000,0.217) (0.000,0.307) 
1728     3907   (25)   11 :  0.030 0.033 0.046 0.045 0.073 0.047 0.060 0.036 0.032 0.055 0.066 0.162 0.094 0.039 0.044 0.039 0.100     (0.000,0.148) (0.000,0.162) (0.000,0.224) (0.000,0.223) (0.000,0.337) (0.000,0.229) (0.000,0.291) (0.000,0.179) (0.000,0.161) (0.000,0.266) (0.000,0.313) (0.000,0.526) (0.000,0.413) (0.000,0.192) (0.000,0.217) (0.000,0.190) (0.000,0.375) 
1729     3004   (12)   10 :  0.035 0.066 0.156 0.036 0.044 0.050 0.045 0.065 0.079 0.041 0.049 0.047 0.050 0.049 0.057 0.044 0.088     (0.000,0.174) (0.000,0.315) (0.000,0.540) (0.000,0.178) (0.000,0.216) (0.000,0.246) (0.000,0.224) (0.000,0.310) (0.000,0.361) (0.000,0.204) (0.000,0.242) (0.000,0.230) (0.000,0.245) (0.000,0.240) (0.000,0.280) (0.000,0.222) (0.000,0.388) 
1730     1104    (0)    8 :  0.074 0.060 0.047 0.042 0.038 0.037 0.046 0.244 0.102 0.044 0.045 0.033 0.041 0.034 0.044 0.035 0.035     (0.000,0.340) (0.000,0.286) (0.000,0.231) (0.000,0.207) (0.000,0.188) (0.000,0.184) (0.000,0.227) (0.000,0.640) (0.000,0.446) (0.000,0.215) (0.000,0.220) (0.000,0.166) (0.000,0.204) (0.000,0.170) (0.000,0.219) (0.000,0.172) (0.000,0.172) 
1732     2398   (12)    7 :  0.027 0.027 0.055 0.054 0.091 0.051 0.067 0.031 0.033 0.055 0.069 0.091 0.089 0.069 0.063 0.054 0.073     (0.000,0.135) (0.000,0.135) (0.000,0.273) (0.000,0.269) (0.000,0.410) (0.000,0.251) (0.000,0.326) (0.000,0.157) (0.000,0.163) (0.000,0.271) (0.000,0.336) (0.000,0.420) (0.000,0.418) (0.000,0.328) (0.000,0.310) (0.000,0.268) (0.000,0.350) 
1736      340    (0)   12 :  0.055 0.041 0.048 0.050 0.068 0.088 0.062 0.054 0.041 0.052 0.063 0.077 0.058 0.075 0.048 0.071 0.048     (0.000,0.266) (0.000,0.202) (0.000,0.240) (0.000,0.249) (0.000,0.332) (0.000,0.412) (0.000,0.307) (0.000,0.262) (0.000,0.205) (0.000,0.258) (0.000,0.311) (0.000,0.372) (0.000,0.286) (0.000,0.363) (0.000,0.241) (0.000,0.343) (0.000,0.239) 
1742     3488    (0)   15 :  0.034 0.033 0.071 0.042 0.056 0.052 0.063 0.090 0.107 0.038 0.045 0.057 0.083 0.032 0.089 0.067 0.043     (0.000,0.166) (0.000,0.162) (0.000,0.336) (0.000,0.205) (0.000,0.269) (0.000,0.256) (0.000,0.303) (0.000,0.360) (0.000,0.433) (0.000,0.188) (0.000,0.225) (0.000,0.275) (0.000,0.357) (0.000,0.160) (0.000,0.402) (0.000,0.319) (0.000,0.214) 
1751     3496    (0)   15 :  0.053 0.045 0.082 0.051 0.068 0.053 0.092 0.036 0.029 0.043 0.044 0.079 0.045 0.036 0.074 0.060 0.111     (0.000,0.252) (0.000,0.218) (0.000,0.378) (0.000,0.250) (0.000,0.321) (0.000,0.257) (0.000,0.413) (0.000,0.177) (0.000,0.142) (0.000,0.210) (0.000,0.217) (0.000,0.366) (0.000,0.223) (0.000,0.178) (0.000,0.348) (0.000,0.291) (0.000,0.405) 
1754     1606    (0)   15 :  0.067 0.069 0.079 0.116 0.047 0.059 0.055 0.045 0.028 0.058 0.049 0.043 0.052 0.045 0.069 0.068 0.053     (0.000,0.311) (0.000,0.329) (0.000,0.379) (0.000,0.505) (0.000,0.232) (0.000,0.288) (0.000,0.271) (0.000,0.222) (0.000,0.139) (0.000,0.287) (0.000,0.244) (0.000,0.211) (0.000,0.260) (0.000,0.226) (0.000,0.336) (0.000,0.331) (0.000,0.261) 
1757     3913    (0)   11 :  0.047 0.055 0.095 0.081 0.052 0.072 0.055 0.047 0.037 0.059 0.050 0.061 0.061 0.045 0.051 0.069 0.063     (0.000,0.230) (0.000,0.267) (0.000,0.436) (0.000,0.388) (0.000,0.256) (0.000,0.348) (0.000,0.275) (0.000,0.230) (0.000,0.185) (0.000,0.288) (0.000,0.248) (0.000,0.301) (0.000,0.301) (0.000,0.223) (0.000,0.254) (0.000,0.339) (0.000,0.307) 
1760     2524    (0)    7 :  0.043 0.050 0.064 0.053 0.058 0.037 0.067 0.031 0.033 0.132 0.050 0.055 0.043 0.047 0.113 0.050 0.075     (0.000,0.212) (0.000,0.244) (0.000,0.313) (0.000,0.260) (0.000,0.283) (0.000,0.187) (0.000,0.331) (0.000,0.153) (0.000,0.164) (0.000,0.539) (0.000,0.248) (0.000,0.274) (0.000,0.212) (0.000,0.231) (0.000,0.481) (0.000,0.246) (0.000,0.364) 
1761     3886    (0)   12 :  0.115 0.068 0.046 0.073 0.052 0.070 0.048 0.041 0.040 0.042 0.051 0.064 0.056 0.048 0.044 0.092 0.050     (0.000,0.468) (0.000,0.329) (0.000,0.228) (0.000,0.354) (0.000,0.256) (0.000,0.339) (0.000,0.237) (0.000,0.205) (0.000,0.199) (0.000,0.208) (0.000,0.251) (0.000,0.311) (0.000,0.276) (0.000,0.239) (0.000,0.216) (0.000,0.431) (0.000,0.249) 
1762     3932    (0)    2 :  0.072 0.064 0.095 0.037 0.052 0.062 0.060 0.037 0.053 0.059 0.062 0.059 0.059 0.056 0.073 0.051 0.047     (0.000,0.329) (0.000,0.308) (0.000,0.430) (0.000,0.184) (0.000,0.256) (0.000,0.301) (0.000,0.292) (0.000,0.184) (0.000,0.259) (0.000,0.281) (0.000,0.303) (0.000,0.291) (0.000,0.289) (0.000,0.278) (0.000,0.334) (0.000,0.253) (0.000,0.234) 
1769     3811   (12)    1 :  0.056 0.106 0.057 0.059 0.047 0.031 0.053 0.097 0.068 0.096 0.038 0.049 0.045 0.057 0.050 0.037 0.052     (0.000,0.271) (0.000,0.463) (0.000,0.283) (0.000,0.289) (0.000,0.234) (0.000,0.153) (0.000,0.262) (0.000,0.434) (0.000,0.330) (0.000,0.445) (0.000,0.189) (0.000,0.244) (0.000,0.226) (0.000,0.283) (0.000,0.248) (0.000,0.186) (0.000,0.256) 
1777     1646    (0)   15 :  0.030 0.045 0.056 0.059 0.067 0.057 0.069 0.081 0.078 0.045 0.059 0.054 0.062 0.064 0.072 0.049 0.054     (0.000,0.150) (0.000,0.222) (0.000,0.275) (0.000,0.289) (0.000,0.325) (0.000,0.279) (0.000,0.334) (0.000,0.365) (0.000,0.346) (0.000,0.224) (0.000,0.290) (0.000,0.264) (0.000,0.305) (0.000,0.309) (0.000,0.347) (0.000,0.242) (0.000,0.267) 
1778      253    (0)   15 :  0.036 0.032 0.083 0.059 0.062 0.052 0.095 0.027 0.032 0.049 0.063 0.063 0.063 0.067 0.088 0.070 0.059     (0.000,0.176) (0.000,0.162) (0.000,0.390) (0.000,0.290) (0.000,0.301) (0.000,0.258) (0.000,0.437) (0.000,0.134) (0.000,0.159) (0.000,0.242) (0.000,0.306) (0.000,0.308) (0.000,0.308) (0.000,0.323) (0.000,0.404) (0.000,0.336) (0.000,0.288) 
1779     1555    (0)   15 :  0.052 0.042 0.061 0.048 0.056 0.070 0.065 0.034 0.031 0.057 0.065 0.095 0.065 0.117 0.058 0.041 0.046     (0.000,0.253) (0.000,0.206) (0.000,0.298) (0.000,0.240) (0.000,0.275) (0.000,0.338) (0.000,0.317) (0.000,0.167) (0.000,0.153) (0.000,0.279) (0.000,0.319) (0.000,0.441) (0.000,0.317) (0.000,0.502) (0.000,0.288) (0.000,0.201) (0.000,0.229) 
1784     3778   (12)   16 :  0.055 0.055 0.080 0.037 0.045 0.047 0.037 0.031 0.049 0.032 0.042 0.136 0.053 0.048 0.041 0.097 0.115     (0.000,0.259) (0.000,0.264) (0.000,0.379) (0.000,0.185) (0.000,0.224) (0.000,0.231) (0.000,0.184) (0.000,0.154) (0.000,0.234) (0.000,0.160) (0.000,0.211) (0.000,0.510) (0.000,0.262) (0.000,0.237) (0.000,0.202) (0.000,0.445) (0.000,0.457) 
1786      918    (0)   13 :  0.042 0.056 0.054 0.070 0.051 0.061 0.050 0.074 0.067 0.050 0.103 0.045 0.074 0.049 0.060 0.048 0.046     (0.000,0.209) (0.000,0.273) (0.000,0.264) (0.000,0.338) (0.000,0.251) (0.000,0.298) (0.000,0.250) (0.000,0.345) (0.000,0.317) (0.000,0.249) (0.000,0.463) (0.000,0.223) (0.000,0.356) (0.000,0.242) (0.000,0.297) (0.000,0.235) (0.000,0.226) 
1788     1618    (0)   15 :  0.037 0.039 0.067 0.059 0.071 0.057 0.081 0.040 0.035 0.064 0.061 0.054 0.058 0.061 0.113 0.054 0.049     (0.000,0.183) (0.000,0.197) (0.000,0.328) (0.000,0.289) (0.000,0.344) (0.000,0.279) (0.000,0.390) (0.000,0.200) (0.000,0.173) (0.000,0.316) (0.000,0.303) (0.000,0.269) (0.000,0.287) (0.000,0.298) (0.000,0.498) (0.000,0.266) (0.000,0.243) 
1789     1648    (0)   15 :  0.040 0.049 0.049 0.080 0.061 0.035 0.055 0.101 0.131 0.045 0.046 0.043 0.047 0.050 0.045 0.043 0.080     (0.000,0.196) (0.000,0.242) (0.000,0.243) (0.000,0.373) (0.000,0.298) (0.000,0.173) (0.000,0.270) (0.000,0.422) (0.000,0.481) (0.000,0.224) (0.000,0.229) (0.000,0.212) (0.000,0.233) (0.000,0.247) (0.000,0.223) (0.000,0.215) (0.000,0.375) 
1793     3782    (0)   16 :  0.047 0.050 0.060 0.093 0.079 0.056 0.058 0.036 0.042 0.046 0.047 0.056 0.052 0.054 0.066 0.080 0.080     (0.000,0.229) (0.000,0.245) (0.000,0.295) (0.000,0.429) (0.000,0.379) (0.000,0.278) (0.000,0.288) (0.000,0.178) (0.000,0.208) (0.000,0.228) (0.000,0.233) (0.000,0.277) (0.000,0.257) (0.000,0.268) (0.000,0.322) (0.000,0.383) (0.000,0.380) 
1794     3500    (0)   15 :  0.051 0.032 0.050 0.074 0.080 0.058 0.068 0.047 0.034 0.078 0.053 0.064 0.068 0.058 0.068 0.056 0.062     (0.000,0.247) (0.000,0.159) (0.000,0.251) (0.000,0.354) (0.000,0.379) (0.000,0.284) (0.000,0.330) (0.000,0.229) (0.000,0.168) (0.000,0.371) (0.000,0.262) (0.000,0.314) (0.000,0.333) (0.000,0.285) (0.000,0.330) (0.000,0.278) (0.000,0.300) 
1797     2376    (0)    7 :  0.066 0.080 0.060 0.046 0.051 0.048 0.051 0.061 0.054 0.050 0.078 0.054 0.080 0.077 0.058 0.041 0.043     (0.000,0.312) (0.000,0.373) (0.000,0.293) (0.000,0.229) (0.000,0.254) (0.000,0.237) (0.000,0.252) (0.000,0.291) (0.000,0.260) (0.000,0.248) (0.000,0.375) (0.000,0.265) (0.000,0.381) (0.000,0.365) (0.000,0.287) (0.000,0.206) (0.000,0.211) 
1804     3497    (0)   15 :  0.041 0.053 0.076 0.064 0.053 0.058 0.062 0.047 0.047 0.061 0.054 0.060 0.059 0.067 0.076 0.055 0.066     (0.000,0.203) (0.000,0.256) (0.000,0.363) (0.000,0.310) (0.000,0.263) (0.000,0.286) (0.000,0.304) (0.000,0.229) (0.000,0.227) (0.000,0.294) (0.000,0.266) (0.000,0.293) (0.000,0.292) (0.000,0.321) (0.000,0.363) (0.000,0.274) (0.000,0.322) 
1810     2914    (0)   15 :  0.063 0.048 0.055 0.061 0.071 0.053 0.068 0.060 0.063 0.055 0.063 0.060 0.060 0.067 0.059 0.045 0.049     (0.000,0.301) (0.000,0.236) (0.000,0.271) (0.000,0.300) (0.000,0.343) (0.000,0.264) (0.000,0.334) (0.000,0.289) (0.000,0.302) (0.000,0.271) (0.000,0.308) (0.000,0.293) (0.000,0.294) (0.000,0.324) (0.000,0.291) (0.000,0.225) (0.000,0.242) 
1813     2537   (12)    7 :  0.035 0.044 0.064 0.055 0.052 0.070 0.069 0.054 0.058 0.059 0.073 0.054 0.054 0.056 0.077 0.058 0.069     (0.000,0.175) (0.000,0.219) (0.000,0.311) (0.000,0.271) (0.000,0.259) (0.000,0.342) (0.000,0.337) (0.000,0.264) (0.000,0.279) (0.000,0.288) (0.000,0.355) (0.000,0.267) (0.000,0.268) (0.000,0.274) (0.000,0.371) (0.000,0.284) (0.000,0.334) 
1820     3363    (0)    3 :  0.048 0.047 0.068 0.046 0.078 0.060 0.053 0.033 0.031 0.053 0.074 0.064 0.099 0.077 0.075 0.056 0.036     (0.000,0.233) (0.000,0.231) (0.000,0.330) (0.000,0.230) (0.000,0.367) (0.000,0.293) (0.000,0.264) (0.000,0.165) (0.000,0.156) (0.000,0.258) (0.000,0.359) (0.000,0.311) (0.000,0.449) (0.000,0.366) (0.000,0.365) (0.000,0.279) (0.000,0.179) 
1821     3260    (0)   15 :  0.040 0.029 0.050 0.050 0.068 0.101 0.064 0.036 0.051 0.055 0.093 0.067 0.066 0.075 0.064 0.046 0.044     (0.000,0.199) (0.000,0.143) (0.000,0.246) (0.000,0.250) (0.000,0.331) (0.000,0.462) (0.000,0.315) (0.000,0.180) (0.000,0.249) (0.000,0.270) (0.000,0.436) (0.000,0.329) (0.000,0.324) (0.000,0.360) (0.000,0.316) (0.000,0.231) (0.000,0.220) 
1823       37   (12)    9 :  0.052 0.069 0.064 0.048 0.057 0.084 0.054 0.053 0.059 0.059 0.066 0.063 0.060 0.056 0.060 0.050 0.047     (0.000,0.253) (0.000,0.332) (0.000,0.314) (0.000,0.238) (0.000,0.284) (0.000,0.399) (0.000,0.266) (0.000,0.260) (0.000,0.288) (0.000,0.288) (0.000,0.322) (0.000,0.309) (0.000,0.297) (0.000,0.278) (0.000,0.295) (0.000,0.247) (0.000,0.233) 
1826     3512    (0)   15 :  0.096 0.116 0.052 0.062 0.056 0.043 0.048 0.048 0.039 0.050 0.051 0.047 0.046 0.067 0.052 0.069 0.057     (0.000,0.407) (0.000,0.480) (0.000,0.259) (0.000,0.303) (0.000,0.273) (0.000,0.215) (0.000,0.239) (0.000,0.236) (0.000,0.193) (0.000,0.247) (0.000,0.252) (0.000,0.234) (0.000,0.229) (0.000,0.324) (0.000,0.256) (0.000,0.333) (0.000,0.281) 
1827     3532    (0)   15 :  0.074 0.059 0.073 0.042 0.060 0.076 0.064 0.031 0.047 0.063 0.067 0.062 0.059 0.072 0.064 0.048 0.038     (0.000,0.344) (0.000,0.288) (0.000,0.353) (0.000,0.208) (0.000,0.296) (0.000,0.364) (0.000,0.316) (0.000,0.156) (0.000,0.231) (0.000,0.308) (0.000,0.329) (0.000,0.303) (0.000,0.293) (0.000,0.350) (0.000,0.314) (0.000,0.239) (0.000,0.191) 
1829     1071    (0)   11 :  0.052 0.044 0.039 0.061 0.061 0.078 0.060 0.069 0.043 0.056 0.079 0.060 0.054 0.077 0.056 0.062 0.049     (0.000,0.252) (0.000,0.218) (0.000,0.196) (0.000,0.299) (0.000,0.301) (0.000,0.375) (0.000,0.297) (0.000,0.333) (0.000,0.215) (0.000,0.275) (0.000,0.377) (0.000,0.296) (0.000,0.270) (0.000,0.368) (0.000,0.276) (0.000,0.304) (0.000,0.240) 
1830     2389    (0)    7 :  0.040 0.036 0.066 0.057 0.106 0.054 0.059 0.044 0.036 0.060 0.058 0.089 0.077 0.055 0.055 0.051 0.057     (0.000,0.199) (0.000,0.179) (0.000,0.319) (0.000,0.280) (0.000,0.467) (0.000,0.263) (0.000,0.290) (0.000,0.219) (0.000,0.177) (0.000,0.295) (0.000,0.285) (0.000,0.418) (0.000,0.370) (0.000,0.268) (0.000,0.271) (0.000,0.254) (0.000,0.282) 
1840     2369    (0)   10 :  0.047 0.053 0.050 0.079 0.058 0.049 0.057 0.043 0.039 0.070 0.048 0.065 0.055 0.098 0.060 0.058 0.072     (0.000,0.232) (0.000,0.262) (0.000,0.248) (0.000,0.374) (0.000,0.287) (0.000,0.242) (0.000,0.282) (0.000,0.212) (0.000,0.191) (0.000,0.338) (0.000,0.239) (0.000,0.318) (0.000,0.270) (0.000,0.442) (0.000,0.296) (0.000,0.285) (0.000,0.346) 
1850     3817   (12)    6 :  0.046 0.059 0.079 0.064 0.048 0.064 0.070 0.062 0.052 0.045 0.066 0.055 0.059 0.061 0.069 0.050 0.052     (0.000,0.225) (0.000,0.288) (0.000,0.379) (0.000,0.315) (0.000,0.240) (0.000,0.315) (0.000,0.342) (0.000,0.299) (0.000,0.257) (0.000,0.227) (0.000,0.325) (0.000,0.271) (0.000,0.290) (0.000,0.298) (0.000,0.336) (0.000,0.247) (0.000,0.257) 
1851      790    (0)   14 :  0.030 0.035 0.055 0.066 0.060 0.079 0.071 0.036 0.043 0.078 0.067 0.071 0.055 0.056 0.076 0.053 0.069     (0.000,0.151) (0.000,0.172) (0.000,0.274) (0.000,0.323) (0.000,0.295) (0.000,0.381) (0.000,0.348) (0.000,0.177) (0.000,0.210) (0.000,0.370) (0.000,0.331) (0.000,0.349) (0.000,0.275) (0.000,0.278) (0.000,0.366) (0.000,0.260) (0.000,0.336) 
1852     3894    (0)    3 :  0.083 0.083 0.084 0.070 0.051 0.043 0.074 0.045 0.032 0.052 0.039 0.053 0.046 0.047 0.072 0.056 0.068     (0.000,0.372) (0.000,0.368) (0.000,0.397) (0.000,0.338) (0.000,0.250) (0.000,0.216) (0.000,0.358) (0.000,0.223) (0.000,0.157) (0.000,0.257) (0.000,0.197) (0.000,0.263) (0.000,0.229) (0.000,0.233) (0.000,0.345) (0.000,0.276) (0.000,0.327) 
1854      567    (0)   10 :  0.049 0.089 0.054 0.053 0.058 0.044 0.063 0.040 0.039 0.097 0.052 0.052 0.047 0.073 0.050 0.054 0.085     (0.000,0.235) (0.000,0.410) (0.000,0.270) (0.000,0.263) (0.000,0.285) (0.000,0.220) (0.000,0.311) (0.000,0.198) (0.000,0.195) (0.000,0.439) (0.000,0.257) (0.000,0.260) (0.000,0.235) (0.000,0.352) (0.000,0.249) (0.000,0.265) (0.000,0.396) 
1855     3487    (0)   15 :  0.045 0.062 0.040 0.062 0.049 0.050 0.057 0.132 0.121 0.038 0.061 0.045 0.058 0.037 0.057 0.037 0.050     (0.000,0.221) (0.000,0.304) (0.000,0.197) (0.000,0.302) (0.000,0.240) (0.000,0.247) (0.000,0.279) (0.000,0.525) (0.000,0.488) (0.000,0.189) (0.000,0.302) (0.000,0.222) (0.000,0.285) (0.000,0.186) (0.000,0.281) (0.000,0.182) (0.000,0.247) 
1859     3332    (0)    8 :  0.058 0.063 0.059 0.045 0.048 0.040 0.056 0.085 0.112 0.057 0.048 0.042 0.046 0.043 0.046 0.036 0.114     (0.000,0.276) (0.000,0.301) (0.000,0.285) (0.000,0.220) (0.000,0.234) (0.000,0.196) (0.000,0.272) (0.000,0.381) (0.000,0.462) (0.000,0.277) (0.000,0.238) (0.000,0.209) (0.000,0.227) (0.000,0.214) (0.000,0.229) (0.000,0.180) (0.000,0.409) 
1862     1820    (0)    8 :  0.070 0.061 0.059 0.038 0.056 0.053 0.051 0.083 0.119 0.056 0.058 0.048 0.050 0.063 0.053 0.042 0.041     (0.000,0.329) (0.000,0.295) (0.000,0.290) (0.000,0.191) (0.000,0.275) (0.000,0.261) (0.000,0.252) (0.000,0.388) (0.000,0.492) (0.000,0.276) (0.000,0.282) (0.000,0.239) (0.000,0.247) (0.000,0.304) (0.000,0.259) (0.000,0.211) (0.000,0.203) 
1864     3009   (12)   10 :  0.034 0.033 0.060 0.042 0.056 0.041 0.095 0.026 0.026 0.200 0.052 0.061 0.041 0.043 0.108 0.038 0.046     (0.000,0.167) (0.000,0.164) (0.000,0.298) (0.000,0.208) (0.000,0.274) (0.000,0.203) (0.000,0.443) (0.000,0.129) (0.000,0.129) (0.000,0.667) (0.000,0.260) (0.000,0.303) (0.000,0.203) (0.000,0.213) (0.000,0.470) (0.000,0.188) (0.000,0.229) 
1866     3725    (0)   11 :  0.040 0.035 0.058 0.054 0.054 0.054 0.062 0.069 0.064 0.060 0.077 0.063 0.078 0.081 0.052 0.043 0.056     (0.000,0.195) (0.000,0.174) (0.000,0.282) (0.000,0.266) (0.000,0.263) (0.000,0.268) (0.000,0.305) (0.000,0.304) (0.000,0.283) (0.000,0.294) (0.000,0.366) (0.000,0.306) (0.000,0.370) (0.000,0.379) (0.000,0.256) (0.000,0.212) (0.000,0.275) 
1871     3874    (0)    3 :  0.040 0.038 0.108 0.046 0.055 0.052 0.081 0.048 0.050 0.063 0.052 0.060 0.049 0.048 0.101 0.051 0.057     (0.000,0.198) (0.000,0.188) (0.000,0.475) (0.000,0.227) (0.000,0.269) (0.000,0.257) (0.000,0.383) (0.000,0.232) (0.000,0.242) (0.000,0.304) (0.000,0.259) (0.000,0.293) (0.000,0.243) (0.000,0.235) (0.000,0.430) (0.000,0.252) (0.000,0.279) 
1874     2468    (0)    8 :  0.030 0.039 0.047 0.034 0.044 0.054 0.038 0.209 0.160 0.033 0.052 0.043 0.045 0.052 0.040 0.042 0.039     (0.000,0.147) (0.000,0.192) (0.000,0.230) (0.000,0.171) (0.000,0.218) (0.000,0.264) (0.000,0.188) (0.000,0.638) (0.000,0.569) (0.000,0.164) (0.000,0.258) (0.000,0.215) (0.000,0.222) (0.000,0.253) (0.000,0.199) (0.000,0.206) (0.000,0.195) 
1880     3506   (25)   15 :  0.050 0.050 0.060 0.058 0.051 0.060 0.074 0.037 0.027 0.089 0.062 0.059 0.056 0.093 0.057 0.058 0.060     (0.000,0.245) (0.000,0.247) (0.000,0.295) (0.000,0.286) (0.000,0.253) (0.000,0.296) (0.000,0.358) (0.000,0.187) (0.000,0.135) (0.000,0.416) (0.000,0.304) (0.000,0.291) (0.000,0.279) (0.000,0.435) (0.000,0.280) (0.000,0.286) (0.000,0.297) 
1882     1816    (0)    8 :  0.053 0.055 0.045 0.066 0.057 0.038 0.052 0.146 0.090 0.050 0.048 0.048 0.059 0.054 0.041 0.039 0.059     (0.000,0.258) (0.000,0.268) (0.000,0.221) (0.000,0.315) (0.000,0.282) (0.000,0.190) (0.000,0.259) (0.000,0.555) (0.000,0.399) (0.000,0.245) (0.000,0.237) (0.000,0.238) (0.000,0.291) (0.000,0.264) (0.000,0.206) (0.000,0.193) (0.000,0.289) 
1884      741    (0)    4 :  0.040 0.037 0.062 0.072 0.059 0.039 0.086 0.046 0.048 0.077 0.061 0.060 0.067 0.049 0.087 0.049 0.062     (0.000,0.197) (0.000,0.182) (0.000,0.301) (0.000,0.343) (0.000,0.290) (0.000,0.192) (0.000,0.406) (0.000,0.226) (0.000,0.233) (0.000,0.365) (0.000,0.300) (0.000,0.296) (0.000,0.325) (0.000,0.239) (0.000,0.409) (0.000,0.241) (0.000,0.305) 
1888     3211   (12)   15 :  0.043 0.036 0.051 0.067 0.063 0.046 0.061 0.066 0.048 0.074 0.075 0.053 0.065 0.058 0.074 0.056 0.064     (0.000,0.213) (0.000,0.177) (0.000,0.251) (0.000,0.329) (0.000,0.310) (0.000,0.226) (0.000,0.304) (0.000,0.316) (0.000,0.239) (0.000,0.357) (0.000,0.357) (0.000,0.262) (0.000,0.317) (0.000,0.285) (0.000,0.357) (0.000,0.274) (0.000,0.313) 
1889     3949    (0)   17 :  0.035 0.049 0.049 0.059 0.064 0.060 0.050 0.033 0.034 0.092 0.074 0.086 0.085 0.046 0.052 0.073 0.057     (0.000,0.173) (0.000,0.232) (0.000,0.243) (0.000,0.287) (0.000,0.308) (0.000,0.287) (0.000,0.248) (0.000,0.166) (0.000,0.171) (0.000,0.405) (0.000,0.358) (0.000,0.401) (0.000,0.398) (0.000,0.228) (0.000,0.258) (0.000,0.344) (0.000,0.281) 
1890     1678    (0)   13 :  0.055 0.064 0.064 0.066 0.041 0.064 0.055 0.039 0.036 0.064 0.065 0.054 0.049 0.061 0.054 0.100 0.069     (0.000,0.265) (0.000,0.308) (0.000,0.315) (0.000,0.320) (0.000,0.203) (0.000,0.314) (0.000,0.273) (0.000,0.194) (0.000,0.177) (0.000,0.312) (0.000,0.317) (0.000,0.267) (0.000,0.243) (0.000,0.299) (0.000,0.266) (0.000,0.456) (0.000,0.334) 
1892      225    (0)   15 :  0.032 0.046 0.045 0.075 0.058 0.061 0.054 0.044 0.038 0.067 0.071 0.067 0.055 0.083 0.056 0.066 0.081     (0.000,0.159) (0.000,0.229) (0.000,0.222) (0.000,0.360) (0.000,0.289) (0.000,0.300) (0.000,0.270) (0.000,0.217) (0.000,0.190) (0.000,0.326) (0.000,0.344) (0.000,0.329) (0.000,0.269) (0.000,0.390) (0.000,0.278) (0.000,0.324) (0.000,0.387) 
1893     2996   (12)   10 :  0.032 0.055 0.080 0.041 0.063 0.069 0.046 0.058 0.129 0.050 0.043 0.052 0.067 0.056 0.043 0.058 0.057     (0.000,0.161) (0.000,0.269) (0.000,0.378) (0.000,0.202) (0.000,0.306) (0.000,0.334) (0.000,0.229) (0.000,0.283) (0.000,0.512) (0.000,0.244) (0.000,0.214) (0.000,0.258) (0.000,0.325) (0.000,0.279) (0.000,0.212) (0.000,0.287) (0.000,0.280) 
1894      246    (0)   15 :  0.028 0.038 0.050 0.061 0.070 0.048 0.058 0.094 0.105 0.072 0.054 0.059 0.051 0.046 0.052 0.044 0.068     (0.000,0.142) (0.000,0.188) (0.000,0.248) (0.000,0.300) (0.000,0.332) (0.000,0.236) (0.000,0.287) (0.000,0.381) (0.000,0.425) (0.000,0.345) (0.000,0.265) (0.000,0.286) (0.000,0.252) (0.000,0.227) (0.000,0.258) (0.000,0.220) (0.000,0.328) 
1896     3884   (25)    3 :  0.035 0.096 0.057 0.085 0.045 0.041 0.049 0.049 0.052 0.039 0.084 0.049 0.087 0.060 0.057 0.043 0.071     (0.000,0.171) (0.000,0.432) (0.000,0.280) (0.000,0.398) (0.000,0.224) (0.000,0.204) (0.000,0.245) (0.000,0.238) (0.000,0.248) (0.000,0.196) (0.000,0.399) (0.000,0.243) (0.000,0.407) (0.000,0.289) (0.000,0.280) (0.000,0.213) (0.000,0.340) 
1898     3344    (0)    8 :  0.029 0.053 0.036 0.037 0.031 0.034 0.030 0.168 0.324 0.027 0.031 0.029 0.037 0.030 0.030 0.036 0.037     (0.000,0.144) (0.000,0.261) (0.000,0.180) (0.000,0.183) (0.000,0.156) (0.000,0.172) (0.000,0.148) (0.000,0.615) (0.000,0.761) (0.000,0.136) (0.000,0.152) (0.000,0.146) (0.000,0.183) (0.000,0.149) (0.000,0.152) (0.000,0.180) (0.000,0.184) 
1902     3455    (0)    6 :  0.023 0.042 0.069 0.061 0.044 0.080 0.058 0.034 0.032 0.055 0.080 0.051 0.063 0.082 0.075 0.084 0.067     (0.000,0.112) (0.000,0.203) (0.000,0.336) (0.000,0.300) (0.000,0.220) (0.000,0.383) (0.000,0.288) (0.000,0.168) (0.000,0.158) (0.000,0.270) (0.000,0.382) (0.000,0.256) (0.000,0.307) (0.000,0.383) (0.000,0.361) (0.000,0.389) (0.000,0.326) 
1903     3834    (0)    6 :  0.051 0.037 0.066 0.061 0.061 0.078 0.070 0.051 0.031 0.050 0.071 0.061 0.068 0.055 0.051 0.072 0.067     (0.000,0.246) (0.000,0.185) (0.000,0.318) (0.000,0.299) (0.000,0.299) (0.000,0.369) (0.000,0.340) (0.000,0.250) (0.000,0.154) (0.000,0.248) (0.000,0.342) (0.000,0.298) (0.000,0.334) (0.000,0.272) (0.000,0.250) (0.000,0.346) (0.000,0.321) 
1906      114    (0)   15 :  0.052 0.060 0.073 0.103 0.049 0.063 0.062 0.044 0.028 0.083 0.052 0.051 0.055 0.042 0.077 0.057 0.053     (0.000,0.248) (0.000,0.290) (0.000,0.355) (0.000,0.466) (0.000,0.242) (0.000,0.306) (0.000,0.303) (0.000,0.215) (0.000,0.138) (0.000,0.389) (0.000,0.256) (0.000,0.254) (0.000,0.271) (0.000,0.208) (0.000,0.369) (0.000,0.280) (0.000,0.261) 
1907      454    (0)   12 :  0.046 0.055 0.094 0.047 0.058 0.062 0.055 0.062 0.054 0.067 0.048 0.068 0.063 0.058 0.050 0.056 0.058     (0.000,0.226) (0.000,0.267) (0.000,0.432) (0.000,0.231) (0.000,0.283) (0.000,0.303) (0.000,0.273) (0.000,0.297) (0.000,0.262) (0.000,0.324) (0.000,0.238) (0.000,0.333) (0.000,0.309) (0.000,0.283) (0.000,0.249) (0.000,0.277) (0.000,0.283) 
1908     3485    (0)   15 :  0.046 0.044 0.077 0.051 0.059 0.046 0.054 0.034 0.046 0.053 0.053 0.040 0.065 0.055 0.057 0.064 0.156     (0.000,0.223) (0.000,0.216) (0.000,0.360) (0.000,0.252) (0.000,0.284) (0.000,0.224) (0.000,0.265) (0.000,0.170) (0.000,0.226) (0.000,0.258) (0.000,0.258) (0.000,0.200) (0.000,0.310) (0.000,0.268) (0.000,0.281) (0.000,0.311) (0.000,0.521) 
1912     2366    (0)   10 :  0.093 0.116 0.059 0.048 0.050 0.054 0.061 0.036 0.045 0.059 0.055 0.057 0.049 0.068 0.050 0.048 0.052     (0.000,0.419) (0.000,0.502) (0.000,0.290) (0.000,0.238) (0.000,0.247) (0.000,0.267) (0.000,0.300) (0.000,0.180) (0.000,0.224) (0.000,0.292) (0.000,0.273) (0.000,0.281) (0.000,0.244) (0.000,0.334) (0.000,0.249) (0.000,0.239) (0.000,0.260) 
1915     3831   (25)    6 :  0.032 0.038 0.056 0.084 0.061 0.054 0.061 0.038 0.034 0.065 0.094 0.056 0.082 0.073 0.066 0.050 0.057     (0.000,0.159) (0.000,0.186) (0.000,0.276) (0.000,0.400) (0.000,0.300) (0.000,0.266) (0.000,0.300) (0.000,0.190) (0.000,0.170) (0.000,0.318) (0.000,0.435) (0.000,0.277) (0.000,0.387) (0.000,0.355) (0.000,0.323) (0.000,0.250) (0.000,0.283) 
1926        7    (0)    9 :  0.035 0.052 0.059 0.028 0.043 0.049 0.042 0.079 0.284 0.041 0.044 0.046 0.042 0.039 0.042 0.038 0.037     (0.000,0.174) (0.000,0.258) (0.000,0.295) (0.000,0.141) (0.000,0.215) (0.000,0.240) (0.000,0.210) (0.000,0.373) (0.000,0.740) (0.000,0.203) (0.000,0.218) (0.000,0.230) (0.000,0.208) (0.000,0.195) (0.000,0.208) (0.000,0.190) (0.000,0.185) 
1934     3737    (0)    5 :  0.035 0.033 0.049 0.079 0.098 0.080 0.058 0.037 0.033 0.048 0.071 0.060 0.073 0.056 0.055 0.061 0.072     (0.000,0.176) (0.000,0.165) (0.000,0.242) (0.000,0.376) (0.000,0.451) (0.000,0.382) (0.000,0.284) (0.000,0.183) (0.000,0.164) (0.000,0.238) (0.000,0.347) (0.000,0.296) (0.000,0.358) (0.000,0.277) (0.000,0.273) (0.000,0.302) (0.000,0.347) 
1935     3740    (0)   13 :  0.039 0.052 0.079 0.049 0.047 0.057 0.047 0.050 0.054 0.038 0.044 0.050 0.103 0.057 0.043 0.116 0.076     (0.000,0.191) (0.000,0.251) (0.000,0.368) (0.000,0.242) (0.000,0.234) (0.000,0.278) (0.000,0.231) (0.000,0.245) (0.000,0.258) (0.000,0.187) (0.000,0.219) (0.000,0.246) (0.000,0.457) (0.000,0.278) (0.000,0.216) (0.000,0.475) (0.000,0.358) 
1940      793    (0)   14 :  0.083 0.044 0.039 0.071 0.069 0.042 0.061 0.048 0.049 0.061 0.068 0.047 0.063 0.103 0.049 0.047 0.055     (0.000,0.376) (0.000,0.219) (0.000,0.195) (0.000,0.342) (0.000,0.337) (0.000,0.210) (0.000,0.298) (0.000,0.235) (0.000,0.239) (0.000,0.296) (0.000,0.331) (0.000,0.235) (0.000,0.309) (0.000,0.468) (0.000,0.246) (0.000,0.235) (0.000,0.272) 
1943     3813    (0)    5 :  0.071 0.083 0.052 0.082 0.049 0.063 0.051 0.050 0.042 0.059 0.048 0.051 0.055 0.062 0.047 0.075 0.060     (0.000,0.336) (0.000,0.385) (0.000,0.255) (0.000,0.390) (0.000,0.244) (0.000,0.308) (0.000,0.252) (0.000,0.247) (0.000,0.205) (0.000,0.287) (0.000,0.237) (0.000,0.253) (0.000,0.273) (0.000,0.304) (0.000,0.235) (0.000,0.361) (0.000,0.293) 
1946     2760    (0)   10 :  0.052 0.042 0.056 0.065 0.054 0.060 0.055 0.083 0.086 0.056 0.066 0.056 0.056 0.051 0.064 0.047 0.052     (0.000,0.256) (0.000,0.209) (0.000,0.274) (0.000,0.318) (0.000,0.269) (0.000,0.293) (0.000,0.274) (0.000,0.390) (0.000,0.397) (0.000,0.275) (0.000,0.323) (0.000,0.275) (0.000,0.277) (0.000,0.252) (0.000,0.313) (0.000,0.230) (0.000,0.255) 
1949     3582    (0)   11 :  0.040 0.041 0.056 0.079 0.051 0.065 0.056 0.032 0.032 0.057 0.077 0.058 0.076 0.097 0.057 0.053 0.072     (0.000,0.195) (0.000,0.201) (0.000,0.279) (0.000,0.376) (0.000,0.250) (0.000,0.319) (0.000,0.277) (0.000,0.158) (0.000,0.161) (0.000,0.282) (0.000,0.369) (0.000,0.288) (0.000,0.368) (0.000,0.440) (0.000,0.284) (0.000,0.262) (0.000,0.348) 
1954     1522    (0)    2 :  0.033 0.307 0.045 0.044 0.035 0.030 0.033 0.061 0.059 0.042 0.035 0.030 0.036 0.045 0.034 0.051 0.082     (0.000,0.162) (0.000,0.761) (0.000,0.224) (0.000,0.217) (0.000,0.174) (0.000,0.151) (0.000,0.165) (0.000,0.292) (0.000,0.283) (0.000,0.209) (0.000,0.172) (0.000,0.148) (0.000,0.180) (0.000,0.222) (0.000,0.169) (0.000,0.253) (0.000,0.392) 
1958     2465   (25)    5 :  0.041 0.059 0.067 0.045 0.053 0.052 0.058 0.069 0.071 0.056 0.057 0.054 0.055 0.066 0.073 0.064 0.060     (0.000,0.204) (0.000,0.282) (0.000,0.328) (0.000,0.225) (0.000,0.260) (0.000,0.256) (0.000,0.287) (0.000,0.326) (0.000,0.327) (0.000,0.273) (0.000,0.283) (0.000,0.266) (0.000,0.274) (0.000,0.320) (0.000,0.353) (0.000,0.316) (0.000,0.296) 
1960     3807    (0)   11 :  0.049 0.042 0.054 0.046 0.062 0.066 0.063 0.082 0.052 0.075 0.061 0.054 0.064 0.089 0.058 0.043 0.039     (0.000,0.237) (0.000,0.209) (0.000,0.266) (0.000,0.228) (0.000,0.304) (0.000,0.322) (0.000,0.309) (0.000,0.337) (0.000,0.246) (0.000,0.358) (0.000,0.298) (0.000,0.269) (0.000,0.315) (0.000,0.412) (0.000,0.284) (0.000,0.214) (0.000,0.195) 
1966     3217    (0)   15 :  0.023 0.024 0.054 0.082 0.063 0.067 0.072 0.043 0.033 0.065 0.067 0.076 0.071 0.067 0.086 0.053 0.054     (0.000,0.113) (0.000,0.120) (0.000,0.264) (0.000,0.389) (0.000,0.309) (0.000,0.328) (0.000,0.353) (0.000,0.212) (0.000,0.162) (0.000,0.315) (0.000,0.327) (0.000,0.367) (0.000,0.345) (0.000,0.322) (0.000,0.411) (0.000,0.263) (0.000,0.268) 
1970     3246    (0)   15 :  0.067 0.062 0.059 0.070 0.062 0.050 0.069 0.049 0.076 0.058 0.058 0.049 0.055 0.046 0.069 0.046 0.058     (0.000,0.308) (0.000,0.298) (0.000,0.288) (0.000,0.334) (0.000,0.303) (0.000,0.247) (0.000,0.337) (0.000,0.243) (0.000,0.351) (0.000,0.282) (0.000,0.284) (0.000,0.241) (0.000,0.270) (0.000,0.227) (0.000,0.331) (0.000,0.229) (0.000,0.285) 
1971      312    (0)   15 :  0.072 0.059 0.054 0.062 0.069 0.058 0.054 0.041 0.040 0.057 0.062 0.048 0.052 0.069 0.050 0.085 0.069     (0.000,0.338) (0.000,0.289) (0.000,0.266) (0.000,0.306) (0.000,0.335) (0.000,0.284) (0.000,0.267) (0.000,0.202) (0.000,0.197) (0.000,0.281) (0.000,0.305) (0.000,0.240) (0.000,0.257) (0.000,0.334) (0.000,0.249) (0.000,0.402) (0.000,0.336) 
1972     1864    (0)   11 :  0.031 0.042 0.066 0.073 0.057 0.085 0.057 0.033 0.036 0.049 0.071 0.053 0.061 0.070 0.064 0.072 0.081     (0.000,0.152) (0.000,0.208) (0.000,0.323) (0.000,0.352) (0.000,0.285) (0.000,0.402) (0.000,0.284) (0.000,0.165) (0.000,0.177) (0.000,0.242) (0.000,0.346) (0.000,0.263) (0.000,0.299) (0.000,0.340) (0.000,0.316) (0.000,0.346) (0.000,0.381) 
1979      111    (0)   15 :  0.032 0.047 0.068 0.055 0.051 0.063 0.059 0.074 0.070 0.045 0.062 0.065 0.060 0.062 0.081 0.045 0.062     (0.000,0.160) (0.000,0.231) (0.000,0.331) (0.000,0.268) (0.000,0.251) (0.000,0.306) (0.000,0.288) (0.000,0.344) (0.000,0.319) (0.000,0.223) (0.000,0.306) (0.000,0.315) (0.000,0.295) (0.000,0.297) (0.000,0.385) (0.000,0.225) (0.000,0.301) 
1982     3263   (12)   15 :  0.049 0.036 0.054 0.050 0.063 0.058 0.070 0.038 0.039 0.095 0.066 0.058 0.051 0.045 0.124 0.054 0.050     (0.000,0.238) (0.000,0.180) (0.000,0.266) (0.000,0.249) (0.000,0.306) (0.000,0.284) (0.000,0.342) (0.000,0.191) (0.000,0.194) (0.000,0.428) (0.000,0.320) (0.000,0.288) (0.000,0.253) (0.000,0.222) (0.000,0.506) (0.000,0.265) (0.000,0.248) 
1985     3314    (0)    8 :  0.043 0.103 0.049 0.032 0.037 0.045 0.035 0.169 0.175 0.039 0.038 0.037 0.041 0.041 0.036 0.042 0.039     (0.000,0.211) (0.000,0.446) (0.000,0.244) (0.000,0.158) (0.000,0.184) (0.000,0.221) (0.000,0.174) (0.000,0.576) (0.000,0.594) (0.000,0.193) (0.000,0.190) (0.000,0.186) (0.000,0.202) (0.000,0.205) (0.000,0.178) (0.000,0.207) (0.000,0.192) 
1986     1838    (0)    8 :  0.026 0.036 0.041 0.037 0.033 0.042 0.035 0.315 0.154 0.030 0.037 0.032 0.036 0.037 0.034 0.038 0.037     (0.000,0.128) (0.000,0.179) (0.000,0.201) (0.000,0.184) (0.000,0.164) (0.000,0.206) (0.000,0.173) (0.000,0.728) (0.000,0.578) (0.000,0.150) (0.000,0.186) (0.000,0.157) (0.000,0.178) (0.000,0.185) (0.000,0.170) (0.000,0.187) (0.000,0.184) 
1990     3802    (0)   14 :  0.064 0.043 0.068 0.051 0.061 0.081 0.069 0.051 0.039 0.071 0.062 0.057 0.068 0.066 0.061 0.047 0.042     (0.000,0.307) (0.000,0.211) (0.000,0.331) (0.000,0.253) (0.000,0.299) (0.000,0.388) (0.000,0.339) (0.000,0.249) (0.000,0.192) (0.000,0.340) (0.000,0.306) (0.000,0.282) (0.000,0.334) (0.000,0.324) (0.000,0.300) (0.000,0.234) (0.000,0.207) 
1998     2541   (12)    7 :  0.058 0.053 0.057 0.051 0.065 0.054 0.066 0.062 0.080 0.049 0.074 0.066 0.056 0.046 0.078 0.044 0.040     (0.000,0.281) (0.000,0.262) (0.000,0.279) (0.000,0.249) (0.000,0.317) (0.000,0.264) (0.000,0.322) (0.000,0.295) (0.000,0.363) (0.000,0.243) (0.000,0.356) (0.000,0.318) (0.000,0.275) (0.000,0.227) (0.000,0.371) (0.000,0.219) (0.000,0.200) 
2002     3595    (0)   10 :  0.058 0.065 0.054 0.043 0.052 0.054 0.068 0.073 0.050 0.062 0.050 0.052 0.051 0.045 0.054 0.038 0.130     (0.000,0.277) (0.000,0.298) (0.000,0.262) (0.000,0.212) (0.000,0.255) (0.000,0.263) (0.000,0.324) (0.000,0.344) (0.000,0.244) (0.000,0.300) (0.000,0.244) (0.000,0.252) (0.000,0.250) (0.000,0.222) (0.000,0.266) (0.000,0.187) (0.000,0.458) 
2003     3281    (0)   15 :  0.058 0.049 0.073 0.082 0.067 0.053 0.083 0.039 0.038 0.065 0.053 0.052 0.047 0.042 0.086 0.059 0.053     (0.000,0.276) (0.000,0.240) (0.000,0.352) (0.000,0.389) (0.000,0.325) (0.000,0.263) (0.000,0.393) (0.000,0.195) (0.000,0.190) (0.000,0.318) (0.000,0.262) (0.000,0.260) (0.000,0.233) (0.000,0.211) (0.000,0.399) (0.000,0.288) (0.000,0.264) 
2005     1501   (12)    2 :  0.234 0.297 0.039 0.028 0.026 0.028 0.032 0.037 0.049 0.029 0.029 0.026 0.030 0.031 0.030 0.029 0.028     (0.000,0.721) (0.000,0.778) (0.000,0.194) (0.000,0.140) (0.000,0.128) (0.000,0.141) (0.000,0.157) (0.000,0.184) (0.000,0.240) (0.000,0.142) (0.000,0.144) (0.000,0.128) (0.000,0.151) (0.000,0.154) (0.000,0.150) (0.000,0.144) (0.000,0.140) 
2018      154    (0)   16 :  0.047 0.075 0.049 0.078 0.039 0.051 0.052 0.047 0.062 0.060 0.080 0.040 0.061 0.054 0.060 0.073 0.072     (0.000,0.223) (0.000,0.340) (0.000,0.243) (0.000,0.365) (0.000,0.194) (0.000,0.251) (0.000,0.257) (0.000,0.229) (0.000,0.285) (0.000,0.293) (0.000,0.376) (0.000,0.200) (0.000,0.296) (0.000,0.263) (0.000,0.294) (0.000,0.350) (0.000,0.341) 
2023     3760    (0)    2 :  0.033 0.080 0.067 0.082 0.050 0.049 0.050 0.056 0.037 0.099 0.044 0.049 0.053 0.039 0.067 0.067 0.076     (0.000,0.165) (0.000,0.363) (0.000,0.326) (0.000,0.382) (0.000,0.247) (0.000,0.245) (0.000,0.249) (0.000,0.270) (0.000,0.182) (0.000,0.446) (0.000,0.218) (0.000,0.243) (0.000,0.263) (0.000,0.194) (0.000,0.328) (0.000,0.331) (0.000,0.363) 
2024     3781    (0)   16 :  0.064 0.121 0.063 0.058 0.051 0.055 0.048 0.070 0.044 0.050 0.050 0.041 0.052 0.067 0.057 0.059 0.050     (0.000,0.301) (0.000,0.508) (0.000,0.310) (0.000,0.286) (0.000,0.251) (0.000,0.271) (0.000,0.240) (0.000,0.326) (0.000,0.218) (0.000,0.248) (0.000,0.246) (0.000,0.203) (0.000,0.259) (0.000,0.326) (0.000,0.280) (0.000,0.293) (0.000,0.247) 
2026     1607    (0)   15 :  0.029 0.029 0.038 0.062 0.060 0.041 0.053 0.147 0.115 0.053 0.055 0.062 0.056 0.038 0.065 0.044 0.055     (0.000,0.143) (0.000,0.142) (0.000,0.190) (0.000,0.299) (0.000,0.286) (0.000,0.202) (0.000,0.260) (0.000,0.511) (0.000,0.435) (0.000,0.258) (0.000,0.272) (0.000,0.298) (0.000,0.275) (0.000,0.189) (0.000,0.310) (0.000,0.218) (0.000,0.271) 
2027     3669    (0)   11 :  0.029 0.026 0.087 0.050 0.056 0.074 0.067 0.032 0.062 0.075 0.064 0.056 0.067 0.040 0.115 0.056 0.044     (0.000,0.142) (0.000,0.130) (0.000,0.414) (0.000,0.246) (0.000,0.279) (0.000,0.360) (0.000,0.329) (0.000,0.159) (0.000,0.290) (0.000,0.358) (0.000,0.312) (0.000,0.278) (0.000,0.329) (0.000,0.201) (0.000,0.503) (0.000,0.275) (0.000,0.220) 
2028     2341    (0)   15 :  0.054 0.056 0.050 0.052 0.049 0.047 0.071 0.037 0.031 0.144 0.046 0.053 0.052 0.055 0.089 0.057 0.056     (0.000,0.258) (0.000,0.274) (0.000,0.248) (0.000,0.257) (0.000,0.243) (0.000,0.234) (0.000,0.345) (0.000,0.185) (0.000,0.153) (0.000,0.547) (0.000,0.230) (0.000,0.262) (0.000,0.260) (0.000,0.271) (0.000,0.394) (0.000,0.278) (0.000,0.274) 
2035      137    (0)   15 :  0.050 0.035 0.068 0.055 0.064 0.052 0.070 0.042 0.053 0.070 0.053 0.043 0.059 0.047 0.126 0.056 0.055     (0.000,0.245) (0.000,0.173) (0.000,0.332) (0.000,0.272) (0.000,0.314) (0.000,0.255) (0.000,0.344) (0.000,0.210) (0.000,0.258) (0.000,0.341) (0.000,0.262) (0.000,0.217) (0.000,0.295) (0.000,0.233) (0.000,0.537) (0.000,0.277) (0.000,0.271) 
2042     2535    (0)    7 :  0.094 0.071 0.179 0.036 0.048 0.036 0.063 0.034 0.038 0.042 0.042 0.039 0.049 0.049 0.051 0.040 0.091     (0.000,0.389) (0.000,0.325) (0.000,0.573) (0.000,0.180) (0.000,0.237) (0.000,0.179) (0.000,0.305) (0.000,0.168) (0.000,0.186) (0.000,0.205) (0.000,0.209) (0.000,0.194) (0.000,0.243) (0.000,0.240) (0.000,0.251) (0.000,0.198) (0.000,0.396) 
2043      256    (0)   15 :  0.074 0.064 0.052 0.062 0.051 0.047 0.069 0.041 0.032 0.069 0.064 0.054 0.057 0.080 0.067 0.055 0.061     (0.000,0.339) (0.000,0.308) (0.000,0.256) (0.000,0.303) (0.000,0.253) (0.000,0.233) (0.000,0.338) (0.000,0.205) (0.000,0.160) (0.000,0.335) (0.000,0.317) (0.000,0.265) (0.000,0.283) (0.000,0.382) (0.000,0.329) (0.000,0.273) (0.000,0.299) 
2047     3608    (0)   10 :  0.031 0.041 0.064 0.054 0.055 0.064 0.071 0.045 0.053 0.081 0.068 0.081 0.056 0.051 0.070 0.049 0.066     (0.000,0.153) (0.000,0.204) (0.000,0.314) (0.000,0.267) (0.000,0.274) (0.000,0.310) (0.000,0.349) (0.000,0.223) (0.000,0.258) (0.000,0.385) (0.000,0.334) (0.000,0.388) (0.000,0.278) (0.000,0.253) (0.000,0.340) (0.000,0.241) (0.000,0.324) 
2048     3523    (0)   13 :  0.032 0.074 0.060 0.077 0.063 0.039 0.053 0.038 0.049 0.043 0.050 0.041 0.068 0.066 0.056 0.062 0.129     (0.000,0.158) (0.000,0.345) (0.000,0.294) (0.000,0.367) (0.000,0.309) (0.000,0.193) (0.000,0.264) (0.000,0.186) (0.000,0.236) (0.000,0.215) (0.000,0.247) (0.000,0.207) (0.000,0.329) (0.000,0.322) (0.000,0.275) (0.000,0.305) (0.000,0.538) 
2049      218    (0)   15 :  0.038 0.054 0.060 0.062 0.055 0.068 0.064 0.063 0.066 0.048 0.071 0.064 0.060 0.059 0.068 0.047 0.053     (0.000,0.190) (0.000,0.264) (0.000,0.296) (0.000,0.303) (0.000,0.271) (0.000,0.332) (0.000,0.314) (0.000,0.306) (0.000,0.317) (0.000,0.238) (0.000,0.346) (0.000,0.313) (0.000,0.298) (0.000,0.291) (0.000,0.333) (0.000,0.233) (0.000,0.262) 
2050       85    (0)   15 :  0.032 0.035 0.045 0.106 0.063 0.077 0.069 0.045 0.038 0.050 0.053 0.075 0.060 0.051 0.075 0.048 0.076     (0.000,0.161) (0.000,0.174) (0.000,0.226) (0.000,0.469) (0.000,0.311) (0.000,0.369) (0.000,0.335) (0.000,0.223) (0.000,0.186) (0.000,0.248) (0.000,0.264) (0.000,0.359) (0.000,0.297) (0.000,0.251) (0.000,0.365) (0.000,0.240) (0.000,0.363) 
2051      525   (12)   10 :  0.043 0.039 0.062 0.048 0.086 0.066 0.066 0.042 0.042 0.077 0.062 0.085 0.070 0.047 0.071 0.049 0.045     (0.000,0.213) (0.000,0.193) (0.000,0.306) (0.000,0.237) (0.000,0.398) (0.000,0.319) (0.000,0.324) (0.000,0.211) (0.000,0.208) (0.000,0.369) (0.000,0.304) (0.000,0.401) (0.000,0.339) (0.000,0.234) (0.000,0.346) (0.000,0.244) (0.000,0.222) 
2054     3468    (0)    6 :  0.042 0.046 0.053 0.075 0.060 0.111 0.060 0.048 0.041 0.041 0.077 0.053 0.066 0.052 0.060 0.066 0.049     (0.000,0.206) (0.000,0.230) (0.000,0.262) (0.000,0.360) (0.000,0.297) (0.000,0.493) (0.000,0.298) (0.000,0.234) (0.000,0.200) (0.000,0.203) (0.000,0.373) (0.000,0.265) (0.000,0.324) (0.000,0.258) (0.000,0.299) (0.000,0.323) (0.000,0.242) 
2056     3859    (0)   11 :  0.031 0.033 0.058 0.058 0.070 0.054 0.084 0.036 0.037 0.092 0.069 0.086 0.060 0.044 0.091 0.046 0.051     (0.000,0.155) (0.000,0.166) (0.000,0.288) (0.000,0.287) (0.000,0.340) (0.000,0.267) (0.000,0.401) (0.000,0.177) (0.000,0.183) (0.000,0.426) (0.000,0.337) (0.000,0.405) (0.000,0.296) (0.000,0.217) (0.000,0.422) (0.000,0.230) (0.000,0.251) 
2058     1512   (12)    2 :  0.037 0.048 0.048 0.036 0.060 0.031 0.072 0.063 0.069 0.043 0.040 0.073 0.061 0.030 0.036 0.052 0.203     (0.000,0.178) (0.000,0.228) (0.000,0.227) (0.000,0.175) (0.000,0.270) (0.000,0.152) (0.000,0.311) (0.000,0.281) (0.000,0.303) (0.000,0.207) (0.000,0.192) (0.000,0.311) (0.000,0.272) (0.000,0.149) (0.000,0.177) (0.000,0.246) (0.000,0.552) 
2063      247    (0)   15 :  0.054 0.048 0.050 0.061 0.065 0.067 0.064 0.059 0.044 0.068 0.052 0.064 0.056 0.054 0.061 0.071 0.062     (0.000,0.261) (0.000,0.237) (0.000,0.249) (0.000,0.299) (0.000,0.318) (0.000,0.327) (0.000,0.316) (0.000,0.287) (0.000,0.219) (0.000,0.328) (0.000,0.256) (0.000,0.314) (0.000,0.278) (0.000,0.268) (0.000,0.299) (0.000,0.345) (0.000,0.301) 
2064     2601    (0)    4 :  0.078 0.050 0.071 0.048 0.049 0.055 0.073 0.034 0.046 0.058 0.061 0.044 0.059 0.061 0.116 0.055 0.042     (0.000,0.350) (0.000,0.247) (0.000,0.344) (0.000,0.239) (0.000,0.244) (0.000,0.270) (0.000,0.352) (0.000,0.171) (0.000,0.225) (0.000,0.287) (0.000,0.300) (0.000,0.220) (0.000,0.291) (0.000,0.299) (0.000,0.503) (0.000,0.270) (0.000,0.209) 
2068     3240    (0)   15 :  0.025 0.040 0.054 0.057 0.060 0.078 0.050 0.065 0.080 0.053 0.059 0.055 0.062 0.064 0.058 0.064 0.077     (0.000,0.125) (0.000,0.196) (0.000,0.265) (0.000,0.278) (0.000,0.293) (0.000,0.372) (0.000,0.248) (0.000,0.308) (0.000,0.355) (0.000,0.259) (0.000,0.291) (0.000,0.273) (0.000,0.303) (0.000,0.312) (0.000,0.288) (0.000,0.311) (0.000,0.364) 
2070     3553   (12)   15 :  0.087 0.076 0.064 0.037 0.053 0.049 0.058 0.033 0.065 0.064 0.057 0.049 0.057 0.059 0.048 0.044 0.101     (0.000,0.384) (0.000,0.347) (0.000,0.306) (0.000,0.184) (0.000,0.256) (0.000,0.240) (0.000,0.277) (0.000,0.162) (0.000,0.305) (0.000,0.307) (0.000,0.276) (0.000,0.239) (0.000,0.277) (0.000,0.283) (0.000,0.235) (0.000,0.215) (0.000,0.374) 
2073      249   (12)   15 :  0.051 0.050 0.064 0.061 0.065 0.050 0.088 0.028 0.024 0.037 0.062 0.113 0.053 0.075 0.067 0.052 0.061     (0.000,0.244) (0.000,0.238) (0.000,0.309) (0.000,0.298) (0.000,0.311) (0.000,0.247) (0.000,0.413) (0.000,0.137) (0.000,0.119) (0.000,0.185) (0.000,0.304) (0.000,0.489) (0.000,0.262) (0.000,0.350) (0.000,0.326) (0.000,0.258) (0.000,0.297) 
2074     1137   (12)    8 :  0.065 0.062 0.057 0.088 0.061 0.053 0.053 0.036 0.033 0.047 0.054 0.055 0.078 0.074 0.049 0.063 0.072     (0.000,0.305) (0.000,0.303) (0.000,0.282) (0.000,0.410) (0.000,0.302) (0.000,0.263) (0.000,0.264) (0.000,0.179) (0.000,0.165) (0.000,0.230) (0.000,0.264) (0.000,0.273) (0.000,0.370) (0.000,0.355) (0.000,0.243) (0.000,0.310) (0.000,0.344) 
2077     2497   (12)    6 :  0.033 0.060 0.062 0.045 0.054 0.085 0.064 0.042 0.093 0.053 0.059 0.063 0.062 0.048 0.047 0.064 0.066     (0.000,0.166) (0.000,0.286) (0.000,0.302) (0.000,0.223) (0.000,0.264) (0.000,0.394) (0.000,0.310) (0.000,0.206) (0.000,0.399) (0.000,0.256) (0.000,0.292) (0.000,0.309) (0.000,0.303) (0.000,0.239) (0.000,0.233) (0.000,0.311) (0.000,0.320) 
2080     3806    (0)   11 :  0.036 0.078 0.068 0.078 0.058 0.063 0.048 0.055 0.043 0.035 0.056 0.047 0.069 0.061 0.048 0.062 0.094     (0.000,0.181) (0.000,0.359) (0.000,0.330) (0.000,0.370) (0.000,0.284) (0.000,0.305) (0.000,0.239) (0.000,0.263) (0.000,0.210) (0.000,0.174) (0.000,0.277) (0.000,0.235) (0.000,0.336) (0.000,0.299) (0.000,0.238) (0.000,0.305) (0.000,0.432) 
2081      251    (0)   15 :  0.053 0.038 0.053 0.055 0.063 0.072 0.062 0.075 0.048 0.067 0.056 0.059 0.058 0.059 0.061 0.066 0.055     (0.000,0.253) (0.000,0.190) (0.000,0.263) (0.000,0.272) (0.000,0.310) (0.000,0.346) (0.000,0.304) (0.000,0.349) (0.000,0.236) (0.000,0.325) (0.000,0.276) (0.000,0.290) (0.000,0.289) (0.000,0.289) (0.000,0.297) (0.000,0.322) (0.000,0.270) 
2082     2466    (0)    8 :  0.055 0.080 0.045 0.042 0.038 0.037 0.036 0.232 0.112 0.037 0.040 0.041 0.043 0.045 0.036 0.043 0.040     (0.000,0.258) (0.000,0.366) (0.000,0.225) (0.000,0.207) (0.000,0.188) (0.000,0.182) (0.000,0.179) (0.000,0.646) (0.000,0.456) (0.000,0.185) (0.000,0.199) (0.000,0.202) (0.000,0.211) (0.000,0.221) (0.000,0.177) (0.000,0.212) (0.000,0.198) 
2083      158    (0)   15 :  0.091 0.069 0.052 0.052 0.053 0.052 0.060 0.066 0.057 0.102 0.047 0.047 0.045 0.045 0.049 0.057 0.057     (0.000,0.404) (0.000,0.332) (0.000,0.255) (0.000,0.256) (0.000,0.261) (0.000,0.254) (0.000,0.294) (0.000,0.319) (0.000,0.278) (0.000,0.458) (0.000,0.235) (0.000,0.234) (0.000,0.226) (0.000,0.221) (0.000,0.242) (0.000,0.282) (0.000,0.281) 
2104     3345    (0)    8 :  0.023 0.040 0.041 0.052 0.045 0.043 0.050 0.195 0.132 0.044 0.047 0.045 0.043 0.035 0.055 0.045 0.065     (0.000,0.114) (0.000,0.197) (0.000,0.205) (0.000,0.254) (0.000,0.223) (0.000,0.213) (0.000,0.246) (0.000,0.603) (0.000,0.499) (0.000,0.214) (0.000,0.233) (0.000,0.221) (0.000,0.214) (0.000,0.172) (0.000,0.270) (0.000,0.223) (0.000,0.312) 
